aaa,aad,add,ada,dda,ddd,dad,daa
295.94471099551794,11.976757586024574,5.157635706198576,1.262635676611455,0.37335445410754187,0.273500301394184,0.09511095176907709,0.04037141444482635
