aaa,aad,add,ada,dda,ddd,dad,daa
299.17763621221775,11.198380423683384,4.075782516289344,1.286058123368158,0.36186920388554605,0.23915240565402032,0.08739403360675056,0.03907383757506121
