aaa,aad,add,ada,dda,ddd,dad,daa
256.17495894752864,10.61916803362163,2.835976237706357,1.0227141170061578,0.315970662592257,0.18302168764323634,0.07058881124540506,0.03408500459441982
