aaa,aad,add,ada,dda,ddd,dad,daa
292.31697287000964,10.861992812189833,3.680772404987038,1.2552770604423948,0.3676200137601386,0.22048151255726933,0.08514257813947124,0.040419013484741646
