aaa,aad,add,ada,dda,ddd,dad,daa
250.31403956161094,9.705948709230876,3.0217835115404825,1.0404110217826938,0.31856847085780293,0.1842249028569009,0.06996147373690961,0.03415142208492797
