aaa,aad,add,ada,dda,ddd,dad,daa
257.3715378536833,11.173261424497097,3.4530831262612467,0.993719936598144,0.3251088120370627,0.19254364731700516,0.0733829337632477,0.03625511717713676
