aaa,aad,add,ada,dda,ddd,dad,daa
247.78578605738673,10.036556325585252,3.4616849506913083,0.9896295477412214,0.3170844602874009,0.18733652219156555,0.07179768273396839,0.03521016528429443
