aaa,aad,add,ada,dda,ddd,dad,daa
296.0820519155442,11.062902279293036,3.6426798774390097,1.2360068845356764,0.3895721473250554,0.2148417061126678,0.08578324088100098,0.04265713231907945
