aaa,aad,add,ada,dda,ddd,dad,daa
332.516413886742,13.073018628886883,4.741877026448914,1.3321769159929724,0.4363108739771147,0.24953429880186517,0.09836635912802257,0.04874717026077768
