aaa,aad,add,ada,dda,ddd,dad,daa
304.9435530853795,11.33694885670083,3.8044546428240102,1.2536200715438899,0.3554993497928902,0.22324680566365335,0.08724264716728113,0.03964356140465601
