aaa,aad,add,ada,dda,ddd,dad,daa
300.0824828917569,11.207202472831256,3.9977834006391193,1.235989952496328,0.36291715533196917,0.2274002209449661,0.08905843699754479,0.040873971624772756
