aaa,aad,add,ada,dda,ddd,dad,daa
263.8610761121816,11.505459015107315,2.9143424508886304,1.0528151862573474,0.35744726695236584,0.18770706974921725,0.07100934288675986,0.03762855259823784
