aaa,aad,add,ada,dda,ddd,dad,daa
312.67248505526015,12.594342337718883,4.7096683072467,1.2643710735418663,0.38351949149823145,0.24212370451763912,0.09081856106079586,0.04272516601075469
