aaa,aad,add,ada,dda,ddd,dad,daa
283.3296725363184,11.739726069253923,3.979899958785447,1.110322611456935,0.3608877570773097,0.21341604729223124,0.0826761199318604,0.04052710701904766
