aaa,aad,add,ada,dda,ddd,dad,daa
279.46986756029673,11.028053535911873,3.5112888579129327,1.1305042107770547,0.3496278631350702,0.20622910356525215,0.07936437895301494,0.03829554058115226
