aaa,aad,add,ada,dda,ddd,dad,daa
258.48790760618596,11.13274337538985,3.5153395925613893,0.9977430432234777,0.31338899638544354,0.19505915505910287,0.0731761408180167,0.034870446085165804
