aaa,aad,add,ada,dda,ddd,dad,daa
268.7649776376143,10.242424029941164,3.2120748873401563,1.1122066213044492,0.3298425590606096,0.1965406141886228,0.07574801542867526,0.0359196666847321
