aaa,aad,add,ada,dda,ddd,dad,daa
287.2313976878267,10.906640446610735,4.090215463839025,1.2330560225164038,0.3730703371209697,0.2266801209463237,0.08528094766429055,0.040379961571246015
