aaa,aad,add,ada,dda,ddd,dad,daa
293.97161501861916,11.83893912819629,3.330348657016292,1.1793791508731708,0.36931051513433477,0.20998292173886424,0.08241898775087117,0.04018090280638312
