aaa,aad,add,ada,dda,ddd,dad,daa
263.46658644463537,11.977502575160385,3.5487264060657235,1.019031771037647,0.3401042689642376,0.1993355506514137,0.0736240419413275,0.03741501826614536
