aaa,aad,add,ada,dda,ddd,dad,daa
290.72431026218317,13.468328669963485,3.8507847912059567,1.0929562497845784,0.3631435455144307,0.2164392236489652,0.08223952925335104,0.040880051381270245
