aaa,aad,add,ada,dda,ddd,dad,daa
277.56190798949075,10.309774332809486,3.2661126307173687,1.2202891204664783,0.3491796688271668,0.20310056392728482,0.07827477876488614,0.03756523709686699
