aaa,aad,add,ada,dda,ddd,dad,daa
302.6905048125303,11.184290469649351,3.854365681100972,1.3563719434036443,0.3825678235557877,0.24756302289980978,0.08888784504822592,0.04135866714137944
