aaaa,aaad,aadd,aada,adda,addd,adad,adaa,ddaa,ddad,dddd,ddda,dada,dadd,daad,daaa
140.36690549920053,170.3634721427526,18.658137837927256,12.93507709909535,0.8549311745492033,0.8234100254977217,1.4014912842036324,0.3711111616404736,0.29253438790441594,0.03301733184835732,0.0553104847084032,0.22638617497744257,0.17803195067171712,0.043043463670679155,0.15246835310620693,0.008205108392153979
