aaaa,aaad,aadd,aada,adda,addd,adad,adaa,ddaa,ddad,dddd,ddda,dada,dadd,daad,daaa
134.17360095301785,147.15677320093235,18.028546570280987,11.602179461118181,0.9206255708831603,0.8472298053884737,1.2711111541390245,0.33927406450083647,0.26292712934237195,0.03419885175086399,0.04868577346664389,0.19422696801297126,0.17046957053731782,0.05167690709359678,0.13766516567461873,0.007494375601018346
