aaaa,aaad,aadd,aada,adda,addd,adad,adaa,ddaa,ddad,dddd,ddda,dada,dadd,daad,daaa
148.5564531847586,174.37378597688752,20.925928614701476,13.849304039635674,0.7549796934735338,0.9126431404091115,1.5065565882218561,0.380502745058456,0.3079421470940202,0.0342035262278421,0.05646253314322605,0.22279805855504362,0.17960111686164876,0.048743553325053667,0.1574082746333413,0.007765322351588886
