aaaa,aaad,aadd,aada,adda,addd,adad,adaa,ddaa,ddad,dddd,ddda,dada,dadd,daad,daaa
163.3314706448862,145.77195331902334,18.965236062672474,12.802604536007573,0.5705373794055347,0.9852192641094334,1.3353276016700677,0.34458452169180925,0.2871075718075727,0.04127937758242562,0.05164062969013231,0.18754799370813963,0.1630772590596452,0.04325879224120488,0.12393531841272526,0.007031193644176911
