aaaa,aaad,aadd,aada,adda,addd,adad,adaa,ddaa,ddad,dddd,ddda,dada,dadd,daad,daaa
123.65751525988082,176.48285667527742,13.512426776522904,13.56104106498706,0.9963331171859569,1.1541977640589764,1.13791321924027,0.32179948169407646,0.2728662797665626,0.029434273289442155,0.07957779270044865,0.2913620824327736,0.21243581328278274,0.02602172514284578,0.15365592810289033,0.009460743033602202
