aaaa,aaad,aadd,aada,adda,addd,adad,adaa,ddaa,ddad,dddd,ddda,dada,dadd,daad,daaa
119.23917668811195,137.6172557865907,15.864524688938499,10.854388134013915,0.6116789161025649,0.714062128696525,1.1795007962647062,0.30571653579401914,0.24301346654410574,0.028105667798632297,0.044642227555217844,0.17767455409307883,0.14149644223011043,0.03584184500681773,0.12271794563248777,0.0061229960558526605
