aaaa,aaad,aadd,aada,adda,addd,adad,adaa,ddaa,ddad,dddd,ddda,dada,dadd,daad,daaa
133.69420256794083,162.81161832782405,15.728685445022988,12.05143473047511,0.928727665040529,0.7704729403415269,1.20836907232035,0.3391594924057591,0.27384815876129154,0.03319790814986482,0.057144461106620976,0.2329990380129747,0.18176744695894081,0.0322844550753534,0.14377230579937306,0.008378562820101479
