aaaa,aaad,aadd,aada,adda,addd,adad,adaa,ddaa,ddad,dddd,ddda,dada,dadd,daad,daaa
148.31483081336847,163.89801005897922,21.54542467691529,13.41574159182966,0.9180845001997482,1.0360643349893337,1.5011846178445325,0.3829940654377382,0.3012192734370464,0.03174408252001642,0.05169104093461911,0.21783856878611865,0.19002940499373985,0.06554290562397103,0.1548100488803053,0.007508537476837393
