aaaa,aaad,aadd,aada,adda,addd,adad,adaa,ddaa,ddad,dddd,ddda,dada,dadd,daad,daaa
134.19806260734936,139.27405293848759,17.583940548637916,11.669209582457935,0.6197490786622664,0.8849269756200885,1.2767545033724914,0.3258532641801433,0.2603379448675802,0.030720687100569046,0.045183446381439424,0.18128836229259163,0.15187623618002177,0.04656623579210303,0.1256198313249096,0.006438168073491716
