aaaa,aaad,aadd,aada,adda,addd,adad,adaa,ddaa,ddad,dddd,ddda,dada,dadd,daad,daaa
130.34394878593028,139.39376363103415,17.00260705463937,11.23657952581729,0.7292698314222987,0.812948431140202,1.2253961009025565,0.3220705853671164,0.25617820428682986,0.02913874816682898,0.044472693423624976,0.18867344558718052,0.15683650338160302,0.04686710267187724,0.12652243689028572,0.006557614291109217
