aaaa,aaad,aadd,aada,adda,addd,adad,adaa,ddaa,ddad,dddd,ddda,dada,dadd,daad,daaa
140.3162629625147,151.1110561686696,19.657274355601636,12.512891917654484,0.7439466535928811,0.9326768894621376,1.378452116988474,0.34921982232098625,0.2805966970511964,0.030458140774836974,0.04830998350865714,0.19870088515169126,0.1704674145410859,0.054140002867805376,0.1384273866488467,0.006708985185602986
