aaaa,aaad,aadd,aada,adda,addd,adad,adaa,ddaa,ddad,dddd,ddda,dada,dadd,daad,daaa
113.11062538080584,148.67986718070273,16.62538347312381,11.04493822288576,0.9314061480828792,0.7297754866064581,1.2234488737484206,0.324420720303651,0.2470373718607153,0.02584661969598414,0.049437366065189045,0.20073959823380347,0.16702161518025663,0.044465254954079936,0.13895803135637494,0.007851539898673356
