aaaaaa,aaaaad,aaaadd,aaaada,aaadda,aaaddd,aaadad,aaadaa,aaddaa,aaddad,aadddd,aaddda,aadada,aadadd,aadaad,aadaaa,addaaa,addaad,addadd,addada,adddda,addddd,adddad,adddaa,adadaa,adadad,adaddd,adadda,adaada,adaadd,adaaad,adaaaa,ddaaaa,ddaaad,ddaadd,ddaada,ddadda,ddaddd,ddadad,ddadaa,ddddaa,ddddad,dddddd,ddddda,dddada,dddadd,dddaad,dddaaa,dadaaa,dadaad,dadadd,dadada,daddda,dadddd,daddad,daddaa,daadaa,daadad,daaddd,daadda,daaada,daaadd,daaaad,daaaaa
0.0015557524901031754,67.367276213791,0.45142674977551756,56.127126280711934,59.30148963306582,0.845948058789919,43.77718759735258,0.028694312940579458,3.862020201648494,3.655896051603909,9.365582240108694,9.070784162699388,10.196186165035945,3.7192388509649543,5.117372684766448,0.985919780664819,0.2508357042911212,0.1099827518116177,0.00021899755309772687,0.02479851887185473,0.9742866866177733,0.010232665722425139,2.135862386061283,0.3345316661671482,0.6019407779322079,0.5669012688649449,2.032957137015859,1.9767373275366218,2.041643510569346,0.3594245789644042,0.7305489893005217,0.0005003365718847315,0.03086797157302772,0.29407702330752616,0.10101522545752563,0.4698101953797001,0.007933879174607153,0.4093546794013956,0.002255620581146722,0.25225144500172514,0.03256705280569829,0.1134528695798102,0.0072758456060336525,0.05798162135013365,0.016773092574312816,0.19279237192508228,0.05597393102058272,0.29923886757061247,0.07805677579191458,6.417908367321168e-05,0.0010364161026397596,0.057982081983411114,0.25910705616938823,0.009762072082209045,0.5589130579317977,0.01997219398340926,0.2627500063578027,0.11864742301691114,0.7243010461492148,0.4686752844236337,0.694322737739459,0.07669127416127289,0.27788110395369336,0.0009529829840921217
