aaaaaa,aaaaad,aaaadd,aaaada,aaadda,aaaddd,aaadad,aaadaa,aaddaa,aaddad,aadddd,aaddda,aadada,aadadd,aadaad,aadaaa,addaaa,addaad,addadd,addada,adddda,addddd,adddad,adddaa,adadaa,adadad,adaddd,adadda,adaada,adaadd,adaaad,adaaaa,ddaaaa,ddaaad,ddaadd,ddaada,ddadda,ddaddd,ddadad,ddadaa,ddddaa,ddddad,dddddd,ddddda,dddada,dddadd,dddaad,dddaaa,dadaaa,dadaad,dadadd,dadada,daddda,dadddd,daddad,daddaa,daadaa,daadad,daaddd,daadda,daaada,daaadd,daaaad,daaaaa
0.001046183021159644,51.20777229901437,0.9013842371035357,38.86947626769016,47.974926474756245,0.9161056246548359,33.43560324788166,0.03657354221879575,2.7170783259104745,2.5075172340035685,6.820330784625364,6.506664698574766,8.43450551872694,3.1540041591867105,4.005154173111694,0.755054777032948,0.23078313101916453,0.11741451590739976,0.003240211950576777,0.006957866011627638,0.7135500673183529,0.006238635929837536,1.543542542902675,0.2296051849522742,0.4198557309044237,0.3769616363807441,1.4728316391351202,1.3978934675356607,1.7280959746152809,0.3288096021790128,0.5948136216224665,0.0007548270053921003,0.024590121796737724,0.2251294019575298,0.07466700571974721,0.350232905957076,0.004722552932446348,0.2998036946968657,0.0014557744801201936,0.19341266787209904,0.023257727233388543,0.08665460012307762,0.005633787150985341,0.04672377517150205,0.014307883658422015,0.15632193230612093,0.04275611307264141,0.2335827344774771,0.06264533131683606,0.0002986548560025474,0.0028408333387449957,0.032799142715178205,0.2029217851091926,0.005982566775888662,0.40112223380344436,0.01142653399345843,0.19628202118186697,0.08316158293520456,0.5159198338700054,0.3193388789955335,0.5491750986652437,0.06048391779281936,0.22583338006672257,0.00045952943224603624
