aaaaaa,aaaaad,aaaadd,aaaada,aaadda,aaaddd,aaadad,aaadaa,aaddaa,aaddad,aadddd,aaddda,aadada,aadadd,aadaad,aadaaa,addaaa,addaad,addadd,addada,adddda,addddd,adddad,adddaa,adadaa,adadad,adaddd,adadda,adaada,adaadd,adaaad,adaaaa,ddaaaa,ddaaad,ddaadd,ddaada,ddadda,ddaddd,ddadad,ddadaa,ddddaa,ddddad,dddddd,ddddda,dddada,dddadd,dddaad,dddaaa,dadaaa,dadaad,dadadd,dadada,daddda,dadddd,daddad,daddaa,daadaa,daadad,daaddd,daadda,daaada,daaadd,daaaad,daaaaa
0.06557778011990495,86.19264458995349,0.10029939680055476,87.22731376870327,63.63888683471056,0.23650532097772112,56.7707569775079,0.0022315768748068193,5.611090422766901,5.576682771859045,13.026540170156816,13.010250916251183,10.697186726424675,3.681111477862577,6.153253434217449,1.2623530791525928,0.23949423738281791,0.07175896162695228,0.012025208495441772,0.11174580672350562,1.1760647476290385,0.004066589929192884,3.058152630024973,0.5345968943436208,0.8550102223128989,0.8817031196256432,2.8905135669183766,2.95089343654841,2.080016929661991,0.31285401130174256,0.7746725070255891,6.32852633108042e-05,0.0332638782185818,0.3639250412404604,0.14697258176676342,0.6485811551441806,0.017450906596967346,0.5753261962298527,0.00803722551765465,0.2869402143189639,0.05110873267733896,0.1492961040417649,0.006192937900041934,0.056670061034051304,0.012108053269821733,0.19527707222173188,0.07479943987771465,0.3676157094562721,0.07921854904434164,0.001359089731580532,0.00023625124463335812,0.1124678485403684,0.3121596968694172,0.018040261323171117,0.7839258359417991,0.03765397042607899,0.37205776236509225,0.19662417134248378,1.0367923041971403,0.7284885296052466,0.7578191679883477,0.07423582941342474,0.32877573880880245,0.0007093195146799986
