aaaaaa,aaaaad,aaaadd,aaaada,aaadda,aaaddd,aaadad,aaadaa,aaddaa,aaddad,aadddd,aaddda,aadada,aadadd,aadaad,aadaaa,addaaa,addaad,addadd,addada,adddda,addddd,adddad,adddaa,adadaa,adadad,adaddd,adadda,adaada,adaadd,adaaad,adaaaa,ddaaaa,ddaaad,ddaadd,ddaada,ddadda,ddaddd,ddadad,ddadaa,ddddaa,ddddad,dddddd,ddddda,dddada,dddadd,dddaad,dddaaa,dadaaa,dadaad,dadadd,dadada,daddda,dadddd,daddad,daddaa,daadaa,daadad,daaddd,daadda,daaada,daaadd,daaaad,daaaaa
0.1325865410080053,151.20618795645862,1.3583661954270951,171.60504851155406,124.1225737677729,1.1643072103443108,115.14778489526483,0.44584859930267895,8.65381643732252,7.159226196668914,28.967222750370148,26.233126865930757,23.503400326569196,8.600450010683396,13.088332366862888,2.879125282739575,0.7194944954660037,0.35047969651737415,0.05651420591363467,0.24754657402903107,1.620417843399411,0.0004320065062134838,6.233069472767522,1.5531652807955074,1.2502957948091613,0.9495757305469918,6.827193901105931,6.115853456992113,4.798476575200357,0.8722699790862172,1.6486626242065374,0.0010598315405240329,0.07529150467273012,0.6954373967224174,0.3074122139805147,1.2437974456224057,0.047883393718968235,1.0894561818341653,0.01012916964962647,0.523153059656338,0.0859207451288526,0.2776514097188533,0.010486468761599229,0.11226849778974987,0.035733395103969286,0.41999124453070763,0.16722388599115484,0.7552977054988369,0.18176589488746245,7.946870057780984e-05,0.0015925611948284144,0.2112124236520666,0.49253362625592956,0.03513682458426839,1.4925344205842255,0.11193383658808097,0.6715634034859815,0.2758321866437711,2.0978325110970744,1.3368097357471598,1.4711269345826796,0.14474693677227013,0.7713391653213008,0.0019803874890638776
