aaaaaa,aaaaad,aaaadd,aaaada,aaadda,aaaddd,aaadad,aaadaa,aaddaa,aaddad,aadddd,aaddda,aadada,aadadd,aadaad,aadaaa,addaaa,addaad,addadd,addada,adddda,addddd,adddad,adddaa,adadaa,adadad,adaddd,adadda,adaada,adaadd,adaaad,adaaaa,ddaaaa,ddaaad,ddaadd,ddaada,ddadda,ddaddd,ddadad,ddadaa,ddddaa,ddddad,dddddd,ddddda,dddada,dddadd,dddaad,dddaaa,dadaaa,dadaad,dadadd,dadada,daddda,dadddd,daddad,daddaa,daadaa,daadad,daaddd,daadda,daaada,daaadd,daaaad,daaaaa
0.06863063164746051,92.46108494423989,0.019245821604297407,89.98666567194867,74.79053083559552,0.7061326597753685,62.66189313991627,0.011203915685893809,5.6149447745838,5.175470637451877,14.416781721026188,13.744073665454083,13.130341703983444,4.725328320622161,7.017177994601525,1.4261825972617697,0.3337798553469963,0.13612540046155155,0.006836143176650275,0.08676184691701071,1.1947056964027853,0.005584061136696926,3.2374957228212677,0.6146926489680526,0.852868410972647,0.7763050198994254,3.2309476832944384,3.0918605982042915,2.6304462525985826,0.4516683279774028,0.9325316451996705,0.00017145964390251572,0.042987862376952284,0.40852991319832205,0.1556979598563984,0.6847552456988462,0.015667845153387688,0.5898153748882957,0.004977661478522881,0.32628250310478074,0.045023358363066555,0.15055057441650438,0.008666719683082035,0.07180879902838225,0.02053620180720811,0.2462283768576106,0.07998528907196945,0.40534731865471707,0.09491113191666078,0.000227442999313033,0.000230434462810668,0.11556629631254874,0.3377925981629479,0.015101375188253904,0.8490176163317865,0.04796722980401613,0.40904168333042723,0.19415793123570563,1.0894635891455642,0.7168295219157664,0.8619701981334805,0.0852366746737562,0.40078393767022086,2.9970379058361505e-05
