aaaaaa,aaaaad,aaaadd,aaaada,aaadda,aaaddd,aaadad,aaadaa,aaddaa,aaddad,aadddd,aaddda,aadada,aadadd,aadaad,aadaaa,addaaa,addaad,addadd,addada,adddda,addddd,adddad,adddaa,adadaa,adadad,adaddd,adadda,adaada,adaadd,adaaad,adaaaa,ddaaaa,ddaaad,ddaadd,ddaada,ddadda,ddaddd,ddadad,ddadaa,ddddaa,ddddad,dddddd,ddddda,dddada,dddadd,dddaad,dddaaa,dadaaa,dadaad,dadadd,dadada,daddda,dadddd,daddad,daddaa,daadaa,daadad,daaddd,daadda,daaada,daaadd,daaaad,daaaaa
0.07810055455877356,66.2342994611832,0.21515032932935516,69.19759417426944,45.91811887294511,0.07156438323734131,43.310358474697345,0.005141389123536059,4.397840628590842,4.493535072383222,9.840642233021656,10.0113931087763,7.68374835082384,2.6050665684278638,4.590527825279157,0.9608649737698899,0.1787356823673764,0.04835434044608098,0.012849426529809915,0.10173486508321193,0.8470112135981419,0.0002549472194118476,2.362140157758702,0.40359664606765167,0.6572106990722992,0.7114967227881512,2.1213676784477338,2.226779394289961,1.4831232189414796,0.2143009998464074,0.5889663256330983,0.00013052724876568564,0.029423553130229495,0.2926729308623193,0.1048651443060126,0.48197943392926823,0.009938512109892737,0.4219704842025125,0.004685878603754248,0.23087750813510888,0.027187429252356482,0.08987916564984051,0.005354279443745956,0.042952969440509,0.01581702720107696,0.1691365989128685,0.053214253107050996,0.26730013339672215,0.060027619587299776,0.0013153846891752763,7.647645182034313e-05,0.0849571006302912,0.22524622702995323,0.018395012706335073,0.5847719632613303,0.024317357259873874,0.27390095072304177,0.15048398793223502,0.7298216034593514,0.5190723896985413,0.5729719317628353,0.0588886955504152,0.2797731953183704,0.00017628864607536175
