aaaaaa,aaaaad,aaaadd,aaaada,aaadda,aaaddd,aaadad,aaadaa,aaddaa,aaddad,aadddd,aaddda,aadada,aadadd,aadaad,aadaaa,addaaa,addaad,addadd,addada,adddda,addddd,adddad,adddaa,adadaa,adadad,adaddd,adadda,adaada,adaadd,adaaad,adaaaa,ddaaaa,ddaaad,ddaadd,ddaada,ddadda,ddaddd,ddadad,ddadaa,ddddaa,ddddad,dddddd,ddddda,dddada,dddadd,dddaad,dddaaa,dadaaa,dadaad,dadadd,dadada,daddda,dadddd,daddad,daddaa,daadaa,daadad,daaddd,daadda,daaada,daaadd,daaaad,daaaaa
0.014723767297310869,69.78923170997517,0.15878367682736164,61.30074681018933,56.57426723625847,0.5024158639250819,44.23136836221729,0.027949572694790682,4.247198755750247,4.225287714272967,9.585148177151309,9.581520531271753,9.513690248948379,3.3848106295826725,5.028254426165028,0.9860459794844338,0.23151567693855005,0.08732891169253945,0.0006423998537043176,0.045747458172204075,0.9867026490922931,0.005729891767871556,2.2650518641774275,0.3484355754133165,0.6396269624114723,0.6554616950838982,2.0858812582719914,2.1235669188131996,1.8962033209973548,0.3167449823249721,0.6782776615489264,3.8484721645819056e-05,0.03006538573717081,0.2996576905740701,0.10056020107823863,0.4790820596560071,0.008708624875735788,0.4282585121660324,0.0023037497228433523,0.26221816659714636,0.034255871616630656,0.11284992481326954,0.008568572371673907,0.05881706404835807,0.015741290933169186,0.18632305014022016,0.05257786311112338,0.28770134619953214,0.07153973311615701,0.00014968981041966814,0.0005874617873142136,0.06606505070215832,0.26663533753386204,0.011308719374650618,0.5755256811938226,0.018907698291269707,0.28137471725176166,0.14162147481321166,0.7435301289884496,0.503936755641398,0.6632956185642046,0.06976072423307583,0.2752732034188559,0.000748950123258549
