aaaaaa,aaaaad,aaaadd,aaaada,aaadda,aaaddd,aaadad,aaadaa,aaddaa,aaddad,aadddd,aaddda,aadada,aadadd,aadaad,aadaaa,addaaa,addaad,addadd,addada,adddda,addddd,adddad,adddaa,adadaa,adadad,adaddd,adadda,adaada,adaadd,adaaad,adaaaa,ddaaaa,ddaaad,ddaadd,ddaada,ddadda,ddaddd,ddadad,ddadaa,ddddaa,ddddad,dddddd,ddddda,dddada,dddadd,dddaad,dddaaa,dadaaa,dadaad,dadadd,dadada,daddda,dadddd,daddad,daddaa,daadaa,daadad,daaddd,daadda,daaada,daaadd,daaaad,daaaaa
0.09995661264588153,99.98829954156271,0.3202276522336228,104.94473054114818,72.01104758779398,0.19161331468908208,66.9817796577725,0.018201973454120144,6.61071842134817,6.504576190124727,15.701371728389814,15.579245202750188,12.227531891999968,4.179776356551098,7.138459449274719,1.4743025622637265,0.27833000498525373,0.08211093061780113,0.019965931123754298,0.14868447877678537,1.3072611256947932,0.0023867349850136286,3.6381749211052736,0.6661492645241874,1.015129158689708,1.033193234975204,3.424230053919651,3.470426610362197,2.3591572887624066,0.34535585790520723,0.919840316330535,0.00012533656276913366,0.0436480046034148,0.4400734444074501,0.157921264017215,0.7276157524596097,0.018236451881207847,0.6570333081262487,0.005474519149306809,0.36051370060780097,0.0464730166040605,0.14944085545167374,0.010201745901098725,0.07344091956883685,0.02190591840628352,0.2541385843327266,0.07735179817949656,0.4035261496580744,0.09057712983862916,0.0018984205664568383,0.00016894898000832274,0.12908538728760563,0.34844815791116074,0.024070504368190873,0.9054541319181246,0.04321408368727501,0.4365767869964487,0.22993216336923442,1.139440905692072,0.788797647705225,0.8776972681829124,0.08684424831652938,0.4395886112375434,0.0003711937706745861
