aaaaaa,aaaaad,aaaadd,aaaada,aaadda,aaaddd,aaadad,aaadaa,aaddaa,aaddad,aadddd,aaddda,aadada,aadadd,aadaad,aadaaa,addaaa,addaad,addadd,addada,adddda,addddd,adddad,adddaa,adadaa,adadad,adaddd,adadda,adaada,adaadd,adaaad,adaaaa,ddaaaa,ddaaad,ddaadd,ddaada,ddadda,ddaddd,ddadad,ddadaa,ddddaa,ddddad,dddddd,ddddda,dddada,dddadd,dddaad,dddaaa,dadaaa,dadaad,dadadd,dadada,daddda,dadddd,daddad,daddaa,daadaa,daadad,daaddd,daadda,daaada,daaadd,daaaad,daaaaa
0.0773317894250909,85.20795314477792,0.07388043284973042,84.99908862968854,67.7388367461734,0.5643951183339325,58.30058488244212,0.023924648379994827,5.2335871154047515,4.808127624020918,13.545893340829398,12.88980383800178,11.955155184465783,4.285108296817919,6.481293042045137,1.3307115946803127,0.30672024721567537,0.12357519750324958,0.00965075696653258,0.0920889944629181,1.078247425221388,0.003952280525006382,3.0432703268260046,0.595662052983772,0.7966115084613828,0.7224651064047612,3.0403706716287697,2.904488487934371,2.3827913702523906,0.4029704257961537,0.8556157641068517,0.00019682386660252246,0.03972037822854069,0.3776010822221756,0.14611389079550555,0.637555052001188,0.01510519465724599,0.5477798061652696,0.0046522975508162204,0.300314961872268,0.04207196144363905,0.13897019853230133,0.007557068709720797,0.06436673305117387,0.018302991640018102,0.2234885026635181,0.07568287878349092,0.37632811900300905,0.08603494440555094,0.00032136485383168735,0.00035100459032716,0.1098966378594229,0.30763256735998734,0.014557297342160411,0.7880216616430095,0.04580237643898738,0.3853966293403684,0.184618866672591,1.0095132708865824,0.6647731777068892,0.779854580378065,0.07513963651756031,0.3784910076365337,2.546209679842264e-05
