aaaaaa,aaaaad,aaaadd,aaaada,aaadda,aaaddd,aaadad,aaadaa,aaddaa,aaddad,aadddd,aaddda,aadada,aadadd,aadaad,aadaaa,addaaa,addaad,addadd,addada,adddda,addddd,adddad,adddaa,adadaa,adadad,adaddd,adadda,adaada,adaadd,adaaad,adaaaa,ddaaaa,ddaaad,ddaadd,ddaada,ddadda,ddaddd,ddadad,ddadaa,ddddaa,ddddad,dddddd,ddddda,dddada,dddadd,dddaad,dddaaa,dadaaa,dadaad,dadadd,dadada,daddda,dadddd,daddad,daddaa,daadaa,daadad,daaddd,daadda,daaada,daaadd,daaaad,daaaaa
0.0032942636518091396,61.87636207268148,1.2897715381455908,46.00524367891348,54.65382389776653,0.7517999855979519,38.5122511662866,0.10563478633706744,3.4994808807903226,3.535128435623993,7.774244823889283,7.85431621900061,9.141778262679377,3.304382809208564,4.474730634802293,0.8186600323101648,0.2165620417036049,0.09180454047685348,0.0031064406097672534,0.012023158422588501,0.956213654834011,0.01105596370895529,1.855749809667595,0.24259437130469486,0.5414395428933401,0.560762294780971,1.6401524507848255,1.6819754430669303,1.8281840330381562,0.31641424311806066,0.6482419379831158,0.00015451484627333623,0.025702381163086194,0.25995291657476366,0.07990828951834451,0.4010299454582122,0.0057837985589916895,0.36418563795450953,0.0015358108371586639,0.2373498215651917,0.03141947318197798,0.10741423148423664,0.008320347968735762,0.057979080068728164,0.014521941931218012,0.17398830683369743,0.045302927204248215,0.26047762147974046,0.06353115970478583,3.416325966363501e-05,0.0053008020041279795,0.03484359083657963,0.26296202761554865,0.005837333659847264,0.46201009865144244,0.008485176623483104,0.2486600097359548,0.12320306822106797,0.5642896615464129,0.36637505831461353,0.5992106823667116,0.0583814830317626,0.2706737599290416,0.00019546149043522782
