aaaaaa,aaaaad,aaaadd,aaaada,aaadda,aaaddd,aaadad,aaadaa,aaddaa,aaddad,aadddd,aaddda,aadada,aadadd,aadaad,aadaaa,addaaa,addaad,addadd,addada,adddda,addddd,adddad,adddaa,adadaa,adadad,adaddd,adadda,adaada,adaadd,adaaad,adaaaa,ddaaaa,ddaaad,ddaadd,ddaada,ddadda,ddaddd,ddadad,ddadaa,ddddaa,ddddad,dddddd,ddddda,dddada,dddadd,dddaad,dddaaa,dadaaa,dadaad,dadadd,dadada,daddda,dadddd,daddad,daddaa,daadaa,daadad,daaddd,daadda,daaada,daaadd,daaaad,daaaaa
0.0003623729331035095,57.59972186538183,0.8889134344866858,44.36761559934365,51.46031877898694,0.7732884198380039,36.62952628337324,0.06084767830199093,3.2705705945011,3.1718385544208982,7.55588419633053,7.42964268181958,8.740701558227023,3.182228085050604,4.286259865398926,0.7979788783996883,0.21070532979949366,0.09315597372965677,0.0011327851723830272,0.01512189046735683,0.8669458936455153,0.010702366905078357,1.780484262532957,0.25953728212999444,0.5084844815392296,0.49553936656853387,1.6393565426906995,1.6235687762470836,1.760350840435432,0.3112016215360419,0.6072225143637642,5.8113662536633104e-05,0.025857850073741855,0.24830451218732372,0.07764653478775094,0.3808296772452855,0.005515950774644151,0.3398989645430191,0.0012500887635820477,0.22318160271115542,0.027910969731483336,0.09800088059604072,0.007578378177230566,0.053918153274091,0.014331745995395176,0.16595741407409198,0.04366815830025659,0.24747530718544328,0.06191949724618123,6.59364601131435e-07,0.0041074609956173085,0.03473862140720045,0.23751684948395174,0.005919118830694363,0.4360926755954472,0.009518859605001028,0.2307800713104887,0.10813231664648601,0.5499289490779723,0.3500243244253317,0.5776096969943297,0.05931459031458668,0.25715327661951065,0.00012136922759983933
