aaaaaa,aaaaad,aaaadd,aaaada,aaadda,aaaddd,aaadad,aaadaa,aaddaa,aaddad,aadddd,aaddda,aadada,aadadd,aadaad,aadaaa,addaaa,addaad,addadd,addada,adddda,addddd,adddad,adddaa,adadaa,adadad,adaddd,adadda,adaada,adaadd,adaaad,adaaaa,ddaaaa,ddaaad,ddaadd,ddaada,ddadda,ddaddd,ddadad,ddadaa,ddddaa,ddddad,dddddd,ddddda,dddada,dddadd,dddaad,dddaaa,dadaaa,dadaad,dadadd,dadada,daddda,dadddd,daddad,daddaa,daadaa,daadad,daaddd,daadda,daaada,daaadd,daaaad,daaaaa
0.034400620308429185,100.13942719285882,0.0008614876294653731,96.35138777940193,84.0968888197311,0.9574747921093352,68.14992383376502,0.004139895085674514,5.6220768291221495,5.174738232096952,15.72020213576283,15.006850491854035,14.957260404314939,5.488378952607751,7.669489660621622,1.5360558447364776,0.4147018015326693,0.18435902379467875,0.00561070733552484,0.08570635992750243,1.2648711614479433,0.0034200436808373754,3.492377659955356,0.6490723605532848,0.8353327151093097,0.7569876866807325,3.4944205521271536,3.3450076953545116,3.0393662581047085,0.5535902759473835,1.0339897456086022,0.0002040832030769101,0.038504355705821114,0.41812548845593195,0.17061590750863698,0.7475495395520998,0.022330097448565255,0.6746098735813324,0.006069835161714028,0.3515290567906361,0.05978041327332965,0.18526018114586246,0.007373920086911527,0.07332435511056014,0.016142985468982796,0.24860947758867236,0.0961323507328856,0.4659492333456513,0.1286456769322472,0.0005142931713701641,0.0009649435201416471,0.09413002996617847,0.3391729352057544,0.023847949550609055,0.8365355764367669,0.03227044036826164,0.38932878643829694,0.17230964270722748,1.1091881703390056,0.7161302263164291,1.0173619149228321,0.11502352200908204,0.482481909369479,0.0005391002283836523
