aaaaaa,aaaaad,aaaadd,aaaada,aaadda,aaaddd,aaadad,aaadaa,aaddaa,aaddad,aadddd,aaddda,aadada,aadadd,aadaad,aadaaa,addaaa,addaad,addadd,addada,adddda,addddd,adddad,adddaa,adadaa,adadad,adaddd,adadda,adaada,adaadd,adaaad,adaaaa,ddaaaa,ddaaad,ddaadd,ddaada,ddadda,ddaddd,ddadad,ddadaa,ddddaa,ddddad,dddddd,ddddda,dddada,dddadd,dddaad,dddaaa,dadaaa,dadaad,dadadd,dadada,daddda,dadddd,daddad,daddaa,daadaa,daadad,daaddd,daadda,daaada,daaadd,daaaad,daaaaa
0.022484001217142318,85.73570095748255,0.05636004871224858,78.62584094775715,66.5733724994025,0.4023607803299599,54.17120427769481,0.029166017879863792,5.347922019578655,5.461167713787754,11.864506131496356,12.069664050255055,11.072082195699373,3.877081714434853,6.053354505469033,1.202571757461212,0.25340612296780896,0.08307296040359655,0.001692164711046688,0.06738242417151634,1.2355603089242373,0.0064851530205130795,2.7995628808894426,0.4165746831621133,0.8090774219677287,0.866337337337888,2.5614396951945357,2.6740778617450642,2.170898071499642,0.3434692267912782,0.8015567306555745,2.027100805584121e-05,0.03417419643755597,0.36219682335770814,0.1344186472963527,0.6158352317128134,0.0127963646023392,0.544011480109459,0.005579636572468453,0.30096853817772323,0.04661435655256977,0.14353585310221495,0.0068978809582027805,0.06002905897761729,0.015916618111712483,0.21264919747266633,0.07337325635072275,0.3682730538531194,0.08210781986734961,0.0007283627525220108,0.00020959210834847243,0.09049113132486576,0.3264573679270293,0.015347379549891942,0.7257793069121828,0.025104521017490226,0.3647318304031942,0.19612913664544643,0.9139453421938939,0.6349982531961998,0.7633070763217283,0.0736762585317462,0.3359191621698068,0.0006047604944355557
