aaaaaa,aaaaad,aaaadd,aaaada,aaadda,aaaddd,aaadad,aaadaa,aaddaa,aaddad,aadddd,aaddda,aadada,aadadd,aadaad,aadaaa,addaaa,addaad,addadd,addada,adddda,addddd,adddad,adddaa,adadaa,adadad,adaddd,adadda,adaada,adaadd,adaaad,adaaaa,ddaaaa,ddaaad,ddaadd,ddaada,ddadda,ddaddd,ddadad,ddadaa,ddddaa,ddddad,dddddd,ddddda,dddada,dddadd,dddaad,dddaaa,dadaaa,dadaad,dadadd,dadada,daddda,dadddd,daddad,daddaa,daadaa,daadad,daaddd,daadda,daaada,daaadd,daaaad,daaaaa
0.0102096367490374,62.26456905060458,0.07638617117982893,56.3894018132711,50.056668375429055,0.39498705596450456,39.86716780626294,0.018921157745707795,3.764569939374596,3.75678747740913,8.805256845042203,8.81990400917645,8.461130443536302,3.0068629134397624,4.473871403722557,0.8759245125856123,0.20349090771930928,0.07458539514505255,0.0009796225524653103,0.04496347241470128,0.877026047000086,0.0042899444176201975,2.057791423913665,0.3206305892279743,0.5734468555838335,0.5913819031267459,1.8990768446005395,1.939878168960626,1.6637664937720897,0.2720616013504896,0.6091120803105122,8.501064801809649e-05,0.027563650498670038,0.271458536968935,0.08918755881808377,0.428512481432189,0.007856078369626705,0.3854289478861081,0.0019697837814870805,0.23701958353886665,0.031190965619543074,0.10143763878521322,0.0076416365851178945,0.05219236797937778,0.013630393795426084,0.1646969985096509,0.047323348127775264,0.2575172846053137,0.0648450299304206,0.00012734228417915163,0.0002986046452610713,0.06256473320192149,0.23397280513680005,0.011444738692540032,0.5253876738947685,0.018399384894828473,0.2527357056939369,0.12823152432699716,0.6754497453494486,0.4608403777180533,0.5850166741559211,0.06012761649517991,0.24973652368403848,0.0004643614790370741
