aaaaaa,aaaaad,aaaadd,aaaada,aaadda,aaaddd,aaadad,aaadaa,aaddaa,aaddad,aadddd,aaddda,aadada,aadadd,aadaad,aadaaa,addaaa,addaad,addadd,addada,adddda,addddd,adddad,adddaa,adadaa,adadad,adaddd,adadda,adaada,adaadd,adaaad,adaaaa,ddaaaa,ddaaad,ddaadd,ddaada,ddadda,ddaddd,ddadad,ddadaa,ddddaa,ddddad,dddddd,ddddda,dddada,dddadd,dddaad,dddaaa,dadaaa,dadaad,dadadd,dadada,daddda,dadddd,daddad,daddaa,daadaa,daadad,daaddd,daadda,daaada,daaadd,daaaad,daaaaa
0.009059685613782892,39.175268453314565,0.055319163792886775,35.08842107863632,22.641649909391646,0.013760962204777839,19.239145832460142,0.24450122285260809,2.587438038151155,3.7797876452724517,3.9896934531377024,5.465740717453284,3.0395318305906573,0.9444280482833092,1.901754155110427,0.3631002372718295,0.05315557602453276,0.001732848009475275,0.00017822564793271555,0.04215819125284425,0.6810097254546661,0.00021106400698259987,1.149709732707939,0.07000625271695547,0.3491244067524296,0.6521334188132921,0.7454334904867885,1.1735987277491697,0.5293520158616131,0.05448195027762898,0.21787171258183666,0.0009392640219330044,0.011967578381515152,0.15256193476728735,0.03738099977267182,0.22621058114058587,0.0018102931558769343,0.21409074737415096,0.0017577631562911325,0.14224004036276802,0.023015846966628624,0.058748778474459334,0.006175723170056723,0.028331423618796696,0.005445369231703158,0.07409395690998978,0.021770038884688103,0.12033553678153594,0.023886856000789488,0.003914707936176527,0.0011961341737219454,0.033905596733185286,0.17089542253332177,0.00741516747293217,0.28605260055583637,0.0013639055737889993,0.16275095090703995,0.14661506748916742,0.29173116139827276,0.27181097672051224,0.22486391414389167,0.013923836988670415,0.11772164910484659,0.0002204378555018804
