aaaaaa,aaaaad,aaaadd,aaaada,aaadda,aaaddd,aaadad,aaadaa,aaddaa,aaddad,aadddd,aaddda,aadada,aadadd,aadaad,aadaaa,addaaa,addaad,addadd,addada,adddda,addddd,adddad,adddaa,adadaa,adadad,adaddd,adadda,adaada,adaadd,adaaad,adaaaa,ddaaaa,ddaaad,ddaadd,ddaada,ddadda,ddaddd,ddadad,ddadaa,ddddaa,ddddad,dddddd,ddddda,dddada,dddadd,dddaad,dddaaa,dadaaa,dadaad,dadadd,dadada,daddda,dadddd,daddad,daddaa,daadaa,daadad,daaddd,daadda,daaada,daaadd,daaaad,daaaaa
0.02954692973456694,94.2720914614673,0.010105429829453888,88.97719596796091,71.14922570826226,0.3203442505670775,59.25852876945624,0.031580905596183984,5.941986087243365,6.174448244735267,13.175300922829116,13.561372797383521,11.702957276384973,4.047826992429431,6.560776272449218,1.315138899727747,0.2711013658925278,0.08235976135650916,0.004136671862643843,0.09089395806849676,1.3363958114948071,0.004246405904485508,3.143722710839792,0.4701123350496428,0.8866480499222252,0.974623867686393,2.8515006040777346,3.0205645682575777,2.2926633965684657,0.3543255938084718,0.8476468869619374,8.210213407606986e-06,0.03878300177552804,0.40614101530857855,0.13917959504722485,0.6636638733326101,0.012311634541864406,0.5857343133123664,0.004156571894015865,0.3465516739619868,0.04674526111811218,0.1488477910269726,0.010220368510356955,0.07269879296024626,0.01894130696778637,0.2340023891936236,0.07327456535839844,0.38176674997887977,0.08845600346796782,0.0012109697214047733,9.610904528688036e-05,0.10515643826965011,0.3557283479324474,0.018098550543760177,0.7995384772359776,0.027248420123915963,0.39255358136908586,0.21530726753960508,1.0284615605049934,0.7286828322294028,0.82817944173189,0.08162654696981471,0.35679440252086625,0.0008441040339238294
