aaaaaa,aaaaad,aaaadd,aaaada,aaadda,aaaddd,aaadad,aaadaa,aaddaa,aaddad,aadddd,aaddda,aadada,aadadd,aadaad,aadaaa,addaaa,addaad,addadd,addada,adddda,addddd,adddad,adddaa,adadaa,adadad,adaddd,adadda,adaada,adaadd,adaaad,adaaaa,ddaaaa,ddaaad,ddaadd,ddaada,ddadda,ddaddd,ddadad,ddadaa,ddddaa,ddddad,dddddd,ddddda,dddada,dddadd,dddaad,dddaaa,dadaaa,dadaad,dadadd,dadada,daddda,dadddd,daddad,daddaa,daadaa,daadad,daaddd,daadda,daaada,daaadd,daaaad,daaaaa
2.3248215959454836e-05,46.3285165613921,0.6123510761776151,36.28918513898102,38.66189277722935,0.38992371673875326,28.219369351001,0.08160404717978666,2.716192254500679,2.854570631531236,5.811696785473367,6.033987699870945,6.341397416556053,2.2545773148159185,3.2151913013342046,0.5962878994874076,0.1442825254124195,0.05315306373692495,0.0006306360616448172,0.01608648205202387,0.7194041955125371,0.006666417128627451,1.415056323800064,0.18117802285227091,0.41747562975930985,0.4616967274057071,1.2237021520708868,1.3050286093729282,1.2460664548354552,0.20421868457713505,0.4487030439846733,8.720514434627402e-06,0.01962696860875125,0.19664985269402444,0.058198325464046366,0.29759301479112976,0.003980199716471401,0.2702010277330504,0.0011431162757617732,0.17807524192085925,0.02225682549251368,0.07536091148363835,0.006908843475546939,0.04311926149790628,0.01123461450866675,0.12739584624758454,0.03155356488698102,0.18435446518604895,0.04385270913118549,0.00025930654886457884,0.003243816650052279,0.02888345236617647,0.1957995200884299,0.00493954648202027,0.3460868702193265,0.005916281710765703,0.18802168906075692,0.10046456221547935,0.4237585613038679,0.2871304583221207,0.4245040683066993,0.04033698164332388,0.19439814651796686,0.0001286216079251485
