aaaaaa,aaaaad,aaaadd,aaaada,aaadda,aaaddd,aaadad,aaadaa,aaddaa,aaddad,aadddd,aaddda,aadada,aadadd,aadaad,aadaaa,addaaa,addaad,addadd,addada,adddda,addddd,adddad,adddaa,adadaa,adadad,adaddd,adadda,adaada,adaadd,adaaad,adaaaa,ddaaaa,ddaaad,ddaadd,ddaada,ddadda,ddaddd,ddadad,ddadaa,ddddaa,ddddad,dddddd,ddddda,dddada,dddadd,dddaad,dddaaa,dadaaa,dadaad,dadadd,dadada,daddda,dadddd,daddad,daddaa,daadaa,daadad,daaddd,daadda,daaada,daaadd,daaaad,daaaaa
0.004641684076518995,53.31669772665269,0.29074258363713656,44.75476207899711,42.39723231145562,0.3184217943661995,32.47651518400205,0.06391575366303417,3.253470084084392,3.4298877878762952,6.848022343757185,7.126382558222839,6.921442039856274,2.4317239476980284,3.6585958377985315,0.7003731884506331,0.15744556247116717,0.0532129169757329,1.5764391740054427e-06,0.028710640789908672,0.8028071578584206,0.005434356816919163,1.660078862265643,0.2198517781794239,0.4897652249437192,0.5491931677045,1.4521733385063158,1.5605722109209772,1.360860026452959,0.21795576165025837,0.4950669151946446,1.578918856988786e-06,0.021971200801065155,0.2250843969730277,0.07249833469959685,0.35570921966284197,0.005545826769015942,0.31937422130620713,0.00207357481150387,0.1972893075733363,0.028103125397858985,0.0883648313593033,0.0058159134936244744,0.04204836713880531,0.010717473396207544,0.13577362068910903,0.04055739276860445,0.21824371464087666,0.050298737469299006,0.0004002546018393532,0.0011410349591052978,0.044925872439364786,0.21424106249713265,0.007582282246330342,0.4232917104753512,0.010431557095781602,0.2205827222817747,0.12141041383190161,0.5194863274255457,0.3613591220969547,0.47472829854598075,0.04545069060653158,0.20870662491349024,0.0004232831197757422
