aaaaaa,aaaaad,aaaadd,aaaada,aaadda,aaaddd,aaadad,aaadaa,aaddaa,aaddad,aadddd,aaddda,aadada,aadadd,aadaad,aadaaa,addaaa,addaad,addadd,addada,adddda,addddd,adddad,adddaa,adadaa,adadad,adaddd,adadda,adaada,adaadd,adaaad,adaaaa,ddaaaa,ddaaad,ddaadd,ddaada,ddadda,ddaddd,ddadad,ddadaa,ddddaa,ddddad,dddddd,ddddda,dddada,dddadd,dddaad,dddaaa,dadaaa,dadaad,dadadd,dadada,daddda,dadddd,daddad,daddaa,daadaa,daadad,daaddd,daadda,daaada,daaadd,daaaad,daaaaa
0.0006369955361229427,61.48410810638134,0.6855674036952007,48.76128691125272,50.195882254632046,0.4503477363821239,37.15317104441022,0.10470202901998084,3.6724377316870065,3.901201121781216,7.621725008524119,7.977137938538052,8.17505375131552,2.888084100519376,4.22206448448299,0.7923639766308933,0.1898633545590558,0.06789651248635274,0.0004386455747352361,0.02473681313850635,0.9415807578458,0.007191805946234471,1.8769379235068657,0.23764041891802343,0.5506704129824526,0.6205247637436819,1.6121326394344035,1.7386977399047674,1.6210823726386911,0.26613707863052277,0.5779906946717571,1.837806135974983e-06,0.024422206748663404,0.25578136413305474,0.07986878682072705,0.4008738688322527,0.005894365630547361,0.36256926490252556,0.001993800779021171,0.23006298077943352,0.03137448660028452,0.10218686221083358,0.007886352325219776,0.053093655847768303,0.013333860280957992,0.16151764107433197,0.044082071349234635,0.24730770698907073,0.05716147883026956,0.00045595559122708077,0.0031631360595132966,0.04235410045075705,0.2577518023536157,0.00689307230385353,0.46617720188164075,0.008773370539927317,0.2516404583323014,0.1378072938174719,0.5673205559308471,0.39007065343125635,0.5524613066783224,0.05227111793378772,0.2479748127252792,0.00034049986029306565
