aaaaaa,aaaaad,aaaadd,aaaada,aaadda,aaaddd,aaadad,aaadaa,aaddaa,aaddad,aadddd,aaddda,aadada,aadadd,aadaad,aadaaa,addaaa,addaad,addadd,addada,adddda,addddd,adddad,adddaa,adadaa,adadad,adaddd,adadda,adaada,adaadd,adaaad,adaaaa,ddaaaa,ddaaad,ddaadd,ddaada,ddadda,ddaddd,ddadad,ddadaa,ddddaa,ddddad,dddddd,ddddda,dddada,dddadd,dddaad,dddaaa,dadaaa,dadaad,dadadd,dadada,daddda,dadddd,daddad,daddaa,daadaa,daadad,daaddd,daadda,daaada,daaadd,daaaad,daaaaa
0.05314392037677825,57.008036043486406,0.008143577702348076,54.836392391121606,37.0728197119233,0.01085832653670617,33.095793546764575,0.05610140408173494,4.006854646345686,4.575629206599698,7.198688382450219,7.980306949383365,5.654005549998344,1.830642747004661,3.5077252622803203,0.7115676894209546,0.1082216420643187,0.016311810130571057,0.004759778145385588,0.07456574548690112,0.848808367596886,0.00155499478663811,1.8353554154582747,0.2262924952993125,0.5925200469607096,0.762447010237609,1.5068646513847996,1.7795494280149646,1.0544568659788693,0.13091665609330397,0.43085854179144323,0.00013941489511673703,0.019860581279288782,0.2324933679593871,0.08078744973633921,0.3924621863929386,0.0074419739164735335,0.35683693223039187,0.004295482888200114,0.19763737521910488,0.03497560278315604,0.09259983265453244,0.003828588152960797,0.03179182156949774,0.006749483756242322,0.1149533000367539,0.04424888391541647,0.21912121127649764,0.04271671948907755,0.003010056816900257,2.861770148731035e-05,0.07204015615468569,0.2137810649085587,0.013452335816689882,0.4792165683881446,0.01332082288937198,0.25886178097498247,0.1723248298107237,0.5659965346764895,0.43601975865102716,0.4164735048610833,0.03390188258660319,0.19436028055599483,0.0004854674361410493
