aaaaaa,aaaaad,aaaadd,aaaada,aaadda,aaaddd,aaadad,aaadaa,aaddaa,aaddad,aadddd,aaddda,aadada,aadadd,aadaad,aadaaa,addaaa,addaad,addadd,addada,adddda,addddd,adddad,adddaa,adadaa,adadad,adaddd,adadda,adaada,adaadd,adaaad,adaaaa,ddaaaa,ddaaad,ddaadd,ddaada,ddadda,ddaddd,ddadad,ddadaa,ddddaa,ddddad,dddddd,ddddda,dddada,dddadd,dddaad,dddaaa,dadaaa,dadaad,dadadd,dadada,daddda,dadddd,daddad,daddaa,daadaa,daadad,daaddd,daadda,daaada,daaadd,daaaad,daaaaa
0.03856567823713288,58.79039808535998,0.002032536495596217,55.06877206783824,36.500181337727334,2.1203180525713038e-05,32.05792220601093,0.14537774163481507,4.008865150344616,5.0234932761374465,6.780522699166292,8.111664495859428,5.336481589178293,1.708059314625907,3.3055408846676797,0.6559463509587872,0.1035100970922463,0.011092854427813187,0.003051687268929083,0.0755201998098228,0.9096196944963059,0.0004346100792746307,1.83198131518386,0.17958475001329316,0.5658249294804317,0.839787471882798,1.384340605393389,1.806736339692401,0.9859565634883761,0.11905608364709026,0.3881969926765287,0.0007976913539634033,0.023069049638737713,0.24884767535372807,0.07301900528583008,0.3822906624458613,0.003640911337226393,0.3344218016597747,0.003995163771131565,0.20578032172102476,0.029299795786232374,0.08235291296714885,0.005526422325961825,0.035785732475511395,0.010023113458226917,0.12505017745954586,0.03969572677608064,0.20585780714713026,0.0371672088413535,0.005498845743075494,0.00020433978057532293,0.06467931061094316,0.24094358422931386,0.011237404465905643,0.4635029208951727,0.007330392753497406,0.268985113714401,0.2019745142509166,0.5188414914470221,0.4263040486311651,0.3785194169471077,0.025538123932660098,0.1943887739414393,0.0002681319184183885
