aaaaaa,aaaaad,aaaadd,aaaada,aaadda,aaaddd,aaadad,aaadaa,aaddaa,aaddad,aadddd,aaddda,aadada,aadadd,aadaad,aadaaa,addaaa,addaad,addadd,addada,adddda,addddd,adddad,adddaa,adadaa,adadad,adaddd,adadda,adaada,adaadd,adaaad,adaaaa,ddaaaa,ddaaad,ddaadd,ddaada,ddadda,ddaddd,ddadad,ddadaa,ddddaa,ddddad,dddddd,ddddda,dddada,dddadd,dddaad,dddaaa,dadaaa,dadaad,dadadd,dadada,daddda,dadddd,daddad,daddaa,daadaa,daadad,daaddd,daadda,daaada,daaadd,daaaad,daaaaa
0.000562214264003905,75.76532819024101,0.31612138439948845,65.93388180267446,71.66240055920225,1.432099759990897,52.05042519388295,0.003573354540635384,4.045762871854514,3.4745667805348606,11.778529448343486,10.818734778375907,12.899730275491704,4.849863728499353,6.211502863069583,1.206310791361682,0.35084084586652925,0.18094513565907855,0.00014300366110590168,0.025204410638749886,1.0252065202153342,0.010882121741825396,2.5001622358846545,0.4565507401760809,0.6230306961220372,0.5000543955587863,2.6446410351898204,2.393543473281153,2.6449798906162307,0.5080953392330919,0.8881105702144869,0.0006683534663502424,0.036097958195237416,0.33707230260451254,0.11779106688835807,0.5399189860707135,0.01237916901932076,0.48377494022026685,0.0014978439527712076,0.29662663058266936,0.03706128038177606,0.13450966527875133,0.009964961489041763,0.07463815511066618,0.021122454646207954,0.23245355197147397,0.06291003598645695,0.3463134954345655,0.09581232352150644,0.0005022739611595867,0.001745023763293677,0.06105711661185742,0.2893382711273941,0.009743324055188053,0.6338660845135655,0.02597626803067508,0.30506976121418306,0.12052926908634977,0.859869436909509,0.5238893435695602,0.821029374457483,0.08978558555392871,0.3643253976927394,2.2377275518499416e-05
