aaaaaa,aaaaad,aaaadd,aaaada,aaadda,aaaddd,aaadad,aaadaa,aaddaa,aaddad,aadddd,aaddda,aadada,aadadd,aadaad,aadaaa,addaaa,addaad,addadd,addada,adddda,addddd,adddad,adddaa,adadaa,adadad,adaddd,adadda,adaada,adaadd,adaaad,adaaaa,ddaaaa,ddaaad,ddaadd,ddaada,ddadda,ddaddd,ddadad,ddadaa,ddddaa,ddddad,dddddd,ddddda,dddada,dddadd,dddaad,dddaaa,dadaaa,dadaad,dadadd,dadada,daddda,dadddd,daddad,daddaa,daadaa,daadad,daaddd,daadda,daaada,daaadd,daaaad,daaaaa
0.004611622703890681,61.701619861770084,0.27276166699186893,52.71230483904207,51.73693552103399,0.5583122352948461,39.34391108920954,0.03164373679703769,3.655740416468382,3.5993462079160206,8.442865688632176,8.383022990748257,8.744157263111111,3.13912034277316,4.520999822075921,0.8769943670786794,0.20719880807044094,0.08132510030000624,4.504631969279629e-06,0.029538668273686314,0.9003277016957254,0.0077461887754837,1.9599597972280192,0.29365744622977796,0.5652069333623289,0.5681563514905723,1.8171569517076105,1.8305083142861698,1.7282406643743131,0.29009678675404854,0.6331616317384077,0.00028023378581924866,0.027016374831346106,0.26600445798178257,0.09164552200840535,0.4291490750317578,0.007611419014095581,0.3783742676440773,0.002585372581650597,0.22663502493294535,0.031679959753116736,0.10421441053343558,0.006042576225294802,0.04916089069707284,0.013780247855911879,0.1670233672083462,0.05083253396374593,0.26791135167182833,0.06702617087680307,8.829137900283562e-06,0.0006202749184893729,0.05679053365076915,0.23528299386201615,0.010081439484100686,0.5151597787293883,0.01789817382046087,0.24684145862302434,0.12077020231888702,0.6529227149421637,0.4360735744315559,0.5996472980273482,0.06299407505905567,0.247969151321777,0.0007321222245725683
