aaaaaa,aaaaad,aaaadd,aaaada,aaadda,aaaddd,aaadad,aaadaa,aaddaa,aaddad,aadddd,aaddda,aadada,aadadd,aadaad,aadaaa,addaaa,addaad,addadd,addada,adddda,addddd,adddad,adddaa,adadaa,adadad,adaddd,adadda,adaada,adaadd,adaaad,adaaaa,ddaaaa,ddaaad,ddaadd,ddaada,ddadda,ddaddd,ddadad,ddadaa,ddddaa,ddddad,dddddd,ddddda,dddada,dddadd,dddaad,dddaaa,dadaaa,dadaad,dadadd,dadada,daddda,dadddd,daddad,daddaa,daadaa,daadad,daaddd,daadda,daaada,daaadd,daaaad,daaaaa
0.010739084183797624,59.79426968313554,0.10253446096195695,53.35422604503049,47.06678029448481,0.3193125939658386,37.47981497126283,0.03174550546208576,3.6835054837436587,3.781641584916216,8.128464682364012,8.299749794044926,7.812529120454686,2.7474187716881544,4.197361222347657,0.8221158144011956,0.18078294554978674,0.06118956468031447,0.0005342414827328257,0.04149010392377019,0.8682754905889633,0.004769273244707858,1.9284516650699448,0.27952217416178315,0.5561128741335825,0.5996740061906506,1.7445575666791502,1.8291393506270748,1.5383570825701753,0.24715918605112364,0.5612716521633172,9.263529094371784e-06,0.023226534585467185,0.24976214771651853,0.09058898195975801,0.4216109507782288,0.008497527230847414,0.3761830608582531,0.0033410808185825192,0.21379851308675848,0.03278486629211618,0.10110668592898119,0.005422160174319801,0.04397208825728075,0.011306534599429608,0.1498414003888798,0.048823366739112375,0.25257465197162404,0.05835589383379165,0.00036627314845489017,0.0003576057327265435,0.05918810409785367,0.22872249566711172,0.010567883080754431,0.5000060066993441,0.016271701827518373,0.25447415396853196,0.13729074805294067,0.6163104619413888,0.4260956849229889,0.5315842354839895,0.05044733807139111,0.239342336552628,0.0002856081889752038
