aaaaaa,aaaaad,aaaadd,aaaada,aaadda,aaaddd,aaadad,aaadaa,aaddaa,aaddad,aadddd,aaddda,aadada,aadadd,aadaad,aadaaa,addaaa,addaad,addadd,addada,adddda,addddd,adddad,adddaa,adadaa,adadad,adaddd,adadda,adaada,adaadd,adaaad,adaaaa,ddaaaa,ddaaad,ddaadd,ddaada,ddadda,ddaddd,ddadad,ddadaa,ddddaa,ddddad,dddddd,ddddda,dddada,dddadd,dddaad,dddaaa,dadaaa,dadaad,dadadd,dadada,daddda,dadddd,daddad,daddaa,daadaa,daadad,daaddd,daadda,daaada,daaadd,daaaad,daaaaa
0.00050409597077346,57.38759952473959,0.9464768588592363,43.82753091885938,51.15856029222829,0.7604559621053151,36.304335103313335,0.0675430683443763,3.2593709847111905,3.1841530530961397,7.446999310016391,7.3573189568369015,8.65460694808225,3.145417515313518,4.2521990560154155,0.790814526251799,0.20794766310073223,0.09127821422477225,0.0016083796222745234,0.013596398016273305,0.86696925906416,0.010563412609920879,1.7556502091097403,0.24944253056664345,0.5046277355377989,0.49724311072336996,1.605309529129579,1.599628785467756,1.7437376054213292,0.30749663724111853,0.6070310072403854,0.00010697753184552391,0.02542078998642379,0.24611808043565042,0.07689187149610682,0.378137514774186,0.005434218545515747,0.3379610043024004,0.00129803205620165,0.22149277521616834,0.0280345718428513,0.09792402864073746,0.007482532584147393,0.053431613573060546,0.0140957806365928,0.16442766301258135,0.04341376779105016,0.24598879076309121,0.06207027064829454,1.1335335363099585e-06,0.003717830428379534,0.03568097749713324,0.23611336326781016,0.006059263051697002,0.43811950935848865,0.009928331926925408,0.22986217524389602,0.10878150491517175,0.5461039826130101,0.3492765670664712,0.5720796522921676,0.05833881546417641,0.25236541851008415,0.00019947732028852282
