aaaaaa,aaaaad,aaaadd,aaaada,aaadda,aaaddd,aaadad,aaadaa,aaddaa,aaddad,aadddd,aaddda,aadada,aadadd,aadaad,aadaaa,addaaa,addaad,addadd,addada,adddda,addddd,adddad,adddaa,adadaa,adadad,adaddd,adadda,adaada,adaadd,adaaad,adaaaa,ddaaaa,ddaaad,ddaadd,ddaada,ddadda,ddaddd,ddadad,ddadaa,ddddaa,ddddad,dddddd,ddddda,dddada,dddadd,dddaad,dddaaa,dadaaa,dadaad,dadadd,dadada,daddda,dadddd,daddad,daddaa,daadaa,daadad,daaddd,daadda,daaada,daaadd,daaaad,daaaaa
0.0012566122346261538,67.4737480116614,0.3918085840990049,57.00725247432631,64.11786576260222,1.3412017752207726,46.16647707692414,0.0035379483600172625,3.636950295487214,3.0777766764116,10.32036524984685,9.38882112225282,11.628371204779699,4.373054928176747,5.521176807987135,1.0538221159167789,0.3174484367988145,0.17284796188267104,6.123864408214306e-05,0.020676604985419664,0.901142223062788,0.01112024093265693,2.1856868140916657,0.405943590188419,0.5813909237280906,0.45340848556283436,2.2956132612056797,2.041632359237144,2.380746767060635,0.45313016983559573,0.8057831944792301,0.0006280570704220058,0.03197057669946049,0.2970208344242699,0.10342600112944296,0.4743496871271871,0.011108411588065682,0.4272013275411502,0.0010511739194804899,0.2651229529188206,0.03487719008173022,0.12411976932027141,0.00819678289506201,0.06516433439126841,0.016550722905041247,0.19980159672380193,0.058024715557617255,0.3136440798372622,0.08802270535289645,0.0007901967158542941,0.0019506753535687576,0.0510778864490134,0.25575894471062444,0.008294518321828492,0.5456282172958207,0.020559218221396926,0.27466923595195347,0.10769464633561111,0.7388415816497128,0.44249677467683035,0.7392013878920939,0.08233723324532741,0.3305619414093135,2.6597913879295176e-06
