aaaaaa,aaaaad,aaaadd,aaaada,aaadda,aaaddd,aaadad,aaadaa,aaddaa,aaddad,aadddd,aaddda,aadada,aadadd,aadaad,aadaaa,addaaa,addaad,addadd,addada,adddda,addddd,adddad,adddaa,adadaa,adadad,adaddd,adadda,adaada,adaadd,adaaad,adaaaa,ddaaaa,ddaaad,ddaadd,ddaada,ddadda,ddaddd,ddadad,ddadaa,ddddaa,ddddad,dddddd,ddddda,dddada,dddadd,dddaad,dddaaa,dadaaa,dadaad,dadadd,dadada,daddda,dadddd,daddad,daddaa,daadaa,daadad,daaddd,daadda,daaada,daaadd,daaaad,daaaaa
0.011359381609368502,74.73124792971215,1.9594212046815414,53.97120905795719,77.96003268452125,2.2538661773834208,51.170831299660776,0.03241314724183589,3.7863707246959337,3.0956430365086525,10.587657471782247,9.437816868027173,14.068532539996651,5.380133199054598,6.323555383120265,1.163671278161799,0.37750837889660194,0.2199524906912945,0.00792870433443576,0.0035390299081256463,1.0732122276229248,0.022283468350077853,2.2827911745482643,0.3932036972970726,0.6162359854977438,0.4534617278166668,2.3336921998895366,2.0139093901204346,2.9146702300856377,0.5829363248710093,0.9854539267558396,0.0021246178989578184,0.03706948601376719,0.3317160912863561,0.11218306393671572,0.5174826011295894,0.008055252770858192,0.4444402978983912,0.0010450802460306142,0.2954813513083785,0.031286493011169036,0.13049890910308146,0.010447198716621824,0.08162501201219823,0.024647486173837274,0.2534768298386077,0.06192437936826398,0.3554458684877898,0.10271842886439937,0.0018503105863170474,0.005412792696271732,0.04224010695930193,0.30411888612186655,0.005693222077656099,0.5863467309480889,0.019710357083129886,0.2727386953657008,0.09091925450646378,0.8010441496398458,0.45695608090255574,0.9200532911776322,0.1132968629759282,0.34712145258090504,0.0012404458716483752
