aaaaaa,aaaaad,aaaadd,aaaada,aaadda,aaaddd,aaadad,aaadaa,aaddaa,aaddad,aadddd,aaddda,aadada,aadadd,aadaad,aadaaa,addaaa,addaad,addadd,addada,adddda,addddd,adddad,adddaa,adadaa,adadad,adaddd,adadda,adaada,adaadd,adaaad,adaaaa,ddaaaa,ddaaad,ddaadd,ddaada,ddadda,ddaddd,ddadad,ddadaa,ddddaa,ddddad,dddddd,ddddda,dddada,dddadd,dddaad,dddaaa,dadaaa,dadaad,dadadd,dadada,daddda,dadddd,daddad,daddaa,daadaa,daadad,daaddd,daadda,daaada,daaadd,daaaad,daaaaa
11.331322594224568,121.74246424312818,1.1113962579867005,118.02073522016485,1.10524806471489,3.3813884580370193,0.7109446266423397,2.9210318785683915,7.304905362702122,25.142880295396626,0.0118811713826095,11.906941779480524,0.17115846495548742,0.42664102021626144,2.503725201276888,1.6024830649314483,0.26086842330999593,1.2057354108548204,0.8388219831390693,3.713503484913115,0.06547266949308819,0.5692558132682299,0.4410710940827181,0.5548729379552688,0.9283246807450267,4.301221140439546,0.017628050585116663,2.77510822090888,0.1300718477868751,0.07162073501063446,0.1456626799133125,0.10301712448123454,0.007189325843174093,0.002253272416449307,6.984100397172538e-05,0.012722960357163544,0.10181597465405275,0.01038741499154554,0.08352970726792301,0.03562930658449679,0.0321269986869359,0.08496901529071346,0.04221858573368741,0.012806573384336186,0.003231165552590077,5.802202533937759e-05,0.11653510949523258,0.12710093010884077,0.06005927005941019,0.22477653042649057,0.20756980595317337,0.7845995366408902,0.033525509482877566,0.060474070487433446,0.11496316385609313,0.09129146485456181,0.19603807848280452,0.9515271099696779,0.001532592737113925,0.6493310013758503,0.026054717583419325,0.00018264822625573349,0.030242218181800812,0.005153339919612732
