aaaaaa,aaaaad,aaaadd,aaaada,aaadda,aaaddd,aaadad,aaadaa,aaddaa,aaddad,aadddd,aaddda,aadada,aadadd,aadaad,aadaaa,addaaa,addaad,addadd,addada,adddda,addddd,adddad,adddaa,adadaa,adadad,adaddd,adadda,adaada,adaadd,adaaad,adaaaa,ddaaaa,ddaaad,ddaadd,ddaada,ddadda,ddaddd,ddadad,ddadaa,ddddaa,ddddad,dddddd,ddddda,dddada,dddadd,dddaad,dddaaa,dadaaa,dadaad,dadadd,dadada,daddda,dadddd,daddad,daddaa,daadaa,daadad,daaddd,daadda,daaada,daaadd,daaaad,daaaaa
15.08205538665809,110.30807000648456,3.1110967079791174,103.89568742582262,0.9463276008203638,2.518587791886718,1.5171400617106388,3.313611240201288,4.614271486015146,18.39779950033663,0.00015580015452339312,11.293485308800431,0.04379574167076672,1.1693885279393468,1.9737287488100057,0.9020595771881391,0.13458581944778655,0.9503930900459411,0.4749940608850062,2.906046639002651,0.3822196299809114,0.11187259272974151,0.2731971282624425,0.6982089127739611,0.4810910951723294,3.064275304217665,0.02249559265983277,2.494653025558059,0.014234604275738163,0.004017132531803642,0.16634743557124554,0.10592212405492053,0.007896625846877049,0.004392679428301442,0.0007022095910404504,0.005943273680096315,0.05952234915232115,0.0019659323577250025,0.08204663000622375,0.04022661449392511,0.021848302857207104,0.06347713418460518,0.019179315436166577,0.0021527178968183775,0.013267381436308368,0.0021487417823840556,0.05966719768018156,0.06156872280340564,0.035619208324435714,0.1875200038813935,0.12631324061765611,0.6282444544797358,0.10900166390273493,0.004824445179121731,0.07151934194727248,0.11889255032348747,0.10797935883485238,0.6870376700997851,0.0015003322248257546,0.5881091919958039,0.003158673550131332,0.004460178027251541,0.03310165507253021,0.007424578194002605
