aaaaaa,aaaaad,aaaadd,aaaada,aaadda,aaaddd,aaadad,aaadaa,aaddaa,aaddad,aadddd,aaddda,aadada,aadadd,aadaad,aadaaa,addaaa,addaad,addadd,addada,adddda,addddd,adddad,adddaa,adadaa,adadad,adaddd,adadda,adaada,adaadd,adaaad,adaaaa,ddaaaa,ddaaad,ddaadd,ddaada,ddadda,ddaddd,ddadad,ddadaa,ddddaa,ddddad,dddddd,ddddda,dddada,dddadd,dddaad,dddaaa,dadaaa,dadaad,dadadd,dadada,daddda,dadddd,daddad,daddaa,daadaa,daadad,daaddd,daadda,daaada,daaadd,daaaad,daaaaa
11.050500199009798,111.94766529852608,1.2901873405614115,107.67484520529804,1.308098677645747,2.449262915993477,1.554562968993751,4.063229977903367,4.818192410965053,19.1196946001477,0.002571047734770741,11.01730403779984,0.03784401688741597,1.2886315951279235,1.7055105654575378,0.9327963235512818,0.13534723312186456,0.8891243540595288,0.5958547957062266,3.0573978457784845,0.427621471538467,0.09222339747809792,0.18583274948986622,0.8571382025728653,0.5309316485220706,3.1806718186933014,0.020665424108044773,2.4817756749596613,0.02096780124049901,0.002815499958641578,0.12735447643620623,0.1103755829503258,0.00824135543001207,0.0037130073329285345,0.00021270955292783408,0.008958932956097817,0.05757407230430497,0.001609056277693033,0.09465600635618455,0.04837544301974357,0.023081235630552675,0.06673186693983886,0.026696821261911412,0.0047428318018927235,0.01460544338659954,0.0033586588977442275,0.062247728117479875,0.06670278766671155,0.036020350942098184,0.17511693849908985,0.15626682043399953,0.6625603277665808,0.1205989886119852,0.0032188086977022012,0.05022385661889653,0.1516354890314749,0.11837905363611713,0.7138479706863118,0.001176377343395034,0.5902334279461854,0.004643557859534569,0.005162578029525439,0.02430820571548794,0.008343015704197267
