aaaaaa,aaaaad,aaaadd,aaaada,aaadda,aaaddd,aaadad,aaadaa,aaddaa,aaddad,aadddd,aaddda,aadada,aadadd,aadaad,aadaaa,addaaa,addaad,addadd,addada,adddda,addddd,adddad,adddaa,adadaa,adadad,adaddd,adadda,adaada,adaadd,adaaad,adaaaa,ddaaaa,ddaaad,ddaadd,ddaada,ddadda,ddaddd,ddadad,ddadaa,ddddaa,ddddad,dddddd,ddddda,dddada,dddadd,dddaad,dddaaa,dadaaa,dadaad,dadadd,dadada,daddda,dadddd,daddad,daddaa,daadaa,daadad,daaddd,daadda,daaada,daaadd,daaaad,daaaaa
13.589059397165563,119.5893958604003,2.132649296701771,113.31674906611512,1.3962373613244565,2.7204226921406467,1.0943408881849894,3.3688558117382295,5.54835639161926,21.387784344046278,2.1874938609575006e-05,12.397692063473034,0.008657819200361886,1.0240969524152392,1.9438564462791954,1.0222785346368162,0.1833705904291877,1.064674722074978,0.5690880647205321,3.170467158343942,0.32976872794662454,0.1847337884158368,0.3295253448415308,0.7168977499173572,0.6197576675418717,3.5794998234522497,0.020863761480131075,2.73850141124062,0.04166393088946563,0.012754796241456898,0.14763176140679116,0.1136385632226033,0.008560593611006832,0.004174135270817855,0.0008763529890732392,0.006849778057222802,0.0696194131915364,0.0027018661251953413,0.08499206024863372,0.03932508936172556,0.025775531881624732,0.07487670800127987,0.022219583093622184,0.00241701708554845,0.010848266853230046,0.0012480771900421346,0.06722108714850293,0.07081542121544479,0.045942231585812586,0.20746690688056646,0.14753878173637178,0.682068152703698,0.10065947708643502,0.011675245163371983,0.0877670043499891,0.12155297886179492,0.13576292201963416,0.8015042494974733,0.001563922895259039,0.6449774566311776,0.00881977391996879,0.0024221772313277406,0.029895272249590207,0.007621785409944735
