aaaaaa,aaaaad,aaaadd,aaaada,aaadda,aaaddd,aaadad,aaadaa,aaddaa,aaddad,aadddd,aaddda,aadada,aadadd,aadaad,aadaaa,addaaa,addaad,addadd,addada,adddda,addddd,adddad,adddaa,adadaa,adadad,adaddd,adadda,adaada,adaadd,adaaad,adaaaa,ddaaaa,ddaaad,ddaadd,ddaada,ddadda,ddaddd,ddadad,ddadaa,ddddaa,ddddad,dddddd,ddddda,dddada,dddadd,dddaad,dddaaa,dadaaa,dadaad,dadadd,dadada,daddda,dadddd,daddad,daddaa,daadaa,daadad,daaddd,daadda,daaada,daaadd,daaaad,daaaaa
13.339857890991572,106.51008191772779,2.312372857081292,101.61264555681387,1.008988347040708,2.413331848045259,1.4461660619155148,3.3714085630079658,4.862436258773365,18.67524723399181,0.003660636038592611,10.457104884447018,0.030389937184580166,1.0803977222674044,1.8624575715539102,0.9105664396897977,0.12802509349263255,0.8878289576345377,0.5339781963128508,2.9446424555798187,0.35064835962277763,0.12167566952744702,0.23921596370944861,0.7148529594385971,0.5301034526525534,3.1183474213892812,0.025359666075137594,2.356150840623718,0.0204768604248597,0.006022966647476539,0.14753103687729976,0.10406067569949451,0.007703778456809978,0.003961393752297412,0.000355562316499947,0.007194086503676038,0.059569076287547054,0.0022651162745623895,0.08298269497833148,0.04134788542825076,0.023669374247105447,0.06580189809460646,0.02412538669877453,0.004116437936786787,0.012381315815893912,0.0020915336757821048,0.06184241812364678,0.06459104703059625,0.03378688023586791,0.17466378277778602,0.1399248431773247,0.6362788335792875,0.10122046776599691,0.005936840084912372,0.06287914274862257,0.12355006977602043,0.1183687520622917,0.6984029877288476,0.0018554187990471398,0.5574577442724897,0.004489435490435786,0.003468159242374723,0.029067802822872666,0.0075030464623246015
