aaaaaa,aaaaad,aaaadd,aaaada,aaadda,aaaddd,aaadad,aaadaa,aaddaa,aaddad,aadddd,aaddda,aadada,aadadd,aadaad,aadaaa,addaaa,addaad,addadd,addada,adddda,addddd,adddad,adddaa,adadaa,adadad,adaddd,adadda,adaada,adaadd,adaaad,adaaaa,ddaaaa,ddaaad,ddaadd,ddaada,ddadda,ddaddd,ddadad,ddadaa,ddddaa,ddddad,dddddd,ddddda,dddada,dddadd,dddaad,dddaaa,dadaaa,dadaad,dadadd,dadada,daddda,dadddd,daddad,daddaa,daadaa,daadad,daaddd,daadda,daaada,daaadd,daaaad,daaaaa
16.61316084631689,122.48565352277589,3.524511790625552,114.16526815949032,1.2288896506970002,2.8401059255648278,1.0842408098345369,3.030113410832064,5.407406580806554,21.210137227612268,0.006430808469074329,13.242489875888564,0.005667454889682852,1.0159273953923726,2.140804083688112,1.0126283587636853,0.1944615050151729,1.15704997962448,0.4829807930728505,3.102060020410517,0.327055332822939,0.19715391418694136,0.4117110838765149,0.6450577846192871,0.5796207393497049,3.554849959507107,0.019983372220238993,2.8720570765016866,0.034656891925626356,0.013217276452701153,0.17704255205095346,0.1150608310944405,0.008836066216011532,0.004687842313663463,0.0017368314043141205,0.004956249916221018,0.07111325532673811,0.0028023349171783637,0.07890552362850405,0.03532522841217009,0.024563711471309542,0.07252748474129975,0.016284493297628183,0.0008569928892441409,0.010501545594141258,0.0009282448282395994,0.06470561160104069,0.06739477400011977,0.049095050869504796,0.2248905937147057,0.12801940777273588,0.6645862998429186,0.10015363751161342,0.012791002480603202,0.1081523203775295,0.10619885375866846,0.12704746318800475,0.7956531398091403,0.001549662591682904,0.6717500439420827,0.007470083314291199,0.0026149010755036274,0.03622098046615026,0.007071032128511713
