aaaaaa,aaaaad,aaaadd,aaaada,aaadda,aaaddd,aaadad,aaadaa,aaddaa,aaddad,aadddd,aaddda,aadada,aadadd,aadaad,aadaaa,addaaa,addaad,addadd,addada,adddda,addddd,adddad,adddaa,adadaa,adadad,adaddd,adadda,adaada,adaadd,adaaad,adaaaa,ddaaaa,ddaaad,ddaadd,ddaada,ddadda,ddaddd,ddadad,ddadaa,ddddaa,ddddad,dddddd,ddddda,dddada,dddadd,dddaad,dddaaa,dadaaa,dadaad,dadadd,dadada,daddda,dadddd,daddad,daddaa,daadaa,daadad,daaddd,daadda,daaada,daaadd,daaaad,daaaaa
10.640604382112791,111.7284606668383,1.3362405633883871,105.44945395548937,1.571439041381014,2.3655801485270445,1.233735564442639,3.801373453130987,4.07185432982492,17.60547374880769,0.014465521616322956,12.2366816458465,0.030115674205656653,1.35372444825015,1.5112161956698391,0.8249330423762533,0.15345885954842428,0.9238866604919568,0.4617767261917048,2.7147299583156492,0.4862811880644362,0.06821146905702621,0.2195745358741885,0.79637425892918,0.4236532061691898,2.913248053796547,0.009898085358851793,2.637865803886197,0.017807151595802262,0.0007337785512510624,0.12102601320616643,0.10555555264819114,0.008729711550891821,0.004108498453254092,0.001093939632623359,0.005888441310403054,0.05177972515364014,0.0007411165356745634,0.08645500047814383,0.0421988176688267,0.01838717309247175,0.059380392741054056,0.014913981824481308,0.0007434174394444113,0.014264147833108098,0.0030622913302198324,0.04981675181248092,0.05348966665325457,0.040556405256256395,0.18289998239044017,0.12391452238109174,0.5892873852637848,0.13463639962797225,0.0015879267043504323,0.05986567758912779,0.13894844578665097,0.09422383481319126,0.6567009470368136,0.0002845574531208384,0.6241685069413522,0.004010720078180925,0.006903817325190611,0.02345775905595083,0.007504226228061522
