aaaaaa,aaaaad,aaaadd,aaaada,aaadda,aaaddd,aaadad,aaadaa,aaddaa,aaddad,aadddd,aaddda,aadada,aadadd,aadaad,aadaaa,addaaa,addaad,addadd,addada,adddda,addddd,adddad,adddaa,adadaa,adadad,adaddd,adadda,adaada,adaadd,adaaad,adaaaa,ddaaaa,ddaaad,ddaadd,ddaada,ddadda,ddaddd,ddadad,ddadaa,ddddaa,ddddad,dddddd,ddddda,dddada,dddadd,dddaad,dddaaa,dadaaa,dadaad,dadadd,dadada,daddda,dadddd,daddad,daddaa,daadaa,daadad,daaddd,daadda,daaada,daaadd,daaaad,daaaaa
12.031100356313962,131.06763079278753,1.1552450007366857,126.57947168513836,1.725627630851687,2.9493285603233,1.2994028975162741,4.282071749066105,6.398846409049638,24.169793651618207,0.007344911122466764,12.862606798684793,0.01769783185711459,1.1875127684732307,1.977646130888327,1.1646982213389987,0.19108195884574347,1.0902078361364556,0.7555224891162766,3.6633403297969447,0.38169107627828774,0.18855875767618382,0.27340429657902166,0.913770063255307,0.7440428840163162,4.050644673873894,0.025447975587359027,2.9128284087168104,0.05228764338209643,0.01292105004462169,0.1348512700723658,0.12852810633303693,0.009595907595231067,0.0038208477945448098,0.0003316232408819603,0.01084939044934898,0.07582444170998304,0.0029337278666424233,0.10450700639982564,0.05051263943967448,0.030297013931848846,0.08590414517832175,0.03399741860947457,0.006075586022463008,0.012532244058022902,0.0021600635843025545,0.07882507596033993,0.08586273884271753,0.04870453870438241,0.21040054173550643,0.19543650440056942,0.7874462643052736,0.11555510415111453,0.011675093820544949,0.07464649519553906,0.16017239282422036,0.16169523702942756,0.9076920520904234,0.001898588670871713,0.6931560924292133,0.011474839370635842,0.0029585810348768432,0.026101925807215015,0.008931954440208053
