aaaaaa,aaaaad,aaaadd,aaaada,aaadda,aaaddd,aaadad,aaadaa,aaddaa,aaddad,aadddd,aaddda,aadada,aadadd,aadaad,aadaaa,addaaa,addaad,addadd,addada,adddda,addddd,adddad,adddaa,adadaa,adadad,adaddd,adadda,adaada,adaadd,adaaad,adaaaa,ddaaaa,ddaaad,ddaadd,ddaada,ddadda,ddaddd,ddadad,ddadaa,ddddaa,ddddad,dddddd,ddddda,dddada,dddadd,dddaad,dddaaa,dadaaa,dadaad,dadadd,dadada,daddda,dadddd,daddad,daddaa,daadaa,daadad,daaddd,daadda,daaada,daaadd,daaaad,daaaaa
12.200134751914158,103.84558033290186,1.978922039005519,98.43933358096855,1.1553425126079757,2.540751681707118,0.6157430983832695,2.370537714640781,5.585044585623117,20.201648429892924,0.00028007131634787694,10.785838263539672,0.04779960473505154,0.5607970449812343,1.877656615397936,1.0420515880990149,0.1973790108684969,1.0176132529945843,0.5312545998194281,2.8607467798025037,0.15255420240670586,0.3098092755354136,0.39388763250170233,0.4936637443155108,0.6589159235867214,3.423203260888019,0.0186274904206386,2.4062460890119683,0.07165039610772228,0.03479705238098812,0.13365529758719016,0.09546616699686135,0.007222196701054217,0.0030538479790364692,0.0008837719660302485,0.006170839906216105,0.07092234049377244,0.005066887568332735,0.06427712149275733,0.028484779992188115,0.02643217552228636,0.06930287098038859,0.020802197786084105,0.003494935650471151,0.0049588606340503945,7.301506703997915e-05,0.07011835611814674,0.07466408903451417,0.04708597775940067,0.1944663023120621,0.1353222777696204,0.6086865601057669,0.05439658148791437,0.027398571308581563,0.10187908958341048,0.0794339113552193,0.1428281205152208,0.7586619942295263,0.0015797776710598254,0.5589495617592319,0.014765134566749242,0.00014971887404684325,0.027763726005014415,0.005419129195327457
