aaaaaa,aaaaad,aaaadd,aaaada,aaadda,aaaddd,aaadad,aaadaa,aaddaa,aaddad,aadddd,aaddda,aadada,aadadd,aadaad,aadaaa,addaaa,addaad,addadd,addada,adddda,addddd,adddad,adddaa,adadaa,adadad,adaddd,adadda,adaada,adaadd,adaaad,adaaaa,ddaaaa,ddaaad,ddaadd,ddaada,ddadda,ddaddd,ddadad,ddadaa,ddddaa,ddddad,dddddd,ddddda,dddada,dddadd,dddaad,dddaaa,dadaaa,dadaad,dadadd,dadada,daddda,dadddd,daddad,daddaa,daadaa,daadad,daaddd,daadda,daaada,daaadd,daaaad,daaaaa
15.45064437019678,112.2068041323568,3.5769611278533806,103.28148504893905,1.0599368479396896,2.5676882204874696,1.2257643703321224,3.0128510871046053,3.9584508597127948,17.20444001529436,0.034119530216401545,12.735068797079341,0.04385974975702394,1.245734090834295,1.8518144933384992,0.8152871334950441,0.15635884207093204,1.0173464358341375,0.3554268637101163,2.621593517154657,0.42745022123555415,0.09524739917885457,0.3352292241957516,0.6343751827055799,0.38422504937741075,2.851193401931799,0.012034983459417555,2.6944012838465237,0.010696451539380515,0.0015595131779668617,0.16872211545819202,0.10366522693462782,0.008430059606397117,0.004950508321937736,0.002090100914749091,0.0034262794443637554,0.05575476360111435,0.0011747873395231139,0.07423892270881437,0.03433282807421238,0.017466881964491632,0.05694718495701563,0.00951368064030057,1.538331880795941e-05,0.013128465597332982,0.0018789889825507518,0.048845947440050684,0.050064505268151455,0.04085888699372506,0.20135298864695997,0.09716477458204288,0.5668342488280196,0.11999886343355526,0.003450207943983097,0.08808251520757436,0.10525669753763407,0.08607971995467452,0.6407155125828345,0.0005331433918217625,0.6304780041906151,0.0023905899075570263,0.00613916809619169,0.03427352882373713,0.006756367656979673
