aaaaaa,aaaaad,aaaadd,aaaada,aaadda,aaaddd,aaadad,aaadaa,aaddaa,aaddad,aadddd,aaddda,aadada,aadadd,aadaad,aadaaa,addaaa,addaad,addadd,addada,adddda,addddd,adddad,adddaa,adadaa,adadad,adaddd,adadda,adaada,adaadd,adaaad,adaaaa,ddaaaa,ddaaad,ddaadd,ddaada,ddadda,ddaddd,ddadad,ddadaa,ddddaa,ddddad,dddddd,ddddda,dddada,dddadd,dddaad,dddaaa,dadaaa,dadaad,dadadd,dadada,daddda,dadddd,daddad,daddaa,daadaa,daadad,daaddd,daadda,daaada,daaadd,daaaad,daaaaa
16.655297275357878,125.26897455335414,3.210762619204092,119.1963534174544,1.0661707897591026,2.597194258852539,2.7961000495414936,4.99836451065324,4.593673012007064,19.166127682127836,0.0002270529366915063,12.35005486277693,0.22599807982396242,1.8838059525541757,2.1597750519977117,0.9398605072325483,0.10626139370030312,0.9545989051584758,0.5518663221055665,3.3194085448121835,0.6737450864986116,0.030763870181911252,0.16665623741065558,1.042306154754159,0.4545462515911254,3.166904233064398,0.027269771765427175,2.7589701941485543,0.003677558961626505,0.00034049746143653995,0.18878009395611728,0.12550654319214025,0.00938328018494416,0.0053721469537480054,0.00031630557476970304,0.00837495434381691,0.05667837634739892,0.0006070154534984374,0.11411124128820577,0.05949113195742981,0.021738154710320454,0.06719821492471421,0.025636320084610132,0.0040396050118556084,0.023205745308941515,0.006487687803216291,0.06180195170366778,0.06468209331637609,0.03191733191439509,0.19172754297093725,0.15191255091652825,0.7254575459058721,0.17698945201738508,1.2275140572570477e-07,0.045233737971785475,0.18831873970026664,0.10352614681686462,0.7189855229389468,0.0015478353106029147,0.6632913167276967,0.0008959664043541478,0.011797286995108906,0.03541054168076687,0.009985599765601165
