aaaaaa,aaaaad,aaaadd,aaaada,aaadda,aaaddd,aaadad,aaadaa,aaddaa,aaddad,aadddd,aaddda,aadada,aadadd,aadaad,aadaaa,addaaa,addaad,addadd,addada,adddda,addddd,adddad,adddaa,adadaa,adadad,adaddd,adadda,adaada,adaadd,adaaad,adaaaa,ddaaaa,ddaaad,ddaadd,ddaada,ddadda,ddaddd,ddadad,ddadaa,ddddaa,ddddad,dddddd,ddddda,dddada,dddadd,dddaad,dddaaa,dadaaa,dadaad,dadadd,dadada,daddda,dadddd,daddad,daddaa,daadaa,daadad,daaddd,daadda,daaada,daaadd,daaaad,daaaaa
14.895935731620328,126.61954662267799,2.3178387049079645,121.70572798312345,1.107824435599812,2.8555578758894558,2.198176296853362,4.624350585050167,5.466490342660732,21.40284152634114,0.008653034067054088,12.043908369336945,0.08766590664940213,1.519597217896368,2.192769410427144,1.0718161163221287,0.13117823203956938,0.9900391758988524,0.6739520537323216,3.557318478075937,0.4917143994414476,0.0974075656452713,0.20730324379718648,0.9704519422895391,0.5877979545411145,3.561327630125388,0.03021892114975233,2.7474339883773795,0.014296017157825351,0.002110184850527579,0.17155053813096313,0.12492418548801958,0.00916594348274886,0.004541176576983617,0.00012697577252917592,0.010475033254421569,0.06783325410607075,0.0019042284074987652,0.11102239350283902,0.05624371339181818,0.0259257744032552,0.07621792401865231,0.033752415440160013,0.006669515261277744,0.01792557396852869,0.004263314611793774,0.07371163599796894,0.07841037458743594,0.0364009542687817,0.19473279419836656,0.17850608767203682,0.7699195287347361,0.1382312712122037,0.0032651437319666378,0.05604894088825143,0.17361095022048803,0.13085238467944044,0.8033113756444866,0.0021331520110625442,0.6585113053506433,0.0033438659530177777,0.006723988584583551,0.03249774187512445,0.009442604033775845
