aaaaaa,aaaaad,aaaadd,aaaada,aaadda,aaaddd,aaadad,aaadaa,aaddaa,aaddad,aadddd,aaddda,aadada,aadadd,aadaad,aadaaa,addaaa,addaad,addadd,addada,adddda,addddd,adddad,adddaa,adadaa,adadad,adaddd,adadda,adaada,adaadd,adaaad,adaaaa,ddaaaa,ddaaad,ddaadd,ddaada,ddadda,ddaddd,ddadad,ddadaa,ddddaa,ddddad,dddddd,ddddda,dddada,dddadd,dddaad,dddaaa,dadaaa,dadaad,dadadd,dadada,daddda,dadddd,daddad,daddaa,daadaa,daadad,daaddd,daadda,daaada,daaadd,daaaad,daaaaa
8.436642213703214,108.09318942254659,0.5168924549195737,105.20847290036414,1.5966584807807964,2.2930830827436983,1.3158377184641519,4.162615581381643,4.940144129490735,19.238280628250703,0.007815633078338968,10.466528512834461,0.022455017012326123,1.203031622891529,1.464041632630228,0.9166828454419191,0.1402694946347709,0.8344752447510191,0.6498220171163951,3.0129702058707792,0.40577149753659186,0.09556940673918295,0.1537137070123741,0.8858060451459556,0.5707168452066368,3.205045324516103,0.01904977202956063,2.3807896878841897,0.032685379762053705,0.004085597307430935,0.09801910278671107,0.10822656873484268,0.00814131720544699,0.0031514883702799265,0.00010204022230467188,0.010227163759140514,0.05588978306430743,0.0015080691394130047,0.09515210349559614,0.04857634162129298,0.02374538785648283,0.06826535315851259,0.030046638068377873,0.006050393330334413,0.013461881078129167,0.0033507326731465215,0.061204046139572595,0.06715840649879444,0.03674104216308573,0.16361188710292648,0.16823032555890524,0.6527575796661038,0.11588293265484849,0.003718772458254995,0.04258510405629589,0.15892888761749563,0.12597982891793919,0.719137712509554,0.0010924665605536702,0.5682161284760191,0.007125433273349567,0.004276481523734678,0.018369725135430427,0.008379818363977437
