aaaaaa,aaaaad,aaaadd,aaaada,aaadda,aaaddd,aaadad,aaadaa,aaddaa,aaddad,aadddd,aaddda,aadada,aadadd,aadaad,aadaaa,addaaa,addaad,addadd,addada,adddda,addddd,adddad,adddaa,adadaa,adadad,adaddd,adadda,adaada,adaadd,adaaad,adaaaa,ddaaaa,ddaaad,ddaadd,ddaada,ddadda,ddaddd,ddadad,ddadaa,ddddaa,ddddad,dddddd,ddddda,dddada,dddadd,dddaad,dddaaa,dadaaa,dadaad,dadadd,dadada,daddda,dadddd,daddad,daddaa,daadaa,daadad,daaddd,daadda,daaada,daaadd,daaaad,daaaaa
13.136417888384438,112.47485653012139,2.25047145691345,106.36019207865446,1.0948132630943346,2.400867994886449,2.066623744219362,4.293816636914142,3.7977701907367765,16.700237996305788,0.005348616525060122,11.72148607718306,0.1428472907818592,1.6443373722320613,1.7818539978364296,0.8362358860014277,0.11427253922481447,0.882180608249833,0.4634480520644526,2.833766363485709,0.5791982051212544,0.03402474255842964,0.16952762190001014,0.8832621180628009,0.37144643950816075,2.7511093736583674,0.014956131254087882,2.5661742429697267,0.003700546480166034,0.00025463557577074403,0.15374435101623257,0.1079226988028212,0.008368908464036897,0.004602277507612329,0.0004997503054968903,0.006732247492550797,0.04964611244255646,0.000551125597283588,0.09661322934703893,0.049967300731508575,0.017561624971686455,0.05633717877526438,0.018033183441435632,0.0018824472675660541,0.019047203070015634,0.004957534802068007,0.05313168934854143,0.05548739656272222,0.03238631785748164,0.17731320596088673,0.12660416139865638,0.6198506692918976,0.1530713573999047,3.996598207478854e-05,0.04566249992521162,0.15679653615788122,0.08484330640560289,0.6219300476493845,0.00048644165853238796,0.6114205882252353,0.0008952268106538975,0.01027474376671119,0.029327193312807164,0.008333718287239254
