aaaaaa,aaaaad,aaaadd,aaaada,aaadda,aaaddd,aaadad,aaadaa,aaddaa,aaddad,aadddd,aaddda,aadada,aadadd,aadaad,aadaaa,addaaa,addaad,addadd,addada,adddda,addddd,adddad,adddaa,adadaa,adadad,adaddd,adadda,adaada,adaadd,adaaad,adaaaa,ddaaaa,ddaaad,ddaadd,ddaada,ddadda,ddaddd,ddadad,ddadaa,ddddaa,ddddad,dddddd,ddddda,dddada,dddadd,dddaad,dddaaa,dadaaa,dadaad,dadadd,dadada,daddda,dadddd,daddad,daddaa,daadaa,daadad,daaddd,daadda,daaada,daaadd,daaaad,daaaaa
12.309150103900556,118.45633461716143,1.673872160980934,113.08876326310465,1.2145732485060854,2.6941533371200217,1.6510493339170798,4.1196735338776795,4.847131973044987,19.659108943067032,2.7199731703159632e-05,11.923580408700046,0.04250004596485314,1.3568139674041901,1.8790966366319308,0.9870522245417988,0.1476429327655901,0.9653181007369436,0.5880140789703348,3.160893687015737,0.43356807105243833,0.10350163797364215,0.21596696397861903,0.8589907125759371,0.5230168048807464,3.2680660458970996,0.01854890566309817,2.661932899097252,0.018356001011799263,0.002538579794784856,0.14445146613611626,0.11338410384859797,0.008476463641045663,0.004068248786158931,0.00031407113724982427,0.008629182342059855,0.062101719323376804,0.0017583702030471112,0.09785493035059642,0.04885407782414913,0.022227075045244495,0.06753572132128668,0.02551987217014045,0.003780207451319069,0.01507056816802405,0.0031906615813393478,0.06556273808891863,0.06959210330121039,0.03873994888814958,0.18996145944947707,0.15430375436847793,0.6847748241056878,0.12328039034063912,0.0038879386867753107,0.0582102728114364,0.15057349183634214,0.11651068814406634,0.7336845502486659,0.0009451159511950075,0.6319563222966225,0.003995567977412788,0.005714985272411911,0.028072666018625812,0.008356468762447573
