aaaaaa,aaaaad,aaaadd,aaaada,aaadda,aaaddd,aaadad,aaadaa,aaddaa,aaddad,aadddd,aaddda,aadada,aadadd,aadaad,aadaaa,addaaa,addaad,addadd,addada,adddda,addddd,adddad,adddaa,adadaa,adadad,adaddd,adadda,adaada,adaadd,adaaad,adaaaa,ddaaaa,ddaaad,ddaadd,ddaada,ddadda,ddaddd,ddadad,ddadaa,ddddaa,ddddad,dddddd,ddddda,dddada,dddadd,dddaad,dddaaa,dadaaa,dadaad,dadadd,dadada,daddda,dadddd,daddad,daddaa,daadaa,daadad,daaddd,daadda,daaada,daaadd,daaaad,daaaaa
11.633539064301987,120.7264881286593,1.5453086659886424,112.84073129358887,1.770489586130242,3.0153410767289768,0.18939892094416239,2.092662098742701,6.73900844144992,24.367463081406004,0.01788143436956014,13.951313107408806,0.2961855213623573,0.3494401318650683,1.9982795278712788,1.2946304788337117,0.3681716866370603,1.417908059374555,0.5446934595710244,3.0401742744184004,0.07320516745926414,0.567819124631199,0.6107525927024517,0.43695111021690036,0.8452866810428562,4.187264072804781,0.007768987650574164,3.018417755873594,0.16724824492770243,0.07989326493204092,0.1266322442078401,0.10782546982737162,0.008115107075098552,0.0026746666029046837,0.0026635855015193664,0.005162910868197694,0.08949783275622596,0.007452542676793759,0.06054522790695078,0.022701444002376867,0.027762061351092857,0.0781134946335439,0.01591978907903094,0.0017235399391361055,0.002085593787742585,0.0003978871093867027,0.08241021797386444,0.0906862641750598,0.08220580732251624,0.26424969999483516,0.1380574243239835,0.6384465487780293,0.03693798191722624,0.05979817085436964,0.15940385310472535,0.06593605356218088,0.1766657651284816,0.921275212731385,0.0006536715181959178,0.6902353229194133,0.033505734046894005,0.0003365254223794407,0.027802154085259954,0.004790306515307312
