aaaaaa,aaaaad,aaaadd,aaaada,aaadda,aaaddd,aaadad,aaadaa,aaddaa,aaddad,aadddd,aaddda,aadada,aadadd,aadaad,aadaaa,addaaa,addaad,addadd,addada,adddda,addddd,adddad,adddaa,adadaa,adadad,adaddd,adadda,adaada,adaadd,adaaad,adaaaa,ddaaaa,ddaaad,ddaadd,ddaada,ddadda,ddaddd,ddadad,ddadaa,ddddaa,ddddad,dddddd,ddddda,dddada,dddadd,dddaad,dddaaa,dadaaa,dadaad,dadadd,dadada,daddda,dadddd,daddad,daddaa,daadaa,daadad,daaddd,daadda,daaada,daaadd,daaaad,daaaaa
22.034075748565865,118.39259931161637,6.535350139641211,109.0197007186234,0.8122290891701572,2.440692256917465,2.514939829660043,3.8283869320729127,3.7359598448002806,16.656935996263808,0.022069469563993246,12.886848231419927,0.2795178483494769,1.7609037712202655,2.2887448828949375,0.7891686726269804,0.10025585808589971,0.9895721733058774,0.3313374174903774,2.8275226506823308,0.6786313579916101,0.02349117774542072,0.2700692815658334,0.7934368835505919,0.32027630074987273,2.7421472375102645,0.02275078840441526,2.752578289228667,0.0020341716194456445,0.0009338650592084084,0.2356809380607618,0.11347308508478372,0.009156015457815619,0.006652718623418588,0.0017828745244916199,0.0033783537721116304,0.05090926534514664,0.00036497607912058344,0.08987229515371611,0.045131727467668185,0.017715576460146248,0.056627340231374154,0.010498370083709747,0.00031113696234652544,0.021414132646994346,0.004560132274229104,0.04830912457092298,0.047694667213359146,0.030672056630859517,0.2012949805933919,0.09640017942149243,0.6191087942627184,0.17439694002013123,7.841827643671574e-05,0.07005829913419086,0.13699277215910333,0.07482255306686156,0.6234638277526482,0.0012186151493689926,0.6527395312823073,0.0003415767600176157,0.012281363303286988,0.04621539990078699,0.008227768308385956
