aaaaaa,aaaaad,aaaadd,aaaada,aaadda,aaaddd,aaadad,aaadaa,aaddaa,aaddad,aadddd,aaddda,aadada,aadadd,aadaad,aadaaa,addaaa,addaad,addadd,addada,adddda,addddd,adddad,adddaa,adadaa,adadad,adaddd,adadda,adaada,adaadd,adaaad,adaaaa,ddaaaa,ddaaad,ddaadd,ddaada,ddadda,ddaddd,ddadad,ddadaa,ddddaa,ddddad,dddddd,ddddda,dddada,dddadd,dddaad,dddaaa,dadaaa,dadaad,dadadd,dadada,daddda,dadddd,daddad,daddaa,daadaa,daadad,daaddd,daadda,daaada,daaadd,daaaad,daaaaa
16.824894791815904,113.15988240533608,3.8663522107313018,106.29391623641277,0.847880081784578,2.4516919451830668,2.2567238871268307,3.960557383549339,4.054619964307075,17.13043466279445,0.0017435476419467607,11.566701576588132,0.17800599217357738,1.580633499671616,2.0587101904903315,0.8433474239907262,0.10485617843046098,0.9129355732234418,0.4387707862618638,2.90720630794686,0.5558049091725333,0.04227022747242862,0.2099078696357924,0.8237753521893585,0.388378260625176,2.831623359352426,0.023068648066880523,2.5441250872182306,0.0027828140332472255,1.821666384415993e-05,0.18759898290211544,0.11007085316717762,0.008473613846250158,0.0050244891991386865,0.0006730907613418357,0.005970023911545458,0.05303476358396177,0.0007813262576130038,0.0934354015291064,0.04738326332187022,0.01905791732382734,0.059140150241627304,0.018100133928126882,0.0018487141941451771,0.01880503627461298,0.00456044249413363,0.05452433516533451,0.056528481104504556,0.030689075607248577,0.1828147332821751,0.12159794030141313,0.6330171009238922,0.14827478236575387,0.0002510650417735743,0.05580262534437422,0.14530091478809942,0.08834099948934492,0.6422037548904632,0.0013652573600606865,0.6071807917637164,0.0007048841678929611,0.009558723682970583,0.036018984132330414,0.00819613708205169
