aaaaaa,aaaaad,aaaadd,aaaada,aaadda,aaaddd,aaadad,aaadaa,aaddaa,aaddad,aadddd,aaddda,aadada,aadadd,aadaad,aadaaa,addaaa,addaad,addadd,addada,adddda,addddd,adddad,adddaa,adadaa,adadad,adaddd,adadda,adaada,adaadd,adaaad,adaaaa,ddaaaa,ddaaad,ddaadd,ddaada,ddadda,ddaddd,ddadad,ddadaa,ddddaa,ddddad,dddddd,ddddda,dddada,dddadd,dddaad,dddaaa,dadaaa,dadaad,dadadd,dadada,daddda,dadddd,daddad,daddaa,daadaa,daadad,daaddd,daadda,daaada,daaadd,daaaad,daaaaa
15.839671279395318,106.81147259817065,3.419313086399263,101.58960137975296,0.7123719603297235,2.4601780778470914,1.9599354863607603,3.5165446955046624,4.613908842594784,17.946516453517614,0.006309020210306223,10.217515739371436,0.09359892965930054,1.237471642784885,2.0869407583599617,0.9040961546906982,0.10389781829782928,0.8670434079347045,0.5133355570545508,2.993359838837301,0.39768200440617574,0.09117284387256713,0.2218727834962248,0.7390391496927934,0.47959913101580487,2.984868569503817,0.030868592424666313,2.3154567439021427,0.008235397097626935,0.0023730327604809245,0.1765408081698043,0.10495254734888454,0.007410674472581738,0.004470359023769779,0.00020003533802647722,0.0071679315023562215,0.05849030950170796,0.0020103537724230985,0.08703988448729351,0.04441867947938532,0.022671685330275096,0.06361184191453133,0.02510532391826755,0.004723186979235296,0.015226723797558938,0.002886954916789378,0.0631635812439069,0.06424696462342341,0.028646790241395607,0.17257392185378112,0.1360511520155061,0.6501205029432361,0.11077183572705555,0.0032217645434459265,0.057643436580367205,0.12869115088193483,0.10867795094982079,0.6700811558132078,0.0023060334610198597,0.550110511156866,0.0018719447858184756,0.005027386814632848,0.03474519687847825,0.00796608750186028
