aaaaaa,aaaaad,aaaadd,aaaada,aaadda,aaaddd,aaadad,aaadaa,aaddaa,aaddad,aadddd,aaddda,aadada,aadadd,aadaad,aadaaa,addaaa,addaad,addadd,addada,adddda,addddd,adddad,adddaa,adadaa,adadad,adaddd,adadda,adaada,adaadd,adaaad,adaaaa,ddaaaa,ddaaad,ddaadd,ddaada,ddadda,ddaddd,ddadad,ddadaa,ddddaa,ddddad,dddddd,ddddda,dddada,dddadd,dddaad,dddaaa,dadaaa,dadaad,dadadd,dadada,daddda,dadddd,daddad,daddaa,daadaa,daadad,daaddd,daadda,daaada,daaadd,daaaad,daaaaa
19.603898133532574,125.22738664709149,4.490792998712291,118.61004777274339,0.9031428930812365,2.8570449770594424,2.009002510551443,3.765761347249892,5.687722741584677,21.67081562704175,0.006069432830185364,12.166685627064469,0.07222847306683122,1.3052679932303517,2.4690167392313827,1.054654464452524,0.13115035494094193,1.0514542388495147,0.5790095024675989,3.4854208275154512,0.42937035866727785,0.13298556247319696,0.31180221374734335,0.8011462514839531,0.5971312451174277,3.615937354872801,0.03814717773240564,2.7416438307974538,0.014327439976965797,0.005864370409637942,0.211026428050168,0.12310143875989424,0.00892333881600998,0.005436961315423075,0.000504290958125248,0.007261665488143066,0.07082561932686783,0.002705092955182723,0.09535330473548705,0.047527708614855495,0.02826230522891354,0.0773315186853012,0.026974374902272197,0.004503936079951189,0.015838160835081445,0.0024375768756690597,0.07278751140325344,0.07378186370124201,0.0356305808072358,0.20868488384317044,0.1533807309787179,0.7549470119110845,0.12166555155916865,0.005986848618607024,0.08046566014469128,0.1373874239493039,0.134774570329767,0.8107115038612718,0.003136093590334899,0.648482301269915,0.003215836846032537,0.0044474545492682194,0.042087755205980536,0.008970499267144815
