aaaaaa,aaaaad,aaaadd,aaaada,aaadda,aaaddd,aaadad,aaadaa,aaddaa,aaddad,aadddd,aaddda,aadada,aadadd,aadaad,aadaaa,addaaa,addaad,addadd,addada,adddda,addddd,adddad,adddaa,adadaa,adadad,adaddd,adadda,adaada,adaadd,adaaad,adaaaa,ddaaaa,ddaaad,ddaadd,ddaada,ddadda,ddaddd,ddadad,ddadaa,ddddaa,ddddad,dddddd,ddddda,dddada,dddadd,dddaad,dddaaa,dadaaa,dadaad,dadadd,dadada,daddda,dadddd,daddad,daddaa,daadaa,daadad,daaddd,daadda,daaada,daaadd,daaaad,daaaaa
14.251295818280695,124.42581467251297,2.079381174211824,120.20974015685326,0.9546079482686911,3.0456501463905266,1.9115940814368952,4.2164151962369605,5.877743016232417,22.144224401460882,0.018469412241137812,11.543837452678591,0.0351731572553558,1.2335816706426848,2.320549538922608,1.1865742359551554,0.14513786130129977,1.004584791914309,0.7400875900208539,3.6594980066631844,0.35389524885968937,0.17226963981780827,0.24257615781312705,0.8672655405393356,0.6568686399395273,3.703015790982337,0.030852809011232128,2.6765064697008953,0.025189250637524304,0.008576898861832124,0.170043369290915,0.11820163557953253,0.00849859853122957,0.0038601024172810784,2.1121008039739874e-05,0.012006411666807175,0.07631476855876827,0.0035374214972453744,0.10603324366522894,0.052345560281751045,0.027875595479927684,0.07898151497030745,0.03928758328849052,0.009328287312166521,0.013888456643802722,0.0026974370508581562,0.08486004788590613,0.09073736927425591,0.03838112012563135,0.19454427071252994,0.19180804691650974,0.7866251277506381,0.10644505299217345,0.010243445410683092,0.06491382672963422,0.15323709521895135,0.14432661419491366,0.8315877184821374,0.002398429210957326,0.6399990090440928,0.005593559503862767,0.003772231556178871,0.032627507911577314,0.008354474474374348
