aaaaaa,aaaaad,aaaadd,aaaada,aaadda,aaaddd,aaadad,aaadaa,aaddaa,aaddad,aadddd,aaddda,aadada,aadadd,aadaad,aadaaa,addaaa,addaad,addadd,addada,adddda,addddd,adddad,adddaa,adadaa,adadad,adaddd,adadda,adaada,adaadd,adaaad,adaaaa,ddaaaa,ddaaad,ddaadd,ddaada,ddadda,ddaddd,ddadad,ddadaa,ddddaa,ddddad,dddddd,ddddda,dddada,dddadd,dddaad,dddaaa,dadaaa,dadaad,dadadd,dadada,daddda,dadddd,daddad,daddaa,daadaa,daadad,daaddd,daadda,daaada,daaadd,daaaad,daaaaa
11.322703138246043,129.91084527541193,1.302553725225702,121.73054384995365,1.647436490670195,3.4301123796484707,0.24968100388044553,2.3528679709043887,7.082121923112085,25.891464236069876,0.023021435836563697,14.972003655116113,0.3481254342420903,0.3440690570293074,2.250486455054339,1.5183597519921146,0.4376113824605477,1.5877294603704644,0.6121803691651468,3.2805631994399924,0.05055673930030595,0.6749294815467191,0.6188465329891867,0.4771383059703906,0.9083727321768112,4.4646277596899395,0.004734440559083056,3.2620157511220564,0.1864135599098782,0.09253572003945322,0.13332490895133614,0.1133785553626149,0.007508181809775321,0.0022682957900072207,0.0020601372814294627,0.006561394908197905,0.10166354441591513,0.009437230261182043,0.06860099661316311,0.025735599898281048,0.02618595141862974,0.07890902494994592,0.01999150440729261,0.002325502742829623,0.002147740333467578,0.0005354874430392349,0.10020141177323955,0.1097704003992634,0.09488210085998765,0.2959094966863709,0.15203684772869921,0.6896480512101144,0.030598053973420785,0.07301307088949727,0.1623365461907465,0.07166280984404017,0.18886385151424595,0.9768825121600945,0.00028218475724548685,0.742434945146923,0.03584069620568227,0.0005867609285794796,0.030404255597865474,0.005006358437260337
