aaaaaa,aaaaad,aaaadd,aaaada,aaadda,aaaddd,aaadad,aaadaa,aaddaa,aaddad,aadddd,aaddda,aadada,aadadd,aadaad,aadaaa,addaaa,addaad,addadd,addada,adddda,addddd,adddad,adddaa,adadaa,adadad,adaddd,adadda,adaada,adaadd,adaaad,adaaaa,ddaaaa,ddaaad,ddaadd,ddaada,ddadda,ddaddd,ddadad,ddadaa,ddddaa,ddddad,dddddd,ddddda,dddada,dddadd,dddaad,dddaaa,dadaaa,dadaad,dadadd,dadada,daddda,dadddd,daddad,daddaa,daadaa,daadad,daaddd,daadda,daaada,daaadd,daaaad,daaaaa
12.380432767915952,109.08573031612524,2.0037998276775757,103.07784839666552,1.2314103437808879,2.3943037637637006,1.340091965271606,3.5060822366453777,4.378854396122564,17.946926804041734,0.0023282601350512527,11.447078889805253,0.03260212092563042,1.2172475837756127,1.6995246016371488,0.8551893515502794,0.14215839348260734,0.9197722780422448,0.47432682997105585,2.7890181176995332,0.41573826504189276,0.09181994371097171,0.2379085503826369,0.7401716826761358,0.46196283812568734,2.9834152657872544,0.016257189378233113,2.507830946798246,0.017410875742121534,0.002517797285705619,0.1380671927239368,0.10470247516474249,0.008154098646691595,0.00410466638054437,0.0008036512125868195,0.006051262790151537,0.05527995593771458,0.0013493414477084775,0.08338823386185022,0.04082725663522982,0.020275206692977128,0.06146639835791792,0.017779348221745303,0.0015943678273508746,0.013335160800725969,0.0025070479314397926,0.05448604035015174,0.05747367479450467,0.03746287505941748,0.18147474984571876,0.1262101189562966,0.6037752837567515,0.11728515201948408,0.003288811039004289,0.0635521185895829,0.1277589929009356,0.10312689630324912,0.6701684837200631,0.000858325133911474,0.5923675566639922,0.0038681082592872027,0.005185992008864081,0.027127817264779183,0.007431992255474986
