aaaaaa,aaaaad,aaaadd,aaaada,aaadda,aaaddd,aaadad,aaadaa,aaddaa,aaddad,aadddd,aaddda,aadada,aadadd,aadaad,aadaaa,addaaa,addaad,addadd,addada,adddda,addddd,adddad,adddaa,adadaa,adadad,adaddd,adadda,adaada,adaadd,adaaad,adaaaa,ddaaaa,ddaaad,ddaadd,ddaada,ddadda,ddaddd,ddadad,ddadaa,ddddaa,ddddad,dddddd,ddddda,dddada,dddadd,dddaad,dddaaa,dadaaa,dadaad,dadadd,dadada,daddda,dadddd,daddad,daddaa,daadaa,daadad,daaddd,daadda,daaada,daaadd,daaaad,daaaaa
12.61323596817552,123.14375352381407,1.7282814513425562,116.89904058318814,1.4255418899841303,2.7231115948924267,1.571174259646783,4.211616566747219,4.83471093685304,20.02299801625168,0.002483752574979584,12.82778619881886,0.04063251250354265,1.4364897115661572,1.8518763394400881,0.9734472866097066,0.1595100936823356,1.015326128700272,0.562746585253142,3.163302188458913,0.48279111075118347,0.09450363563831463,0.23551906810767845,0.8811154112516776,0.5127573634343304,3.3261094004111125,0.01606502957552667,2.823685096756768,0.01883380054113674,0.0018588517709575531,0.14560326238008542,0.11763252436318487,0.009277559330582897,0.004283214153754699,0.0006870006985579913,0.007876595276920067,0.061685259812968275,0.0013655026693132632,0.09878298546428498,0.048548272928091704,0.02195368064167908,0.0684052797707818,0.021931658205270863,0.0022621503800702015,0.01545339567037257,0.003408230197648292,0.0620110691779509,0.06686928597554465,0.04259716413819338,0.19896140265152587,0.1502947517778262,0.6831319919676192,0.13650092808378275,0.0031536132032497066,0.06415012177399267,0.15459376445853154,0.11348882056414338,0.7497488819615453,0.0007686831232612486,0.670814176625869,0.00432943926931615,0.00675016717441256,0.027836005952814335,0.00827576719818951
