aaaaaa,aaaaad,aaaadd,aaaada,aaadda,aaaddd,aaadad,aaadaa,aaddaa,aaddad,aadddd,aaddda,aadada,aadadd,aadaad,aadaaa,addaaa,addaad,addadd,addada,adddda,addddd,adddad,adddaa,adadaa,adadad,adaddd,adadda,adaada,adaadd,adaaad,adaaaa,ddaaaa,ddaaad,ddaadd,ddaada,ddadda,ddaddd,ddadad,ddadaa,ddddaa,ddddad,dddddd,ddddda,dddada,dddadd,dddaad,dddaaa,dadaaa,dadaad,dadadd,dadada,daddda,dadddd,daddad,daddaa,daadaa,daadad,daaddd,daadda,daaada,daaadd,daaaad,daaaaa
16.138728957048123,140.7182801792416,2.4419190424753126,134.75939288340007,1.2001773526792079,3.6851512193494926,1.1042135852291994,3.4581559853843333,7.698491239309547,27.46873682523059,0.006839534637023841,13.942637896948428,0.05371091672871953,0.7373250939625703,2.818933795094976,1.5787214089094619,0.2546313775302323,1.3489307270225877,0.8210102160099985,4.097732672203568,0.1658162831805223,0.4653724437025982,0.4863530091670298,0.6883939094509502,0.922713581578476,4.661939559389458,0.02613623274101927,3.187159641460251,0.09185633538534115,0.05017898479871959,0.191253961593015,0.1246226500449649,0.008929234875684129,0.0038123894069264194,0.0003099091378275491,0.011285532065188373,0.10354029919748914,0.00842101740708094,0.09597828446593257,0.04310565512362392,0.03547965760508118,0.09403051411960535,0.038727522617562134,0.009427403741593928,0.006564695277602813,7.12781578671156e-05,0.11272562750636743,0.11929142836935082,0.05989518271262943,0.25686368717781916,0.2064021677252762,0.8743857903096932,0.06283429741818859,0.042876785495272594,0.12528170295723878,0.11278499892273225,0.19912249950931357,1.031098104124589,0.002101537719932001,0.7446341123281486,0.01828079244840286,0.00012077130852935933,0.03975989488994096,0.007223862553216474
