aaaaa,aaaad,aaadd,aaada,aadda,aaddd,aadad,aadaa,addaa,addad,adddd,addda,adada,adadd,adaad,adaaa,ddaaa,ddaad,ddadd,ddada,dddda,ddddd,dddad,dddaa,dadaa,dadad,daddd,dadda,daada,daadd,daaad,daaaa
50.05745919981806,29.2370262164976,156.76225554039294,14.380560963525744,14.724517009663614,4.567436011821103,5.09343486565587,0.2935517263743907,1.4517185603521143,0.6285490761341144,0.7345475287239631,2.155970674199412,0.147883223072176,0.8679490528604744,0.4641361091758211,0.009982139201672333,0.06805782824217808,0.02877709842499375,0.06928208649071498,0.023754919203122178,0.038472436097378424,0.19275055242393546,0.003810466722865626,0.04215587905274153,0.20099055840390292,0.03445985292181554,0.015772746800719557,0.13214503106781966,0.006513193097734794,0.09197581370329182,0.00748376028097539,0.00978742380114996
