aaaaa,aaaad,aaadd,aaada,aadda,aaddd,aadad,aadaa,addaa,addad,adddd,addda,adada,adadd,adaad,adaaa,ddaaa,ddaad,ddadd,ddada,dddda,ddddd,dddad,dddaa,dadaa,dadad,daddd,dadda,daada,daadd,daaad,daaaa
48.473470307001364,32.84178227178081,171.38513259249413,17.713816324374246,11.121410058082512,6.045578921876996,5.663550250572069,0.21102149398643896,1.4129146404056823,0.6653563262384131,0.6386615435812504,2.0595315093958226,0.13254267881127027,1.012441903221808,0.5109232745126688,0.010274747545467899,0.06938045542174603,0.029392228530299196,0.06839551151068761,0.02887193207366654,0.04530008368740311,0.19423406915080552,0.005195955271193976,0.04887595248377718,0.18717632195446757,0.03302263747573049,0.012513071075169108,0.10666041657944525,0.008233492812532014,0.09995385757963896,0.010186963288359987,0.010994460214505057
