aaaaa,aaaad,aaadd,aaada,aadda,aaddd,aadad,aadaa,addaa,addad,adddd,addda,adada,adadd,adaad,adaaa,ddaaa,ddaad,ddadd,ddada,dddda,ddddd,dddad,dddaa,dadaa,dadad,daddd,dadda,daada,daadd,daaad,daaaa
58.095193699696814,29.145096215705696,158.17000417816288,12.633617059835947,13.687633003883965,5.508440223765178,5.579276123833813,0.27118755745854023,1.2114315852220927,0.532363248735838,0.8463789196059847,1.8376586438370217,0.17540174743431583,0.8531755044528835,0.5010571269119329,0.010441577204293154,0.06936968434384388,0.02845683330488901,0.06568362287715418,0.02356294237209143,0.04047184587265941,0.20801493526073164,0.0057697747521562245,0.033268334310270375,0.18504402741782874,0.02740988020825785,0.018807504815811997,0.10738494643358683,0.006006736701413286,0.09223921118027295,0.008005886258270832,0.010633616702821702
