aaaaa,aaaad,aaadd,aaada,aadda,aaddd,aadad,aadaa,addaa,addad,adddd,addda,adada,adadd,adaad,adaaa,ddaaa,ddaad,ddadd,ddada,dddda,ddddd,dddad,dddaa,dadaa,dadad,daddd,dadda,daada,daadd,daaad,daaaa
49.03554385782367,28.60508978727384,155.26748005414987,15.520225735403718,11.700631122944467,5.200984156543317,5.120446908036747,0.22563806763737554,1.3696089439957608,0.6457385305987321,0.5957557487365391,2.048497611459915,0.12861556161553064,0.9101635920188464,0.4622717229291513,0.009940000645694615,0.06635107868931486,0.02786442385893859,0.06171252515800435,0.025493310501360025,0.04147759631779884,0.17769003612960096,0.0038010911241223785,0.045756752196254476,0.18042394652285682,0.0327527631632759,0.01113557152857377,0.11150285759839104,0.007075646222006548,0.089835520445365,0.008815241384076177,0.009885626622668174
