aaaaa,aaaad,aaadd,aaada,aadda,aaddd,aadad,aadaa,addaa,addad,adddd,addda,adada,adadd,adaad,adaaa,ddaaa,ddaad,ddadd,ddada,dddda,ddddd,dddad,dddaa,dadaa,dadad,daddd,dadda,daada,daadd,daaad,daaaa
64.12798485060672,33.55224929592284,184.86268217115952,18.526959136349188,13.15325596191577,6.647792186412911,6.157377233089862,0.2726892296274193,1.696687321124074,0.8229790439278412,0.7044004216058286,2.4389000164005017,0.15586131734100386,1.1095443758431398,0.553768682934561,0.01219436659089819,0.08168820157887453,0.03441908379797685,0.07052184045682137,0.03133434153333533,0.05072950870938583,0.20820246686496166,0.0035561121395202575,0.057763583432657126,0.21267675854628423,0.041234703544027834,0.013918377028890129,0.128904274756968,0.008630970009227442,0.11009669266922029,0.010133278787040947,0.011229149675921231
