aaaaa,aaaad,aaadd,aaada,aadda,aaddd,aadad,aadaa,addaa,addad,adddd,addda,adada,adadd,adaad,adaaa,ddaaa,ddaad,ddadd,ddada,dddda,ddddd,dddad,dddaa,dadaa,dadad,daddd,dadda,daada,daadd,daaad,daaaa
47.56355050985436,29.05083087524876,153.7819501425551,14.651230311022395,9.954544876460279,5.784548405562752,5.348446210796822,0.18677872022986045,1.171884430175854,0.5531895650879184,0.6455458586822552,1.7350450606252263,0.1262792562867532,0.8963148628408139,0.4778634694132161,0.009532880795477795,0.06285922649480244,0.025726657980403574,0.05852456425155401,0.026178474503160937,0.04155533511066098,0.1803720127428705,0.005135128131404323,0.0402577510099484,0.16228132076638066,0.02645813512103789,0.014206250551800062,0.08917159359705337,0.006747240410374798,0.08959799088047192,0.008964086428013525,0.01013443750280893
