aaaaa,aaaad,aaadd,aaada,aadda,aaddd,aadad,aadaa,addaa,addad,adddd,addda,adada,adadd,adaad,adaaa,ddaaa,ddaad,ddadd,ddada,dddda,ddddd,dddad,dddaa,dadaa,dadad,daddd,dadda,daada,daadd,daaad,daaaa
50.83439993577191,29.151307456447856,159.28073584610186,16.712883272458633,10.89741833499856,5.649533040924117,5.227935831520545,0.21699670189981257,1.4487189700594472,0.7105850965888206,0.5596183935219661,2.108003075279908,0.12871156217015917,0.964620427824107,0.47173535465608024,0.010178318887343378,0.0685505034536264,0.02882645158948996,0.0610916304939493,0.027173390347509162,0.043974808309518845,0.1750616409444793,0.003486269394934083,0.05109551131881783,0.18121962032756633,0.03487568937331058,0.010641644327284662,0.10934647589889536,0.007809290962247482,0.09260910233584822,0.009404772753123751,0.00999780006218972
