aaaaa,aaaad,aaadd,aaada,aadda,aaddd,aadad,aadaa,addaa,addad,adddd,addda,adada,adadd,adaad,adaaa,ddaaa,ddaad,ddadd,ddada,dddda,ddddd,dddad,dddaa,dadaa,dadad,daddd,dadda,daada,daadd,daaad,daaaa
46.24345252990999,29.567307446641404,151.18268412274634,12.555769399442498,14.201744168068243,4.633606190878504,5.018849415673092,0.29273438263355495,1.1970778843049026,0.5029756659854894,0.7960080423608252,1.7949224774928814,0.15849466752546768,0.7993658746161809,0.4610343273726215,0.00938493509156811,0.06351923204780072,0.026078100499956573,0.06901054744613655,0.022329067160717454,0.0341986523543742,0.20167318554908586,0.0067783639307426495,0.030849336285616327,0.19193889196332045,0.02681117523804261,0.018439889095727222,0.11524864873513721,0.005664404793222295,0.08620424170677127,0.007332925996288661,0.010330286484838743
