aaaaa,aaaad,aaadd,aaada,aadda,aaddd,aadad,aadaa,addaa,addad,adddd,addda,adada,adadd,adaad,adaaa,ddaaa,ddaad,ddadd,ddada,dddda,ddddd,dddad,dddaa,dadaa,dadad,daddd,dadda,daada,daadd,daaad,daaaa
47.53564973265303,31.308506923130295,155.78813487694262,11.047144242497103,18.50631052155452,4.676555382133853,5.136983578764233,0.4303705039031544,1.192081467753749,0.5083804571675594,1.028690810680086,1.764074269099519,0.23179282631858772,0.7463343267475229,0.4855036546809966,0.009685238919114058,0.0670873524354127,0.026294280432665056,0.08075463300560196,0.022204681981212834,0.028093762235025133,0.23926407567619604,0.011182515247304197,0.022013282119993465,0.22341122823128268,0.028918712754048007,0.03141851642134965,0.1340124366207602,0.005627884483983676,0.08932058581412969,0.006614617119253014,0.011008437696341149
