aaaaa,aaaad,aaadd,aaada,aadda,aaddd,aadad,aadaa,addaa,addad,adddd,addda,adada,adadd,adaad,adaaa,ddaaa,ddaad,ddadd,ddada,dddda,ddddd,dddad,dddaa,dadaa,dadad,daddd,dadda,daada,daadd,daaad,daaaa
48.037283325954334,28.004796266903888,152.22290502669253,15.755670517452286,10.581135775815977,5.338890083401585,5.0084691791710965,0.20806870404074976,1.3608475920006478,0.6601681712152027,0.5489525983695759,1.9928455747493363,0.12295557410703621,0.9140149497502286,0.4522560454278176,0.009676864969629039,0.06492536978982322,0.027467970928430778,0.05886316511661912,0.02568526516669666,0.04161810546982128,0.1695187848537095,0.0035464612959987688,0.04744257868255632,0.1731720084678018,0.03260329304817566,0.010449605412662918,0.10451191648857605,0.007274436847780482,0.08837199728600544,0.008969958915151479,0.009600649462183343
