aaaaa,aaaad,aaadd,aaada,aadda,aaddd,aadad,aadaa,addaa,addad,adddd,addda,adada,adadd,adaad,adaaa,ddaaa,ddaad,ddadd,ddada,dddda,ddddd,dddad,dddaa,dadaa,dadad,daddd,dadda,daada,daadd,daaad,daaaa
52.925458665317876,30.350370921309427,165.9847487395266,14.875172485765757,15.72033516219209,4.900986399871811,5.552733308439396,0.28331087538730626,1.4138395430034654,0.6222023692443981,0.7545108818838213,2.2696635544193144,0.16477141236156517,0.908782308093414,0.5030232847953451,0.010803818823658964,0.07058247018568932,0.029492386314589926,0.06995936219132659,0.02537640427960721,0.04279561486034992,0.20468298456436554,0.005104707396112297,0.0423122741847728,0.20306566863073022,0.033807453583655556,0.014688424823959377,0.1362141104749825,0.006559237202104596,0.0949603950561538,0.008753681710291748,0.010823363861507609
