aaaaa,aaaad,aaadd,aaada,aadda,aaddd,aadad,aadaa,addaa,addad,adddd,addda,adada,adadd,adaad,adaaa,ddaaa,ddaad,ddadd,ddada,dddda,ddddd,dddad,dddaa,dadaa,dadad,daddd,dadda,daada,daadd,daaad,daaaa
45.2772501061647,31.483056525502768,157.6369865811611,12.929714609929535,17.548265755472904,4.356148147574295,4.906802944025923,0.4005794207486272,1.3879612735404303,0.5852242160958511,0.9245987201508787,1.9703288825208387,0.18128455433011778,0.8000887272067421,0.4668166165323314,0.009531539416172108,0.06790031344558226,0.02756905484538742,0.08079565859715766,0.0225685708353632,0.029690327589218482,0.22258125740479592,0.007894047055477558,0.03032548074436249,0.2283349857844381,0.03179827597116978,0.028582263133776015,0.14102154030261854,0.005939580195801029,0.09015818524213375,0.006841774057655441,0.010825660900607891
