aaaaa,aaaad,aaadd,aaada,aadda,aaddd,aadad,aadaa,addaa,addad,adddd,addda,adada,adadd,adaad,adaaa,ddaaa,ddaad,ddadd,ddada,dddda,ddddd,dddad,dddaa,dadaa,dadad,daddd,dadda,daada,daadd,daaad,daaaa
48.81948441100396,27.270081378627424,146.49753878176938,11.986095706491808,13.831298444297078,4.586476367527169,5.0369919336719216,0.26054883571257026,1.151286949616109,0.4925063002685278,0.7480645121088421,1.819572649567665,0.15995561600215477,0.7810215437988722,0.4568174448059306,0.009486657905371176,0.0626149826432814,0.025068754157024583,0.06194144326857938,0.022287941058993132,0.036050305618227634,0.19064607284608506,0.005589128810260176,0.032124909504731645,0.17863654050115124,0.02575850715550506,0.015764665224669436,0.11237165386276482,0.005534425630246792,0.08354632492088593,0.00720723318437151,0.009917616904889338
