aaaaa,aaaad,aaadd,aaada,aadda,aaddd,aadad,aadaa,addaa,addad,adddd,addda,adada,adadd,adaad,adaaa,ddaaa,ddaad,ddadd,ddada,dddda,ddddd,dddad,dddaa,dadaa,dadad,daddd,dadda,daada,daadd,daaad,daaaa
53.117417713435785,28.852744851052552,150.84537697167417,10.891631930493345,16.71164484457725,4.637781849585144,5.087919993961216,0.3700601744819903,1.223064224970846,0.5173100878433752,0.9545730124152261,1.7995794048154263,0.2044879028963953,0.7646956207589233,0.4736716691587986,0.010017985944677935,0.06737197606287888,0.02684823042750367,0.06946655519693855,0.021637418574486283,0.031204132683161218,0.2179882956150603,0.007133120193551286,0.02736179323283401,0.20782230764789783,0.02647321885037369,0.026086297686461892,0.12710056226939553,0.005341781593586562,0.08502297947449287,0.006644486455296159,0.010576330034206405
