aaaaa,aaaad,aaadd,aaada,aadda,aaddd,aadad,aadaa,addaa,addad,adddd,addda,adada,adadd,adaad,adaaa,ddaaa,ddaad,ddadd,ddada,dddda,ddddd,dddad,dddaa,dadaa,dadad,daddd,dadda,daada,daadd,daaad,daaaa
62.34547240537944,30.796508753103858,169.11094770918672,15.304304185850338,12.775165371131152,6.1465196615500775,5.805314950964411,0.26449468712743296,1.445532968968042,0.6843059785114741,0.7468264811561536,2.099498513751283,0.1524620687302806,0.985795004451272,0.5212296160186252,0.011428273817217317,0.07596834007971476,0.03069284101381889,0.063823144399002,0.027935417393346373,0.04488121814491227,0.2019543476296731,0.003914198820696771,0.046673892877507485,0.19768494408424678,0.032692066554915196,0.016051199546976175,0.1158010719123361,0.007011057140346564,0.0971635633128761,0.008921513345719705,0.01107192094810098
