aaaaa,aaaad,aaadd,aaada,aadda,aaddd,aadad,aadaa,addaa,addad,adddd,addda,adada,adadd,adaad,adaaa,ddaaa,ddaad,ddadd,ddada,dddda,ddddd,dddad,dddaa,dadaa,dadad,daddd,dadda,daada,daadd,daaad,daaaa
49.84998200433661,28.015577866392967,148.641599513028,13.182997364509703,12.025845589632624,5.016468385046547,5.015956689778804,0.24523076509058905,1.2334633139780526,0.5527424720575141,0.6948108021398768,1.8066174881365444,0.1368445383698328,0.8363555398385728,0.45382483647799626,0.009554714591223163,0.06454312367127277,0.02636462601425545,0.060558529795478856,0.02339912868715772,0.03710805094836721,0.1844301301103674,0.004422681820909772,0.037087854665767944,0.17829035563013912,0.02743466249454156,0.014749289045984847,0.1047438343601341,0.005909845565281707,0.0850124616873144,0.007605914604280366,0.009885117892866538
