aaaaa,aaaad,aaadd,aaada,aadda,aaddd,aadad,aadaa,addaa,addad,adddd,addda,adada,adadd,adaad,adaaa,ddaaa,ddaad,ddadd,ddada,dddda,ddddd,dddad,dddaa,dadaa,dadad,daddd,dadda,daada,daadd,daaad,daaaa
56.79232482691367,30.234334541723936,164.58836216601927,15.962462874587864,12.861985652966556,5.5412325252035854,5.420310628695067,0.2709181901370218,1.5438846148003238,0.7177983231245113,0.682395395940793,2.2026470718754223,0.1417671479760025,0.96541291217869,0.48830156836435845,0.01074991774603821,0.0731451329894781,0.031105137933931052,0.06590181618172383,0.026733765508414827,0.04333848696753827,0.19152971604185978,0.0030104022298781704,0.04944238199649387,0.19863834347688303,0.03698884621833628,0.013465436811348448,0.12266353834689071,0.0073340435592414545,0.09787184727923798,0.008356245541677618,0.01001290205050458
