aaaaa,aaaad,aaadd,aaada,aadda,aaddd,aadad,aadaa,addaa,addad,adddd,addda,adada,adadd,adaad,adaaa,ddaaa,ddaad,ddadd,ddada,dddda,ddddd,dddad,dddaa,dadaa,dadad,daddd,dadda,daada,daadd,daaad,daaaa
57.712030906773414,30.016331229501883,163.40489248764416,14.735270612957478,13.843793735457314,5.368539128404728,5.462761992230845,0.28608440027720716,1.4678278384515444,0.6684283366930598,0.7456808277619003,2.14032554930456,0.15173715100197227,0.9330618589603963,0.49369971777365734,0.010898537163150868,0.07315980287943862,0.03035308985165878,0.06611916141532892,0.025523365402530585,0.04212623390993581,0.19823642764166327,0.0036632038625393445,0.045194720686443084,0.2026152934844657,0.03334342895409175,0.015641330009028794,0.1250467219819538,0.006531632790820392,0.09301272888676097,0.008241912530784677,0.010645792490857536
