aaaaa,aaaad,aaadd,aaada,aadda,aaddd,aadad,aadaa,addaa,addad,adddd,addda,adada,adadd,adaad,adaaa,ddaaa,ddaad,ddadd,ddada,dddda,ddddd,dddad,dddaa,dadaa,dadad,daddd,dadda,daada,daadd,daaad,daaaa
54.68643235878376,30.681425642564825,167.10263800230658,16.534463558505884,13.106661704751458,5.491751933047169,5.475486083539977,0.2623977901556229,1.5368689500218518,0.7187895559253548,0.6615186927072498,2.2589098811841666,0.140792133425188,0.9792525637738417,0.49354192295030863,0.010882116187717276,0.07339838139111686,0.030539297558171377,0.06713190519453509,0.027091847348078138,0.04434586904485094,0.19185591230479,0.0035521472325068964,0.05029356010777132,0.20086896477924565,0.036440091746591435,0.012565581260410673,0.12506945863382607,0.007513370255318781,0.09625735432256363,0.009030332123144625,0.01063934979546258
