aaaaa,aaaad,aaadd,aaada,aadda,aaddd,aadad,aadaa,addaa,addad,adddd,addda,adada,adadd,adaad,adaaa,ddaaa,ddaad,ddadd,ddada,dddda,ddddd,dddad,dddaa,dadaa,dadad,daddd,dadda,daada,daadd,daaad,daaaa
71.44841037475574,34.55778099733594,184.5324939162441,13.393901912758459,21.84041064190366,5.5567748222599995,6.066398840861228,0.5237417844478535,1.7670937133255902,0.7736639325295637,1.2375975401247845,2.4046171839847306,0.2485327320270611,0.9532299912649519,0.5687724544722909,0.013111224511113932,0.08846850973181865,0.03566104709767852,0.08502598434107857,0.026424416374276543,0.036874567856376834,0.26354630765949766,0.0060241572181878224,0.04001028139100621,0.2780773416092167,0.03682872981061069,0.04043549001056316,0.1742904913412434,0.006529166773103494,0.10350406456872714,0.007386001056506489,0.012612261408322634
