aaaaa,aaaad,aaadd,aaada,aadda,aaddd,aadad,aadaa,addaa,addad,adddd,addda,adada,adadd,adaad,adaaa,ddaaa,ddaad,ddadd,ddada,dddda,ddddd,dddad,dddaa,dadaa,dadad,daddd,dadda,daada,daadd,daaad,daaaa
67.75799916918977,27.261470062889092,151.16385151702318,10.659361099293553,13.803230205603906,5.638322784539441,5.520538172673935,0.30252460425791305,1.1850390639413777,0.5343357297700694,0.9080534958261983,1.7416896243361728,0.18884152194652024,0.8237237240505586,0.49518502256444075,0.01110921624688113,0.07188164705270186,0.028200692811364027,0.05664908765032889,0.023225640085370838,0.0383981079994115,0.20471315010736205,0.004305396829717079,0.03242751107140736,0.18742944570639172,0.02419359490674561,0.02244284768041325,0.10810954736944109,0.0053513721276574645,0.08423816782806395,0.006842122773159296,0.010521403395378921
