aaaaa,aaaad,aaadd,aaada,aadda,aaddd,aadad,aadaa,addaa,addad,adddd,addda,adada,adadd,adaad,adaaa,ddaaa,ddaad,ddadd,ddada,dddda,ddddd,dddad,dddaa,dadaa,dadad,daddd,dadda,daada,daadd,daaad,daaaa
43.716474851722175,29.856974169771277,155.0146376460694,14.281653942499378,12.771881076101215,4.854442122112704,5.184711146919961,0.23148304041175632,1.2098503549164459,0.5236295132857097,0.6849661193554665,1.886576222503205,0.13760173058999323,0.8511293440081588,0.47046832544059963,0.009305995790158153,0.06213111802454117,0.025630236313915183,0.06644747093285931,0.024312203112803642,0.038007602586926766,0.19159561512390008,0.006198846722277589,0.03658226169610264,0.17989216192200502,0.028101231570545747,0.01317545049226695,0.1104449951097039,0.006454040257181516,0.08978778598581136,0.008434394608613125,0.010288493342891053
