aaaaa,aaaad,aaadd,aaada,aadda,aaddd,aadad,aadaa,addaa,addad,adddd,addda,adada,adadd,adaad,adaaa,ddaaa,ddaad,ddadd,ddada,dddda,ddddd,dddad,dddaa,dadaa,dadad,daddd,dadda,daada,daadd,daaad,daaaa
62.53503209040849,36.145736226992746,187.12255622490025,15.060350265696922,17.815480249811095,5.895056433175148,6.239147526547985,0.3892757062388581,1.5365935335747276,0.6530343452322925,1.0237090408883762,2.2257960998026696,0.2030023484973962,0.9983357304161268,0.5754022216118271,0.012061274909663676,0.08211022142883645,0.0328732710828889,0.08332000977925842,0.027680837310210437,0.04089580151572538,0.2535437757451354,0.007286064431008322,0.03898147628091695,0.24413370395803338,0.033205919095603845,0.024676727630942016,0.14374074607034643,0.007029299676728448,0.10674134271273426,0.008697652679745226,0.012844608227679227
