aaaaa,aaaad,aaadd,aaada,aadda,aaddd,aadad,aadaa,addaa,addad,adddd,addda,adada,adadd,adaad,adaaa,ddaaa,ddaad,ddadd,ddada,dddda,ddddd,dddad,dddaa,dadaa,dadad,daddd,dadda,daada,daadd,daaad,daaaa
55.040077814007596,27.599345536792537,156.4159005294621,16.018380397779612,10.596003962816567,5.917768508259794,5.296284570004028,0.2100907070814688,1.389785836511517,0.7115441361129649,0.550557954679089,2.082386105421611,0.13293478211777762,0.9546172597436463,0.4750678913578186,0.010663571927184746,0.06900869570381314,0.02879351265098844,0.056070318962176076,0.027282611509932286,0.04616676642332126,0.17110138199249678,0.003367675464314343,0.050446019839531495,0.17310028116634485,0.033992745027657666,0.011740254165185,0.10438970258208717,0.0073840621204391685,0.09081089151983417,0.009546745168626017,0.009812266140833076
