aaaaa,aaaad,aaadd,aaada,aadda,aaddd,aadad,aadaa,addaa,addad,adddd,addda,adada,adadd,adaad,adaaa,ddaaa,ddaad,ddadd,ddada,dddda,ddddd,dddad,dddaa,dadaa,dadad,daddd,dadda,daada,daadd,daaad,daaaa
62.864161884274864,30.67393420730068,166.18432406069863,12.2017113316918,17.008086998856246,5.351726213146189,5.818195762006297,0.3477100223460357,1.3133542384094292,0.5605660951343538,0.97835161431852,2.0178865406546596,0.2118497636712615,0.8699333245410277,0.5299961532549244,0.011474496961446368,0.07471028517963997,0.0295064175232634,0.0696988268781529,0.02471141331789176,0.038948422105272114,0.2287786288475832,0.006304370256858196,0.03350360968574272,0.21288404154919613,0.02828099967121122,0.023535892763445615,0.1319431917734199,0.006011634446421082,0.09383972498164318,0.007685002190016073,0.011491093067173688
