aaaaa,aaaad,aaadd,aaada,aadda,aaddd,aadad,aadaa,addaa,addad,adddd,addda,adada,adadd,adaad,adaaa,ddaaa,ddaad,ddadd,ddada,dddda,ddddd,dddad,dddaa,dadaa,dadad,daddd,dadda,daada,daadd,daaad,daaaa
51.493867701256676,33.596030702676124,174.6786950724871,15.365466198892605,14.716474576746549,5.577239158826988,5.923002304942352,0.27237075196522237,1.3217604349949474,0.5644217176739873,0.83055459300829,2.0621667051671846,0.16746401812688658,0.9389141958060412,0.5342588553640534,0.010600524982565845,0.07135202756117127,0.02882953194117119,0.0756874820433489,0.026940508468928318,0.04308242714296192,0.2216329518771924,0.007613367902116061,0.037934762491765694,0.2059488760552668,0.03004506847218545,0.016768970756687474,0.12416973273506048,0.006898318728836015,0.10039186806587559,0.009021571842185935,0.011767296075885763
