aaaaa,aaaad,aaadd,aaada,aadda,aaddd,aadad,aadaa,addaa,addad,adddd,addda,adada,adadd,adaad,adaaa,ddaaa,ddaad,ddadd,ddada,dddda,ddddd,dddad,dddaa,dadaa,dadad,daddd,dadda,daada,daadd,daaad,daaaa
66.49753959963986,28.531536263019085,160.73418493590688,14.161667325129429,11.10760194328919,6.553397865108442,5.734147214758788,0.23832873356550968,1.3475161980721593,0.671088039780928,0.7257037654778647,1.9263334959777059,0.149398243371744,0.9593189718806665,0.5114916479032581,0.011338926477630197,0.07369165209242381,0.030164473915213725,0.05530454232527031,0.027794864629263304,0.04541798058972614,0.19050954257342065,0.0033769055852081085,0.04559046509585016,0.17858528638832905,0.030757185625166245,0.017928358726855383,0.10083411257438425,0.00651529741135427,0.09430443683249132,0.008654825091056624,0.010220186269986853
