aaaaa,aaaad,aaadd,aaada,aadda,aaddd,aadad,aadaa,addaa,addad,adddd,addda,adada,adadd,adaad,adaaa,ddaaa,ddaad,ddadd,ddada,dddda,ddddd,dddad,dddaa,dadaa,dadad,daddd,dadda,daada,daadd,daaad,daaaa
61.750554739105745,30.775219527328908,165.73797417876676,11.80390444817447,17.234021792309353,5.357291783166468,5.880809042225494,0.3460443116111306,1.2460614021275191,0.5234726587495812,1.0045736261046252,1.9613149048781404,0.22363077445860532,0.8515107282020978,0.5349114174878766,0.011359484056137018,0.0731413161141226,0.02892844142426156,0.07038593752567701,0.024457780245651813,0.03907512157911589,0.2320761537986965,0.007356103991290218,0.030813755833975123,0.20925254766267617,0.02709782064076815,0.02396323085214428,0.12983233462777752,0.005986804968730901,0.09423986451446671,0.007624860808363537,0.011450785458538592
