aaaaa,aaaad,aaadd,aaada,aadda,aaddd,aadad,aadaa,addaa,addad,adddd,addda,adada,adadd,adaad,adaaa,ddaaa,ddaad,ddadd,ddada,dddda,ddddd,dddad,dddaa,dadaa,dadad,daddd,dadda,daada,daadd,daaad,daaaa
26.27265094119637,53.35680687445384,162.42872150644558,2.1845575683371723,36.57824778032708,7.9232000280612285,7.236306557068676,1.2104579451469957,0.7510190691738923,0.48901051852495264,1.3266102075196968,1.2566610208397218,1.4869261576857282,0.28171237074228994,0.283861961669329,0.025693638121736237,0.1625906539255693,0.0021823016198833545,0.01511511093307773,0.021703933862310114,0.30893115670352184,0.24999900884634382,0.12588556057535077,0.3283851344217402,0.02222821359040448,0.011625310396715192,0.19695749442987767,0.22220660391593464,0.0866262946931145,0.018978571597757295,0.09455423918324489,0.018592712305062903
