aaaaa,aaaad,aaadd,aaada,aadda,aaddd,aadad,aadaa,addaa,addad,adddd,addda,adada,adadd,adaad,adaaa,ddaaa,ddaad,ddadd,ddada,dddda,ddddd,dddad,dddaa,dadaa,dadad,daddd,dadda,daada,daadd,daaad,daaaa
15.953957010955719,52.139200611927905,141.1223901284782,2.352005069064587,33.708040465164814,8.610943551170797,8.142740853252612,1.0689814311450263,0.9791000593829166,0.809963089616688,1.5229319064979432,0.8317056111042568,1.482855027592473,0.24582904011757079,0.28300676398991736,0.014372540440560943,0.1496209546159005,0.000997075838983162,0.022635969194386468,0.011254364119561797,0.2627231053583955,0.20743101765658756,0.14372365479451715,0.3325702581059288,0.010077350480940252,0.027489371685837732,0.2113929206011204,0.17148019993585592,0.09358325183618593,0.014853911051435246,0.08489151080865655,0.018019869700653175
