aaaaa,aaaad,aaadd,aaada,aadda,aaddd,aadad,aadaa,addaa,addad,adddd,addda,adada,adadd,adaad,adaaa,ddaaa,ddaad,ddadd,ddada,dddda,ddddd,dddad,dddaa,dadaa,dadad,daddd,dadda,daada,daadd,daaad,daaaa
26.93253439128726,52.760226788400004,165.33022080802593,2.00272676577728,38.218494237016294,7.3241344375458235,6.685181589813255,1.297306889912739,0.6723455515175178,0.4413495453246196,1.2581723628897263,1.4374483739597235,1.4738612460676825,0.27557313872733485,0.27435714612021195,0.0260742729992488,0.1689062157922108,0.0010229659172080853,0.014269830331627079,0.023396135993158693,0.3117342123106363,0.2539830143532601,0.12140107394567812,0.31764519977533395,0.026503222520681265,0.007548523567663289,0.18233264477913985,0.2408582849163565,0.08172914215725428,0.01941111659807023,0.0935045699049889,0.018206139176319327
