aaaaa,aaaad,aaadd,aaada,aadda,aaddd,aadad,aadaa,addaa,addad,adddd,addda,adada,adadd,adaad,adaaa,ddaaa,ddaad,ddadd,ddada,dddda,ddddd,dddad,dddaa,dadaa,dadad,daddd,dadda,daada,daadd,daaad,daaaa
30.60556216413706,49.557649682547826,164.40507043514017,1.9243611104847824,39.14529906066153,6.671725135592683,5.858668707477882,1.4073581634157701,0.5980643730406994,0.3691042487077361,1.1931862595231575,1.5964886246485612,1.4281744032389827,0.2699943544527725,0.2511394320292919,0.028129259289595716,0.1751915516028335,0.0007342235504934741,0.01245812128767587,0.02547994922836153,0.30886850466435795,0.2527628342173013,0.1140462262223769,0.3057464424742089,0.03240279440248789,0.005517973209778108,0.1666034746667001,0.25370474621025413,0.07748132906846154,0.019730673060696056,0.08992308855371335,0.017333812308887264
