aaaaa,aaaad,aaadd,aaada,aadda,aaddd,aadad,aadaa,addaa,addad,adddd,addda,adada,adadd,adaad,adaaa,ddaaa,ddaad,ddadd,ddada,dddda,ddddd,dddad,dddaa,dadaa,dadad,daddd,dadda,daada,daadd,daaad,daaaa
22.053959144773422,42.39975048069495,137.8097267155559,1.4800008917074938,30.968804969952046,5.306048052663172,4.929485441130107,1.0935070995581662,0.4550099343713227,0.268690282754624,0.8849046803735594,1.3761069635255272,1.0807644855928364,0.22955503021574264,0.21258245720609856,0.022239422800626307,0.13894653665356216,0.0007924267720665752,0.010887451282747452,0.020576508654178125,0.25236335610983374,0.21552815302530148,0.09135106184376231,0.2428960909404298,0.02683790592009134,0.0038168895034602864,0.1328243436135556,0.20557147153667446,0.05783672027434712,0.016697607720406855,0.07526485993697378,0.014346134390449168
