aaaaa,aaaad,aaadd,aaada,aadda,aaddd,aadad,aadaa,addaa,addad,adddd,addda,adada,adadd,adaad,adaaa,ddaaa,ddaad,ddadd,ddada,dddda,ddddd,dddad,dddaa,dadaa,dadad,daddd,dadda,daada,daadd,daaad,daaaa
17.91472069303717,49.54660554266992,148.66293609448155,1.676734620199889,36.58974111080331,5.91776433044355,5.742139401688905,1.2100613425153235,0.5831487151380017,0.45111186196495845,1.1044339297820076,1.441233178603533,1.3336174283407396,0.22132247078607006,0.24398124398624005,0.021649055762580662,0.1455597113973093,0.0007320738340840465,0.013825039661377384,0.021993097737063132,0.2682550925243922,0.21911365919810685,0.11984115680975299,0.28539270400489625,0.026609612256730145,0.006495436744372895,0.15098688937346796,0.2341055551980885,0.06991506675116879,0.01612736498251935,0.08180958818031783,0.01599786210049418
