aaaaa,aaaad,aaadd,aaada,aadda,aaddd,aadad,aadaa,addaa,addad,adddd,addda,adada,adadd,adaad,adaaa,ddaaa,ddaad,ddadd,ddada,dddda,ddddd,dddad,dddaa,dadaa,dadad,daddd,dadda,daada,daadd,daaad,daaaa
15.026228625831319,53.72371210487473,142.62855254350924,2.505338547568294,35.84460930775569,9.11021086630376,8.399983030796298,1.1379868984478299,1.0442267814235184,0.9586387836202657,1.6274549434309362,0.8288609631108829,1.6034897052039303,0.24056059893008933,0.29053515693354526,0.014777334093555057,0.15303017057478502,0.0010949265802591478,0.024337398464858242,0.011029401234975318,0.26469494992002734,0.20466320792010306,0.155368675174212,0.34697564845356293,0.0104507496356945,0.03302020271316128,0.21929572432225547,0.17884299311895646,0.10029071054203315,0.014513973479687504,0.08559408083855896,0.018278088673005587
