aaaaa,aaaad,aaadd,aaada,aadda,aaddd,aadad,aadaa,addaa,addad,adddd,addda,adada,adadd,adaad,adaaa,ddaaa,ddaad,ddadd,ddada,dddda,ddddd,dddad,dddaa,dadaa,dadad,daddd,dadda,daada,daadd,daaad,daaaa
32.209830419657536,49.28136310749651,170.8072444519901,1.8252753737047722,36.77738831825779,6.346390787206626,5.55300257959353,1.4411125140684242,0.49268330916329495,0.259109155391384,1.0058717160316193,1.7894102427742278,1.2245057718179364,0.29813582245855125,0.24418924411064966,0.030533184356554603,0.1777140934064791,0.0011383096310218237,0.011913334418843402,0.026174134131401926,0.31168716096904336,0.2720277000984153,0.10117307145343157,0.2872779477060728,0.03820493686117319,0.004824255510952797,0.15401004062388599,0.2533480334388666,0.06636439916915458,0.021851936786319956,0.09130483491942835,0.01705601118838558
