aaaaa,aaaad,aaadd,aaada,aadda,aaddd,aadad,aadaa,addaa,addad,adddd,addda,adada,adadd,adaad,adaaa,ddaaa,ddaad,ddadd,ddada,dddda,ddddd,dddad,dddaa,dadaa,dadad,daddd,dadda,daada,daadd,daaad,daaaa
19.78727064522173,48.15400237248003,150.32251682808422,1.561574343468936,32.968200241949724,5.32819027456662,5.590534661393676,1.0396727605311593,0.45025179633081147,0.23718104039582502,0.8487495622758772,1.5752447777351668,1.1007962602362695,0.25382856489380046,0.24527065537610102,0.022035211708152893,0.14181705871691022,0.0007065593741665072,0.01264376573722766,0.02047238712600889,0.27241797846376786,0.24287829084643453,0.09514798323330438,0.24577337363721224,0.02736518846004286,0.002825947082720972,0.13664282075670622,0.2233631599452509,0.05781996584793674,0.01844786720407896,0.08319110388695175,0.0158122424223828
