aaaaa,aaaad,aaadd,aaada,aadda,aaddd,aadad,aadaa,addaa,addad,adddd,addda,adada,adadd,adaad,adaaa,ddaaa,ddaad,ddadd,ddada,dddda,ddddd,dddad,dddaa,dadaa,dadad,daddd,dadda,daada,daadd,daaad,daaaa
22.48169685013438,61.07845932349575,166.72926277002887,3.537650848000902,38.716337599129055,11.306434967892812,10.672038880271264,1.2604904036617661,1.3130934523094997,1.0116407575353545,1.9861311928787135,0.8614789147397703,1.8230669026212836,0.3247112960116612,0.3499198915536355,0.018623968141311207,0.18725606689563096,0.0008523306831297247,0.028814140102016227,0.011830114026611728,0.3266423666723623,0.24231732378812948,0.1699947736167398,0.4117811369339843,0.010709863062927939,0.041530083094596756,0.27035524046561765,0.1973528319631582,0.1178814339976885,0.019062212873986732,0.10507497449571511,0.021876916637500663
