aaaaa,aaaad,aaadd,aaada,aadda,aaddd,aadad,aadaa,addaa,addad,adddd,addda,adada,adadd,adaad,adaaa,ddaaa,ddaad,ddadd,ddada,dddda,ddddd,dddad,dddaa,dadaa,dadad,daddd,dadda,daada,daadd,daaad,daaaa
29.90497516087522,50.61537472899268,159.22323904128655,2.3134822630972436,36.17747478946401,8.308220974671494,6.941239566123267,1.2804497034818003,0.7611919719939433,0.527433463938082,1.378978068048281,1.1886105316894464,1.5129428421833917,0.2790633390064256,0.2706893037752101,0.02678057042847538,0.16558346379048908,0.003422367731840611,0.014474948476284062,0.02150782349711356,0.3062892487751294,0.2400410414145955,0.12693664287787884,0.333773937502356,0.0233063668850246,0.013688798682512387,0.1998808091759282,0.21999859028476362,0.0906518511799298,0.018520784323845206,0.0916580079660099,0.018060055971955067
