aaaaa,aaaad,aaadd,aaada,aadda,aaddd,aadad,aadaa,addaa,addad,adddd,addda,adada,adadd,adaad,adaaa,ddaaa,ddaad,ddadd,ddada,dddda,ddddd,dddad,dddaa,dadaa,dadad,daddd,dadda,daada,daadd,daaad,daaaa
24.618174113209346,48.42445644777948,152.4458346877986,1.8035633817318417,35.12333768278636,6.818222458628819,6.1610640629594435,1.1860352779421497,0.6130654965086159,0.4227039941186441,1.1546758589108308,1.3387486061559266,1.3405148130219795,0.254662020611141,0.25241709783928346,0.024074835860871873,0.1562986495505554,0.0009688524514660149,0.013788158262812527,0.020253595482421446,0.28632547882692233,0.23470138336116067,0.1127902188903844,0.2913124540749837,0.02439746681183691,0.007481813936608481,0.1685584433500529,0.22237180197839201,0.0749812013273143,0.017854635840096694,0.08630216147870455,0.016699263996877163
