aaaaa,aaaad,aaadd,aaada,aadda,aaddd,aadad,aadaa,addaa,addad,adddd,addda,adada,adadd,adaad,adaaa,ddaaa,ddaad,ddadd,ddada,dddda,ddddd,dddad,dddaa,dadaa,dadad,daddd,dadda,daada,daadd,daaad,daaaa
21.52873868520379,56.66810761355634,170.93080325546202,1.8044130898259363,37.134942419891615,6.916569280462411,6.897979051146742,1.1929066853372192,0.6197155158778578,0.3803268475149239,1.1242270644888974,1.5625771442244523,1.3357499190119457,0.28617119740043373,0.2875307761434933,0.02449424023680493,0.16125583300745536,0.001071939490093219,0.015397724955549573,0.023879315209665936,0.31121323775651377,0.2657518224628161,0.12233514740998441,0.3072190423516973,0.02663763517341433,0.005678311523689158,0.174733476890643,0.2413171277697662,0.072357421974086,0.02024240761704968,0.09637925125997882,0.01871201621974081
