aaaaa,aaaad,aaadd,aaada,aadda,aaddd,aadad,aadaa,addaa,addad,adddd,addda,adada,adadd,adaad,adaaa,ddaaa,ddaad,ddadd,ddada,dddda,ddddd,dddad,dddaa,dadaa,dadad,daddd,dadda,daada,daadd,daaad,daaaa
14.06617102480529,51.62861631105144,145.36806186892906,1.6590301106436045,36.09178153154204,6.115115124609273,6.236106665831537,1.104985696751603,0.6418091707246225,0.5275825897308902,1.1350101747819596,1.31988375547922,1.361685974701845,0.21373155905037278,0.2565286123822922,0.019340907080095653,0.1357119570770663,0.0009876115085376798,0.01536169174958184,0.020375807559671895,0.26168028393064724,0.21066617006443994,0.12849404132514403,0.2900540279465429,0.02213737817435667,0.009718798231324634,0.15653338659444496,0.22399064284808823,0.07184636309652437,0.01499361063399597,0.08136694557217254,0.016201149061986296
