aaaaa,aaaad,aaadd,aaada,aadda,aaddd,aadad,aadaa,addaa,addad,adddd,addda,adada,adadd,adaad,adaaa,ddaaa,ddaad,ddadd,ddada,dddda,ddddd,dddad,dddaa,dadaa,dadad,daddd,dadda,daada,daadd,daaad,daaaa
22.78263012170033,48.70107878292354,149.56692043954135,1.9371532532836118,37.20421466307211,7.311186205945972,6.1940551169759175,1.2277250531664061,0.7143298514687855,0.5993252235076386,1.326361770869452,1.2319674703943042,1.4961169859618004,0.2317474649427535,0.25047845909729943,0.023654349389586864,0.15188268671654193,0.0018890960716143163,0.013196410976901593,0.023959178420198086,0.2751848342491588,0.21837163199022935,0.1369095328204111,0.3160776328432654,0.021321369662388935,0.01065359611537168,0.18100837291493477,0.22032402195099632,0.07832205172851638,0.016777274053859332,0.0863571214426189,0.01690518798518229
