aaaa,aaad,aadd,aada,adda,addd,adad,adaa,ddaa,ddad,dddd,ddda,dada,dadd,daad,daaa
70.77434017769284,175.62399001867465,30.94551882373442,6.249280374875631,0.741191931755695,1.9897743960489633,0.9149287793247955,0.3242899518195312,0.11498324020985277,0.05061312112225375,0.39748479325429725,0.3470621970028886,0.053102087170308766,0.31618497027828946,0.04279662471970427,0.06113161722553543
