aaaa,aaad,aadd,aada,adda,addd,adad,adaa,ddaa,ddad,dddd,ddda,dada,dadd,daad,daaa
80.07963125395815,198.37156561994564,46.00804398925341,7.2760114361196795,1.5418107669361143,2.663159330648805,1.3550582978271741,0.3602021213328883,0.1397059430159287,0.07118794375967716,0.3971844298008127,0.5391853146291722,0.07112104927271898,0.41280200985137955,0.05008789015527132,0.06651277308999229
