aaaa,aaad,aadd,aada,adda,addd,adad,adaa,ddaa,ddad,dddd,ddda,dada,dadd,daad,daaa
71.08354269482729,183.43492365763197,29.07446079123786,5.650557691976039,0.5284338422676725,2.1815865924740923,0.8067332780142401,0.2918328132040186,0.12479876627015178,0.05271279262113863,0.4122410746363182,0.31561302930514024,0.07492672307812467,0.3070766554759047,0.04473532175538596,0.05894007549967173
