aaaa,aaad,aadd,aada,adda,addd,adad,adaa,ddaa,ddad,dddd,ddda,dada,dadd,daad,daaa
73.39400500748653,168.06108441221016,29.081199480299524,5.5631251360983285,0.6126861606790911,1.8999969984831726,0.9074446920323594,0.270171334179891,0.13268809528466732,0.047678451041805764,0.40796720661533675,0.3035722950847705,0.06397611621536747,0.30443778162866963,0.045816928814351766,0.05730455780592075
