aaaa,aaad,aadd,aada,adda,addd,adad,adaa,ddaa,ddad,dddd,ddda,dada,dadd,daad,daaa
70.75786601074886,176.73038049878804,30.257189947548564,6.010392871865077,0.6262999701680168,2.041737923706599,0.8833142327561762,0.31340723926677266,0.11828841547294762,0.050297720427525214,0.4086885284056996,0.3232549421322692,0.059046648048997105,0.31320560251379076,0.04385946175159041,0.060885767614879405
