aaaa,aaad,aadd,aada,adda,addd,adad,adaa,ddaa,ddad,dddd,ddda,dada,dadd,daad,daaa
82.76034235417856,194.66688774500457,38.42322408950992,6.872492817892297,1.0844674451323961,2.278552963454241,1.2043899382308796,0.3281827872221933,0.15309073497549577,0.060318073649095486,0.4391765242682395,0.43726569567537366,0.06829107913421517,0.37875848621772823,0.052696093756444656,0.0667497300205142
