aaaa,aaad,aadd,aada,adda,addd,adad,adaa,ddaa,ddad,dddd,ddda,dada,dadd,daad,daaa
77.45780745949465,184.95839855815572,39.33267892245497,7.529522897576176,1.3943550581784872,2.1329110371778923,1.2724766637239318,0.3671128814385302,0.13045445553728646,0.05796521343543229,0.3993694982408348,0.4754850889682224,0.05024909469480593,0.3725969281887699,0.04911089867609881,0.06681504411782932
