aaaa,aaad,aadd,aada,adda,addd,adad,adaa,ddaa,ddad,dddd,ddda,dada,dadd,daad,daaa
86.18227790790343,197.95953083611076,42.418312752377304,8.548192220935942,1.5799599785480978,2.164393179348953,1.484886636669414,0.40479432698145895,0.1488418652210011,0.059257289462004245,0.4506504107014697,0.507197276337795,0.048157257339987006,0.4096444097042052,0.05861997852270932,0.07497631787896332
