aaaa,aaad,aadd,aada,adda,addd,adad,adaa,ddaa,ddad,dddd,ddda,dada,dadd,daad,daaa
76.85046593819592,186.33082837937712,33.442620776422565,5.935120252021134,0.7085821321003074,2.2807843726489057,0.9824790614295565,0.2890583135323962,0.1416988198186892,0.0575456607242236,0.42891713147342314,0.35673190515480363,0.076481305884415,0.33850641062435377,0.04831071804510483,0.060909236765387786
