aaaa,aaad,aadd,aada,adda,addd,adad,adaa,ddaa,ddad,dddd,ddda,dada,dadd,daad,daaa
72.10486210521337,179.75973005758047,39.686580885473,6.440366265792104,1.2037234216949821,2.3978138966791938,1.1479928790006086,0.3240167296995979,0.12331320949995743,0.0618503350600113,0.3699859329058128,0.452238275558759,0.06418473529941789,0.36425712588991155,0.044515010619279455,0.06019303901649577
