aaaa,aaad,aadd,aada,adda,addd,adad,adaa,ddaa,ddad,dddd,ddda,dada,dadd,daad,daaa
78.07755260559365,175.6340744571731,39.59594915825424,9.118449589949032,2.0830266573685736,1.848954662665031,1.5344922119119646,0.39533012678430063,0.1383443748132774,0.05301081055331605,0.3776608348304047,0.5551525291360814,0.040455134548369034,0.37866894110797894,0.05644208970456831,0.06994211299688516
