aaaa,aaad,aadd,aada,adda,addd,adad,adaa,ddaa,ddad,dddd,ddda,dada,dadd,daad,daaa
79.98878868999256,184.80423944117095,46.069625958328714,9.14599984536565,2.3936797424191565,2.153477817677982,1.6639351618617633,0.4028426675148366,0.1407839220946127,0.06281937039697476,0.3677142954382742,0.6260116753882625,0.05736340888618574,0.40844483693222294,0.0564912667302251,0.06976310083635266
