aaaa,aaad,aadd,aada,adda,addd,adad,adaa,ddaa,ddad,dddd,ddda,dada,dadd,daad,daaa
73.36941883899185,174.69283279052584,36.27073326812717,6.608206344398768,1.1788976988217317,2.031476666442972,1.161022480362573,0.3171284053251987,0.13300193501418983,0.05498934191920392,0.38322273604911516,0.42942996520779114,0.05489912528723087,0.3489438279722299,0.04735645691942552,0.061353602875181726
