aaaa,aaad,aadd,aada,adda,addd,adad,adaa,ddaa,ddad,dddd,ddda,dada,dadd,daad,daaa
77.26788055792018,191.65558253112457,39.18731441112494,6.474856371546216,1.105562552272103,2.4460795285372496,1.1425334695022829,0.31269702316134695,0.1443392152375935,0.06395343741911629,0.4053650690242111,0.451391391120075,0.07569445759619259,0.37431642472856963,0.04845108687558738,0.06239897425722953
