aaaa,aaad,aadd,aada,adda,addd,adad,adaa,ddaa,ddad,dddd,ddda,dada,dadd,daad,daaa
79.93114123511238,191.3451221743557,40.503429013334056,7.521715958811256,1.3768153985883602,2.2296825953019908,1.300521209975249,0.36473452746036994,0.1392295703897973,0.06033697003782354,0.41564703310039647,0.48327165944787276,0.0559499444221325,0.38528035476118294,0.05140386869164625,0.06833528073874627
