aaaa,aaad,aadd,aada,adda,addd,adad,adaa,ddaa,ddad,dddd,ddda,dada,dadd,daad,daaa
80.25721687512896,182.9313131409305,39.8839061711757,8.074439013974734,1.5345335347707485,1.9986571733416714,1.419037282585991,0.3789758296578298,0.13841316694299938,0.05482217206456359,0.4177735466243756,0.47737434197642914,0.04393570356852838,0.3836034641351925,0.055658418228956535,0.07005558769801308
