aaaa,aaad,aadd,aada,adda,addd,adad,adaa,ddaa,ddad,dddd,ddda,dada,dadd,daad,daaa
234.29543055221237,51.51127079635405,3.0292227274064603,8.630460846890859,1.1006855381182103,1.1830779970123912,0.8446753908852538,0.04231766711888064,0.14924012047385296,0.03220794144302857,0.5896348784058523,0.07301140170652475,0.08554151735617992,0.10454842843369896,0.020739413823385688,0.0054236201789861025
