aaaa,aaad,aadd,aada,adda,addd,adad,adaa,ddaa,ddad,dddd,ddda,dada,dadd,daad,daaa
204.84784908006102,48.391528755023984,3.1191270349239932,8.324953789359169,1.0983655125095015,1.1513157977404762,0.7846273184831366,0.04205698669106741,0.1293884711615429,0.03216267106255217,0.5111937364263978,0.06968389711985361,0.08163522118713794,0.10551041338474663,0.01826246527412262,0.004662723272682044
