aaaa,aaad,aadd,aada,adda,addd,adad,adaa,ddaa,ddad,dddd,ddda,dada,dadd,daad,daaa
221.05880033056798,50.49434306103397,2.942339141394682,7.3707934825937,0.7376039123206612,1.2382406331815798,0.8358154238513779,0.05730379266791596,0.12361756271267887,0.032494398009838915,0.5653680273791007,0.06443493656838083,0.08259851378528084,0.10970393985720693,0.017395020811198297,0.00590406638227898
