aaaa,aaad,aadd,aada,adda,addd,adad,adaa,ddaa,ddad,dddd,ddda,dada,dadd,daad,daaa
234.99346291660638,51.7636287680694,3.039396373582731,8.60014272466039,1.075305832242108,1.1677854569188824,0.8513691533705324,0.04276694532809351,0.14699730058637553,0.03153754280641746,0.5917857196615882,0.07220488200480231,0.08335617157357253,0.10272529588187619,0.020576495375809127,0.005383391474766119
