aaaa,aaad,aadd,aada,adda,addd,adad,adaa,ddaa,ddad,dddd,ddda,dada,dadd,daad,daaa
237.1404626194157,51.59828050366626,2.9933764266647427,8.76237748779494,1.1770826849454343,1.1917995621964323,0.8445858727223202,0.03922906998875881,0.15789841197635582,0.030974988459062658,0.5944513997039932,0.07339206717834129,0.08673162156878664,0.10069010013675359,0.021794848740874492,0.0053035209299472485
