aaaa,aaad,aadd,aada,adda,addd,adad,adaa,ddaa,ddad,dddd,ddda,dada,dadd,daad,daaa
233.8635381139844,53.97842541762845,3.1531467702606655,8.844347530956059,1.0919368164871652,1.2214491436944068,0.8970165107103572,0.0456864504959352,0.14393653228393807,0.03238231236436469,0.5898674670355037,0.07346533614672864,0.08421776624413893,0.10741704645552341,0.020678592538058614,0.005358220193430951
