aaaa,aaad,aadd,aada,adda,addd,adad,adaa,ddaa,ddad,dddd,ddda,dada,dadd,daad,daaa
203.59533181263535,43.48367911554928,2.9065456555685407,7.589924540054998,0.9871384630244552,0.915277179250659,0.7080208258144147,0.03239191027464527,0.12487736876706003,0.026597848305654835,0.507835287359821,0.062287548051295306,0.06694200038633814,0.08351294588251179,0.017586054936221993,0.0043286974504425585
