aaaa,aaad,aadd,aada,adda,addd,adad,adaa,ddaa,ddad,dddd,ddda,dada,dadd,daad,daaa
248.0058849843715,53.9499173057789,3.3414118791601872,9.655959678137613,1.3639640388653453,1.1809125170165535,0.8768949618069904,0.03673873588716802,0.1665734020095811,0.032200873954266164,0.61594047185128,0.07863625930647264,0.08830643642805514,0.10271912064667615,0.0230747021479012,0.005186416772755272
