aaaa,aaad,aadd,aada,adda,addd,adad,adaa,ddaa,ddad,dddd,ddda,dada,dadd,daad,daaa
235.3768150274404,51.66631627871515,2.9804402780290893,8.236224092633648,0.9613135028632578,1.2130323783205843,0.8562293016039277,0.047597507359916906,0.14276524395295662,0.03257324298752664,0.5969797651450723,0.0708568311298025,0.08481614213106448,0.10651320351423653,0.01992317658113066,0.005782657399981758
