aaaa,aaad,aadd,aada,adda,addd,adad,adaa,ddaa,ddad,dddd,ddda,dada,dadd,daad,daaa
235.3410273846078,48.22537887706828,7.0513563792075615,10.18682364075655,1.637824356544959,0.8588227820996098,0.7568902481311084,0.02616697514870097,0.14317862562230563,0.029056159424678263,0.5662537122175688,0.07581989948276335,0.06581514546028089,0.08724196457766147,0.019900878618950683,0.0037821332773205598
