aaaa,aaad,aadd,aada,adda,addd,adad,adaa,ddaa,ddad,dddd,ddda,dada,dadd,daad,daaa
215.64963661522125,43.099332922967655,3.2317487994504086,7.843348969983448,1.2106542686617487,0.884396974313506,0.6794323581181826,0.02511048705304856,0.15049189091525297,0.022979407069286258,0.5282104747008484,0.06210691616469581,0.0704922934047991,0.07207500680470155,0.020234972393399185,0.004090270791172807
