aaaa,aaad,aadd,aada,adda,addd,adad,adaa,ddaa,ddad,dddd,ddda,dada,dadd,daad,daaa
251.28615256109194,56.842170985651464,3.3250129112312705,8.95658608215191,0.9982597642387729,1.3062021773790866,0.9430992744263667,0.05550900371491709,0.14376011152286733,0.03711883326507856,0.6342371980579514,0.07701998306111531,0.09049147860964477,0.12078666656022168,0.02040139174437584,0.006266287152048294
