aaaa,aaad,aadd,aada,adda,addd,adad,adaa,ddaa,ddad,dddd,ddda,dada,dadd,daad,daaa
228.60754714503983,49.48960268078032,3.1977806031884395,7.341952634248459,0.9122505787868654,1.3825387802039488,0.8195839411337844,0.05343588570000614,0.15846557906025419,0.030433513117388507,0.5902407322529719,0.06608703208155982,0.09702264518273278,0.10682085203478457,0.020630679247389302,0.0059155511391135686
