aaaa,aaad,aadd,aada,adda,addd,adad,adaa,ddaa,ddad,dddd,ddda,dada,dadd,daad,daaa
234.2542833347802,50.00727413271819,3.947262397598076,9.725547252766571,1.4694542939438633,0.9968403787097734,0.7982040197077733,0.028913591909796404,0.15554613624359703,0.03051472522556927,0.5730532996865033,0.07634840054722489,0.07798535807197336,0.09295505645908499,0.02165668407402277,0.004345560296833872
