aaaa,aaad,aadd,aada,adda,addd,adad,adaa,ddaa,ddad,dddd,ddda,dada,dadd,daad,daaa
240.69921958430257,55.14196621198563,3.8787402304496688,8.085352085775968,0.9233649490473527,1.51965119309351,0.8996372218806784,0.06547340062603635,0.1505968755490709,0.03745343921212627,0.6245762673172857,0.07265870502310776,0.10642310960939536,0.13100938857005948,0.020175734895021138,0.0063856726093799035
