aaaa,aaad,aadd,aada,adda,addd,adad,adaa,ddaa,ddad,dddd,ddda,dada,dadd,daad,daaa
240.69098637588152,51.076080501018794,3.744466263756768,9.238586812012406,1.233646093826314,1.0402494249403897,0.8252956723665129,0.03633965843221484,0.14650665967584714,0.03199335618110808,0.5959878337838401,0.07484826515044093,0.07744665362467056,0.09851164872329198,0.02063380310844339,0.004938014655424189
