aaaa,aaad,aadd,aada,adda,addd,adad,adaa,ddaa,ddad,dddd,ddda,dada,dadd,daad,daaa
251.87555819460013,51.56619914908182,3.72402330810017,9.071753416843602,1.1791659133466317,1.0845359647537471,0.8344999306210489,0.038623464814190836,0.15273734624449006,0.031655596386082285,0.627263897740164,0.07455790077819871,0.07913337553769455,0.09786075815899359,0.021302714118600102,0.005369192125076076
