aaa,aad,add,ada,dda,ddd,dad,daa
282.40600688120014,18.50765729297386,3.410290882549512,0.2948587231431164,0.23253546909821196,0.03013547227932359,0.04408722409248913,0.006163749886243472
