aaa,aad,add,ada,dda,ddd,dad,daa
306.60216316008655,19.534395323861936,3.786436621071848,0.32757298587324096,0.2602676191469329,0.034087438839362515,0.04861749012949656,0.006196379019166613
