aaa,aad,add,ada,dda,ddd,dad,daa
283.7781094149007,24.80866694297124,3.720555167028413,0.28119454249141135,0.21511467255638142,0.02970597665647159,0.04309990336590898,0.007472006864378843
