aaa,aad,add,ada,dda,ddd,dad,daa
253.66440793960209,20.028826599764603,3.280161865439535,0.25952336392395037,0.2016804923685688,0.0268809916307131,0.03928325038475731,0.006266114357438287
