aaa,aad,add,ada,dda,ddd,dad,daa
247.9813328361927,17.710747252688144,3.065108760680614,0.25993806924942897,0.20145757256351945,0.025783366544748065,0.03828692470841213,0.0053330250930551494
