aaa,aad,add,ada,dda,ddd,dad,daa
320.3897145982996,23.139194308797894,4.156074640670593,0.33043240531312595,0.2648980737514128,0.03580023249617301,0.05029055888429465,0.007353791821558979
