aaa,aad,add,ada,dda,ddd,dad,daa
254.26941580921158,20.481340086446668,3.403610520059202,0.26201032951412756,0.2074614110244809,0.02758703479925232,0.039325191091589135,0.005850574696596362
