aaa,aad,add,ada,dda,ddd,dad,daa
237.76009963953376,17.966536275772462,3.071906775601305,0.24656136142738147,0.19416020428945113,0.026223764120428622,0.0372501893990161,0.005371991534580042
