aaa,aad,add,ada,dda,ddd,dad,daa
278.8542463880697,25.411326973037035,3.8793753983071895,0.29943139006804737,0.22181555563632227,0.03044791440101705,0.044729907615078515,0.005794494571341474
