aaa,aad,add,ada,dda,ddd,dad,daa
251.21953206956894,16.199183959369314,3.0306476427546665,0.26668378493572215,0.2085665576902016,0.026318983836755114,0.038772892391083204,0.005080808613444323
