aaa,aad,add,ada,dda,ddd,dad,daa
268.7791518033865,17.168685170258303,3.2140749237483894,0.2900476306431831,0.2232660310764791,0.02856446206319254,0.042485894219716436,0.005312486627049097
