aaa,aad,add,ada,dda,ddd,dad,daa
310.68070865932356,25.211370586447472,4.023508299956521,0.3449853056135219,0.25183708515521036,0.0322842180861103,0.04933244544132381,0.005968777203305811
