aaa,aad,add,ada,dda,ddd,dad,daa
271.81150260068597,18.522778338383453,3.337022658118547,0.28797631207684204,0.2234406240276702,0.028281936528273443,0.042188926949551085,0.005594177180926412
