aaa,aad,add,ada,dda,ddd,dad,daa
270.78630201089913,17.64520336677975,3.3491436775910786,0.26346233241066885,0.22362557513806894,0.03203014323249449,0.04162677566784931,0.008663069828283678
