aaa,aad,add,ada,dda,ddd,dad,daa
274.67003427578567,21.716926589951797,3.5456272094125665,0.2816719890445088,0.22196211557769355,0.029159948555371535,0.04309863501630731,0.00604146683245027
