aaa,aad,add,ada,dda,ddd,dad,daa
262.29797432311676,20.846840833514158,3.336750965471186,0.2953882981189004,0.212290112985081,0.0271225036619965,0.041315406257398775,0.004826787528802827
