aaa,aad,add,ada,dda,ddd,dad,daa
276.87980421909043,22.54595807907631,3.6812127446742156,0.28685772555869243,0.22302847121627525,0.030414893523278638,0.04325806188641959,0.006582539931909077
