aaa,aad,add,ada,dda,ddd,dad,daa
316.1898741239553,22.921858168515882,4.203308481304872,0.32422924652275276,0.2638470832711075,0.03644401370720192,0.049751063628589644,0.007501068398360286
