aaa,aad,add,ada,dda,ddd,dad,daa
274.5515788319362,21.455516625161447,3.5891687728862247,0.27582383936585714,0.2195448655037273,0.029854870122682994,0.04247048257485993,0.007047678332927578
