aaa,aad,add,ada,dda,ddd,dad,daa
259.6972037960605,18.292156707097398,3.2882286428559646,0.2745059550498669,0.2158553068387394,0.027856723283663773,0.04009067237961305,0.00539181471666346
