aaa,aad,add,ada,dda,ddd,dad,daa
235.94683260960443,19.164455494730337,3.075654036253106,0.2479233561247188,0.1895167059431404,0.024927333186625537,0.036149015464067104,0.004985483254685497
