aaa,aad,add,ada,dda,ddd,dad,daa
263.2492422301359,18.779658572126426,3.319033734888526,0.26449181034812924,0.21360564008462202,0.028971804812939667,0.04059128936825188,0.00666756468172791
