aaaa,aaad,aadd,aada,adda,addd,adad,adaa,ddaa,ddad,dddd,ddda,dada,dadd,daad,daaa
224.69398661280292,86.48266950766379,36.99389389380628,0.877820064390427,4.5871575829607,2.174788594629858,3.4828275066997465,1.072276948900191,0.07051360883550122,0.03857681555288425,0.03991421171545288,0.02182011121998382,0.14186402131488965,0.16923308568676798,0.058712200149203836,0.02496974935847995
