aaaa,aaad,aadd,aada,adda,addd,adad,adaa,ddaa,ddad,dddd,ddda,dada,dadd,daad,daaa
218.60506657846605,81.70486016935163,49.969700384269025,1.7575275882364436,7.016625588712587,1.8613647784882952,3.3536903273226915,1.1625999361712802,0.07876382573380462,0.04335102088726062,0.041533770966003636,0.02308073718819275,0.2859124361568428,0.20547277886736426,0.04176594571885518,0.02590902087530784
