aaaa,aaad,aadd,aada,adda,addd,adad,adaa,ddaa,ddad,dddd,ddda,dada,dadd,daad,daaa
213.0515822071626,78.5129595094277,41.703648556216024,0.9416240620084096,4.7422465797213125,1.9216756787904048,3.500770686976021,0.9998079847583746,0.06288264118225789,0.03760864256162197,0.03624453761396038,0.016644037175292926,0.16217338734811557,0.16680055599202967,0.04787067619492789,0.02275508639425378
