aaaa,aaad,aadd,aada,adda,addd,adad,adaa,ddaa,ddad,dddd,ddda,dada,dadd,daad,daaa
188.2699805590211,63.6834812159553,40.81863802410573,1.9486458918253131,4.463621996454191,0.9924855820481209,3.278171316154323,0.8359191708124366,0.055779428829247114,0.038637392254147106,0.034446907703566405,0.005541377334168374,0.2132241769834549,0.11102054542485776,0.0357088998656494,0.016160006747856344
