aaaa,aaad,aadd,aada,adda,addd,adad,adaa,ddaa,ddad,dddd,ddda,dada,dadd,daad,daaa
243.79929038315308,85.12919888056732,42.10907328311814,1.1413694445930778,5.6798305706822365,2.612138461899311,3.6680393579323063,1.2179717322953107,0.06633186917434214,0.03772628786284496,0.0409197152593767,0.03335566908596092,0.15803323769625033,0.20734510270061254,0.05795264799704607,0.03040436143662552
