aaaa,aaad,aadd,aada,adda,addd,adad,adaa,ddaa,ddad,dddd,ddda,dada,dadd,daad,daaa
203.8647620461461,68.30773009235294,39.77499879963893,1.1261612165529489,4.362154581470714,1.4171513321183464,3.4054994203804347,0.9337355927860547,0.05333820141721005,0.037740786275775595,0.03268494636610641,0.013193934526535446,0.15890323991402983,0.13558312063640335,0.04129946135465051,0.019627319148569907
