aaaa,aaad,aadd,aada,adda,addd,adad,adaa,ddaa,ddad,dddd,ddda,dada,dadd,daad,daaa
234.52582770874452,77.9530041081256,57.351665932292114,4.566106993444495,7.062145996176679,1.0092106140480817,4.102092766934313,1.1028901885229332,0.07491867312309777,0.05341478080935522,0.050541149496142176,0.006903640818723849,0.3900828731069202,0.13738943814361285,0.04159447384301624,0.020401174179289126
