aaaa,aaad,aadd,aada,adda,addd,adad,adaa,ddaa,ddad,dddd,ddda,dada,dadd,daad,daaa
227.7903232882085,70.01472042461198,37.76336035051858,1.0743917573783377,3.8697910234059893,1.7399719189929328,3.8199221183825984,0.9339119970456601,0.045233270529135026,0.03233206073926322,0.03245709020789666,0.01172262929630343,0.10224432944574455,0.13194134653765383,0.052001890162300966,0.021518096890853114
