aaaa,aaad,aadd,aada,adda,addd,adad,adaa,ddaa,ddad,dddd,ddda,dada,dadd,daad,daaa
203.10820641014473,61.77724975364543,23.48477190066931,1.6373985656899561,3.0403927795294354,1.7632921317571302,3.110439249125036,0.8475727942487077,0.03706137859033438,0.02426342043577744,0.03149475993030413,0.01850120936073979,0.05141890747424025,0.10351201049509087,0.06165097659526094,0.02231595318334405
