aaaa,aaad,aadd,aada,adda,addd,adad,adaa,ddaa,ddad,dddd,ddda,dada,dadd,daad,daaa
219.0862809527504,80.3762071919445,31.141371169006256,1.1537529525833512,3.828515051545289,2.2388385444932926,3.415557948812768,1.000981282163378,0.057299771762270704,0.03267229940216878,0.038626972709030406,0.022548381183042143,0.09077298414476995,0.15098504401194993,0.06599876705778422,0.024823259653053868
