aaaa,aaad,aadd,aada,adda,addd,adad,adaa,ddaa,ddad,dddd,ddda,dada,dadd,daad,daaa
223.46443633118707,79.66650664958348,38.84583552671279,1.047658969379836,4.922121765127262,2.471329804236309,3.4513520391802417,1.0918401980283972,0.0596212441522704,0.034537954864156645,0.0375784675270038,0.029202064345810214,0.131416927547247,0.19008279438047176,0.05605219191826697,0.027618837115187887
