aaaa,aaad,aadd,aada,adda,addd,adad,adaa,ddaa,ddad,dddd,ddda,dada,dadd,daad,daaa
205.06991096010074,75.16004405081242,46.79096791449152,1.8125515474241238,5.770612384466274,1.4456635158238464,3.39414633682545,1.0174171077083782,0.06746681357433382,0.042510501062659,0.03766541962775281,0.014527784869218794,0.24913374119876847,0.16047642002782792,0.039342842137493075,0.020952034868297217
