aaaa,aaad,aadd,aada,adda,addd,adad,adaa,ddaa,ddad,dddd,ddda,dada,dadd,daad,daaa
201.66140746026247,61.00817665171875,38.5536867225062,1.08873503706752,4.045931059120235,1.3476453260462835,3.448918083219662,0.8541377750044924,0.04363878209268988,0.03201790972727018,0.02957074662444493,0.008925611878374148,0.13657718756611198,0.1223809996772772,0.04010155331859859,0.018690211395089154
