aaaa,aaad,aadd,aada,adda,addd,adad,adaa,ddaa,ddad,dddd,ddda,dada,dadd,daad,daaa
216.5581480942697,66.1919474350958,42.50540448165968,1.2068860871951441,5.103024842070942,1.6158612309045228,3.5301082303635,0.9949110922716936,0.05035746259516508,0.034219705850813194,0.03234710328615864,0.015702432441984947,0.173075503452206,0.1501345860051952,0.04110351602602918,0.02260912463181363
