aaaa,aaad,aadd,aada,adda,addd,adad,adaa,ddaa,ddad,dddd,ddda,dada,dadd,daad,daaa
182.56120811000545,68.97616957708264,33.976745221951305,0.7499250603215614,3.6960365678653,1.6172461442330608,3.0317610979214984,0.8336211849687084,0.05423671770810554,0.03239715174632124,0.03139145975123767,0.0125423203572043,0.12400422416227187,0.13430182862720572,0.04393254779123377,0.018633658754037087
