aaaa,aaad,aadd,aada,adda,addd,adad,adaa,ddaa,ddad,dddd,ddda,dada,dadd,daad,daaa
204.1256644034549,61.366471057346324,53.46150984745588,6.87854151250663,6.479803661764013,0.6410969484869526,3.741439664157157,0.9140499304387859,0.0609146094862215,0.048427013398357775,0.05400442864995078,0.006215605709683977,0.44372549192462046,0.1042967904486095,0.038879682203757884,0.014033102577199481
