aaaa,aaad,aadd,aada,adda,addd,adad,adaa,ddaa,ddad,dddd,ddda,dada,dadd,daad,daaa
194.40636015575726,62.53474323819881,44.567283343812626,2.2742922602652675,5.329104450932351,1.060684829497496,3.346597310632427,0.8934477019679451,0.05495239038494664,0.03776689774947837,0.03526059599114501,0.007986636203666565,0.24904503896063196,0.1253411159035013,0.03407388106052549,0.018382898006105982
