aaaa,aaad,aadd,aada,adda,addd,adad,adaa,ddaa,ddad,dddd,ddda,dada,dadd,daad,daaa
213.50533722409588,71.52500308868628,37.16709800615172,0.9772569517323482,4.542495488791781,1.7629008746519306,3.3776006894059223,0.989215506738527,0.05589715058185373,0.03444480279856257,0.033712647516096636,0.016734651526560746,0.14208787839779827,0.1463789078163231,0.046438435036670916,0.0228298488231635
