aaaa,aaad,aadd,aada,adda,addd,adad,adaa,ddaa,ddad,dddd,ddda,dada,dadd,daad,daaa
187.49362293808534,70.54919628019437,35.252999774398695,0.820718492760405,4.072510535280174,1.6154536548973075,3.049175641105437,0.8772328528380263,0.05809070817899651,0.03416554864116167,0.03256114664442065,0.013610032106981805,0.1431181153966513,0.13926455423706285,0.042964073091345145,0.019580765147217617
