aaaa,aaad,aadd,aada,adda,addd,adad,adaa,ddaa,ddad,dddd,ddda,dada,dadd,daad,daaa
194.4480128387764,66.6165052000227,36.09894763899983,0.9523866430239822,4.454487088358445,1.5575845255178569,3.083082575221762,0.9221965133343074,0.054572053680729,0.03316137612911908,0.03163462235586782,0.015441916807958866,0.15430730046744368,0.13883329092835542,0.04052744938636896,0.020604926402379847
