aaaa,aaad,aadd,aada,adda,addd,adad,adaa,ddaa,ddad,dddd,ddda,dada,dadd,daad,daaa
193.2315457055413,74.53339718273193,35.77586902626604,0.7834501580960282,4.466154816058307,1.8887212359309344,3.019127292911004,0.946355958510179,0.06273100259829066,0.034686541227605956,0.03436475673777112,0.019353076077714998,0.14947357183553403,0.15921426972233038,0.045690020081466456,0.022049688076132824
