aaaa,aaad,aadd,aada,adda,addd,adad,adaa,ddaa,ddad,dddd,ddda,dada,dadd,daad,daaa
196.73209815884954,78.612657824338,36.6792388803785,0.7594426419567247,4.702170680596002,2.2814756673005085,3.016479594174775,1.0009035099516648,0.06514854255762352,0.03447315444658344,0.03643536729058759,0.0260887765240878,0.1453545656687747,0.18502591762942733,0.050090069333709145,0.024471217362552866
