aaaa,aaad,aadd,aada,adda,addd,adad,adaa,ddaa,ddad,dddd,ddda,dada,dadd,daad,daaa
214.79638544258353,71.8426280387845,35.17503688486481,1.147687890841658,4.694967294956836,2.3393989394305006,3.230398774907675,1.0478931028301655,0.05232049625665921,0.030907570796076565,0.035344339687922784,0.02932441810852615,0.116825887235174,0.17616892948085283,0.05299888230812437,0.026852331468956298
