aaaa,aaad,aadd,aada,adda,addd,adad,adaa,ddaa,ddad,dddd,ddda,dada,dadd,daad,daaa
251.97206897014516,78.42058837933581,62.00448732143553,5.246032570524508,8.336797504948848,1.0570735455993354,4.280086940509055,1.2201614076637197,0.07640408318880965,0.05714480339789198,0.053440117248787916,0.010463926212506159,0.45681047674792996,0.14987503095618518,0.04045183676785475,0.023565174249580895
