aaaa,aaad,aadd,aada,adda,addd,adad,adaa,ddaa,ddad,dddd,ddda,dada,dadd,daad,daaa
202.9773688308825,75.73654730391081,31.10252237066723,0.9444377665657067,3.958411273635413,2.1371623071634414,3.111338526799423,0.9677755077666128,0.05757681611671025,0.03185145147434734,0.03609536192630538,0.02328440585083187,0.10438125714300096,0.15421205689997666,0.057190097563515015,0.02370645357316752
