aaaa,aaad,aadd,aada,adda,addd,adad,adaa,ddaa,ddad,dddd,ddda,dada,dadd,daad,daaa
194.07507327200076,73.42874959438956,35.579296035341606,0.8062697455285583,4.534709813845342,2.187665372289163,2.9909170988422664,0.9728801080256413,0.058603620905342595,0.032257285852499054,0.03438507268892193,0.02507836870485105,0.13354094968946986,0.17555376482827073,0.04810952386772011,0.023975732841089583
