aaaa,aaad,aadd,aada,adda,addd,adad,adaa,ddaa,ddad,dddd,ddda,dada,dadd,daad,daaa
195.26568533259885,66.08322297876184,31.512397084203556,0.928377123593202,3.937760487316345,1.8576414527462761,3.025205055734974,0.9120901775838507,0.04882063046603741,0.029264340260734167,0.031424864053622784,0.01969066319736842,0.10562129080667709,0.14085074655718027,0.04767605653400207,0.022141379237078675
