aaaa,aaad,aadd,aada,adda,addd,adad,adaa,ddaa,ddad,dddd,ddda,dada,dadd,daad,daaa
206.09744379394579,73.85826948763125,34.943127660199835,0.8824512114443565,4.3954212864686415,1.95628210468375,3.1950192450932056,0.9853893626211564,0.058451834797282096,0.03354514849737835,0.03460311438838458,0.020503231696253735,0.13128492019316865,0.15545657194079404,0.04963474508125227,0.023397259438558454
