aaaa,aaad,aadd,aada,adda,addd,adad,adaa,ddaa,ddad,dddd,ddda,dada,dadd,daad,daaa
232.24454401359537,73.66287141886446,52.628252015925106,3.0668316658111343,6.514104251548504,1.1616457725116756,3.9402912365973535,1.076819986601938,0.06657052843421842,0.04588533113434099,0.043158653717188425,0.008589713540300898,0.3160785653142804,0.1407879527466262,0.03951619725726336,0.02141243128936908
