aaaa,aaad,aadd,aada,adda,addd,adad,adaa,ddaa,ddad,dddd,ddda,dada,dadd,daad,daaa
217.64606606555674,76.30322470000904,38.591176515728485,0.9747468833209785,5.025288444475494,2.214889291431729,3.331903141697099,1.071982098872744,0.05992552467810379,0.03446208938805726,0.03618012430531437,0.02632188111099226,0.14718380982474294,0.1798228291737051,0.05027871141945516,0.026178277172372776
