aaaaa,aaaad,aaadd,aaada,aadda,aaddd,aadad,aadaa,addaa,addad,adddd,addda,adada,adadd,adaad,adaaa,ddaaa,ddaad,ddadd,ddada,dddda,ddddd,dddad,dddaa,dadaa,dadad,daddd,dadda,daada,daadd,daaad,daaaa
73.82930545859075,51.9526129217469,119.89090537425598,22.7360974941136,6.0160701344173875,8.582104368763087,8.215205611863587,2.435223613728364,0.21363678016656706,0.1978246273376377,0.23877505934067852,0.4354457283823898,0.860288674393349,0.41433045060746737,0.1467889036184584,0.10553062868221427,0.18441370629502649,0.15947120144334878,0.016376050828942244,0.03262450873608601,0.02439978619013705,0.03070895072686622,0.04518374401542413,0.19677517716778392,0.0999854126827806,0.03550662848869265,0.01241253795418362,0.007435035316070263,0.07989569772225905,0.04598839111264072,0.0006412722788212368,0.01232815968723017
