aaaaa,aaaad,aaadd,aaada,aadda,aaddd,aadad,aadaa,addaa,addad,adddd,addda,adada,adadd,adaad,adaaa,ddaaa,ddaad,ddadd,ddada,dddda,ddddd,dddad,dddaa,dadaa,dadad,daddd,dadda,daada,daadd,daaad,daaaa
75.58261176513783,58.30989208463287,130.7022274004567,26.102188215175193,8.401897833629647,10.511506521354368,9.38676371379587,2.7953994366739248,0.28970465236046383,0.2655511561659201,0.39365626350253613,0.4046086350932866,1.0425148948628735,0.4868519870749764,0.17122242931251538,0.10792546835916901,0.2039000875731682,0.17677607236875367,0.018340088465310652,0.028999838507767505,0.025667603798438143,0.032765280923708874,0.05505759518465025,0.21040843770233947,0.12219031179606421,0.040455689492590284,0.02437929796817569,0.009898053962834285,0.0961041631203772,0.05411141172509524,0.000595811367413105,0.013279766703974002
