aaaaa,aaaad,aaadd,aaada,aadda,aaddd,aadad,aadaa,addaa,addad,adddd,addda,adada,adadd,adaad,adaaa,ddaaa,ddaad,ddadd,ddada,dddda,ddddd,dddad,dddaa,dadaa,dadad,daddd,dadda,daada,daadd,daaad,daaaa
89.68892349222607,60.192794706634416,151.0447789090402,31.249094188255846,6.43578953117968,10.881210558194068,9.741668679497478,3.2322262323797406,0.24352084043707212,0.4044054765545211,0.21211156135552284,0.7803640475541029,1.049950846997203,0.5125645559899445,0.1851016811546576,0.13627780760761488,0.22859659368144786,0.19992347750015382,0.018618663415496575,0.037419572575843385,0.03924802374235325,0.0319770187010989,0.05938981314476079,0.26715566884192876,0.12738811406532893,0.04731748814717487,0.016871176491434832,0.01177649316647194,0.10498532703103648,0.0627794572728934,0.0014980204421857542,0.014594449920533284
