aaaaa,aaaad,aaadd,aaada,aadda,aaddd,aadad,aadaa,addaa,addad,adddd,addda,adada,adadd,adaad,adaaa,ddaaa,ddaad,ddadd,ddada,dddda,ddddd,dddad,dddaa,dadaa,dadad,daddd,dadda,daada,daadd,daaad,daaaa
84.33307296051409,54.202939199446554,131.278397897704,25.698453719376687,6.18073255255717,9.54943708917699,8.881160449866368,2.6801341524908637,0.2353202404702877,0.274602848563336,0.2473310439170145,0.5545137266860495,0.9432174027649338,0.4539706638517436,0.1635052747353561,0.11921523707229913,0.20115421918567006,0.1768566080690743,0.018508307846801474,0.03551358937604034,0.02912209314542324,0.03137206100600737,0.052094743951181306,0.22038148595125973,0.11035100134220209,0.0403435200454608,0.01554103388037872,0.009097196955904191,0.090829606427616,0.05151973165457547,0.0008878426343011924,0.013479723973558877
