aaaaa,aaaad,aaadd,aaada,aadda,aaddd,aadad,aadaa,addaa,addad,adddd,addda,adada,adadd,adaad,adaaa,ddaaa,ddaad,ddadd,ddada,dddda,ddddd,dddad,dddaa,dadaa,dadad,daddd,dadda,daada,daadd,daaad,daaaa
96.94329032255288,61.59228730655092,130.16591506212671,20.201489333885178,7.627182238849798,9.586179411831385,10.00275677143641,2.3982461612109027,0.2844396442564173,0.0810066872687072,0.38676339855455866,0.33030642453498543,0.9432574628494961,0.4457006720349297,0.15987049572036,0.11571260266994654,0.21373343622786808,0.17718859295250908,0.023240656213289447,0.041446250769579834,0.019011596496830856,0.045681790785545046,0.048717047658408945,0.19437215805908092,0.11152029716236235,0.04555324925699527,0.010944392359891161,0.00721475395794062,0.07406999570032337,0.04438503720584473,0.0003562053367943011,0.014369923825813504
