aaaaa,aaaad,aaadd,aaada,aadda,aaddd,aadad,aadaa,addaa,addad,adddd,addda,adada,adadd,adaad,adaaa,ddaaa,ddaad,ddadd,ddada,dddda,ddddd,dddad,dddaa,dadaa,dadad,daddd,dadda,daada,daadd,daaad,daaaa
80.2111773669742,54.384324919625804,119.2647372963739,21.069308784067367,6.704507599612979,8.86176545996569,8.661980182310128,2.3520174816143027,0.24298057815133078,0.1442785826033769,0.3115709454074944,0.3543817839972752,0.8814207620841688,0.4148166642246349,0.14653638167828803,0.10515810971905105,0.18850334584002817,0.16179407476420493,0.018325923416882488,0.036114985835566285,0.020652572970344507,0.03575447990270052,0.04604363494279053,0.18511043928249954,0.10373080734339361,0.036457195273862576,0.012621988825677747,0.006815382868722402,0.07619725313028898,0.045748265463225725,0.00030615741341222827,0.012365442027431289
