aaaaa,aaaad,aaadd,aaada,aadda,aaddd,aadad,aadaa,addaa,addad,adddd,addda,adada,adadd,adaad,adaaa,ddaaa,ddaad,ddadd,ddada,dddda,ddddd,dddad,dddaa,dadaa,dadad,daddd,dadda,daada,daadd,daaad,daaaa
90.48972502387747,61.747271375912355,124.72505918228683,19.41797180947068,8.073859769738059,9.638182763587986,9.689101734082188,2.3816099580024823,0.29685924651638973,0.08161499379044375,0.41092621610664226,0.30234597455528917,0.9254417545939676,0.4309224145326237,0.15147964864803995,0.10983914651395063,0.20594710289932816,0.17140451522898367,0.021627051956056555,0.039672535510133326,0.017712508081961578,0.044333091076353484,0.04776921761639141,0.18465365254230082,0.11316810811343324,0.043414058657450565,0.012828782375874113,0.007840298589679218,0.07147812322028825,0.04435717259259747,0.00035233316511511985,0.013528523989983322
