aaaaa,aaaad,aaadd,aaada,aadda,aaddd,aadad,aadaa,addaa,addad,adddd,addda,adada,adadd,adaad,adaaa,ddaaa,ddaad,ddadd,ddada,dddda,ddddd,dddad,dddaa,dadaa,dadad,daddd,dadda,daada,daadd,daaad,daaaa
56.77513624180742,51.60162227328634,118.41735528644654,23.607782814721382,5.8738187792947985,7.862383305851978,7.777936410772981,2.4748155881812526,0.1683955026171244,0.1774587940815971,0.19061866051515017,0.4358803899357473,0.8334984919283839,0.40609866148670365,0.14524127999883066,0.09282016616276484,0.1777475689705702,0.14821654866060907,0.01229113219191961,0.025798668956283608,0.024823233668930807,0.028085041945277316,0.03982520483934427,0.19737086529395345,0.09355776706903231,0.030413119647935048,0.00971869993700739,0.0069465466613626336,0.0775920822209432,0.0468539512214682,0.0008666444194392809,0.011326948280760371
