aaaaa,aaaad,aaadd,aaada,aadda,aaddd,aadad,aadaa,addaa,addad,adddd,addda,adada,adadd,adaad,adaaa,ddaaa,ddaad,ddadd,ddada,dddda,ddddd,dddad,dddaa,dadaa,dadad,daddd,dadda,daada,daadd,daaad,daaaa
80.0420115436218,48.43471013045673,114.4708720885149,20.915812002262072,5.298605721582193,8.047162737493158,7.9506278608425625,2.2155743953383493,0.20091277401017463,0.17331967269962054,0.22633566777378067,0.44513061537315995,0.8110636731635502,0.3871879725179697,0.14082702952843815,0.10537480071796046,0.17907014032166096,0.1554292833276784,0.017615066968355887,0.03387812621727104,0.022463028867804154,0.030360646883072842,0.045087729324036235,0.18730421633703576,0.09420588704601215,0.03378248805237172,0.010334251342033314,0.007414320135084526,0.07398414983611355,0.044390050742683373,0.0003836703881873428,0.011803143627136919
