aaaaa,aaaad,aaadd,aaada,aadda,aaddd,aadad,aadaa,addaa,addad,adddd,addda,adada,adadd,adaad,adaaa,ddaaa,ddaad,ddadd,ddada,dddda,ddddd,dddad,dddaa,dadaa,dadad,daddd,dadda,daada,daadd,daaad,daaaa
72.24668678270021,52.42621455326756,135.95172423513765,27.86182494752886,4.301839307339596,7.899116644224859,8.311191640903543,2.8881393595544607,0.12291994216142749,0.25450960506399445,0.1377294051743757,0.9592912381034517,0.817076391456054,0.4312675234935938,0.14896674487885203,0.12281223186883247,0.20318014128940165,0.1672811415306059,0.014120839270148282,0.028589300073615473,0.040354403766588956,0.026588195063641355,0.045260149128809796,0.26737701314569573,0.09635767329702084,0.03749042994171683,0.005140770877778651,0.018712707114053855,0.08237674857250918,0.053422118542111374,0.0012773997281315997,0.012813171981696113
