aaaaa,aaaad,aaadd,aaada,aadda,aaddd,aadad,aadaa,addaa,addad,adddd,addda,adada,adadd,adaad,adaaa,ddaaa,ddaad,ddadd,ddada,dddda,ddddd,dddad,dddaa,dadaa,dadad,daddd,dadda,daada,daadd,daaad,daaaa
84.34685251727305,61.53923942691405,146.88148698357054,29.470187123828268,6.990347083970252,10.42967240651865,9.724237892807135,3.0695873641402414,0.23752655747362036,0.29276742808719286,0.2504204984191537,0.6143924268114039,1.0487683296645525,0.5047822398606076,0.1815533334869548,0.12717159600789057,0.2226494455804381,0.19385250769015444,0.017997377898885416,0.036686795710439035,0.03315020923238302,0.03357331462117622,0.05551912225742089,0.2493300748634001,0.12170077883239579,0.04232235310823391,0.01594889267689126,0.009530274160638634,0.10077201879544843,0.05950626241857066,0.0010842464023218797,0.014481653740706368
