aaa,aad,add,ada,dda,ddd,dad,daa
245.67538862996054,34.943320421863774,4.590779001964533,0.2892693403736373,0.14537006837917332,0.34636644029302094,0.01765199809338855,0.030269190932934557
