aaa,aad,add,ada,dda,ddd,dad,daa
263.4795026102332,29.6773606973554,3.8337270778114934,0.2666046919131864,0.16128562991957868,0.3428385182730682,0.019209666306772392,0.03209737490737231
