aaa,aad,add,ada,dda,ddd,dad,daa
282.0443678398939,35.37667915478322,4.820546996690308,0.3340434127361991,0.17717659274685765,0.3793397977145265,0.022346568698537274,0.03433392364775205
