aaa,aad,add,ada,dda,ddd,dad,daa
227.1416858669278,34.066730211077555,4.480199791366649,0.24649246080750772,0.14354030311217067,0.3313106101517731,0.01724380083641376,0.0293049897513374
