aaa,aad,add,ada,dda,ddd,dad,daa
277.95125459932007,30.87667918552444,4.254167755448878,0.30246954975448276,0.18273430720264414,0.3536492990948674,0.022187441044026833,0.03330492563712938
