aaa,aad,add,ada,dda,ddd,dad,daa
236.04437875464603,27.04451892082231,3.7271588245826006,0.29006337158608025,0.1385528393014023,0.3081747519740404,0.017444756747916366,0.027691093911390224
