aaa,aad,add,ada,dda,ddd,dad,daa
234.33391120638782,33.87374369158718,4.179942856326211,0.22682345533110224,0.146165955802362,0.3360758187283269,0.0170306953490984,0.030517739468479074
