aaa,aad,add,ada,dda,ddd,dad,daa
267.51378029771894,24.23939380774772,3.70188689885358,0.3139342007452578,0.16692821472725877,0.32558946667928507,0.020881259972776414,0.030255969207194908
