aaa,aad,add,ada,dda,ddd,dad,daa
274.199933037378,25.890136362483645,3.834653653394862,0.3085542710609159,0.17464316282571887,0.33739161246056487,0.02125111651365528,0.03176897615567952
