aaa,aad,add,ada,dda,ddd,dad,daa
233.3944464107628,32.777049447174605,4.015423795533562,0.23214112995438,0.1410764646838329,0.32865472548488217,0.01652950440738006,0.029765149793109957
