aaa,aad,add,ada,dda,ddd,dad,daa
274.47371751425277,29.861789902787077,4.040852535671423,0.2916247023752158,0.17465479345370127,0.35166421551716043,0.02109618536761087,0.033137592986939704
