aaa,aad,add,ada,dda,ddd,dad,daa
274.63412873168494,31.460969609028982,4.3473724100760895,0.33001855308429073,0.1670013978162397,0.3584504982677115,0.020904301317020937,0.032621012196354396
