aaa,aad,add,ada,dda,ddd,dad,daa
241.80806362798543,36.88048030075574,4.133851962536204,0.19328198189695478,0.1524935660275515,0.35244354813361783,0.017558626597881846,0.03275366941316906
