aaa,aad,add,ada,dda,ddd,dad,daa
218.79071748182542,28.941950271255898,3.8345907777887085,0.2574651734000596,0.1305139504446173,0.3004085900217067,0.01593240269865886,0.02664054324403446
