aaa,aad,add,ada,dda,ddd,dad,daa
262.8306242281814,32.230174232235086,4.431246929824321,0.32818313390711457,0.15505309215869587,0.3505519513558466,0.019515769682847472,0.031138432837900805
