aaa,aad,add,ada,dda,ddd,dad,daa
235.39195626824508,29.759589695844973,3.8946758420906824,0.2748298640641962,0.13484282537817735,0.31758827938188716,0.01691185650631312,0.028191823131961363
