aaa,aad,add,ada,dda,ddd,dad,daa
282.1405206960686,27.366067209216656,3.696306193260909,0.27877429739892473,0.17712595904114217,0.3464069879080011,0.020901041954630648,0.03312837243608173
