aaa,aad,add,ada,dda,ddd,dad,daa
263.68368335021785,32.670742579569364,4.13443433670805,0.2602839153734585,0.15770923186754288,0.3581149147152686,0.018568500759870637,0.032879459847542945
