aaa,aad,add,ada,dda,ddd,dad,daa
256.9940405357753,36.37607897086974,4.770547514268946,0.2840778096570281,0.1685473783533747,0.35824033506883457,0.02083513245343901,0.032474140137197134
