aaa,aad,add,ada,dda,ddd,dad,daa
233.76081640403928,32.80542247820218,4.223473959740724,0.2579151065292681,0.14559321497613859,0.32725375035036275,0.017669849651863277,0.029423054687691522
