aaa,aad,add,ada,dda,ddd,dad,daa
276.94177469389075,40.32087543558735,4.78724038153148,0.2705387757374756,0.16548790153342577,0.39242643516053477,0.0194013216992789,0.03546976242904592
