aaa,aad,add,ada,dda,ddd,dad,daa
263.7418955391676,32.20578028420298,4.612726208058698,0.34050177205461685,0.16189786575133017,0.35323686812198346,0.020691135319060586,0.03156414811515819
