aaa,aad,add,ada,dda,ddd,dad,daa
228.07618550999982,23.943992668746894,3.248730573801625,0.2486425764958896,0.1353878202180903,0.2903394026611812,0.016419376584697387,0.02672847341889534
