aaa,aad,add,ada,dda,ddd,dad,daa
269.08150600079387,29.455579521448595,4.153166268667526,0.3035355581609114,0.1714957463036235,0.34684284663057086,0.02096340745329527,0.032238582262259584
