aaa,aad,add,ada,dda,ddd,dad,daa
257.1086071334964,22.80620100967629,3.340126336978816,0.27221423749579626,0.15880492247704397,0.31213662917418156,0.018995069805721698,0.029518788930975967
