aaa,aad,add,ada,dda,ddd,dad,daa
299.41723364014456,34.47238156146309,4.853391008869638,0.3647246761728457,0.18765686806314225,0.3877668859422776,0.02376176678033454,0.03529446043780189
