aaa,aad,add,ada,dda,ddd,dad,daa
244.4093171868191,21.303024415875996,3.404283602002973,0.30429234455383264,0.13970071486384278,0.30163311871043874,0.017678737268761693,0.027244225682714136
