aaa,aad,add,ada,dda,ddd,dad,daa
300.55417272309637,40.616598346203496,5.486478950815433,0.3436481671568609,0.19622968468085303,0.41241416237037837,0.024433759096710136,0.03732337107302331
