aaa,aad,add,ada,dda,ddd,dad,daa
249.39293650618868,41.32616152748257,4.863489051706818,0.22153676249229792,0.15535632390523496,0.38128136560260634,0.017374193401949286,0.033474411079028626
