aaa,aad,add,ada,dda,ddd,dad,daa
239.49458364746746,32.68261570498215,4.194768850504774,0.28504857781239296,0.14294819033165168,0.3275624381979169,0.01759031223461971,0.029132340047876678
