aaa,aad,add,ada,dda,ddd,dad,daa
262.9633253182813,35.88502133398803,4.545561382826622,0.29425761211670276,0.1544969510448428,0.3639338467450623,0.018547106059444134,0.032310402579839526
