aaa,aad,add,ada,dda,ddd,dad,daa
257.3479656481602,30.791047486317837,4.057423123066935,0.2874989280451552,0.15330160275571644,0.3413780338792419,0.018581822566601052,0.031019042675984144
