aaa,aad,add,ada,dda,ddd,dad,daa
232.978706265791,30.75453279240296,3.9778970065093926,0.24537413128087535,0.14681892805847593,0.3201372213868172,0.017522815687100943,0.029238381096440672
