aaa,aad,add,ada,dda,ddd,dad,daa
235.43732424106264,24.876224840306243,3.480381656896353,0.2858332928979048,0.14213844876525095,0.2987988199104654,0.017820343452803682,0.02734628627059959
