aaa,aad,add,ada,dda,ddd,dad,daa
260.61955963547496,33.50052592228483,4.179487183715652,0.2312438377316239,0.17069989749203274,0.359674589060506,0.019735220853040476,0.034111974338776906
