aaa,aad,add,ada,dda,ddd,dad,daa
229.2549283218745,31.279752779331915,3.8499500895361654,0.20725964487058765,0.14853332702110447,0.3221657452895278,0.01717799562101786,0.030092906424353694
