aaa,aad,add,ada,dda,ddd,dad,daa
237.71345919479378,20.246797522250578,3.208069483103758,0.2824306127891009,0.14144745637896314,0.28781840772389067,0.0176906063126017,0.026403882977025648
