aaa,aad,add,ada,dda,ddd,dad,daa
231.4259306290234,30.957262568314736,4.204139442511994,0.2880338047081001,0.1361755172875247,0.31944607237330747,0.017007891868515982,0.02793808901019906
