aaa,aad,add,ada,dda,ddd,dad,daa
259.40995632237804,31.403910832777722,4.025331640600015,0.27466044019997576,0.15645580629679542,0.3454525134448488,0.019029299370256103,0.031723667235237035
