aaaa,aaad,aadd,aada,adda,addd,adad,adaa,ddaa,ddad,dddd,ddda,dada,dadd,daad,daaa
172.91988628411826,70.05949639359768,27.886792796610724,5.303409385768615,0.5065224691700445,1.1097060499642704,1.240476423201182,0.2628680443075069,0.055141192106635706,0.03195383756947859,0.05667371799807778,0.11039277835735478,0.05405774870403445,0.11276717934145064,0.05454204859180784,0.04399432369444498
