aaaa,aaad,aadd,aada,adda,addd,adad,adaa,ddaa,ddad,dddd,ddda,dada,dadd,daad,daaa
158.1724465792841,63.594893671727,27.659328649049126,4.874197371263325,0.5503993042606047,1.0740435229143956,1.2232981284504738,0.23832226098657264,0.05036526868936248,0.030781622007175092,0.05008192864506676,0.1107284299115786,0.05259697372848439,0.11086633702680723,0.052481894471522655,0.040167504643047455
