aaaa,aaad,aadd,aada,adda,addd,adad,adaa,ddaa,ddad,dddd,ddda,dada,dadd,daad,daaa
183.49826590483605,77.30344775812507,29.55786250371669,5.2869332685213655,0.2789138117066781,1.3105503595219774,1.1285603078209678,0.2752062311447457,0.06047012677078355,0.03144542150689686,0.0626043130542345,0.09704181938416813,0.06514336325609607,0.13150028864702706,0.0508994612153274,0.0481865520980511
