aaaa,aaad,aadd,aada,adda,addd,adad,adaa,ddaa,ddad,dddd,ddda,dada,dadd,daad,daaa
173.12591138058917,72.3938901688025,26.14272593839633,5.1156883072357795,0.3656385576805961,1.1032590471774757,1.1017314643431515,0.2625389109886556,0.057538330642004455,0.030077867112266503,0.059543953877350494,0.09646800403672431,0.057872921580625396,0.11171128580355807,0.05082185207692434,0.04471670062340961
