aaaa,aaad,aadd,aada,adda,addd,adad,adaa,ddaa,ddad,dddd,ddda,dada,dadd,daad,daaa
184.27494328708264,74.42680890527296,27.420723759113173,5.602426226109921,0.4378944854069944,1.118073424618082,1.2307857573262082,0.286486753179227,0.059622065689293256,0.031675251837601344,0.06268978099277289,0.10181229714852905,0.05519395841564224,0.1105260846993852,0.05754995343018871,0.048205920261631244
