aaaa,aaad,aadd,aada,adda,addd,adad,adaa,ddaa,ddad,dddd,ddda,dada,dadd,daad,daaa
180.6872436599332,73.04106397219971,24.383255887667975,5.550991740483009,0.4241039480631218,1.0275334035046253,1.1741713478070792,0.28113951994371644,0.059057600720072205,0.027940227549504065,0.06295132514680002,0.08992705510430886,0.05312298699327298,0.0996870809633938,0.05802641238706287,0.04632967208523452
