aaaa,aaad,aadd,aada,adda,addd,adad,adaa,ddaa,ddad,dddd,ddda,dada,dadd,daad,daaa
158.65128874964537,63.575745682002236,26.69774910339349,4.91711446221083,0.5207969458970885,1.036338060774847,1.186144487315574,0.24028973417009838,0.04986678835183967,0.02962873425784746,0.05061838864229283,0.10722044797781022,0.05053354282782679,0.10493574394489895,0.05137846109562907,0.04062303969871835
