aaaa,aaad,aadd,aada,adda,addd,adad,adaa,ddaa,ddad,dddd,ddda,dada,dadd,daad,daaa
199.68729080947944,87.54334147873394,22.823927460026255,5.569859765440747,0.139110409379072,1.201627695024743,0.8170130594335062,0.31050223343447286,0.06765856679985323,0.02658313348058674,0.07849856241001485,0.06444098004294768,0.06984004866366779,0.1080357687774481,0.04694998160956562,0.053448062344013725
