aaaa,aaad,aadd,aada,adda,addd,adad,adaa,ddaa,ddad,dddd,ddda,dada,dadd,daad,daaa
211.32317072785798,87.50779811856073,24.367823846771568,6.085464618574304,0.2671223600426762,1.1151159117892948,1.0877557138669744,0.3293531484204948,0.07208011716138803,0.030640515873086832,0.08018001751954947,0.07971953013224196,0.06421337469244374,0.1060244028859468,0.059193599115021645,0.05481574908510909
