aaaa,aaad,aadd,aada,adda,addd,adad,adaa,ddaa,ddad,dddd,ddda,dada,dadd,daad,daaa
170.46012510610646,66.64841325020649,25.685934353128744,5.827431082226462,0.7558638062050781,1.0103262722156163,1.3425334004587683,0.2695114141504971,0.05365247447829926,0.03103349044674751,0.0539093671588004,0.11793194801085667,0.051154336967410396,0.09206265491547141,0.0625153196510414,0.044162714489158685
