aaaa,aaad,aadd,aada,adda,addd,adad,adaa,ddaa,ddad,dddd,ddda,dada,dadd,daad,daaa
191.4844792490801,77.48840405450034,30.1416035903363,6.212410606375211,0.8512177808589781,1.1914929840976962,1.5049723611778634,0.29680363850137337,0.06406935622093889,0.03736206156674236,0.06268867817302348,0.1378883854831842,0.06807661808224891,0.11776285351362382,0.06993836801499725,0.04865414682211021
