aaaa,aaad,aadd,aada,adda,addd,adad,adaa,ddaa,ddad,dddd,ddda,dada,dadd,daad,daaa
168.02382605099848,66.44171398664157,24.323874831930027,5.428810692120285,0.5501824934738718,0.9702252704706325,1.1956483757229255,0.26230327991064845,0.05285886052865987,0.02839354034979896,0.05510111027146547,0.10153150890698712,0.04799814150811467,0.09049609209940103,0.05614264291829796,0.04345954845680322
