aaaa,aaad,aadd,aada,adda,addd,adad,adaa,ddaa,ddad,dddd,ddda,dada,dadd,daad,daaa
178.14310882981943,73.7870062703104,26.109944075835053,5.4371511471675005,0.5115169046157269,1.0669653849444325,1.200106299490894,0.272688469096473,0.05989838729345106,0.03184775638054394,0.060440994763938764,0.10713814130716236,0.05928787453677575,0.10702343392201481,0.056659236714014925,0.04552264289559694
