aaaa,aaad,aadd,aada,adda,addd,adad,adaa,ddaa,ddad,dddd,ddda,dada,dadd,daad,daaa
205.36201773127596,78.57973081153261,33.978548828736606,7.024068309339124,1.0561404187855288,1.2932314449386837,1.7902944054754422,0.3232253394195499,0.06377327991417445,0.03781901031503219,0.0638748012381675,0.15268171624956073,0.0628896420237802,0.12032371345763726,0.08104472681972562,0.05282762466770541
