aaaa,aaad,aadd,aada,adda,addd,adad,adaa,ddaa,ddad,dddd,ddda,dada,dadd,daad,daaa
189.00090738736122,76.37846308462429,33.19234644029394,5.749629425294929,0.5716905102811396,1.3058720380968178,1.4054750314011546,0.28342034170385116,0.059252320725026446,0.03592786416556994,0.06027287269596015,0.12823903206664208,0.0619330911076431,0.1352525861088319,0.058902054835309005,0.04852921146118119
