aaaa,aaad,aadd,aada,adda,addd,adad,adaa,ddaa,ddad,dddd,ddda,dada,dadd,daad,daaa
189.11936451478059,79.24183035846164,31.038895140061854,5.606805675321797,0.43650780932397704,1.2930960441318031,1.256691438366548,0.2832318525355881,0.06165224722459927,0.03427969178904602,0.06305043456127198,0.1160565953841135,0.06582790872383401,0.1335315244191317,0.05485343015604639,0.04881936308832371
