aaaa,aaad,aadd,aada,adda,addd,adad,adaa,ddaa,ddad,dddd,ddda,dada,dadd,daad,daaa
214.90405213993134,87.50204323586428,29.052285782336924,6.505251507582299,0.41803242229781024,1.2362569830387726,1.2953618352945178,0.33600313514823404,0.06938767918770565,0.03308407935466381,0.07557513130313781,0.10297057001073938,0.06207478192633829,0.11691135100245056,0.06289215524426145,0.05655751322403098
