aaaa,aaad,aadd,aada,adda,addd,adad,adaa,ddaa,ddad,dddd,ddda,dada,dadd,daad,daaa
187.30564807315346,73.43955925007221,29.394450655202704,6.244017369822208,0.8175342448807127,1.1430325531419432,1.5080414717429214,0.2936258008646604,0.059632194545406095,0.033756345533510375,0.05983940378192054,0.12802761178664065,0.05747736136811668,0.10948632227333249,0.06922154451171361,0.04777604862183238
