aaaa,aaad,aadd,aada,adda,addd,adad,adaa,ddaa,ddad,dddd,ddda,dada,dadd,daad,daaa
172.31236462531396,68.8471043729172,23.451431168394073,5.618433989940502,0.6038429882843123,0.967983045112314,1.223766285946841,0.2716658257342468,0.05643123898280501,0.029365766231373644,0.05795279252891711,0.10362267935740976,0.05072230699808834,0.0885067766559538,0.060481968848114284,0.04434790310818126
