aaaa,aaad,aadd,aada,adda,addd,adad,adaa,ddaa,ddad,dddd,ddda,dada,dadd,daad,daaa
166.82253663183468,68.79193229182124,22.644699087801207,4.918469331723645,0.26349240288070586,0.9834723959294541,0.9554804222270741,0.25725397001544564,0.05436221096411476,0.026047478490466028,0.059159223961511215,0.07729375121721627,0.05041682955837749,0.0943518246931121,0.04675768813239032,0.04348478810982974
