aaaa,aaad,aadd,aada,adda,addd,adad,adaa,ddaa,ddad,dddd,ddda,dada,dadd,daad,daaa
159.83117094255928,63.887040164210525,23.54812817459585,4.831049566749681,0.3324585263424644,0.9671987472477144,1.0230782455717284,0.24684310189212738,0.05004714915329472,0.026199181148903336,0.05415049496197576,0.08323219779905079,0.04547694092176148,0.09300013512019908,0.04749751891059427,0.04161707549409881
