aaaa,aaad,aadd,aada,adda,addd,adad,adaa,ddaa,ddad,dddd,ddda,dada,dadd,daad,daaa
184.46109713051396,74.99904665852287,27.317028226320833,5.513803279945726,0.36733987045654015,1.136449461295746,1.1718510713761063,0.2845824259969669,0.05928009621872186,0.030997746394939744,0.06358833349182529,0.0966495948435625,0.05547612010119274,0.11144097553197263,0.05464451960016239,0.0482827716854935
