aaaa,aaad,aadd,aada,adda,addd,adad,adaa,ddaa,ddad,dddd,ddda,dada,dadd,daad,daaa
183.88262669781798,76.4203627211619,28.933046975602068,5.419447298764578,0.35997870528406706,1.2216141654930393,1.1706732275005773,0.27793196938146497,0.059571884149503596,0.03212549454953855,0.0625693119531725,0.10270227594869057,0.06063359772528757,0.12336699961618473,0.052644160647981185,0.04776723262913992
