aaaa,aaad,aadd,aada,adda,addd,adad,adaa,ddaa,ddad,dddd,ddda,dada,dadd,daad,daaa
166.01892655606986,65.31541111059899,23.517766609965257,5.243888855738086,0.47577149699197585,0.9601936107600135,1.1845862016294089,0.26076205694405535,0.05311627429236996,0.026261617408687855,0.05619896107980089,0.08828952169492837,0.0473014703162117,0.09226698016494339,0.057844940547471954,0.04268175776570395
