aaaa,aaad,aadd,aada,adda,addd,adad,adaa,ddaa,ddad,dddd,ddda,dada,dadd,daad,daaa
167.17403906992874,68.75159035143476,23.572812182264318,4.935116479111333,0.27380356200099826,1.0138464392546473,0.9824764460727382,0.2577552369642247,0.05401762383065295,0.026669793720976918,0.058868152947981894,0.0807990062539598,0.05077066679896683,0.0979674697685135,0.04702033196671222,0.04384456401304307
