aaaa,aaad,aadd,aada,adda,addd,adad,adaa,ddaa,ddad,dddd,ddda,dada,dadd,daad,daaa
169.3001696181243,65.87418872372893,24.13606998297906,5.30161094732783,0.4154955153629306,0.9743895379965012,1.106656928225328,0.26603830227546194,0.05134914739590375,0.026859379507282052,0.0558510381533098,0.08930720222687634,0.044264038491999155,0.09056605204002388,0.05189865254179865,0.044368971351387836
