aaaa,aaad,aadd,aada,adda,addd,adad,adaa,ddaa,ddad,dddd,ddda,dada,dadd,daad,daaa
196.7696415484594,80.95135943893548,26.433035432366882,5.845005947239791,0.3037983751005182,1.1520019969992175,1.1038584946657788,0.30690380779017556,0.06328633554758295,0.030482013008693805,0.06983189877270946,0.0902970639028453,0.05808093353294484,0.10963122670437243,0.05409421561456524,0.05212705333103659
