aaaa,aaad,aadd,aada,adda,addd,adad,adaa,ddaa,ddad,dddd,ddda,dada,dadd,daad,daaa
165.82132748602172,66.5508924598555,29.36641069206661,5.114541866141335,0.5528004706746732,1.131375233278726,1.25329290564413,0.2475614046387986,0.050887521242816314,0.03290897787761535,0.05165908386761111,0.1173679418433531,0.053002958334607775,0.1178807460235531,0.051645001504835086,0.04175062735200461
