aaaa,aaad,aadd,aada,adda,addd,adad,adaa,ddaa,ddad,dddd,ddda,dada,dadd,daad,daaa
176.73773946183059,72.74590128376069,26.956688715306065,5.346653081065619,0.463356783616865,1.1009587433511299,1.2001460637395331,0.2695811483176732,0.05830816903450239,0.031231657793194714,0.05963910879529767,0.10502135165261554,0.057375094423100605,0.11090585899030038,0.05502839724811981,0.04545216362459067
