aaaa,aaad,aadd,aada,adda,addd,adad,adaa,ddaa,ddad,dddd,ddda,dada,dadd,daad,daaa
237.81155657114445,96.64292578482288,24.194911332634355,0.976929341216168,3.5268921827257085,1.3203531279059282,0.3918826011007403,0.01986903130230476,0.15742325179252825,0.08350481984336339,0.011518528432760198,0.20222234485662938,0.06395770664353922,0.014244336645478408,0.026845057895878138,0.00660114961139357
