aaaa,aaad,aadd,aada,adda,addd,adad,adaa,ddaa,ddad,dddd,ddda,dada,dadd,daad,daaa
256.1285222339699,107.37329607313451,22.05103667004867,1.1191114061666185,3.5241098371865758,1.2665916135352038,0.42903122851913844,0.018580082210491247,0.16695822030161128,0.09394296291144234,0.010963400745405881,0.21754063294858528,0.0662471178250646,0.009888201974104421,0.023396448640753038,0.007280592835114686
