aaaa,aaad,aadd,aada,adda,addd,adad,adaa,ddaa,ddad,dddd,ddda,dada,dadd,daad,daaa
210.81687540257954,83.31614483021099,21.929538320389387,0.9934939194732398,3.211916188377075,1.0975798652670985,0.2875006773084979,0.018923412621012284,0.13405950836899047,0.08086770715068617,0.010623813397161735,0.1754487641437541,0.0563416018136886,0.01545024236788576,0.021984459339868208,0.0058648681617388815
