aaaa,aaad,aadd,aada,adda,addd,adad,adaa,ddaa,ddad,dddd,ddda,dada,dadd,daad,daaa
227.29365924774288,86.173477995079,27.484596384896612,1.5481914433826518,4.090495053273813,1.1899841841638763,0.2665192859623409,0.028081090064792945,0.14646683125773646,0.08679877088511553,0.011702368712497992,0.19542407718026172,0.06521513783459906,0.025947522389441566,0.024806913516243742,0.005808775213094692
