aaaa,aaad,aadd,aada,adda,addd,adad,adaa,ddaa,ddad,dddd,ddda,dada,dadd,daad,daaa
200.90287764671726,76.7049153796732,20.445240582480878,1.229316815671567,3.0017639693095677,0.8249401990225234,0.24089821741585066,0.0176451975166151,0.1336099691107475,0.06871130489915685,0.011162874529267503,0.1660601825337023,0.05592818531911194,0.015846721755523593,0.02258617855509003,0.005666376321259319
