aaaa,aaad,aadd,aada,adda,addd,adad,adaa,ddaa,ddad,dddd,ddda,dada,dadd,daad,daaa
222.3528971221314,93.99778283888762,15.531829304308541,1.0584035711072717,2.589063933580359,0.8643789170201325,0.3819403609975411,0.015045551103717017,0.13782659436716013,0.08602219129223374,0.009905369539674169,0.1732491011964375,0.05343936724329044,0.00466595311130452,0.01875249204852179,0.0060419310860363035
