aaaa,aaad,aadd,aada,adda,addd,adad,adaa,ddaa,ddad,dddd,ddda,dada,dadd,daad,daaa
197.9556607716948,83.7244468891045,16.6133868901087,0.8371146760107879,2.687060454917863,0.9649453532823196,0.3539373935913157,0.013925749798144158,0.13152120611265006,0.06968679040596065,0.008519986200425258,0.169334752811977,0.051081850497210084,0.006981130233721156,0.018726132223873822,0.005614841774132788
