aaaa,aaad,aadd,aada,adda,addd,adad,adaa,ddaa,ddad,dddd,ddda,dada,dadd,daad,daaa
209.40374854656582,79.22427918682754,24.309643085836385,1.391409422305283,3.5028957944250196,1.018562351613986,0.2611964648961276,0.021924230318126355,0.14133331593687268,0.07009783971676503,0.01116614323207522,0.18026097627347454,0.060868666248022944,0.021041774904225912,0.025052083509515096,0.005905939693730969
