aaaa,aaad,aadd,aada,adda,addd,adad,adaa,ddaa,ddad,dddd,ddda,dada,dadd,daad,daaa
230.40078623681487,89.12646398525858,21.16454358567692,1.0896905000886759,3.0562350918591656,0.9456700667441411,0.2712977157150191,0.0177062671610739,0.14255753292671458,0.0892150275142064,0.012245661534848643,0.17866433651227703,0.058017095655598636,0.01290623832809943,0.021950986090555038,0.005795902507158918
