aaaa,aaad,aadd,aada,adda,addd,adad,adaa,ddaa,ddad,dddd,ddda,dada,dadd,daad,daaa
220.2861188882537,94.89933972572949,13.054473851792988,0.9749416509408877,2.511756636800434,0.6840463252536134,0.39170673284885105,0.014749566757132682,0.13953299912180298,0.08197224908794741,0.009965061208482128,0.17098545455164588,0.05108966848901648,0.0031434338881285873,0.01765597071161058,0.005536189268246356
