aaaa,aaad,aadd,aada,adda,addd,adad,adaa,ddaa,ddad,dddd,ddda,dada,dadd,daad,daaa
193.64910971400633,83.9335842428881,14.417985452163364,0.8443550496762401,2.523994626513616,0.8584172468174517,0.37472001603722294,0.013682956603106887,0.12870687616849225,0.06790698928343633,0.008173117705463622,0.16274837107158774,0.04886472491052043,0.004562555030644288,0.017837261929916304,0.004930771834778543
