aaaa,aaad,aadd,aada,adda,addd,adad,adaa,ddaa,ddad,dddd,ddda,dada,dadd,daad,daaa
244.1576770518924,94.82957483119026,21.44633478553016,1.1844884613103364,3.2017241360063906,0.9226124562686148,0.28616191654106526,0.018504430409254202,0.1517233981037302,0.0935544057269834,0.01315992640506336,0.18848501579880347,0.061213538483308925,0.012889529315080608,0.023201707603726807,0.0062809264606286455
