aaaa,aaad,aadd,aada,adda,addd,adad,adaa,ddaa,ddad,dddd,ddda,dada,dadd,daad,daaa
223.79751836482828,83.4677136066666,26.44493849290136,1.743538247203558,3.8371808124881173,1.0309978970549838,0.25359242567678464,0.02480319624396082,0.14984669290416422,0.07709196458257137,0.012143042982665487,0.19215892105351876,0.06688846137040692,0.024756217790379693,0.026429798681143497,0.006446035367545763
