aaaa,aaad,aadd,aada,adda,addd,adad,adaa,ddaa,ddad,dddd,ddda,dada,dadd,daad,daaa
214.3272092146375,85.04266807314268,21.31235124760233,0.9640977475466352,3.1326740455291042,1.042440761273418,0.3062247857149723,0.017759419060146022,0.14032677115531147,0.07669461961267249,0.010906865636598859,0.17834446902601692,0.056996032454772874,0.013707681411663756,0.023327596427108504,0.005946337479253392
