aaaa,aaad,aadd,aada,adda,addd,adad,adaa,ddaa,ddad,dddd,ddda,dada,dadd,daad,daaa
233.48925789431095,98.96910473807658,15.762480162228586,1.140465089313325,2.778250851797065,0.8842372730156326,0.3845998978325023,0.016072210362179224,0.14330834947181847,0.09236350621106909,0.00990878013522357,0.18146109346649417,0.05614571107565276,0.004438644384292651,0.018380381865301654,0.005827819130069972
