aaaa,aaad,aadd,aada,adda,addd,adad,adaa,ddaa,ddad,dddd,ddda,dada,dadd,daad,daaa
207.3198625501826,82.03449303331323,20.1164171901265,0.977049371805336,2.9988140239716303,0.9617362968010403,0.2767429711488349,0.01776220719898932,0.13172605058965603,0.0785232264690342,0.010471463242414398,0.16817583734321567,0.05412730184129927,0.012843175493877005,0.02119699604890829,0.0053272706016568305
