aaaa,aaad,aadd,aada,adda,addd,adad,adaa,ddaa,ddad,dddd,ddda,dada,dadd,daad,daaa
230.17735511336312,89.52593976401698,25.307850254480787,1.3678405613582871,3.8095740035308543,1.121516421751497,0.31321198191034044,0.02387657904172757,0.15547393291288295,0.07815853234715824,0.011919585436654627,0.19852536058692766,0.06547739620020238,0.0202969070951202,0.027237027750916864,0.006106040492908409
