aaaa,aaad,aadd,aada,adda,addd,adad,adaa,ddaa,ddad,dddd,ddda,dada,dadd,daad,daaa
227.77677693190154,85.15299375890423,25.17577134659208,1.4831621546675062,3.5373176166948377,1.0144295519873998,0.26950364086986917,0.02096305309777815,0.15425792089011459,0.07448050583696952,0.012771380273730308,0.1919777050615303,0.065259969424402,0.020807867883420973,0.026934033991190535,0.0064260209851138474
