aaaa,aaad,aadd,aada,adda,addd,adad,adaa,ddaa,ddad,dddd,ddda,dada,dadd,daad,daaa
204.5005137052746,91.39393611695385,11.577417025924632,0.9578281842232179,2.434347202017733,0.6718103812276989,0.41444370702326977,0.014213296442103639,0.13109886092263698,0.07543377672185775,0.008550788240364883,0.16296245061762757,0.048692903033020346,0.0025691337206077284,0.016692414687739333,0.00531345173509976
