aaaa,aaad,aadd,aada,adda,addd,adad,adaa,ddaa,ddad,dddd,ddda,dada,dadd,daad,daaa
229.57097596194714,89.57211002005575,26.909618035746497,1.2156041532153994,3.883034774621872,1.3022218170443298,0.3384366999945961,0.024267627983104195,0.15623871288583122,0.07677534038319418,0.011291812567259987,0.2020006961676913,0.06546604476503307,0.021407499529468046,0.027810339885262308,0.006093622538992654
