aaaa,aaad,aadd,aada,adda,addd,adad,adaa,ddaa,ddad,dddd,ddda,dada,dadd,daad,daaa
252.9390300605125,95.05325089621607,30.376821111498764,2.212856948716741,4.790153624120114,1.1641722347835581,0.27690266636953376,0.03363899071660692,0.16316459499340732,0.0964116558963501,0.013123781433832355,0.22001040157626509,0.07623679840964276,0.031756606185553815,0.02825762932090496,0.007335801248692128
