aaaa,aaad,aadd,aada,adda,addd,adad,adaa,ddaa,ddad,dddd,ddda,dada,dadd,daad,daaa
218.24882066372447,92.8363942420994,16.664366952802418,1.0224941081804897,2.777608746738778,0.9665147100211241,0.3844546924445724,0.014478260128367703,0.1379564313966773,0.08360847944280655,0.009209485683550504,0.17859870838961256,0.05524408991793274,0.00600734112993067,0.019124261657676,0.006140874023206777
