aaaa,aaad,aadd,aada,adda,addd,adad,adaa,ddaa,ddad,dddd,ddda,dada,dadd,daad,daaa
222.64519754962103,82.37784259658963,28.464188986558543,2.2375725752104545,4.336761046337756,1.0453734351950388,0.2531532412609437,0.030328812861948547,0.15172500215584514,0.07495121665343948,0.011799169868880983,0.19908028229960278,0.07195266283448842,0.030307566755308483,0.027865218034577786,0.006545450263016048
