aaaa,aaad,aadd,aada,adda,addd,adad,adaa,ddaa,ddad,dddd,ddda,dada,dadd,daad,daaa
187.74041268256562,78.6528183755694,13.18869813511947,0.7542903396351622,2.2784134007378567,0.678036141512653,0.3138927459218991,0.011958653861172746,0.12344096703009269,0.06532860040804023,0.008660619950011071,0.15273276676010752,0.045132075426469985,0.004620461671287945,0.01641999667436753,0.005204057619371508
