aaaa,aaad,aadd,aada,adda,addd,adad,adaa,ddaa,ddad,dddd,ddda,dada,dadd,daad,daaa
199.4272732057563,82.80185422872037,14.71230944351152,0.8537992404857804,2.45211148382542,0.7653166880356937,0.30964594372608795,0.012985413270882045,0.12737271523105204,0.07397707115626427,0.009020335045861295,0.1605109786310388,0.04838969554458158,0.005494676024499704,0.016771615729603485,0.0055267224899629465
