aaaa,aaad,aadd,aada,adda,addd,adad,adaa,ddaa,ddad,dddd,ddda,dada,dadd,daad,daaa
243.76238792909535,96.52784759155756,23.747480940082372,1.1065507279962545,3.4878408713515316,1.148192858725693,0.33397976180142724,0.01995479099344008,0.15637052081202127,0.09038213607357867,0.012380685228124499,0.1990936813400026,0.06393348823037982,0.015025188671860897,0.025472161267589784,0.0067208245466839935
