aaaa,aaad,aadd,aada,adda,addd,adad,adaa,ddaa,ddad,dddd,ddda,dada,dadd,daad,daaa
222.02122264433018,83.9078884398936,22.986302212559686,1.136895578719048,3.126879967496406,0.9831093344881775,0.2664697808034173,0.01733747276762455,0.14680962193575062,0.07580117714279165,0.012460273922370127,0.1814845307358867,0.059517034779830724,0.016156070586454678,0.024485942547263852,0.006077575551294102
