aaaa,aaad,aadd,aada,adda,addd,adad,adaa,ddaa,ddad,dddd,ddda,dada,dadd,daad,daaa
200.39711692248494,72.95916189391829,23.905740573525648,1.6863549470054497,3.3195574237622907,0.8829391038227621,0.21292269188485052,0.020832839328501062,0.13586319811792674,0.06543266459797119,0.01147417233478441,0.17029051795556638,0.06073900168708966,0.02235440935209743,0.024112256497014893,0.005707223660090672
