aaaa,aaad,aadd,aada,adda,addd,adad,adaa,ddaa,ddad,dddd,ddda,dada,dadd,daad,daaa
194.50668954536556,78.81418245754838,20.572802913749847,0.8455757646076979,3.0234801711784427,1.1206494827990352,0.3080938966576269,0.017622609990483953,0.12742196519202598,0.07125926940499897,0.009490272918565775,0.1668103812311841,0.053072916528787706,0.01350241172052699,0.021669637083291376,0.005425373673962591
