aaaaaa,aaaaad,aaaadd,aaaada,aaadda,aaaddd,aaadad,aaadaa,aaddaa,aaddad,aadddd,aaddda,aadada,aadadd,aadaad,aadaaa,addaaa,addaad,addadd,addada,adddda,addddd,adddad,adddaa,adadaa,adadad,adaddd,adadda,adaada,adaadd,adaaad,adaaaa,ddaaaa,ddaaad,ddaadd,ddaada,ddadda,ddaddd,ddadad,ddadaa,ddddaa,ddddad,dddddd,ddddda,dddada,dddadd,dddaad,dddaaa,dadaaa,dadaad,dadadd,dadada,daddda,dadddd,daddad,daddaa,daadaa,daadad,daaddd,daadda,daaada,daaadd,daaaad,daaaaa
9.29933525021423,92.28903474545946,3.596827507066356,61.209439747442694,34.649065978963854,0.007668606422340651,27.01053324956419,3.4769868536609496,0.3863629032431932,3.283264186213258,1.0167478980054279,9.038509632288896,5.192229999664691,0.40505645512046135,2.0404838691410663,0.06942143140497929,1.1490133639845814,0.0033752691507477578,2.6289262457400135,0.0005672836544816704,0.46183985572043845,0.2781950082654099,1.5088424914900695,0.32300009703993876,0.32758106302281137,1.556728987212497,0.7859817454517763,2.995538009862109,1.3034683435894736,0.03742497846148774,0.4094658713247516,0.04728493162837863,0.03331518726714945,0.02082480813882405,0.08627909252933182,0.0184227331166596,0.02016305161309878,7.218733231145308e-06,0.0781867825953655,4.2593893532621134e-05,0.07014260920778655,0.06859138866075862,0.14848771546952447,0.026919542798239573,0.0054796138033897605,6.81366524437624e-05,0.0005073785181470083,0.0006626110192392333,0.2576370788680238,0.008192428228629142,0.6249133104005582,0.007480511395211467,0.019345643136962937,0.16868684097022413,0.18677901892648865,0.16632022200328006,0.05893820522036015,0.28406529399056685,0.17882570746399615,0.5937719136019275,0.41296497563599466,0.03573844934141503,0.13009401915141108,0.0010183677114212531
