aaaaaa,aaaaad,aaaadd,aaaada,aaadda,aaaddd,aaadad,aaadaa,aaddaa,aaddad,aadddd,aaddda,aadada,aadadd,aadaad,aadaaa,addaaa,addaad,addadd,addada,adddda,addddd,adddad,adddaa,adadaa,adadad,adaddd,adadda,adaada,adaadd,adaaad,adaaaa,ddaaaa,ddaaad,ddaadd,ddaada,ddadda,ddaddd,ddadad,ddadaa,ddddaa,ddddad,dddddd,ddddda,dddada,dddadd,dddaad,dddaaa,dadaaa,dadaad,dadadd,dadada,daddda,dadddd,daddad,daddaa,daadaa,daadad,daaddd,daadda,daaada,daaadd,daaaad,daaaaa
6.220888157119211,85.15707299817603,1.9854465357783355,56.04076161007807,37.071716975980465,0.03561888879739619,29.04197408619933,3.4719091081949167,0.5547040272216541,2.6849990983551186,1.032975749623738,8.34610403531707,4.678568501645611,0.552783087392939,2.1149121878770574,0.05271617161555095,1.1496730949262117,0.00035708070775519935,2.501555301824087,0.0019074570190708963,0.6245771300250347,0.37188429042152893,1.538716014170378,0.3279552333595023,0.3599648411519913,1.3967736406839235,0.7447538693725152,2.839033243950148,1.2956289937272678,0.04870280222979697,0.4765639823219412,0.04338882397386308,0.03129408629181994,0.016803155021187725,0.08036161516116833,0.014671518965932833,0.027503934895578473,0.00043178133138532907,0.08351686545424943,0.0001884326536754331,0.05730605627907914,0.07454910577815495,0.1329528480359496,0.028487933273037648,0.012595527049007734,0.00046478613552923515,1.1887909333141981e-05,0.0001381070106047553,0.2587820982434358,0.003553866700939941,0.5939659380428967,0.004322376900068081,0.03836711008528929,0.19800362466954463,0.19446099475677614,0.1645915624326661,0.06718815817728666,0.2496472190188871,0.16927371231690777,0.5608347546163035,0.4023853618179207,0.037402211804213846,0.14551397695439328,0.0013448485151178861
