aaaaaa,aaaaad,aaaadd,aaaada,aaadda,aaaddd,aaadad,aaadaa,aaddaa,aaddad,aadddd,aaddda,aadada,aadadd,aadaad,aadaaa,addaaa,addaad,addadd,addada,adddda,addddd,adddad,adddaa,adadaa,adadad,adaddd,adadda,adaada,adaadd,adaaad,adaaaa,ddaaaa,ddaaad,ddaadd,ddaada,ddadda,ddaddd,ddadad,ddadaa,ddddaa,ddddad,dddddd,ddddda,dddada,dddadd,dddaad,dddaaa,dadaaa,dadaad,dadadd,dadada,daddda,dadddd,daddad,daddaa,daadaa,daadad,daaddd,daadda,daaada,daaadd,daaaad,daaaaa
6.917431938885812,89.50788641244073,2.1608835554464667,59.72582928145682,36.8048418699849,0.012769950112211055,29.217877437312964,3.5375233234205186,0.24513423902190357,3.7259178965766098,1.0141686286965816,8.834071601715518,5.798139051459807,0.29068599222751546,2.2250055570222105,0.07142863138544243,1.0725616303728709,0.002771147828941307,2.4811304839082213,0.0002356982537465211,0.42551085347479817,0.2287880654702647,1.559879326532473,0.33079224567391946,0.2723657786838294,1.6638203340043187,0.7769781270916254,2.938347444044158,1.4436945012886575,0.02854117918024722,0.4668382838357247,0.04434133406063649,0.032108544439494985,0.01843017916073746,0.08020881235118425,0.017454019234915776,0.020597011522491528,4.3581300104997904e-07,0.0803773249292056,3.058903150529714e-05,0.07695462218322718,0.060287463645320415,0.1441441108368745,0.027198403067533423,0.00425084782855872,0.0006846599647906703,0.00018423037537649393,0.0007744950807962803,0.2450583327666101,0.007718272915019048,0.5930847873206188,0.007448028051853356,0.01669122683636511,0.151019840981105,0.19578570207445253,0.1685472046437586,0.047902684920057344,0.3061985157360876,0.17550722274669692,0.5832011999157308,0.44531253932994946,0.030165427461819605,0.14498088955042046,0.0011630888684706067
