aaaaaa,aaaaad,aaaadd,aaaada,aaadda,aaaddd,aaadad,aaadaa,aaddaa,aaddad,aadddd,aaddda,aadada,aadadd,aadaad,aadaaa,addaaa,addaad,addadd,addada,adddda,addddd,adddad,adddaa,adadaa,adadad,adaddd,adadda,adaada,adaadd,adaaad,adaaaa,ddaaaa,ddaaad,ddaadd,ddaada,ddadda,ddaddd,ddadad,ddadaa,ddddaa,ddddad,dddddd,ddddda,dddada,dddadd,dddaad,dddaaa,dadaaa,dadaad,dadadd,dadada,daddda,dadddd,daddad,daddaa,daadaa,daadad,daaddd,daadda,daaada,daaadd,daaaad,daaaaa
8.934114341705822,94.30894669117642,3.10479875677789,62.3875389864716,39.92563381165135,0.012760024043920029,29.578145322128172,3.186555436852004,0.9204355387710168,2.3562515707732814,1.7767326489752484,7.823912289127387,4.582209602539009,0.851889605975727,2.017257053288743,0.02640473930636658,1.2229634877443343,0.0011242826659539672,2.442786545163657,0.010845053405896471,0.6928288753286811,0.41908003322252896,1.4851945065485828,0.2590716620591627,0.49085392752400636,1.3630565850571392,0.9960906612990617,2.868126219020526,1.3334045579573912,0.0689739791126165,0.4877521317209564,0.04982160779603554,0.03528227885540028,0.01857301590385801,0.08378966529465874,0.019538882872555376,0.03645965115636494,0.0011387418222726117,0.09506390605855361,0.0001159521233494354,0.05502797529522904,0.09505159217158136,0.12098161113605949,0.047239777319389026,0.023141576080636123,0.003727743755783062,0.001524185101966336,0.0008367933848740417,0.2729959997906362,0.0066321690259267055,0.5817543504614636,0.016454411217039548,0.04376908041265973,0.2243722597018853,0.18392937837189968,0.15020628033129105,0.09324572583220452,0.2412100901324239,0.22614937596436419,0.5654594356449357,0.4292654243711343,0.04772443711312773,0.15691842389005609,0.0016484640004971228
