aaaaaa,aaaaad,aaaadd,aaaada,aaadda,aaaddd,aaadad,aaadaa,aaddaa,aaddad,aadddd,aaddda,aadada,aadadd,aadaad,aadaaa,addaaa,addaad,addadd,addada,adddda,addddd,adddad,adddaa,adadaa,adadad,adaddd,adadda,adaada,adaadd,adaaad,adaaaa,ddaaaa,ddaaad,ddaadd,ddaada,ddadda,ddaddd,ddadad,ddadaa,ddddaa,ddddad,dddddd,ddddda,dddada,dddadd,dddaad,dddaaa,dadaaa,dadaad,dadadd,dadada,daddda,dadddd,daddad,daddaa,daadaa,daadad,daaddd,daadda,daaada,daaadd,daaaad,daaaaa
14.334076292847898,107.28067823577514,6.055241316609279,71.65177472026117,37.1057890759906,0.0003831174845519965,27.45556844866873,3.3562117754800957,0.5534427372546689,3.413813229879782,1.6470739668174317,9.251389423870684,5.570557104179537,0.5516059966160387,2.0166304714306023,0.05478269817760465,1.2439655564910383,0.019990589615960314,2.730194694233131,0.0270997596661698,0.45233422543703855,0.2787116473318771,1.5072604484480374,0.27592595366107303,0.4246766245078655,1.6626354506768488,1.0502608319237028,3.2051001609859298,1.3874986960692257,0.04840175803999293,0.4041367276688636,0.05652615718724975,0.040499512427016035,0.02473878471674097,0.09548307309786168,0.02625100127561233,0.024878738421711035,5.7518846787743475e-05,0.08668538096889108,5.6493420084081286e-05,0.0809101401914243,0.08085803731936535,0.15138396739278853,0.04184943927611958,0.007187225893830069,2.7883804544118935e-05,5.005805849805931e-05,1.4151539493608875e-05,0.2788239395906848,0.01571595603432357,0.647911328398225,0.023698071551810355,0.01599972010752852,0.18148756995835533,0.1797962360308104,0.15873829078455132,0.0779297230008299,0.30273187628965226,0.23718751636793686,0.6402795304590814,0.453868953165545,0.0450766897208818,0.1381827790823936,0.0013120496993889227
