aaaaaa,aaaaad,aaaadd,aaaada,aaadda,aaaddd,aaadad,aaadaa,aaddaa,aaddad,aadddd,aaddda,aadada,aadadd,aadaad,aadaaa,addaaa,addaad,addadd,addada,adddda,addddd,adddad,adddaa,adadaa,adadad,adaddd,adadda,adaada,adaadd,adaaad,adaaaa,ddaaaa,ddaaad,ddaadd,ddaada,ddadda,ddaddd,ddadad,ddadaa,ddddaa,ddddad,dddddd,ddddda,dddada,dddadd,dddaad,dddaaa,dadaaa,dadaad,dadadd,dadada,daddda,dadddd,daddad,daddaa,daadaa,daadad,daaddd,daadda,daaada,daaadd,daaaad,daaaaa
7.580270744682103,104.14544022245344,2.237534998952262,68.66626626588797,49.372843095080626,0.07770486589328925,36.329631869567336,3.7883762420939475,1.479710626030794,2.1205776499879243,2.1566540715898372,8.485099309146115,4.336552106270862,1.4591469536441524,2.3510130094616386,0.01659542623405275,1.6178090721082117,0.011195305011892242,2.828873203538119,0.001502751666109749,1.1664079507322023,0.7376359615114964,1.767451036467133,0.3131456423754331,0.6409573697235006,1.4351372772433453,1.0927646150462977,3.2888599010184043,1.4664956137554097,0.11200270733418462,0.6520365847224431,0.06047255048524424,0.041087593860922075,0.017300806292628874,0.09369472285924896,0.019015145070975587,0.05647991348049518,0.00443874201088129,0.11371136999937075,0.000360610945821911,0.04767372656385639,0.12625876557478857,0.11497062619965887,0.06644982720218068,0.04954196001323283,0.013723238730478083,0.005831580310507285,0.0030967191666852996,0.35523537526051635,0.001026460093706257,0.6730202414165805,0.011591619121888597,0.09697400686431731,0.3383636037733901,0.22115567470468836,0.17708901845823213,0.12511457659211478,0.24588382058028166,0.24887747268759655,0.6415610024572804,0.4693863997309469,0.06364423809742602,0.1989699740253826,0.00246521480871544
