aaaaaa,aaaaad,aaaadd,aaaada,aaadda,aaaddd,aaadad,aaadaa,aaddaa,aaddad,aadddd,aaddda,aadada,aadadd,aadaad,aadaaa,addaaa,addaad,addadd,addada,adddda,addddd,adddad,adddaa,adadaa,adadad,adaddd,adadda,adaada,adaadd,adaaad,adaaaa,ddaaaa,ddaaad,ddaadd,ddaada,ddadda,ddaddd,ddadad,ddadaa,ddddaa,ddddad,dddddd,ddddda,dddada,dddadd,dddaad,dddaaa,dadaaa,dadaad,dadadd,dadada,daddda,dadddd,daddad,daddaa,daadaa,daadad,daaddd,daadda,daaada,daaadd,daaaad,daaaaa
12.029713326276418,97.06222733670755,4.685301887806252,66.02042545064924,32.69416351370817,0.002012956689269759,24.309670737528336,2.9372949085473126,0.14579618482996792,4.30108147355518,1.351178763214351,8.535642736993294,5.992510495482009,0.23237788845580748,1.9370464366273359,0.0707329767599006,1.0205183493841947,0.030816651381181386,2.3298149482874453,0.034970352172245325,0.2629342051168052,0.14384507449637612,1.3103453670196528,0.2350304727190933,0.24687030846032756,1.7937103187829293,0.9193079293427153,2.8906053365681443,1.3740010874864623,0.022364824950878284,0.36378536138114237,0.049672413732626534,0.035818995430005,0.022716075807008063,0.08290961351798837,0.024974815875835686,0.015513159685129283,0.00020812218922316677,0.07175322882383152,0.00017254809095016912,0.09255193543528585,0.054510433513167436,0.1426021056244154,0.03370075795406174,0.0011824743163157355,0.0017650740802981088,0.0007706739399741789,0.0005137212787632655,0.23265459319243653,0.018478478577156857,0.557797191706904,0.02533871377536812,0.0037733249071270672,0.12035340762464873,0.15380652147314922,0.13745219690130472,0.04168416565793763,0.3370749998027915,0.20583623512383625,0.5807905619173735,0.43973168864320317,0.030218810794572518,0.12374298538595305,0.0010881853461875372
