aaaaaa,aaaaad,aaaadd,aaaada,aaadda,aaaddd,aaadad,aaadaa,aaddaa,aaddad,aadddd,aaddda,aadada,aadadd,aadaad,aadaaa,addaaa,addaad,addadd,addada,adddda,addddd,adddad,adddaa,adadaa,adadad,adaddd,adadda,adaada,adaadd,adaaad,adaaaa,ddaaaa,ddaaad,ddaadd,ddaada,ddadda,ddaddd,ddadad,ddadaa,ddddaa,ddddad,dddddd,ddddda,dddada,dddadd,dddaad,dddaaa,dadaaa,dadaad,dadadd,dadada,daddda,dadddd,daddad,daddaa,daadaa,daadad,daaddd,daadda,daaada,daaadd,daaaad,daaaaa
8.441006004263546,90.81350762964405,3.0014445803061247,60.67945843852551,34.70636759086105,0.004706377037398856,27.48568797479558,3.483982423022331,0.210987918852869,3.844613363283848,0.995913490730863,8.916472456829576,5.78271409169307,0.2576315790199535,2.10841709039862,0.07612955505095398,1.0629339732956444,0.0069526230763426,2.497619524015772,0.0015919001524943549,0.3646440829308447,0.20153486742796842,1.5132579712464354,0.3263943548332433,0.2607941794375263,1.6798025410969561,0.7795347858007865,2.9361464987040784,1.391488906314791,0.025688948257045856,0.4201652611901235,0.045322816682145134,0.03301041739900664,0.019652678246439872,0.08238695051633857,0.018592531248592017,0.0178453525907326,5.372844918028979e-05,0.07707566256446689,8.328409130882516e-06,0.08093063822681247,0.05796885055369071,0.14867504019862868,0.026217749798662916,0.002509017810517424,0.0012387481577375472,0.000610713922360271,0.0010184025100987268,0.24192234402058116,0.0098755516412044,0.5958804137438877,0.009112643101098529,0.011454223429311947,0.13989526674215827,0.1883967565026265,0.1656408677366159,0.0457612507829643,0.3120473504823637,0.17691382187852348,0.586379833412989,0.43377177962107577,0.029793479490845445,0.13353302240582524,0.0010774758653646034
