aaaaaa,aaaaad,aaaadd,aaaada,aaadda,aaaddd,aaadad,aaadaa,aaddaa,aaddad,aadddd,aaddda,aadada,aadadd,aadaad,aadaaa,addaaa,addaad,addadd,addada,adddda,addddd,adddad,adddaa,adadaa,adadad,adaddd,adadda,adaada,adaadd,adaaad,adaaaa,ddaaaa,ddaaad,ddaadd,ddaada,ddadda,ddaddd,ddadad,ddadaa,ddddaa,ddddad,dddddd,ddddda,dddada,dddadd,dddaad,dddaaa,dadaaa,dadaad,dadadd,dadada,daddda,dadddd,daddad,daddaa,daadaa,daadad,daaddd,daadda,daaada,daaadd,daaaad,daaaaa
10.420179641340594,105.13340446755313,3.9529776272350006,69.93137728217606,39.058479036911066,0.0036855926910630576,31.542473409667096,4.231781031675048,0.22712031898836416,4.526521238962773,1.0424203261084202,10.63604770418912,6.773874768663503,0.25993049003592344,2.4183899240777142,0.09702782689844079,1.233595220083392,0.008740798430505351,2.9863034953299534,0.0004151131108202349,0.39010046680002874,0.21541441600731803,1.801635765715314,0.40982574987555576,0.29542826467183075,1.955089677162122,0.8754215586142529,3.441131135537418,1.5941472964004615,0.027091937471768093,0.4650682729798557,0.05194320821830208,0.03871563915529678,0.023595587299901067,0.09852556139248328,0.02126896614105708,0.01832832164910782,0.00015538212049129492,0.08850596428954458,2.4232370212729533e-05,0.09501678179184542,0.06475381184095186,0.17982727628804762,0.02655104357678135,0.0016492349445898491,0.0023423442206036856,0.0014782676828249811,0.001846498870954281,0.2813076975420279,0.011842324053872581,0.7123371337919329,0.008537623753422815,0.010530849278640727,0.15466287094761386,0.2252702266677244,0.20181739189856837,0.051120981737269464,0.3632276287694844,0.19832364271300293,0.6861757642156241,0.496439553929471,0.03350927932594488,0.14803010629219426,0.0011619134977049566
