aaaaaa,aaaaad,aaaadd,aaaada,aaadda,aaaddd,aaadad,aaadaa,aaddaa,aaddad,aadddd,aaddda,aadada,aadadd,aadaad,aadaaa,addaaa,addaad,addadd,addada,adddda,addddd,adddad,adddaa,adadaa,adadad,adaddd,adadda,adaada,adaadd,adaaad,adaaaa,ddaaaa,ddaaad,ddaadd,ddaada,ddadda,ddaddd,ddadad,ddadaa,ddddaa,ddddad,dddddd,ddddda,dddada,dddadd,dddaad,dddaaa,dadaaa,dadaad,dadadd,dadada,daddda,dadddd,daddad,daddaa,daadaa,daadad,daaddd,daadda,daaada,daaadd,daaaad,daaaaa
11.125188366553314,91.45982490069868,4.540007250143275,60.931535878286084,32.8666385992266,0.00025245396613820734,24.643785046144426,3.0115482789813317,0.4709050677162297,2.95649096162172,1.3273072439896423,8.11709555219057,4.852563760181795,0.4688012439111362,1.8142112183488845,0.050011416580154074,1.084634724572815,0.011531686013811049,2.3964135922910343,0.013578296882506693,0.41901481051877504,0.25509542727279044,1.3456796956298838,0.2547034715932213,0.35951603906426965,1.443830255598853,0.8743094183797032,2.7906528299676046,1.2220904055720991,0.0415751254272978,0.36983272106746823,0.04802044006892025,0.03403901659470403,0.020692787680229245,0.08194037882626305,0.021178977269425612,0.02177523526983153,5.758425259938005e-05,0.07621642832751607,2.3360393376669644e-05,0.06819797067285271,0.07004010762145206,0.13240519396986306,0.034107579764387205,0.006680484716623373,2.0006873051121765e-05,4.728441295365035e-05,2.833131793624559e-05,0.24291382410994355,0.011565673347127159,0.5690191348061511,0.016153876741822577,0.01632597623331086,0.16132216344473022,0.16235286310235286,0.14274684103052715,0.06587282335933052,0.2624176665361167,0.1976530115612854,0.5559120579157184,0.3962462363652457,0.03808144383311518,0.12340553095544514,0.0011082992642981366
