aaaaaa,aaaaad,aaaadd,aaaada,aaadda,aaaddd,aaadad,aaadaa,aaddaa,aaddad,aadddd,aaddda,aadada,aadadd,aadaad,aadaaa,addaaa,addaad,addadd,addada,adddda,addddd,adddad,adddaa,adadaa,adadad,adaddd,adadda,adaada,adaadd,adaaad,adaaaa,ddaaaa,ddaaad,ddaadd,ddaada,ddadda,ddaddd,ddadad,ddadaa,ddddaa,ddddad,dddddd,ddddda,dddada,dddadd,dddaad,dddaaa,dadaaa,dadaad,dadadd,dadada,daddda,dadddd,daddad,daddaa,daadaa,daadad,daaddd,daadda,daaada,daaadd,daaaad,daaaaa
6.696097007739811,93.9809896596795,2.0535096447035626,61.541763197996524,43.060046501567015,0.04377242295200758,33.23903905485399,3.744017694276132,0.8920926307644057,2.4846248291644972,1.4555369075854065,8.588313071393276,4.811654382547522,0.8322526612106641,2.293526244478041,0.03741242498619573,1.3058479399239293,0.0012025723806844556,2.689814350843329,0.0006853254257490718,0.8101703893491163,0.48515958441049395,1.6999184759094983,0.3393697610614273,0.4765543113782116,1.4291815292499523,0.9064329718666619,3.053096522230536,1.4226649855051696,0.06977161143918945,0.5593554172907979,0.04931763585803838,0.036531750791164504,0.016157630832394645,0.08459614630103168,0.017194432668281173,0.0392807688059347,0.0015475065191656704,0.09812302818031653,0.0002608269947895942,0.05589896973596027,0.09404282138882403,0.13201997707797147,0.04063882939137452,0.02296886817558553,0.0026898018277260673,0.0011804282620535935,0.00021099893621450924,0.2918250294300377,0.003161876530455101,0.6382643389729611,0.006643498392390522,0.05657596101769759,0.24601325686577993,0.21607622133324664,0.17750283925513466,0.09085905332330814,0.2512792171325119,0.20611991461133275,0.599831453774987,0.4464634472212804,0.04723683681367515,0.17218231381718888,0.0017217855975064384
