aaaaaa,aaaaad,aaaadd,aaaada,aaadda,aaaddd,aaadad,aaadaa,aaddaa,aaddad,aadddd,aaddda,aadada,aadadd,aadaad,aadaaa,addaaa,addaad,addadd,addada,adddda,addddd,adddad,adddaa,adadaa,adadad,adaddd,adadda,adaada,adaadd,adaaad,adaaaa,ddaaaa,ddaaad,ddaadd,ddaada,ddadda,ddaddd,ddadad,ddadaa,ddddaa,ddddad,dddddd,ddddda,dddada,dddadd,dddaad,dddaaa,dadaaa,dadaad,dadadd,dadada,daddda,dadddd,daddad,daddaa,daadaa,daadad,daaddd,daadda,daaada,daaadd,daaaad,daaaaa
8.444574345608352,94.8314451334242,2.886211084890497,62.55530767636512,40.74097901078338,0.01947128913788967,30.444996704320676,3.3257097655122814,0.9427211451476648,2.3652485224715414,1.7096476989344351,8.03848660983327,4.57506056339731,0.8796457979770271,2.0753297629684737,0.028030762270472544,1.265501268151574,9.996430231010857e-05,2.5276036922301417,0.00539065923464634,0.7375039710474331,0.44874006791108473,1.5388837813451666,0.2782419953124875,0.49474448185484643,1.3795584866658015,0.9757416486573182,2.9335762436041355,1.3466185350426076,0.07159790340036883,0.507068682204962,0.050738014580648645,0.0371400207599477,0.01722287371620774,0.08315847411992622,0.019779793972644545,0.038790288098222575,0.0015587904375946777,0.09484497485909002,0.00011080371436216056,0.05528848635147287,0.09535452493267177,0.12205142944130136,0.04703961959846002,0.02335237604209543,0.003568519455491384,0.0016311287522076032,0.0007967349077292978,0.2818112073590945,0.0053148692957867795,0.6007738732265127,0.013359353894362042,0.04848016220361197,0.23467761228229672,0.191170609270437,0.15685226206935107,0.09434236876169155,0.24306527625346117,0.22118028102455534,0.5783081195995942,0.4312906804006536,0.0487041639393741,0.1611345357873205,0.0017283918185278333
