aaaaaa,aaaaad,aaaadd,aaaada,aaadda,aaaddd,aaadad,aaadaa,aaddaa,aaddad,aadddd,aaddda,aadada,aadadd,aadaad,aadaaa,addaaa,addaad,addadd,addada,adddda,addddd,adddad,adddaa,adadaa,adadad,adaddd,adadda,adaada,adaadd,adaaad,adaaaa,ddaaaa,ddaaad,ddaadd,ddaada,ddadda,ddaddd,ddadad,ddadaa,ddddaa,ddddad,dddddd,ddddda,dddada,dddadd,dddaad,dddaaa,dadaaa,dadaad,dadadd,dadada,daddda,dadddd,daddad,daddaa,daadaa,daadad,daaddd,daadda,daaada,daaadd,daaaad,daaaaa
9.632077781960337,98.93351246487796,3.077979734661921,68.17222810892113,35.8499487033183,1.7025387148677578e-05,26.564728285886208,2.94351213702641,0.0425672052284607,5.249795462328474,1.355651553448278,8.77939428156409,6.891412256136889,0.14743446939473212,2.2272794521128763,0.08406479174742354,0.9952838634098436,0.028837093031588837,2.26980998023602,0.035602322194027446,0.24890863390243229,0.11874050309333108,1.34178097275379,0.22836046870630686,0.18681418427977442,2.0519903894658915,0.9297768095722346,2.9734785623161986,1.5706477939456223,0.015457825393506406,0.4300176789478736,0.048742985216381755,0.03523296696595971,0.022482788314180317,0.08068784205008288,0.025402202444721966,0.015122507438679725,0.0004876073748335298,0.07277359854428007,0.0003084545107947292,0.105333496387763,0.04817929331928132,0.14497620198887567,0.03470584230254553,0.0006028663916614425,0.00365502529492896,0.0008227738273437087,0.001036437385973586,0.23130457538952517,0.018600487006200043,0.5502876187815615,0.026752123146616947,0.002846062058643622,0.1107620922793764,0.15776320560751445,0.13680534385902557,0.029595809162752035,0.39066608073256787,0.20755442677253125,0.5980132292956646,0.48906182491842115,0.02534924715117671,0.14007661433697802,0.0011937528381738651
