aaaaaa,aaaaad,aaaadd,aaaada,aaadda,aaaddd,aaadad,aaadaa,aaddaa,aaddad,aadddd,aaddda,aadada,aadadd,aadaad,aadaaa,addaaa,addaad,addadd,addada,adddda,addddd,adddad,adddaa,adadaa,adadad,adaddd,adadda,adaada,adaadd,adaaad,adaaaa,ddaaaa,ddaaad,ddaadd,ddaada,ddadda,ddaddd,ddadad,ddadaa,ddddaa,ddddad,dddddd,ddddda,dddada,dddadd,dddaad,dddaaa,dadaaa,dadaad,dadadd,dadada,daddda,dadddd,daddad,daddaa,daadaa,daadad,daaddd,daadda,daaada,daaadd,daaaad,daaaaa
6.933283076294433,105.06822547379905,2.0083516601147906,69.77586299471473,45.03978484656133,0.03520805813083394,36.16640811990633,4.428893957535671,0.3351896534984171,4.259316025851793,1.052540802285895,10.827361559710821,6.708723179049464,0.389543963573908,2.74825238049976,0.08856972486750728,1.3288700784771224,7.506235551640311e-05,3.0629414151819265,0.002514373871502094,0.5955479311765277,0.328329764942485,1.9404430553329166,0.4318267041072357,0.33301562173910954,1.9509571159616195,0.8610453522256226,3.5702304625876526,1.7173924858875538,0.03798419220887066,0.5881335780627431,0.05187622326770606,0.0372305103792214,0.02117286406002816,0.09636592579260461,0.018510684065495442,0.025882816839765045,1.2731949435464464e-05,0.09692027130362815,0.00010842899107956587,0.0855386502197197,0.07502084547513604,0.17437145270211854,0.02959528528274847,0.006900015034773266,0.00038521891174984657,0.0002136843475343431,0.0011711711377860976,0.3026288674356592,0.006027880705466757,0.7318731024596931,0.004468727217640948,0.02836484961281016,0.19864795453664866,0.24674679884206446,0.2123593394350212,0.05920687033570527,0.3563432069849218,0.19531544342424242,0.705787477821758,0.5251344274785216,0.036775941336417275,0.1774408394361027,0.0013716646448951176
