aaaaaa,aaaaad,aaaadd,aaaada,aaadda,aaaddd,aaadad,aaadaa,aaddaa,aaddad,aadddd,aaddda,aadada,aadadd,aadaad,aadaaa,addaaa,addaad,addadd,addada,adddda,addddd,adddad,adddaa,adadaa,adadad,adaddd,adadda,adaada,adaadd,adaaad,adaaaa,ddaaaa,ddaaad,ddaadd,ddaada,ddadda,ddaddd,ddadad,ddadaa,ddddaa,ddddad,dddddd,ddddda,dddada,dddadd,dddaad,dddaaa,dadaaa,dadaad,dadadd,dadada,daddda,dadddd,daddad,daddaa,daadaa,daadad,daaddd,daadda,daaada,daaadd,daaaad,daaaaa
7.4662383130682715,84.46958261719584,2.4925703909486496,55.77455518765552,36.27435461069474,0.009467699760440079,27.76314063331601,3.091201065471641,0.6231490194830624,2.482484206500046,1.4137949643123977,7.412921779817925,4.690331216525996,0.5640957969597988,1.9400446591872598,0.03461086816988362,1.0450848916911135,0.0026009365720231995,2.2464387140641224,0.005324607894323655,0.5394323558743648,0.30831416905601605,1.4194085071888463,0.2668816387837082,0.3913076847844202,1.311855371467088,0.8634609035926714,2.625274321758303,1.283703543527758,0.048993983722183616,0.4486109903996493,0.042749267042286224,0.030672319201609774,0.017107144481701978,0.07579870660905326,0.016857318772654385,0.028910571130801654,0.00043149078214087207,0.08519535325217971,0.00010168441475339592,0.057510543380275427,0.07580486844832449,0.11926811580094886,0.036342175323689496,0.014015332013821139,0.0008493787211640288,0.0005144799167174428,0.00010145911682101931,0.2351326997235552,0.007383255036954817,0.5378588982379766,0.011804691566058739,0.030001251259776335,0.17834053987240994,0.17905254823283284,0.14701974590282815,0.07320183359165428,0.23533039171148093,0.19669612594257535,0.517862471876161,0.40812528240451856,0.037393605825039394,0.1420267766704897,0.0012222870722723021
