aaaaaa,aaaaad,aaaadd,aaaada,aaadda,aaaddd,aaadad,aaadaa,aaddaa,aaddad,aadddd,aaddda,aadada,aadadd,aadaad,aadaaa,addaaa,addaad,addadd,addada,adddda,addddd,adddad,adddaa,adadaa,adadad,adaddd,adadda,adaada,adaadd,adaaad,adaaaa,ddaaaa,ddaaad,ddaadd,ddaada,ddadda,ddaddd,ddadad,ddadaa,ddddaa,ddddad,dddddd,ddddda,dddada,dddadd,dddaad,dddaaa,dadaaa,dadaad,dadadd,dadada,daddda,dadddd,daddad,daddaa,daadaa,daadad,daaddd,daadda,daaada,daaadd,daaaad,daaaaa
13.585302053752814,105.80017142515732,5.537223867690535,71.81796450120495,34.49833753155745,0.0012356821471308846,26.168206512741996,3.4181817874574416,0.11987220000965518,4.908104652561371,1.2614697398021941,9.761161638693896,6.6054084847115835,0.20478368902965632,2.100372909297735,0.09045479997761444,1.1227462156953585,0.03299653684708836,2.6535984445719847,0.02576453946101678,0.2588886331676378,0.14547858199567057,1.466916838903893,0.2883608607022729,0.24394274972936814,2.0078591154526766,0.9379907570181744,3.2269542264992315,1.48212790580622,0.019824749445196337,0.37788839867938967,0.05475777521323779,0.04019208722872534,0.024486917382577054,0.09503501877323368,0.025321652479373798,0.015062150171765579,0.00034559519778052376,0.07812805574856434,9.124654904681086e-05,0.10363190382468397,0.05678018872655104,0.16577423448197684,0.031674084884807066,0.00045995788144906254,0.0031440434254507003,0.0019296357322349828,0.0012863799230026602,0.2544187288769786,0.020141286460658055,0.6319989991561791,0.022717040258976966,0.002588157046911673,0.12407441863543786,0.17313354627098523,0.15862754414467492,0.04089909656245349,0.3795832371472688,0.21178808582467382,0.6494569385491521,0.47234338701985046,0.031015772442153377,0.12797122356258703,0.0010907884987930885
