aaaaaa,aaaaad,aaaadd,aaaada,aaadda,aaaddd,aaadad,aaadaa,aaddaa,aaddad,aadddd,aaddda,aadada,aadadd,aadaad,aadaaa,addaaa,addaad,addadd,addada,adddda,addddd,adddad,adddaa,adadaa,adadad,adaddd,adadda,adaada,adaadd,adaaad,adaaaa,ddaaaa,ddaaad,ddaadd,ddaada,ddadda,ddaddd,ddadad,ddadaa,ddddaa,ddddad,dddddd,ddddda,dddada,dddadd,dddaad,dddaaa,dadaaa,dadaad,dadadd,dadada,daddda,dadddd,daddad,daddaa,daadaa,daadad,daaddd,daadda,daaada,daaadd,daaaad,daaaaa
7.127814548125697,88.67283380817557,2.4437720186167113,58.207801077973464,38.07089869257311,0.03703903668473007,29.335742463309966,3.4927753744953836,0.7406947886492762,2.458205025745188,1.1927553709980867,8.379214039414656,4.431695909197461,0.7188649983648113,2.080168797743751,0.044058390253732774,1.2416049109227463,0.0009132493926963188,2.5961540303650636,0.001271572438623018,0.7155730016443329,0.443999220981164,1.5529264691768832,0.32161676528334354,0.4230445937401439,1.3586673191534746,0.7956359357702812,2.9197414906861057,1.2661343312180988,0.06238761235797422,0.4844667407092518,0.04788222250963092,0.033871940745041615,0.016896200441396607,0.08284569811793933,0.01606618594969082,0.031394510971413166,0.0008872421459775954,0.08690688965676267,0.00019906633345111003,0.054579244061291644,0.08358604757196061,0.12998339892126998,0.0338035848795288,0.016674496543795634,0.0015134951726693629,0.00023931883566081472,7.504248836546785e-06,0.2783293735284913,0.002936271936320385,0.6119952338630793,0.0055107607970121845,0.04780431192568222,0.22558633031169886,0.19424012821213207,0.16460843201615727,0.0802601187440938,0.2399735784194306,0.18109387247886133,0.5756255803142719,0.3979456234592221,0.044319886223768166,0.15007982616739762,0.001616595221502534
