aaaaaa,aaaaad,aaaadd,aaaada,aaadda,aaaddd,aaadad,aaadaa,aaddaa,aaddad,aadddd,aaddda,aadada,aadadd,aadaad,aadaaa,addaaa,addaad,addadd,addada,adddda,addddd,adddad,adddaa,adadaa,adadad,adaddd,adadda,adaada,adaadd,adaaad,adaaaa,ddaaaa,ddaaad,ddaadd,ddaada,ddadda,ddaddd,ddadad,ddadaa,ddddaa,ddddad,dddddd,ddddda,dddada,dddadd,dddaad,dddaaa,dadaaa,dadaad,dadadd,dadada,daddda,dadddd,daddad,daddaa,daadaa,daadad,daaddd,daadda,daaada,daaadd,daaaad,daaaaa
5.049761734253926,98.11158776080667,1.0683738364896096,64.94829229321711,48.03808432610529,0.05181241386163886,37.635753138369935,3.9984465515062446,0.6388806807361784,3.2335851776688442,1.4576697457245096,9.207407698094672,5.953868997969779,0.6360394371993706,2.6814295828743586,0.04718605981404566,1.2833899415715833,0.0007983743088087567,2.7150515667758657,0.00041356864771997006,0.7683742222407935,0.41747271730923824,1.8487007281109484,0.36374136966739073,0.4199016080664337,1.6738754791122088,0.9387807709849525,3.2400590654036265,1.6952014352865883,0.055939696474735,0.6580644614702726,0.04831887305843652,0.03386800617804264,0.018009426000055014,0.08688930484700211,0.01649403004086153,0.037706687050796245,0.0006720129519820274,0.10675868781542437,0.00030765933522886024,0.0664938971648743,0.089627559477304,0.14245462073667944,0.040555534004867305,0.02045165529159755,0.000996949483087198,0.0011192149809666923,1.1513392832159107e-05,0.29086487767717184,0.003954439291239255,0.653990825834301,0.006611368691646067,0.04960402879470801,0.22851111589029668,0.23912520107568694,0.19159858755809908,0.07753256963051502,0.30033178536375105,0.21435619107750326,0.633960297168432,0.520017278719301,0.040768206632821734,0.19558182908918337,0.0016017621178159732
