aaaaaa,aaaaad,aaaadd,aaaada,aaadda,aaaddd,aaadad,aaadaa,aaddaa,aaddad,aadddd,aaddda,aadada,aadadd,aadaad,aadaaa,addaaa,addaad,addadd,addada,adddda,addddd,adddad,adddaa,adadaa,adadad,adaddd,adadda,adaada,adaadd,adaaad,adaaaa,ddaaaa,ddaaad,ddaadd,ddaada,ddadda,ddaddd,ddadad,ddadaa,ddddaa,ddddad,dddddd,ddddda,dddada,dddadd,dddaad,dddaaa,dadaaa,dadaad,dadadd,dadada,daddda,dadddd,daddad,daddaa,daadaa,daadad,daaddd,daadda,daaada,daaadd,daaaad,daaaaa
6.874495260845901,100.1435507867886,2.0048434525232275,65.90128713151687,45.97688003566408,0.046406266209563445,35.46389857859599,3.954952008767214,0.8466632141528151,2.831000541453087,1.5136706042795942,9.22657521615903,5.317517569787086,0.811397345241599,2.4855786711520533,0.043591927772786455,1.3684497195411864,0.0008918994755458925,2.830590513947423,0.0004822405247880027,0.8273554727132014,0.48757611599775025,1.8001140781507072,0.3563511079651721,0.4799680820445594,1.5717809372853226,0.9568118922696988,3.263369955541684,1.550069870326047,0.06827962300277358,0.6001491547556588,0.0517993523168017,0.037189842050747254,0.01822122448900106,0.09125622144540385,0.017579447466633976,0.039392027227374185,0.0011890889138025476,0.10491077621064263,0.0002982837599502368,0.061725950496851416,0.09711308992140089,0.14294550027609448,0.04180659148993664,0.02286641070171835,0.002249151858458771,0.0009295569341927291,7.977560900688924e-05,0.30739657179039837,0.003599978792374822,0.6720690107352253,0.0075672144678939224,0.056060963853422116,0.25266873380049265,0.2280347485481979,0.18712715216868583,0.09082465257610348,0.2779158247577766,0.21706800748720373,0.6420565011835967,0.4835068586247454,0.04798630253617556,0.18461697152351525,0.0018322603581367397
