aaaaaa,aaaaad,aaaadd,aaaada,aaadda,aaaddd,aaadad,aaadaa,aaddaa,aaddad,aadddd,aaddda,aadada,aadadd,aadaad,aadaaa,addaaa,addaad,addadd,addada,adddda,addddd,adddad,adddaa,adadaa,adadad,adaddd,adadda,adaada,adaadd,adaaad,adaaaa,ddaaaa,ddaaad,ddaadd,ddaada,ddadda,ddaddd,ddadad,ddadaa,ddddaa,ddddad,dddddd,ddddda,dddada,dddadd,dddaad,dddaaa,dadaaa,dadaad,dadadd,dadada,daddda,dadddd,daddad,daddaa,daadaa,daadad,daaddd,daadda,daaada,daaadd,daaaad,daaaaa
7.464748373642014,87.23529635875491,2.400521549805282,58.544375984405995,35.25890047939455,0.008391074545796186,26.654289756455967,2.9848921669330615,0.38181149767683836,3.1126700515735624,1.2473838531603154,7.8995892533339305,5.030718996632792,0.4306188266728583,1.9892619531312323,0.047965084991956626,1.0472115493347063,0.0036438271188344506,2.257573287292577,0.006355316419590628,0.46653759362389996,0.264425428052627,1.3672338378219648,0.2539375263824493,0.31593304428503,1.4889685327236057,0.818794611736335,2.7422201389099667,1.313338034584314,0.03829256055720366,0.4379514333116165,0.04449677049254297,0.03125443441164492,0.0180768907707772,0.07535263368392618,0.01860316237762723,0.02382342047749668,0.00011111608598708136,0.07725905163986384,9.109914013579424e-06,0.06646453667332489,0.06655025839968141,0.12428770846116731,0.03410269838579632,0.008636899619355952,3.61036208635021e-05,4.0730400839012865e-05,1.9717682402134838e-05,0.23692843606282316,0.008061704110853319,0.5403101388177599,0.012777318921567549,0.02159670297233152,0.16272920315189662,0.16767282724738897,0.14178688576032497,0.05715183219331272,0.2708925557020284,0.18479734209808957,0.5435058726738181,0.4133593385030296,0.03394958634274431,0.1384339763717478,0.0012224441978158735
