aaaaaa,aaaaad,aaaadd,aaaada,aaadda,aaaddd,aaadad,aaadaa,aaddaa,aaddad,aadddd,aaddda,aadada,aadadd,aadaad,aadaaa,addaaa,addaad,addadd,addada,adddda,addddd,adddad,adddaa,adadaa,adadad,adaddd,adadda,adaada,adaadd,adaaad,adaaaa,ddaaaa,ddaaad,ddaadd,ddaada,ddadda,ddaddd,ddadad,ddadaa,ddddaa,ddddad,dddddd,ddddda,dddada,dddadd,dddaad,dddaaa,dadaaa,dadaad,dadadd,dadada,daddda,dadddd,daddad,daddaa,daadaa,daadad,daaddd,daadda,daaada,daaadd,daaaad,daaaaa
7.886768031903307,97.57441204998804,2.62989450093328,64.92695430018294,39.17609359395644,0.01683804322632419,31.10832178740733,3.894867605542367,0.30076706044621454,3.9083525167567306,1.0145698248364556,9.829165830637054,6.04167862975055,0.3471504665301862,2.3716113626660533,0.08097596749432935,1.2032517474328284,0.0017943467413617407,2.7838092956785565,0.0001274950297573618,0.48806205009210163,0.2747416955391931,1.699851237912729,0.37147154441835056,0.30700477404029775,1.7750218284684853,0.8130794281920196,3.241219618563226,1.5102535032899973,0.03374175382182328,0.4900885978628185,0.04908441058458506,0.03505764863677124,0.02041881150746685,0.08909140762079301,0.018586965988613098,0.021772197522236605,1.5132749594666656e-07,0.0852698682671505,4.228489956571825e-05,0.08047116097382064,0.06741858963555793,0.15963869067596617,0.027759332509455104,0.004912537345384149,0.0005260576180544105,0.0003716620361684154,0.0010067988652086666,0.2728603142669451,0.007459785117125513,0.6627172047474614,0.00632353897195039,0.02030917171768315,0.17301647603404288,0.21268316831463202,0.18638567591389216,0.05444155900747429,0.3250776008751065,0.18386854264927358,0.6428013103837024,0.46812291942698053,0.03448399232718702,0.1521900448711519,0.001201233714026491
