aaaaaa,aaaaad,aaaadd,aaaada,aaadda,aaaddd,aaadad,aaadaa,aaddaa,aaddad,aadddd,aaddda,aadada,aadadd,aadaad,aadaaa,addaaa,addaad,addadd,addada,adddda,addddd,adddad,adddaa,adadaa,adadad,adaddd,adadda,adaada,adaadd,adaaad,adaaaa,ddaaaa,ddaaad,ddaadd,ddaada,ddadda,ddaddd,ddadad,ddadaa,ddddaa,ddddad,dddddd,ddddda,dddada,dddadd,dddaad,dddaaa,dadaaa,dadaad,dadadd,dadada,daddda,dadddd,daddad,daddaa,daadaa,daadad,daaddd,daadda,daaada,daaadd,daaaad,daaaaa
7.962945865456339,93.6443680425972,2.4520286326815603,63.58423548637197,36.55261539839702,0.0032817326767015566,28.795151419157737,3.471838308086485,0.05377344868346044,5.009605379641651,1.1133802358010716,8.958607176152572,6.883452789575199,0.12759024481337009,2.3059962792287645,0.08896790786532262,0.9974289307331954,0.01574544264012324,2.3832210365085134,0.008899552836942418,0.2710461409191739,0.12734546725798224,1.509982055746956,0.30584693417692715,0.18365787834372307,1.9845281471892942,0.8394847165862982,2.966185539565824,1.5918806838996582,0.0135081733869234,0.45486748748857897,0.04588274645683453,0.034249093891279454,0.019569539918412367,0.08251867435872029,0.019734044075788392,0.016117726561521835,0.0003269073779106959,0.07976207429231232,7.061831757591364e-06,0.09968607780908646,0.04801559445991729,0.15149715673534353,0.02818976112805856,0.0006917294158343702,0.004097077582753594,0.0009250690246451284,0.0017177820827912861,0.23054805233951248,0.01403919216257813,0.5738699432421324,0.01471546154759888,0.004259837010284889,0.11157135340108046,0.18618640931195682,0.16122121109041904,0.029733226464039125,0.3766572097357472,0.1896790983481276,0.5935666990893219,0.4882031962255558,0.023208744487123994,0.14348114994115413,0.0010940527264208463
