aaaaaa,aaaaad,aaaadd,aaaada,aaadda,aaaddd,aaadad,aaadaa,aaddaa,aaddad,aadddd,aaddda,aadada,aadadd,aadaad,aadaaa,addaaa,addaad,addadd,addada,adddda,addddd,adddad,adddaa,adadaa,adadad,adaddd,adadda,adaada,adaadd,adaaad,adaaaa,ddaaaa,ddaaad,ddaadd,ddaada,ddadda,ddaddd,ddadad,ddadaa,ddddaa,ddddad,dddddd,ddddda,dddada,dddadd,dddaad,dddaaa,dadaaa,dadaad,dadadd,dadada,daddda,dadddd,daddad,daddaa,daadaa,daadad,daaddd,daadda,daaada,daaadd,daaaad,daaaaa
12.924208287330787,94.61681376067102,5.479368486907088,63.061437164185925,32.967777963034884,0.001318048613354611,24.522733130532803,2.9841151820141762,0.4856192674350099,3.021895872925209,1.5277520088530427,8.041612036307306,5.050965523255098,0.4657333112920353,1.7798150342077261,0.04619443922539977,1.0710056670989203,0.02243422673958545,2.384125283605639,0.02859926741292222,0.3787612138954069,0.22839873167074867,1.3407300232184858,0.2439398615222729,0.37705622893554547,1.4656191212339378,0.9572752499612037,2.7932654960742314,1.2460665743841703,0.04141903577445836,0.3576893588503022,0.04947406138043697,0.03613457154056132,0.021667946340400042,0.08417565111568538,0.02347333136909911,0.022187744842234267,3.488328438457308e-05,0.07870650325520953,3.177363863081524e-05,0.07323428093813843,0.07077758870589358,0.13395333138759968,0.03760304852952953,0.0058561530215490015,2.3546129114497404e-06,1.893122801470816e-05,2.312029418023063e-05,0.241020407068704,0.015520095492639609,0.5668691584402299,0.02276349460144001,0.012568270881001355,0.1543457242041181,0.16087391683090005,0.14052308300740782,0.0692705360199246,0.26755809857400625,0.2162712107472112,0.5589209477766075,0.4078061438282519,0.039145576956996726,0.12319476164605728,0.001182320137979787
