aaaaaa,aaaaad,aaaadd,aaaada,aaadda,aaaddd,aaadad,aaadaa,aaddaa,aaddad,aadddd,aaddda,aadada,aadadd,aadaad,aadaaa,addaaa,addaad,addadd,addada,adddda,addddd,adddad,adddaa,adadaa,adadad,adaddd,adadda,adaada,adaadd,adaaad,adaaaa,ddaaaa,ddaaad,ddaadd,ddaada,ddadda,ddaddd,ddadad,ddadaa,ddddaa,ddddad,dddddd,ddddda,dddada,dddadd,dddaad,dddaaa,dadaaa,dadaad,dadadd,dadada,daddda,dadddd,daddad,daddaa,daadaa,daadad,daaddd,daadda,daaada,daaadd,daaaad,daaaaa
6.181253332566772,95.64696973789725,1.8050037432368315,62.46364954571206,45.92024554505865,0.093261384413888,34.9539586978648,3.9063436454764546,1.1877628549395955,2.1775810194997467,1.525087227542014,8.73267045246156,4.318806690342169,1.1541401814764756,2.3854237310618327,0.03410911850775797,1.4977369129178493,0.013716330168467707,2.856527572581317,0.004488825983098462,1.0684504671653792,0.6727919052039474,1.770453073500729,0.35518199489554514,0.5488379570814064,1.384320539372048,0.9056986532624084,3.1814922389604323,1.3934599490604411,0.09382262998703005,0.6151185204620703,0.05438983043792587,0.03674710722718818,0.016315516706835526,0.0898436669045277,0.0154000634174471,0.04721377227929738,0.003130874716218636,0.10271267344194335,0.0003850443792667919,0.04818190818270376,0.10833423337239374,0.12622388562159792,0.046429042344452345,0.03594580414539518,0.00738389861929987,0.002091424375630146,0.0005187065971913958,0.32995753710642034,0.0006358791000654166,0.6760418117810213,0.0040596148679049775,0.08766901486978443,0.30795931838974183,0.22442095626394318,0.1839362206838854,0.10684231440009626,0.23811730596560338,0.20638307850649612,0.6219783862984897,0.43912732116959013,0.05561228837531457,0.1842557564779002,0.002042848721298239
