aaaaaa,aaaaad,aaaadd,aaaada,aaadda,aaaddd,aaadad,aaadaa,aaddaa,aaddad,aadddd,aaddda,aadada,aadadd,aadaad,aadaaa,addaaa,addaad,addadd,addada,adddda,addddd,adddad,adddaa,adadaa,adadad,adaddd,adadda,adaada,adaadd,adaaad,adaaaa,ddaaaa,ddaaad,ddaadd,ddaada,ddadda,ddaddd,ddadad,ddadaa,ddddaa,ddddad,dddddd,ddddda,dddada,dddadd,dddaad,dddaaa,dadaaa,dadaad,dadadd,dadada,daddda,dadddd,daddad,daddaa,daadaa,daadad,daaddd,daadda,daaada,daaadd,daaaad,daaaaa
8.96346157493919,88.94600947934154,3.3288491430804332,59.483524043986755,33.18556860179853,0.003042565062178271,25.70967767458117,3.2063865185941665,0.27073768253054964,3.479499423026386,1.0575326819360553,8.472160509201647,5.312740904665444,0.31500550798627985,1.9642133853256372,0.06557003813504698,1.0449328052840936,0.007465582584380125,2.3967972960343538,0.003900890098189443,0.3771183907768905,0.2160220382032524,1.408898699678598,0.2893230832754691,0.28135019877028095,1.5696374109289244,0.7830161252673953,2.828435802743725,1.2989901336874394,0.030146093872078568,0.3947598319655349,0.04487578508298694,0.03285028795361893,0.019675384587580502,0.08019369512974692,0.019350857972692377,0.018489659264847406,5.002414373363316e-06,0.07380524315555892,1.400216194819418e-05,0.07453249657127248,0.05986020658129526,0.1389942471903065,0.027881338374669683,0.003504065987258228,0.0004491473059091973,0.00037358744463312214,0.0004972170055466209,0.23764710477940829,0.0100137546587428,0.5722050836142042,0.011061931652777243,0.012958964855086757,0.14418907384691998,0.17299371581459966,0.15217897137738887,0.04992600824465158,0.2891391710909581,0.17706561504589413,0.5640863271031472,0.40850659273825923,0.03160460300204058,0.12662518060129596,0.0011040822021952607
