aaaaaa,aaaaad,aaaadd,aaaada,aaadda,aaaddd,aaadad,aaadaa,aaddaa,aaddad,aadddd,aaddda,aadada,aadadd,aadaad,aadaaa,addaaa,addaad,addadd,addada,adddda,addddd,adddad,adddaa,adadaa,adadad,adaddd,adadda,adaada,adaadd,adaaad,adaaaa,ddaaaa,ddaaad,ddaadd,ddaada,ddadda,ddaddd,ddadad,ddadaa,ddddaa,ddddad,dddddd,ddddda,dddada,dddadd,dddaad,dddaaa,dadaaa,dadaad,dadadd,dadada,daddda,dadddd,daddad,daddaa,daadaa,daadad,daaddd,daadda,daaada,daaadd,daaaad,daaaaa
9.802204663681946,95.2167591092022,3.5465710079247215,64.27383490500813,34.82893946197508,0.0008572082875591934,26.411209327796893,3.1577467805884756,0.2282358250381095,3.9266670416270575,1.2233193740577875,8.764874182172752,5.778685801199014,0.3013703022303161,2.0591282243647164,0.0683473114685473,1.074680075647106,0.01307912177268904,2.4304553003210327,0.012464550667950861,0.35781893323029673,0.19958465224184194,1.4121994727215104,0.26918883790496356,0.27726713074272485,1.7215238946890303,0.8639029474431791,2.958964445425462,1.39331595032604,0.028621348007252276,0.41205994628909937,0.04860244732546035,0.03484819788810399,0.021041723095990037,0.08288257506847928,0.02193944072230366,0.019019577107786307,1.748533849315185e-05,0.0760327758036625,4.046342211899012e-05,0.08352121322324989,0.060201051019761816,0.143071866875483,0.032049634168156545,0.0030177276617243433,0.0007697402169954114,0.0003509825536601722,0.00045363236452449185,0.24436089266403238,0.012709313961439884,0.5806967974708815,0.016497621081660252,0.01022572647366275,0.14241371204718098,0.16965839060812463,0.14903065037837887,0.048245005728680505,0.31920246761102755,0.19390580687934952,0.591519303834353,0.44000264357009783,0.032218792205578516,0.13433248597882805,0.0011994048141155001
