aaa,aad,add,ada,dda,ddd,dad,daa
293.19884575829485,67.63064987354883,8.784775695899201,0.3451141267441834,0.13173669427434173,0.3911547789288592,0.035647936848047776,0.02153095244810651
