aaa,aad,add,ada,dda,ddd,dad,daa
288.1403456003341,56.046072262104886,6.8486557305485185,0.43760709460361813,0.13037308374298995,0.3417286021282659,0.03207465312581801,0.018529288086772722
