aaa,aad,add,ada,dda,ddd,dad,daa
247.8666032812422,51.877546757337335,6.994625736032068,0.3141795885989994,0.12220968579105156,0.3179202030277455,0.030850792406719802,0.01808101035003853
