aaa,aad,add,ada,dda,ddd,dad,daa
272.5548414057967,61.79785644025897,7.97185856308176,0.30108804613025814,0.12395524958841246,0.36429193952884914,0.0307106111849981,0.020909250369448885
