aaa,aad,add,ada,dda,ddd,dad,daa
250.26580939854747,41.0437233361149,5.19280399370459,0.4237273991055012,0.1131193005362897,0.27971309672570144,0.026558943763433474,0.01543317439680002
