aaa,aad,add,ada,dda,ddd,dad,daa
282.8953807758263,45.32498930864211,5.916843674126973,0.4313832784825372,0.13263908070728514,0.32124854696972605,0.02890535586910013,0.01814708111951125
