aaa,aad,add,ada,dda,ddd,dad,daa
267.7815037084192,48.866237738002724,6.0273425998809484,0.4015145115697753,0.1268013490229685,0.31149810049157856,0.02863192184939024,0.017643279657742695
