aaa,aad,add,ada,dda,ddd,dad,daa
262.3068008765455,52.17186534779199,6.599054959106117,0.37112969354118364,0.1252135586552702,0.3145928833122279,0.031353103859876996,0.017451406241634826
