aaa,aad,add,ada,dda,ddd,dad,daa
277.0871161460566,63.91844670872865,8.775682533929718,0.3524259865466243,0.1328836503822964,0.3707237119120455,0.03894178860635181,0.020495699751356802
