aaa,aad,add,ada,dda,ddd,dad,daa
242.742305744895,52.336913600242816,6.826968051446954,0.3262537509648889,0.11567229316360451,0.3084011705478832,0.031539170867423874,0.017193108278853668
