aaa,aad,add,ada,dda,ddd,dad,daa
249.12703174808777,46.372250769012766,6.146067060448207,0.34128200129675423,0.12483003788889821,0.29979738616292806,0.02914805069976752,0.017335548350624647
