aaa,aad,add,ada,dda,ddd,dad,daa
225.2209989953027,46.67275026893108,5.872295229603536,0.2963906913282516,0.10581071446959067,0.27909600504088683,0.026387322356673685,0.015738767611127403
