aaa,aad,add,ada,dda,ddd,dad,daa
229.3635094350552,51.92666488734608,6.851630973376888,0.2561388231552662,0.10980533715015174,0.31578702639950196,0.023915645190541297,0.018029294630045017
