aaa,aad,add,ada,dda,ddd,dad,daa
274.8666519239879,57.37044861134244,7.376011436735622,0.4299331212038655,0.12763605990724144,0.3365690241672144,0.03742012184776162,0.017877805786929445
