aaa,aad,add,ada,dda,ddd,dad,daa
227.93850467376126,38.99199565596235,4.512822589796024,0.32349342380382445,0.09790649572185209,0.25902189111935936,0.019780694107211526,0.014599861858999934
