aaa,aad,add,ada,dda,ddd,dad,daa
254.5423573286585,49.17681735982616,6.094259414114622,0.3029617380450728,0.12059046868634912,0.31253460591618404,0.02732133462900909,0.018277916452060415
