aaa,aad,add,ada,dda,ddd,dad,daa
280.03630427387793,55.718581651193155,6.669319219005219,0.37130432629180365,0.11913643802963224,0.3408401746562794,0.02841802622035772,0.018456805977324096
