aaa,aad,add,ada,dda,ddd,dad,daa
273.53081117438,45.72746540293017,5.761091860460361,0.40103410821830665,0.12857580384705336,0.3128932939919393,0.027299079802608917,0.017914889335216906
