aaa,aad,add,ada,dda,ddd,dad,daa
263.56149788379525,54.75915783270245,6.960374847905202,0.35124733176958234,0.12268473877249958,0.3286549702021534,0.03139266133564847,0.018249768513965103
