aaa,aad,add,ada,dda,ddd,dad,daa
309.8755535270273,54.908609998313544,7.019268746045044,0.4702118124777188,0.1519439744080893,0.3558942315618768,0.034073864347577136,0.020075051099711378
