aaa,aad,add,ada,dda,ddd,dad,daa
232.8395850651099,43.050301728456795,5.087105791715264,0.2809914845130592,0.10346265477424821,0.27904041124154144,0.020544881331104856,0.01612921641082297
