aaa,aad,add,ada,dda,ddd,dad,daa
265.76858979294593,57.122241461242574,7.692057357399443,0.34118728110310603,0.1273077865532926,0.34529667796599645,0.034034666697452774,0.019110330599771075
