aaa,aad,add,ada,dda,ddd,dad,daa
287.57863949467946,59.76729926454695,7.6470372831771325,0.4449267007005052,0.13197014391866826,0.3520469124269299,0.0382408366224628,0.0186248328144943
