aaa,aad,add,ada,dda,ddd,dad,daa
303.08156617159756,66.14360105898545,8.906939377625179,0.34399171181433363,0.14863220573253558,0.41466720743182706,0.031582653740017626,0.023764576264039352
