aaa,aad,add,ada,dda,ddd,dad,daa
285.41675382411864,44.243262429824746,5.435760283357237,0.40005794462788785,0.1247328661745498,0.3206315290905954,0.023911396761167145,0.018198467672899333
