aaa,aad,add,ada,dda,ddd,dad,daa
289.6057439929625,53.3215616720801,6.661831577905288,0.39885524280359536,0.1373074655906343,0.3443184181331597,0.029745596956069525,0.019580796508386178
