aaa,aad,add,ada,dda,ddd,dad,daa
253.19806055071987,41.63165443964281,5.197096220096337,0.38190093116556406,0.11376075176788716,0.2875228981676149,0.024599079543606447,0.016081789453356234
