aaa,aad,add,ada,dda,ddd,dad,daa
251.0863387515503,53.14010565913522,7.114433669253947,0.3421233543624438,0.12783265817269063,0.31725452024439765,0.03513321002008893,0.018024393462689737
