aaaaa,aaaad,aaadd,aaada,aadda,aaddd,aadad,aadaa,addaa,addad,adddd,addda,adada,adadd,adaad,adaaa,ddaaa,ddaad,ddadd,ddada,dddda,ddddd,dddad,dddaa,dadaa,dadad,daddd,dadda,daada,daadd,daaad,daaaa
15.210214438072306,71.12335892773275,200.78154454480173,2.40916549087744,57.2099410700365,8.740457212023818,7.393596063129179,1.889288406785456,0.9383403296268799,1.1216754773894173,1.804369740662052,2.046999236309753,2.0752770296434884,0.2395788578738064,0.32076781528954457,0.027176779460625786,0.18740901088664116,0.0027768985567952977,0.020446849454695874,0.037422328177833857,0.3295729989578982,0.25886510152527586,0.2348293047709674,0.4425772212460777,0.03728150879650758,0.01662156821610147,0.21618488950911724,0.34823035218422516,0.09584575957764126,0.018486064925768455,0.10875462358273844,0.021645438394578814
