aaaaa,aaaad,aaadd,aaada,aadda,aaddd,aadad,aadaa,addaa,addad,adddd,addda,adada,adadd,adaad,adaaa,ddaaa,ddaad,ddadd,ddada,dddda,ddddd,dddad,dddaa,dadaa,dadad,daddd,dadda,daada,daadd,daaad,daaaa
9.898216105129574,61.91652435211081,171.8948532714802,2.504339527389694,46.25031473046682,5.467817540682035,5.816975472616593,1.4890776927872016,0.5941672187251529,0.6269718399096833,1.170308717649885,2.1033150145926074,1.455115362589241,0.20483506435718032,0.26937892564214805,0.02105890177592589,0.15237004865923892,0.0017033246366817897,0.018472842383666456,0.027715180488884206,0.2788547173896667,0.23094548383452299,0.163599325112382,0.3225757604047337,0.04039498505674064,0.0066685050932428274,0.1415446083049636,0.310436550702432,0.06786480942284656,0.015805967742135857,0.08786657576458495,0.01751646411020751
