aaaaa,aaaad,aaadd,aaada,aadda,aaddd,aadad,aadaa,addaa,addad,adddd,addda,adada,adadd,adaad,adaaa,ddaaa,ddaad,ddadd,ddada,dddda,ddddd,dddad,dddaa,dadaa,dadad,daddd,dadda,daada,daadd,daaad,daaaa
22.29622782832155,54.99994607775649,171.09770960765945,1.8732511234230558,39.388765700566914,6.9406296116796975,6.242725641111926,1.463026369119602,0.6376459489434663,0.49235450207557846,1.2182698347539873,1.624262732601667,1.3969333463578013,0.26382920817703837,0.26416912305445156,0.026925699914338602,0.16925309041993994,0.0015129264340898322,0.015281069572736096,0.025371247091704414,0.3044347618178152,0.2489948222728409,0.1346639098499835,0.32827794558064594,0.0334120047412185,0.008269468169142268,0.1702278302080697,0.2577800550632831,0.07555612752088028,0.018764566111246692,0.09137914200380197,0.01772444795138698
