aaaaa,aaaad,aaadd,aaada,aadda,aaddd,aadad,aadaa,addaa,addad,adddd,addda,adada,adadd,adaad,adaaa,ddaaa,ddaad,ddadd,ddada,dddda,ddddd,dddad,dddaa,dadaa,dadad,daddd,dadda,daada,daadd,daaad,daaaa
17.598540014058432,67.70158930319184,190.60746717047707,2.222424171557666,49.9326460949178,9.25106067881249,8.017402426140213,1.7561178310240837,0.9894473301320799,1.019160660364185,1.7336788996299766,1.6055464391826517,1.9501525877653045,0.26097155899127444,0.3211775890466984,0.022723673878426512,0.18043486205310233,0.003553378219795968,0.020016614665607994,0.03211953199727875,0.3277291536614676,0.24491284304284475,0.2060511635151745,0.450174801272692,0.0331953900954342,0.024825557674888935,0.21831035672864565,0.30765796212711527,0.10354305170128168,0.01812232528022699,0.10436232026062495,0.020784069416138033
