aaaaa,aaaad,aaadd,aaada,aadda,aaddd,aadad,aadaa,addaa,addad,adddd,addda,adada,adadd,adaad,adaaa,ddaaa,ddaad,ddadd,ddada,dddda,ddddd,dddad,dddaa,dadaa,dadad,daddd,dadda,daada,daadd,daaad,daaaa
7.8240555638666125,78.07703817168672,189.8567344368914,2.276875641945095,53.78733370600755,8.5382830379202,8.878638595008816,1.5604363899105589,1.0545484994128533,1.2484054432753713,1.6956331925643682,1.7583059630075653,2.025761626080916,0.23057909945642274,0.3556922659891476,0.020336956250951478,0.15688013241054188,0.004043951720162642,0.027030444782808673,0.028084481378341696,0.31015791275697385,0.2341835994365336,0.24297644315542202,0.44619807798483807,0.028760007570204405,0.03212082629496669,0.21019183370027988,0.3276425423621554,0.1032397226583399,0.015597781690829714,0.10314852299218782,0.021458384383237446
