aaaaa,aaaad,aaadd,aaada,aadda,aaddd,aadad,aadaa,addaa,addad,adddd,addda,adada,adadd,adaad,adaaa,ddaaa,ddaad,ddadd,ddada,dddda,ddddd,dddad,dddaa,dadaa,dadad,daddd,dadda,daada,daadd,daaad,daaaa
13.626042242453558,63.50072061139952,180.6671474315237,2.209707451360012,43.75474127607638,6.603611627462444,6.689545521208078,1.4876118177623607,0.6766598205876003,0.6210392587369689,1.2432218040482057,1.8620014064023052,1.4658025999323505,0.24510442890304993,0.2917056397866929,0.024040362792782436,0.1638113888738078,0.001626282085208756,0.018737604924172733,0.027331981075045985,0.302153137699417,0.24956891313002816,0.16309958506532207,0.34936705483687763,0.03491680558753475,0.00903601349469985,0.1663142303710774,0.2891480431263731,0.07408237894675383,0.017851906995413877,0.09579264034611878,0.018757778206689026
