aaaaa,aaaad,aaadd,aaada,aadda,aaddd,aadad,aadaa,addaa,addad,adddd,addda,adada,adadd,adaad,adaaa,ddaaa,ddaad,ddadd,ddada,dddda,ddddd,dddad,dddaa,dadaa,dadad,daddd,dadda,daada,daadd,daaad,daaaa
15.848519296635235,56.830480387575996,174.58091027406223,2.5245798124669134,40.420308673787396,5.231644367479848,5.454498106255225,1.4440000532098967,0.4742774273235818,0.35579257941106246,0.9589337947438825,2.1276060550897777,1.1972947468545705,0.248664987809241,0.2541797618341768,0.024377108510884857,0.16024924985303343,0.0010789218787603174,0.015361926159523729,0.02753041189243241,0.2896849429563355,0.2565130451910397,0.12764364124379193,0.2915628024388183,0.043201707794730725,0.0035559195718517277,0.1341809349131816,0.28498291004189463,0.05845821199817377,0.01880236461526074,0.0892202175027978,0.017009279430820767
