aaaaa,aaaad,aaadd,aaada,aadda,aaddd,aadad,aadaa,addaa,addad,adddd,addda,adada,adadd,adaad,adaaa,ddaaa,ddaad,ddadd,ddada,dddda,ddddd,dddad,dddaa,dadaa,dadad,daddd,dadda,daada,daadd,daaad,daaaa
12.01414597026487,59.058128854741355,172.04664706365577,2.612077601576216,39.62412044383342,4.853624726901555,5.735642331153217,1.2542559401856423,0.4472744819558949,0.32960371016449796,0.8677147677054361,2.149192904718529,1.1475668081816313,0.24474251543885947,0.2720568179457411,0.021871923609213546,0.14806005211441234,0.0011009792273496029,0.01653663215509089,0.024901605355097445,0.2834761731868388,0.25837475416166505,0.125550165862902,0.27325298062104825,0.0388295788737785,0.00270523527501382,0.12739406660607885,0.28120736659121764,0.05499560829950582,0.01846873207606182,0.08970563545173833,0.016994766623487315
