aaaaa,aaaad,aaadd,aaada,aadda,aaddd,aadad,aadaa,addaa,addad,adddd,addda,adada,adadd,adaad,adaaa,ddaaa,ddaad,ddadd,ddada,dddda,ddddd,dddad,dddaa,dadaa,dadad,daddd,dadda,daada,daadd,daaad,daaaa
12.11051015750536,61.73077257427095,175.1846738594292,2.370461716807807,48.500841785818466,5.445130749185316,5.885694938340289,1.5201162356525486,0.6059289412905435,0.5715970348999428,1.202606100951387,2.1934395375266247,1.5402881635922494,0.21583251907822387,0.27435985466748936,0.022847376903499687,0.16020684774835034,0.001448694747510859,0.01777642547257492,0.029411654884821253,0.29191737642488946,0.2424627831133349,0.15881775664837025,0.32626517246424264,0.0405315132299708,0.005499676463892817,0.1458816182230301,0.3215228754289913,0.07151828245691498,0.016753268614025252,0.08996223976758651,0.01742226669907863
