aaaaa,aaaad,aaadd,aaada,aadda,aaddd,aadad,aadaa,addaa,addad,adddd,addda,adada,adadd,adaad,adaaa,ddaaa,ddaad,ddadd,ddada,dddda,ddddd,dddad,dddaa,dadaa,dadad,daddd,dadda,daada,daadd,daaad,daaaa
13.562274714838365,70.94716210685803,179.68408590928598,2.7971623580654463,47.16693459051463,12.729861364868823,11.81881427237098,1.6823346695568093,1.6975573453999422,1.759258923406102,2.3198755635587425,0.9815048471690203,2.2302677903038535,0.31406508509341097,0.36799011673726484,0.021502218311931005,0.1918422788820875,0.004550903302424856,0.038985655728896694,0.011676447996634384,0.3111895604336185,0.22623808687194666,0.24685548087279952,0.5188603899438423,0.016926282896694945,0.07736164167507102,0.27815514110855916,0.24090724254166848,0.13105739570997085,0.017348773081554095,0.10539907424058072,0.0232345321044189
