aaaaa,aaaad,aaadd,aaada,aadda,aaddd,aadad,aadaa,addaa,addad,adddd,addda,adada,adadd,adaad,adaaa,ddaaa,ddaad,ddadd,ddada,dddda,ddddd,dddad,dddaa,dadaa,dadad,daddd,dadda,daada,daadd,daaad,daaaa
12.986816795219744,63.71717517116682,168.47677129473902,2.2248605032064916,48.31949967315057,10.542607053889071,8.291230534327255,1.6720159317820895,1.111018747830806,1.4338001313326891,1.8994550857133334,1.2037740824396237,1.9526015659088845,0.22987904462208025,0.3146456100885036,0.016033349905795875,0.18291286244507332,0.002318249270850181,0.029975252315427643,0.01470023100453571,0.29051417888493186,0.21764089557515473,0.2105653706554354,0.4181469715634384,0.02005054773207943,0.038311499733900224,0.23343698453008696,0.2536420222455709,0.1134098119588604,0.01458848007726504,0.0921596128227513,0.020016999057872124
