aaaaaa,aaaaad,aaaadd,aaaada,aaadda,aaaddd,aaadad,aaadaa,aaddaa,aaddad,aadddd,aaddda,aadada,aadadd,aadaad,aadaaa,addaaa,addaad,addadd,addada,adddda,addddd,adddad,adddaa,adadaa,adadad,adaddd,adadda,adaada,adaadd,adaaad,adaaaa,ddaaaa,ddaaad,ddaadd,ddaada,ddadda,ddaddd,ddadad,ddadaa,ddddaa,ddddad,dddddd,ddddda,dddada,dddadd,dddaad,dddaaa,dadaaa,dadaad,dadadd,dadada,daddda,dadddd,daddad,daddaa,daadaa,daadad,daaddd,daadda,daaada,daaadd,daaaad,daaaaa
6.795928447283889,92.99692068667903,3.2402192407031674,56.50262861349123,42.07294004616951,0.10726593730417751,38.571901891248245,6.374702223042451,1.068122832240545,2.5371955675247015,0.20461532104137428,14.124414166840761,5.790105855511224,0.5151466741538314,2.8499635105490913,0.12756892958542604,1.412219982096963,0.00016120051499628145,4.313769969131533,0.16245970950511193,0.7504808122592358,0.5212559121686279,2.382242094690988,0.8782637832665445,0.5509121457054277,1.4540907652603434,0.6052993683972663,3.8701146354757214,1.5224095505880357,0.055210620113819775,0.47182690087809837,0.022509311669450756,0.05240411490500275,0.013276076377032577,0.16256302570615058,0.0018665254899257761,0.03561599514537034,0.004263778779319849,0.13007022783098657,0.011735373414677218,0.04642719243227504,0.10370779010739441,0.23470154951297217,0.005564228623476141,0.00911111864994004,4.3908946577567665e-05,0.00240940271149927,0.004843008594286961,0.30386705126224567,0.006356437684138718,0.9670173635531917,0.007084953489044957,0.04498237978508691,0.24215145518433717,0.3069140579390258,0.324703338308888,0.11252310803902238,0.2546427950328548,0.13289311445681823,0.7976444326758483,0.4611046728310415,0.050492680705007495,0.16013131658315738,0.0010619091972636724
