aaaaaa,aaaaad,aaaadd,aaaada,aaadda,aaaddd,aaadad,aaadaa,aaddaa,aaddad,aadddd,aaddda,aadada,aadadd,aadaad,aadaaa,addaaa,addaad,addadd,addada,adddda,addddd,adddad,adddaa,adadaa,adadad,adaddd,adadda,adaada,adaadd,adaaad,adaaaa,ddaaaa,ddaaad,ddaadd,ddaada,ddadda,ddaddd,ddadad,ddadaa,ddddaa,ddddad,dddddd,ddddda,dddada,dddadd,dddaad,dddaaa,dadaaa,dadaad,dadadd,dadada,daddda,dadddd,daddad,daddaa,daadaa,daadad,daaddd,daadda,daaada,daaadd,daaaad,daaaaa
6.673920462804821,110.14019007431601,2.401782492874373,69.62603010115895,48.73551453624508,0.02726895934989455,48.69941483494198,8.045484014001358,0.36893184709282945,5.601622062336652,0.36888301643239774,15.89347333366131,9.620522597494759,0.10611029979713898,3.449090274308848,0.15206493811147184,1.4651095541437589,0.002404032781401858,4.372715934832321,0.07871427490033955,0.37491586045724123,0.21720252584687266,2.9877024895245756,1.09589584832875,0.3562050363117715,2.3829790976077083,0.765512806152761,4.475723894176735,2.2471828645258123,0.015421709062189317,0.6104853428874869,0.027435410265489086,0.06882854141842094,0.011512042558962399,0.1655568228228777,0.005469949424712099,0.026979836749377675,0.0009113432056258301,0.15821970993716347,0.01377613985940086,0.0948841764762235,0.07727941311105316,0.26541352634878,0.010189929198463338,0.0008663586185503455,0.009576033793264322,0.0019877030689622673,0.006032728895158109,0.322721234195514,0.012424647300696284,0.9870923246494618,0.0002629375607288395,0.005167915833137726,0.15023800368728035,0.39057289813241486,0.4020039673526068,0.0692146021781454,0.4388207728134882,0.17138883019072412,0.9138818183442248,0.6493134522799513,0.03519252340389468,0.2029712514559373,0.0012296914385041442
