aaaaaa,aaaaad,aaaadd,aaaada,aaadda,aaaddd,aaadad,aaadaa,aaddaa,aaddad,aadddd,aaddda,aadada,aadadd,aadaad,aadaaa,addaaa,addaad,addadd,addada,adddda,addddd,adddad,adddaa,adadaa,adadad,adaddd,adadda,adaada,adaadd,adaaad,adaaaa,ddaaaa,ddaaad,ddaadd,ddaada,ddadda,ddaddd,ddadad,ddadaa,ddddaa,ddddad,dddddd,ddddda,dddada,dddadd,dddaad,dddaaa,dadaaa,dadaad,dadadd,dadada,daddda,dadddd,daddad,daddaa,daadaa,daadad,daaddd,daadda,daaada,daaadd,daaaad,daaaaa
4.847824376225686,86.78206533465132,1.8900469737517944,52.68657329782018,48.50354420772457,0.33420759099876085,38.61001080526922,5.075585069773314,2.280525646755116,1.225039575935084,0.6941211194455345,11.068757689545109,3.3726440798771824,1.7476384206555344,2.971459102151532,0.07691466771341342,1.7541565413032238,0.04431843913729453,3.950102358243486,0.15817304542634295,1.6250422028281362,1.2361179103372157,2.004840603993585,0.5833893409182106,0.8311819447414183,1.0437338346227596,0.7564538893910243,3.3958084011555356,1.2180330847400276,0.16682164196118826,0.6019012115244986,0.024691333462310436,0.04364750803900774,0.013589260721163827,0.14604985255018896,0.0021502566222968847,0.06488591049184754,0.014643685933891867,0.12469145672549688,0.0076912975972686405,0.025231867358113558,0.14033866425561586,0.15503339641531527,0.0260063027669641,0.05970500565470069,0.01898700944723916,0.00013685715075691365,0.0005372214046786549,0.36817551973555457,3.501173481804905e-07,0.8926965003615381,0.007931019226890147,0.1559218470454971,0.45046564824808233,0.25435672184715913,0.24590798936404398,0.1705775004245951,0.17620157768012054,0.16957120906851209,0.6871979591614994,0.39711724132144605,0.08034952932471613,0.19030947528922088,0.00021934549070879087
