aaaaaa,aaaaad,aaaadd,aaaada,aaadda,aaaddd,aaadad,aaadaa,aaddaa,aaddad,aadddd,aaddda,aadada,aadadd,aadaad,aadaaa,addaaa,addaad,addadd,addada,adddda,addddd,adddad,adddaa,adadaa,adadad,adaddd,adadda,adaada,adaadd,adaaad,adaaaa,ddaaaa,ddaaad,ddaadd,ddaada,ddadda,ddaddd,ddadad,ddadaa,ddddaa,ddddad,dddddd,ddddda,dddada,dddadd,dddaad,dddaaa,dadaaa,dadaad,dadadd,dadada,daddda,dadddd,daddad,daddaa,daadaa,daadad,daaddd,daadda,daaada,daaadd,daaaad,daaaaa
11.270620928742387,103.44681990405311,5.017771910339093,66.74528339018077,37.711653042828125,0.00034250557485886857,37.13341325927091,6.525355491685342,0.3349453197441701,5.290703904430365,0.5420347610945545,13.47139640227616,8.389404929716273,0.0822783536488116,2.5901331154633325,0.11982439045301303,1.2640539696482624,0.024085443968334914,3.6916678945230412,0.011773149698132354,0.1796981138241202,0.11270461964851072,2.3568635470942887,0.8334757485590671,0.31500531512991115,2.173542128047903,0.7967012708685665,3.8815021695386713,1.8619504367070823,0.010374580724317194,0.4109192480429651,0.025074203227833946,0.06774364950526979,0.012896137876663643,0.14869391928681613,0.009621869697361474,0.01762159189925497,0.00016894814656495747,0.13110121339762654,0.009399030462755024,0.09627264459416157,0.06498928164295639,0.2261722962226886,0.014293312451234419,0.0005803589458319541,0.009846567619847028,0.002949226382270116,0.004322208379214065,0.281727035062347,0.020813976760865188,0.8371749433954683,0.0035637011571065342,0.0002823582411571265,0.10428799670347809,0.2984755117473965,0.3198899310859789,0.06019130340127577,0.40659761167819514,0.17739569467189165,0.8010190216671459,0.5502696379637063,0.03257094183693285,0.15145468186296454,0.0009474965064156005
