aaaaaa,aaaaad,aaaadd,aaaada,aaadda,aaaddd,aaadad,aaadaa,aaddaa,aaddad,aadddd,aaddda,aadada,aadadd,aadaad,aadaaa,addaaa,addaad,addadd,addada,adddda,addddd,adddad,adddaa,adadaa,adadad,adaddd,adadda,adaada,adaadd,adaaad,adaaaa,ddaaaa,ddaaad,ddaadd,ddaada,ddadda,ddaddd,ddadad,ddadaa,ddddaa,ddddad,dddddd,ddddda,dddada,dddadd,dddaad,dddaaa,dadaaa,dadaad,dadadd,dadada,daddda,dadddd,daddad,daddaa,daadaa,daadad,daaddd,daadda,daaada,daaadd,daaaad,daaaaa
6.738172482975009,114.72044436523456,2.6232730919213063,70.05535065354374,60.89497961657115,0.27130968389058074,50.904319040069815,6.978528274006913,2.2085148651086426,2.232244419835189,0.8225174508029973,14.85028484456795,5.645845080821012,1.5261172957030864,3.76676329726875,0.09250040897416366,2.00959398719555,0.017060890984850866,5.0039141786373165,0.15568675118282557,1.5542973382332792,1.1305070458912618,2.7374208781898153,0.8368408541426577,0.9158350500660265,1.5645553769695966,0.980084376293971,4.474694365456126,1.7856736030697715,0.14970644784246903,0.7483114761219846,0.030229130649976108,0.06052846327723959,0.016341947020323083,0.18602431484092552,0.003417242155460472,0.0710295862585186,0.013030034512575976,0.1671374141320003,0.011263654305217823,0.04370476175911968,0.1603244350648228,0.2214116579722513,0.02647280280437658,0.0477510904936259,0.009472589349464261,6.604931911446697e-05,0.0006593243240221036,0.42876839894756763,0.0017574490096491243,1.1316802935816008,0.005741573505611277,0.12756222041059115,0.4542794086610697,0.35163301390256835,0.34385128884271654,0.1875025372216282,0.26895333739439115,0.21771835161223232,0.9116028355189111,0.5664926918517562,0.08579607810305392,0.24224214548693593,0.00040703424198712795
