aaaaaa,aaaaad,aaaadd,aaaada,aaadda,aaaddd,aaadad,aaadaa,aaddaa,aaddad,aadddd,aaddda,aadada,aadadd,aadaad,aadaaa,addaaa,addaad,addadd,addada,adddda,addddd,adddad,adddaa,adadaa,adadad,adaddd,adadda,adaada,adaadd,adaaad,adaaaa,ddaaaa,ddaaad,ddaadd,ddaada,ddadda,ddaddd,ddadad,ddadaa,ddddaa,ddddad,dddddd,ddddda,dddada,dddadd,dddaad,dddaaa,dadaaa,dadaad,dadadd,dadada,daddda,dadddd,daddad,daddaa,daadaa,daadad,daaddd,daadda,daaada,daaadd,daaaad,daaaaa
3.8427299158585306,102.83340111798867,1.46205906399474,60.97798989806665,62.32306164972277,0.7408859982173719,49.19228120137152,6.612831885230749,3.053232983898623,1.307759120982513,0.48675779593710766,14.74068608806144,3.4052554525575354,2.596619456725983,4.205475025558522,0.18901512949757887,2.385403892005876,0.13287797072860885,5.410637289826863,0.4184976460426072,2.6214762807332432,2.0473503569549067,2.532008072971513,0.7656787402596913,1.0302749327254104,1.2272340567636295,0.773659430557656,4.309124143924693,1.3740507878986539,0.251291250291237,0.8092537142309343,0.03262718897984574,0.05308532233510999,0.014151980102987015,0.18748509178173853,0.0015957365685027917,0.08451208034196543,0.02173974587820714,0.15206544295850927,0.011208418142962777,0.02421125731957873,0.18347455337227006,0.20854197538067124,0.024807088289807697,0.09285993232883448,0.03213556008648987,0.00034779396045507175,0.004903427087198161,0.4913646141581731,0.002459334761142238,1.2125535885499825,0.03442307154745855,0.27994693342291416,0.6854679450074465,0.31722603944640754,0.30798216102716525,0.2130968047975084,0.2033643572305616,0.17335066297099236,0.8684670261153813,0.45227797803800857,0.10747313885131364,0.23972449138051605,0.00019861047114743506
