aaaaaa,aaaaad,aaaadd,aaaada,aaadda,aaaddd,aaadad,aaadaa,aaddaa,aaddad,aadddd,aaddda,aadada,aadadd,aadaad,aadaaa,addaaa,addaad,addadd,addada,adddda,addddd,adddad,adddaa,adadaa,adadad,adaddd,adadda,adaada,adaadd,adaaad,adaaaa,ddaaaa,ddaaad,ddaadd,ddaada,ddadda,ddaddd,ddadad,ddadaa,ddddaa,ddddad,dddddd,ddddda,dddada,dddadd,dddaad,dddaaa,dadaaa,dadaad,dadadd,dadada,daddda,dadddd,daddad,daddaa,daadaa,daadad,daaddd,daadda,daaada,daaadd,daaaad,daaaaa
6.9592284122972385,104.79983094397346,2.8090495949637275,65.64725662781414,46.37023462718285,0.06879534902014339,43.76437534659626,7.1399853794417005,0.5953699718405813,4.145666154105763,0.29921481183595866,15.334964671572648,7.711695059517694,0.28643132274502325,3.1900807403429607,0.13713327856445728,1.4784868328105392,0.0003800357673581103,4.400249693948153,0.10675692937747738,0.5539677800342645,0.36269472086775945,2.6583799956247853,0.9603802282387912,0.44146175596732207,1.9771224366482874,0.6961140264722048,4.300794774498226,1.9068060916079985,0.03285944614933762,0.5489010963811493,0.02532204495332646,0.062492519567386696,0.012815790042033377,0.16812082386508267,0.003728447708267229,0.03210799335388804,0.0025406695577017227,0.14320525096625258,0.011976042551891474,0.0707227458486506,0.09139465574022103,0.24833981690491935,0.009138149803718552,0.0037137846773788244,0.0025386066059582104,0.0020463989175788077,0.005018549962012592,0.3238305084247754,0.009254068382246695,0.9903233640981814,0.0015084833668145708,0.020032567668484894,0.19913701129901423,0.34237053064760375,0.35890290828975324,0.08690940856551978,0.3582491532358117,0.1540819483847568,0.8823924706146274,0.5622233868096149,0.043735214755140826,0.18541648655112777,0.0010866178516127352
