aaaaaa,aaaaad,aaaadd,aaaada,aaadda,aaaddd,aaadad,aaadaa,aaddaa,aaddad,aadddd,aaddda,aadada,aadadd,aadaad,aadaaa,addaaa,addaad,addadd,addada,adddda,addddd,adddad,adddaa,adadaa,adadad,adaddd,adadda,adaada,adaadd,adaaad,adaaaa,ddaaaa,ddaaad,ddaadd,ddaada,ddadda,ddaddd,ddadad,ddadaa,ddddaa,ddddad,dddddd,ddddda,dddada,dddadd,dddaad,dddaaa,dadaaa,dadaad,dadadd,dadada,daddda,dadddd,daddad,daddaa,daadaa,daadad,daaddd,daadda,daaada,daaadd,daaaad,daaaaa
2.6866256636363532,88.74408770182279,0.8138723867759342,53.37717593216121,50.573952137060274,0.2825822921973198,46.62388649478046,7.015840855290185,1.1654501552835217,2.4755354871836346,0.17641566680763351,14.192596986273637,5.882097679549894,0.6471726183609865,3.4775393237550594,0.127323502446551,1.5142131387573101,0.021133113591825067,4.417398316526624,0.2869326673438794,1.0771958975011167,0.7136318080241973,2.6655160590740548,0.9614136927367076,0.560138632964861,1.475721255325624,0.5679565822853416,3.926874551534233,1.7022854600003154,0.06940414520541373,0.6562524877931689,0.01972177953846995,0.04863512813735051,0.010168479056119424,0.15987716912721817,0.00045550073137180466,0.04786793669315746,0.007191728283464878,0.1461678799989076,0.01485180846991864,0.040011360327993434,0.1111484439088239,0.22476740490918107,0.006232902103359796,0.019718562484731264,0.0004161392626787303,0.0006815241841338391,0.004838673407402941,0.32597730210697595,0.0009315252009266967,0.9947224795989853,0.018504403386221252,0.08119358780549692,0.299853798118038,0.3548015564145733,0.3511068424567045,0.11463346005357794,0.25634742354473306,0.12512125712399802,0.8013372713848134,0.5018774135263065,0.05087433304565003,0.2035990539939141,0.000743823359276865
