aaaaaa,aaaaad,aaaadd,aaaada,aaadda,aaaddd,aaadad,aaadaa,aaddaa,aaddad,aadddd,aaddda,aadada,aadadd,aadaad,aadaaa,addaaa,addaad,addadd,addada,adddda,addddd,adddad,adddaa,adadaa,adadad,adaddd,adadda,adaada,adaadd,adaaad,adaaaa,ddaaaa,ddaaad,ddaadd,ddaada,ddadda,ddaddd,ddadad,ddadaa,ddddaa,ddddad,dddddd,ddddda,dddada,dddadd,dddaad,dddaaa,dadaaa,dadaad,dadadd,dadada,daddda,dadddd,daddad,daddaa,daadaa,daadad,daaddd,daadda,daaada,daaadd,daaaad,daaaaa
11.919977226143603,95.21985860787683,4.998516137639479,63.59332146536186,31.993511174287736,0.013172688735275455,29.946281379704732,4.989608319811866,0.10825187495788839,6.428168334728658,0.8923607784189941,10.50477348556949,8.166845751791943,0.020144863963833567,2.2541332965174727,0.09213525231836928,1.0515295051917681,0.04699926268123268,2.8011874997782678,0.010292572404587468,0.07598337398489866,0.03883953993377538,1.7994836185347478,0.5620348483328161,0.1575272071313427,2.3371056401014076,0.8736239465264382,3.201361404448869,1.716261458567702,0.0036521202509514268,0.36090639051885925,0.02682909175069526,0.06094697070966211,0.014215150585992244,0.11777026733856667,0.016426726419293387,0.012755430892120277,1.6202678386660843e-05,0.10530021188077364,0.00584124266741229,0.11895677953007142,0.04020754509191834,0.1848649630925004,0.019563883900002556,0.0011030053712801483,0.013330214572308988,0.0019694189359526037,0.002593291754719561,0.23400948150386394,0.027711331239640872,0.6359184223868332,0.019424267842095482,0.005016927837912367,0.06666203204866317,0.22074941227738765,0.23852617036449847,0.029082085355705414,0.4433935346136237,0.19765760999457901,0.6565015228657564,0.5184871083541495,0.022980930790990048,0.13793681524277268,0.0003548699751709792
