aaaaaa,aaaaad,aaaadd,aaaada,aaadda,aaaddd,aaadad,aaadaa,aaddaa,aaddad,aadddd,aaddda,aadada,aadadd,aadaad,aadaaa,addaaa,addaad,addadd,addada,adddda,addddd,adddad,adddaa,adadaa,adadad,adaddd,adadda,adaada,adaadd,adaaad,adaaaa,ddaaaa,ddaaad,ddaadd,ddaada,ddadda,ddaddd,ddadad,ddadaa,ddddaa,ddddad,dddddd,ddddda,dddada,dddadd,dddaad,dddaaa,dadaaa,dadaad,dadadd,dadada,daddda,dadddd,daddad,daddaa,daadaa,daadad,daaddd,daadda,daaada,daaadd,daaaad,daaaaa
5.046075203359245,92.67598029130238,1.9167411327830024,57.336770823152555,43.48341194761548,0.06684079267232101,43.55165837041596,7.379095351888734,0.5292267606810495,3.8885494973531283,0.16429135810768822,14.670789565664407,7.715739724641623,0.16065268722372678,3.042405207981404,0.14563064343302687,1.3070351817494001,1.9567614255736073e-05,4.141327679236184,0.14672867893938327,0.45993697016735785,0.2761469277707177,2.711715229371028,1.0501030504838582,0.3899073229496782,1.821541714433012,0.573718645588553,4.003707694769599,1.8743438803594676,0.020471257853541952,0.5244654520531093,0.021472446542303868,0.057179255752718504,0.009859879830786303,0.155289475512598,0.002122531273481492,0.028011012164340886,0.0018027173878512168,0.14173134131407125,0.014632973990842561,0.06599353017127053,0.07952931652678442,0.2420913197967164,0.005776271218052469,0.002158962590943376,0.005199049197553996,0.002079979343987653,0.0063228045546603485,0.2891730716210162,0.007356478408552384,0.9300731128391788,0.004338767736487735,0.015323952467311788,0.1607152935848076,0.3613342673915902,0.37496804338414635,0.0772367073433424,0.33002904678552275,0.12709439385559435,0.8211765057719003,0.5385498394052264,0.03456624652410813,0.17544483000931424,0.00148396156237789
