aaaaaa,aaaaad,aaaadd,aaaada,aaadda,aaaddd,aaadad,aaadaa,aaddaa,aaddad,aadddd,aaddda,aadada,aadadd,aadaad,aadaaa,addaaa,addaad,addadd,addada,adddda,addddd,adddad,adddaa,adadaa,adadad,adaddd,adadda,adaada,adaadd,adaaad,adaaaa,ddaaaa,ddaaad,ddaadd,ddaada,ddadda,ddaddd,ddadad,ddadaa,ddddaa,ddddad,dddddd,ddddda,dddada,dddadd,dddaad,dddaaa,dadaaa,dadaad,dadadd,dadada,daddda,dadddd,daddad,daddaa,daadaa,daadad,daaddd,daadda,daaada,daaadd,daaaad,daaaaa
5.000319086348997,84.31958895206377,2.2455784253167375,50.194269603550644,45.36972538229325,0.27417078847140003,37.96135762925081,5.463259220869222,2.048460435903577,1.2850591068814172,0.3797255235386389,11.994250703941832,3.8080056083905762,1.293084791782581,2.922397457307295,0.09516638112585964,1.5404039389552222,0.01875307778093203,4.142649187827687,0.21958199560134575,1.359074614175495,1.0105473141055294,2.1077101957626905,0.6804018055177291,0.7714292415156853,1.031978125355329,0.6441273171844601,3.4503217672538153,1.2394895799934649,0.1301422280064251,0.5425048569447951,0.021020582887676127,0.04361744497149387,0.013228594234196072,0.1521564914774508,0.0013899941675132334,0.05627429215215505,0.011571520607102054,0.12294638566257912,0.008836376081764291,0.02826991654018407,0.1272505537503373,0.1835826600839401,0.013956486879742696,0.03758873549061752,0.008328303514790083,0.0002436151805954034,0.0019050127436000153,0.3270426800706178,0.0008039034595611466,0.9310714148175772,0.01433468764235992,0.12246635583047485,0.3820187510913797,0.27198593119339365,0.2688015939126678,0.15981217502934197,0.17394125610519337,0.1434449335764354,0.7046377525326555,0.3940107873930486,0.07027343694282907,0.17442341544957163,0.0002732709243404469
