aaaaaa,aaaaad,aaaadd,aaaada,aaadda,aaaddd,aaadad,aaadaa,aaddaa,aaddad,aadddd,aaddda,aadada,aadadd,aadaad,aadaaa,addaaa,addaad,addadd,addada,adddda,addddd,adddad,adddaa,adadaa,adadad,adaddd,adadda,adaada,adaadd,adaaad,adaaaa,ddaaaa,ddaaad,ddaadd,ddaada,ddadda,ddaddd,ddadad,ddadaa,ddddaa,ddddad,dddddd,ddddda,dddada,dddadd,dddaad,dddaaa,dadaaa,dadaad,dadadd,dadada,daddda,dadddd,daddad,daddaa,daadaa,daadad,daaddd,daadda,daaada,daaadd,daaaad,daaaaa
4.488585771311401,90.61146665664906,1.9290310063653144,53.81450398857213,50.52815510591706,0.4019808416477817,41.90800702249754,6.014156002726648,2.280994793989583,1.3603338427221363,0.32252995485101404,13.406354683391019,3.8676525566260036,1.537478888253595,3.35328667866313,0.12613504328707567,1.786558392169186,0.042272600472715235,4.639405897958805,0.3034006411025839,1.664512499771364,1.2526915332687183,2.3191961228758258,0.7547344915701305,0.829959624248728,1.125950078236764,0.6528417175538456,3.805453741244419,1.3077147853966677,0.15605474386417642,0.6230760557785984,0.024331350593781824,0.045905020763357646,0.013865884809071034,0.16837429653672784,0.0010679940474776326,0.06401010147262795,0.01449493292844324,0.13102359274445521,0.00963211935874849,0.028187249789116655,0.14130127056999173,0.20147812580274188,0.014343121425901939,0.047095161656040795,0.011329583993401563,0.0005559614387590267,0.0034353274956169257,0.372612509585771,4.4161296505115565e-05,1.041667938401254,0.023257788821543716,0.1586047370913835,0.45739658202886313,0.2955386135824332,0.29294667149357967,0.17362394684201285,0.18687619586969167,0.14344886189503597,0.777973643711697,0.4190764253191346,0.07907665265304197,0.1937429750607258,0.00021108325549061853
