aaaaaa,aaaaad,aaaadd,aaaada,aaadda,aaaddd,aaadad,aaadaa,aaddaa,aaddad,aadddd,aaddda,aadada,aadadd,aadaad,aadaaa,addaaa,addaad,addadd,addada,adddda,addddd,adddad,adddaa,adadaa,adadad,adaddd,adadda,adaada,adaadd,adaaad,adaaaa,ddaaaa,ddaaad,ddaadd,ddaada,ddadda,ddaddd,ddadad,ddadaa,ddddaa,ddddad,dddddd,ddddda,dddada,dddadd,dddaad,dddaaa,dadaaa,dadaad,dadadd,dadada,daddda,dadddd,daddad,daddaa,daadaa,daadad,daaddd,daadda,daaada,daaadd,daaaad,daaaaa
4.036619350154755,89.60683438260936,1.2510760435458765,54.86906025475094,54.93835495341741,0.4634875723279498,42.195718529597954,5.02293988273257,2.751560705486753,1.0811070234385,1.1834492508093615,10.192628290153216,2.9223929677860125,2.50142950712489,3.208598783752175,0.06914185100552121,2.0508195060371994,0.10057959148153517,3.8662135509432387,0.12785387364145956,2.1267358581252522,1.6222079731726908,2.0150797192827326,0.5292141884576858,0.9395566946083964,1.0483125764662125,0.9156900550173972,3.3595002223044768,1.2270707913861925,0.232457719157293,0.729064486552917,0.031151590938422565,0.04616925000883092,0.012149244978704243,0.1390571843063548,0.0031105495211715645,0.0788396849172795,0.01884567484838371,0.1381995976500631,0.00849028720928761,0.01954872414816679,0.16574490061711594,0.12996108592741065,0.043133031178400956,0.1020633517389088,0.04091047529744392,0.002202928386666799,0.0006099837284003859,0.42543901327810146,0.0016589651555007291,0.8821357764991737,0.004816653440504383,0.2259446655016084,0.5666515171352805,0.2541118028503227,0.2361461460900989,0.1917532993491637,0.17632290158696085,0.20698346285317346,0.6718149673707189,0.41423581594337994,0.09471774594807433,0.2203638564437867,0.00040367288442726037
