aaaaaa,aaaaad,aaaadd,aaaada,aaadda,aaaddd,aaadad,aaadaa,aaddaa,aaddad,aadddd,aaddda,aadada,aadadd,aadaad,aadaaa,addaaa,addaad,addadd,addada,adddda,addddd,adddad,adddaa,adadaa,adadad,adaddd,adadda,adaada,adaadd,adaaad,adaaaa,ddaaaa,ddaaad,ddaadd,ddaada,ddadda,ddaddd,ddadad,ddadaa,ddddaa,ddddad,dddddd,ddddda,dddada,dddadd,dddaad,dddaaa,dadaaa,dadaad,dadadd,dadada,daddda,dadddd,daddad,daddaa,daadaa,daadad,daaddd,daadda,daaada,daaadd,daaaad,daaaaa
10.322838649016308,96.83109634444826,4.925868656277287,59.90588892527808,42.15998226128162,0.03802175750475356,35.8995761654088,5.269261345848088,1.4652282387287374,2.114198058251956,0.8654257930196789,11.566984214325142,5.220174517700512,0.837079618206512,2.4900450121436313,0.06122789567156925,1.4179371003422667,0.002655962822192322,3.740866742175953,0.027802357544906346,0.7347637190305057,0.5352958149739521,2.0628853495039396,0.6370362372039235,0.6901814820601886,1.3229442038858559,0.9045208801617112,3.4913106432126018,1.4359822705955299,0.08249075989266394,0.4552970739756923,0.02490541635519565,0.052811961921611056,0.016023994103347216,0.14727648413434338,0.006378467740902152,0.04210416562947197,0.005254188805968839,0.13041535456386627,0.00780030323415556,0.0462151668596496,0.11644897879518704,0.18745149917341233,0.021285550576664626,0.018394345404504842,0.0017225680130230705,8.080202655110807e-06,0.00024752551720073993,0.30593292771888025,0.010401606207538541,0.8500142622350103,0.0012217080812937592,0.04214715686324104,0.25784713238737345,0.2611326125449886,0.26622275851856,0.1402698983151073,0.23284099224541974,0.20113942718155797,0.7188328230268671,0.4616306185795838,0.06106075688233114,0.1630531811610548,0.0005450146313821125
