aaaaaa,aaaaad,aaaadd,aaaada,aaadda,aaaddd,aaadad,aaadaa,aaddaa,aaddad,aadddd,aaddda,aadada,aadadd,aadaad,aadaaa,addaaa,addaad,addadd,addada,adddda,addddd,adddad,adddaa,adadaa,adadad,adaddd,adadda,adaada,adaadd,adaaad,adaaaa,ddaaaa,ddaaad,ddaadd,ddaada,ddadda,ddaddd,ddadad,ddadaa,ddddaa,ddddad,dddddd,ddddda,dddada,dddadd,dddaad,dddaaa,dadaaa,dadaad,dadadd,dadada,daddda,dadddd,daddad,daddaa,daadaa,daadad,daaddd,daadda,daaada,daaadd,daaaad,daaaaa
4.4511056014963355,81.72083263023609,1.523481672997846,50.4627871064955,42.085367495914106,0.06577052680776091,40.01588578543492,6.03482603118579,0.7546159828994853,2.787844820603349,0.45231565254567113,11.317732842968978,6.263358110474159,0.3354910291616733,2.688898198921026,0.07990920200974244,1.1803017114762535,1.2813326724613658e-05,3.3938460592794666,0.0759142004376649,0.5427280630372415,0.3329337301806099,2.3073076557469414,0.8001446399021322,0.4486633800545187,1.4459230385806485,0.6669938357903206,3.2859779192074927,1.6429408684047142,0.03699689268405046,0.5207927938215291,0.018066153930195422,0.04827925209121272,0.009060529384031131,0.1285517937911952,0.0028062847350917184,0.034797516171204496,0.0032225631692292278,0.13278351327735857,0.011551663432506543,0.05151929926752364,0.08355888191635635,0.18357188656612292,0.011958283103452413,0.008367379801377207,0.0002991698731259721,3.3659194746095782e-06,0.0015160189520857302,0.2614801681110634,0.005844049595868929,0.7702561796076325,0.0007128979326801968,0.025338451483975274,0.179218325224858,0.30957586201458887,0.3037097440636145,0.09003672604262859,0.25925613893198635,0.14849761438226095,0.6721729418661357,0.48691820816397724,0.03780522200534052,0.17402893671635908,0.0008199200988582746
