aaaaaa,aaaaad,aaaadd,aaaada,aaadda,aaaddd,aaadad,aaadaa,aaddaa,aaddad,aadddd,aaddda,aadada,aadadd,aadaad,aadaaa,addaaa,addaad,addadd,addada,adddda,addddd,adddad,adddaa,adadaa,adadad,adaddd,adadda,adaada,adaadd,adaaad,adaaaa,ddaaaa,ddaaad,ddaadd,ddaada,ddadda,ddaddd,ddadad,ddadaa,ddddaa,ddddad,dddddd,ddddda,dddada,dddadd,dddaad,dddaaa,dadaaa,dadaad,dadadd,dadada,daddda,dadddd,daddad,daddaa,daadaa,daadad,daaddd,daadda,daaada,daaadd,daaaad,daaaaa
4.68263823931288,97.28746304608963,1.8208586116919452,58.25600584334213,55.99582322132233,0.41227645213033953,45.93378051577355,6.238149314503419,2.5076591102925527,1.4464403589831927,0.6133901043858971,13.182039530277562,4.0742168892966255,1.8212567358113325,3.5396946081114136,0.10283583261476682,1.8822254713400115,0.041077605628155635,4.694576732640209,0.24685160415182533,1.7902401783752222,1.3356892251028554,2.419449240686722,0.7374106384000393,0.8996540435132299,1.2269099927354143,0.7943248653772336,3.9494324328979182,1.4636725074055055,0.16881884573297148,0.7120315332326639,0.02780073583180229,0.046308692134749314,0.016082984725343828,0.16728517851493485,0.0018702736626942898,0.07015166907225227,0.014917285354538045,0.14327338040978127,0.009459736638739316,0.026576276208828343,0.1625295187991971,0.18599572980307286,0.02494966813907514,0.06685929232586492,0.01990664580994748,6.290394114591404e-05,0.001098674721717647,0.3960461569747874,9.256257508122176e-05,1.0560901266152065,0.015251572177854989,0.1691391947984395,0.4908126841286575,0.31120633046734447,0.30037309025141734,0.18553320221843067,0.20668372930389206,0.17728500149558948,0.8004972683623007,0.4681358009790547,0.08458500560513145,0.22276685243369887,0.0002893404004176642
