aaaaaa,aaaaad,aaaadd,aaaada,aaadda,aaaddd,aaadad,aaadaa,aaddaa,aaddad,aadddd,aaddda,aadada,aadadd,aadaad,aadaaa,addaaa,addaad,addadd,addada,adddda,addddd,adddad,adddaa,adadaa,adadad,adaddd,adadda,adaada,adaadd,adaaad,adaaaa,ddaaaa,ddaaad,ddaadd,ddaada,ddadda,ddaddd,ddadad,ddadaa,ddddaa,ddddad,dddddd,ddddda,dddada,dddadd,dddaad,dddaaa,dadaaa,dadaad,dadadd,dadada,daddda,dadddd,daddad,daddaa,daadaa,daadad,daaddd,daadda,daaada,daaadd,daaaad,daaaaa
6.609176916366107,97.60185823011486,2.6241097077548985,60.880876884325424,45.29558148482982,0.07599738722673649,41.237129878416255,6.311139572943896,0.8201459322948879,3.2594702473607273,0.4638177648766254,13.373463755360603,6.6072746816032355,0.4531295173655952,2.958557732153214,0.09997191266597702,1.4204351118206135,2.9292232022498565e-05,3.9990729908671643,0.07921063829237948,0.6469219927330836,0.4335238769223262,2.4050480657189772,0.8167977749182025,0.5013564350097598,1.688194774460737,0.7406730566256368,3.867284203091761,1.7237810184307896,0.04833506921687069,0.5392781504412488,0.023697978028261065,0.056091121120116605,0.01254029986783606,0.15302200674100605,0.003910601984237593,0.03693635616049109,0.003781442728916845,0.13719835344210266,0.010487844181467304,0.05840533824488509,0.09725187554420198,0.21381416385286572,0.013031449939434352,0.009108847746434995,0.00013677539495878462,0.0004791916544674773,0.0023294674162117938,0.309574854570653,0.007560732075353684,0.9039006838225361,0.0007533631052476634,0.030550973141236875,0.22124221665827237,0.31008846482947805,0.31690997461275505,0.09989430803346797,0.30278403719746333,0.1642654335169566,0.792254918302185,0.5204830398107659,0.04760072853097319,0.18188476049699834,0.0007623436981413439
