aaaaaa,aaaaad,aaaadd,aaaada,aaadda,aaaddd,aaadad,aaadaa,aaddaa,aaddad,aadddd,aaddda,aadada,aadadd,aadaad,aadaaa,addaaa,addaad,addadd,addada,adddda,addddd,adddad,adddaa,adadaa,adadad,adaddd,adadda,adaada,adaadd,adaaad,adaaaa,ddaaaa,ddaaad,ddaadd,ddaada,ddadda,ddaddd,ddadad,ddadaa,ddddaa,ddddad,dddddd,ddddda,dddada,dddadd,dddaad,dddaaa,dadaaa,dadaad,dadadd,dadada,daddda,dadddd,daddad,daddaa,daadaa,daadad,daaddd,daadda,daaada,daaadd,daaaad,daaaaa
6.0044914400561575,98.53729989242386,2.6238635082818846,60.204625373147444,45.82532757527796,0.1265913847967227,42.85538911758668,7.067594906889356,0.9045466853365827,3.1211362018598896,0.17516991761687167,15.345564399312737,6.643318738050295,0.4364840480475044,3.1825326569486743,0.14500254496296597,1.4889073800501382,0.0009344915230057188,4.569850015194018,0.19038999198187018,0.7495637572507822,0.5056117881255918,2.631612637743987,0.9846811351116441,0.5162055342691074,1.6768988387652781,0.6107691796187594,4.184235591099752,1.726258498655579,0.04840921249257586,0.537473813558868,0.02308288207973059,0.05692206246413665,0.012975593481944303,0.17221844112910717,0.0017444954981141278,0.03629458717749432,0.003918384497531571,0.14128586135953197,0.013293979215730063,0.053427989906295784,0.10338141742923244,0.25342155238174263,0.005164938558855517,0.00755269796034441,0.00046434133921941043,0.002810834481996735,0.0061056199833785735,0.3229271257639251,0.005945662530336613,1.0277275883850279,0.008263083852877473,0.04201267820716881,0.2406940533740034,0.34206860362639563,0.35786961395235695,0.10512011685760447,0.29648340957937414,0.13448265987928773,0.8623205806526743,0.5114534059579977,0.048416270161081576,0.17732457166188956,0.0011523116956746965
