aaaaaa,aaaaad,aaaadd,aaaada,aaadda,aaaddd,aaadad,aaadaa,aaddaa,aaddad,aadddd,aaddda,aadada,aadadd,aadaad,aadaaa,addaaa,addaad,addadd,addada,adddda,addddd,adddad,adddaa,adadaa,adadad,adaddd,adadda,adaada,adaadd,adaaad,adaaaa,ddaaaa,ddaaad,ddaadd,ddaada,ddadda,ddaddd,ddadad,ddadaa,ddddaa,ddddad,dddddd,ddddda,dddada,dddadd,dddaad,dddaaa,dadaaa,dadaad,dadadd,dadada,daddda,dadddd,daddad,daddaa,daadaa,daadad,daaddd,daadda,daaada,daaadd,daaaad,daaaaa
7.053176760200199,91.7723376024763,2.663396503349497,58.23597481846581,41.873571975357265,0.03627359551716385,36.913396214514144,5.249302463698463,0.7076504829334433,3.175257104162548,0.7820904010986177,11.098024417572924,6.17304080878975,0.44687385926636,2.6043771859098297,0.06507853020490381,1.2681537126385378,0.002267694164532296,3.3257672539652448,0.01880141780607772,0.5277034398124484,0.34961711576161875,2.051397770600021,0.6302932514529712,0.45650615659937666,1.6042638504521276,0.8251609160814006,3.375724420921484,1.6124486426399005,0.046046557705805014,0.5015030044789698,0.02317240842772265,0.05201778260621673,0.012304085653245216,0.13044622890154156,0.006488465893889474,0.03458349110834481,0.003117514774157694,0.12510425072685677,0.0075782100259514885,0.058225464200889795,0.08885892408328254,0.17498864792012134,0.020515714473775374,0.010028932287066672,5.039768440601289e-07,6.09702386530176e-09,0.0005775921517976899,0.27856052444772683,0.00975894512462188,0.7592812902137824,0.0013087206355599198,0.021445844560798587,0.19256894280046785,0.26113629889530504,0.26115810493579567,0.09031442454014837,0.2903044398105683,0.18358817304094432,0.6910619548883001,0.49451179633098297,0.04434035871677726,0.1717192721129354,0.0004814061895766787
