aaaaaa,aaaaad,aaaadd,aaaada,aaadda,aaaddd,aaadad,aaadaa,aaddaa,aaddad,aadddd,aaddda,aadada,aadadd,aadaad,aadaaa,addaaa,addaad,addadd,addada,adddda,addddd,adddad,adddaa,adadaa,adadad,adaddd,adadda,adaada,adaadd,adaaad,adaaaa,ddaaaa,ddaaad,ddaadd,ddaada,ddadda,ddaddd,ddadad,ddadaa,ddddaa,ddddad,dddddd,ddddda,dddada,dddadd,dddaad,dddaaa,dadaaa,dadaad,dadadd,dadada,daddda,dadddd,daddad,daddaa,daadaa,daadad,daaddd,daadda,daaada,daaadd,daaaad,daaaaa
3.4023045069349296,99.84819391129952,1.1725292119558541,59.36664790796476,58.63657773687485,0.4167011695052848,51.506853029514986,7.46669713885862,1.9962725308705724,2.0046943015567513,0.2788584449270794,15.45602515326261,5.443554454924202,1.2200890986251505,3.9337000157585575,0.13379663375216563,1.8435737133366745,0.038800396822896516,5.136831453565267,0.36167308720747765,1.6096957658882332,1.132507297574573,2.8552681549974945,0.9765107822481449,0.8050517582995363,1.4192618637059626,0.6822399909849741,4.353489050192227,1.7227466446801147,0.126074644354985,0.752467948708645,0.023509791536532234,0.0527804380148218,0.01266288230432782,0.18299385909345184,0.000689693834576836,0.06669218210549205,0.012917984556918973,0.16004353926821027,0.01439531189771019,0.036732080501823264,0.1440061194243949,0.2365722463477169,0.011439283737673242,0.03892334428141408,0.005160019314860884,0.00032617930014362914,0.003948909237100466,0.39336380560688095,0.0002069519885780388,1.1525298830053115,0.02626926623205168,0.14220460761269374,0.43364367556067607,0.3770864199734529,0.36870669743000656,0.16633755122831437,0.24108097851306728,0.1509537381333723,0.8865013499724128,0.524446690684709,0.07308366955449287,0.23282442324772787,0.0005271589091192468
