aaaaaa,aaaaad,aaaadd,aaaada,aaadda,aaaddd,aaadad,aaadaa,aaddaa,aaddad,aadddd,aaddda,aadada,aadadd,aadaad,aadaaa,addaaa,addaad,addadd,addada,adddda,addddd,adddad,adddaa,adadaa,adadad,adaddd,adadda,adaada,adaadd,adaaad,adaaaa,ddaaaa,ddaaad,ddaadd,ddaada,ddadda,ddaddd,ddadad,ddadaa,ddddaa,ddddad,dddddd,ddddda,dddada,dddadd,dddaad,dddaaa,dadaaa,dadaad,dadadd,dadada,daddda,dadddd,daddad,daddaa,daadaa,daadad,daaddd,daadda,daaada,daaadd,daaaad,daaaaa
10.421543057595022,103.18862275843803,4.464690078737989,66.05740843889141,40.339912884746056,6.688492895129007e-05,40.38468425500589,6.961779465278199,0.40212530086319587,5.196980797458196,0.6279602851756938,13.323696043905835,8.723486115178002,0.08709302089253547,2.699341837907852,0.11138715418484318,1.2779752462239145,0.02096320588632071,3.7136944209499663,0.013472620391461257,0.1966066363171947,0.11598263858404559,2.5221494452474986,0.8950237031667176,0.33983297573050375,2.1675566471820744,0.8474494228626498,3.861951619299785,1.962720963782642,0.01124346645536899,0.45168759498435507,0.024340935349958015,0.06697857495281398,0.01211228900699482,0.14860931801677116,0.008748256536281002,0.0207409679147299,0.00027203865207639646,0.14224975541794913,0.010667914510325378,0.0968112327568393,0.06873983104187102,0.22715473072445277,0.015833617055073697,0.00047108748653118445,0.009325668294583991,0.0015328822658629028,0.003578876568729555,0.285666260112443,0.01925449649783801,0.8418333511067319,0.0033337912598786386,6.170854021169321e-05,0.10712081451295617,0.3278853470320059,0.34122915576831864,0.06619004802993524,0.4052843389670095,0.1894458161581949,0.7984368609585514,0.5801641306326987,0.032772303496813725,0.16493982296858686,0.0009370082276461861
