aaaaaa,aaaaad,aaaadd,aaaada,aaadda,aaaddd,aaadad,aaadaa,aaddaa,aaddad,aadddd,aaddda,aadada,aadadd,aadaad,aadaaa,addaaa,addaad,addadd,addada,adddda,addddd,adddad,adddaa,adadaa,adadad,adaddd,adadda,adaada,adaadd,adaaad,adaaaa,ddaaaa,ddaaad,ddaadd,ddaada,ddadda,ddaddd,ddadad,ddadaa,ddddaa,ddddad,dddddd,ddddda,dddada,dddadd,dddaad,dddaaa,dadaaa,dadaad,dadadd,dadada,daddda,dadddd,daddad,daddaa,daadaa,daadad,daaddd,daadda,daaada,daaadd,daaaad,daaaaa
6.998758421547702,102.88554892437382,3.433009064961593,61.40965153783566,48.98250099936687,0.15553665341348347,45.32046758975722,7.535307227456838,1.513868784991908,2.4054183433200564,0.17285823220614746,16.313274453145805,6.374870708942002,0.6573846778167888,3.2965789434328245,0.1476527328767501,1.598325624735391,0.0011043193135127393,5.068856344481093,0.24939978374852836,0.9761629742412844,0.665583893243547,2.8138412067596734,1.0694356644126213,0.7028580458994709,1.4983699921101965,0.6495625633242981,4.402870815951561,1.7118971603881903,0.07157209816872957,0.5484389975555516,0.023994204916103497,0.057612108362543296,0.01493955705263369,0.18950967309819264,0.0012271605209369855,0.04480585741479017,0.005869844455758328,0.1527842070154309,0.01501372638314301,0.04663388338793166,0.1253982145425927,0.27393150342241857,0.0046552165133033055,0.01274429397012337,2.54079802087648e-06,0.0025833808559781114,0.00566015737507521,0.3447367173855821,0.0060965220698781545,1.1370295105485164,0.014355238169582953,0.06751022051086468,0.29540167162923336,0.3700009203264887,0.3877809368880402,0.1449726863103475,0.25949355506475047,0.1433970598321833,0.9079739554397568,0.5164112954238017,0.05950203039176004,0.18401264574176343,0.0014540512702281533
