aaaaaa,aaaaad,aaaadd,aaaada,aaadda,aaaddd,aaadad,aaadaa,aaddaa,aaddad,aadddd,aaddda,aadada,aadadd,aadaad,aadaaa,addaaa,addaad,addadd,addada,adddda,addddd,adddad,adddaa,adadaa,adadad,adaddd,adadda,adaada,adaadd,adaaad,adaaaa,ddaaaa,ddaaad,ddaadd,ddaada,ddadda,ddaddd,ddadad,ddadaa,ddddaa,ddddad,dddddd,ddddda,dddada,dddadd,dddaad,dddaaa,dadaaa,dadaad,dadadd,dadada,daddda,dadddd,daddad,daddaa,daadaa,daadad,daaddd,daadda,daaada,daaadd,daaaad,daaaaa
2.5803803229052744,86.4936489368761,0.5154682994283029,53.582779162012145,50.81464442577953,0.1842128157465069,45.86425073590074,6.159959379740293,0.946128301834377,2.7598982693327,0.5646610348139497,11.713854229385475,6.1539200426952325,0.6015096948085527,3.2370620584374943,0.07157025308371516,1.3757619938192374,0.010232308738248558,3.5996770975733354,0.11270749030321016,0.886622623003332,0.5558960769397266,2.4304123787731613,0.7800932479024012,0.5069931944241017,1.5332570602948072,0.7258788356450295,3.5054586509750436,1.783749868604955,0.06241415594703829,0.6876582668006015,0.0192863360612619,0.04762427718669037,0.009176872781421704,0.13494791007544973,0.0019830710956367167,0.04863333536005043,0.006272010780741208,0.14582442222068437,0.01219977155078527,0.04533881952662442,0.1019791084036807,0.17914610508870799,0.016543270166299466,0.022755981043597745,0.0008778577440590344,0.0003073533138946706,0.0008513914577825583,0.30109903541068006,0.002005960798974975,0.8244092636954068,0.002498043080243945,0.059825581970703305,0.2569445303875297,0.32494203843826497,0.30580025429005653,0.10162623947935132,0.27244996669458055,0.1617672075675006,0.7111923344810119,0.530754868592333,0.04545100580709017,0.2145448699535159,0.0005086914165812112
