aaaaaa,aaaaad,aaaadd,aaaada,aaadda,aaaddd,aaadad,aaadaa,aaddaa,aaddad,aadddd,aaddda,aadada,aadadd,aadaad,aadaaa,addaaa,addaad,addadd,addada,adddda,addddd,adddad,adddaa,adadaa,adadad,adaddd,adadda,adaada,adaadd,adaaad,adaaaa,ddaaaa,ddaaad,ddaadd,ddaada,ddadda,ddaddd,ddadad,ddadaa,ddddaa,ddddad,dddddd,ddddda,dddada,dddadd,dddaad,dddaaa,dadaaa,dadaad,dadadd,dadada,daddda,dadddd,daddad,daddaa,daadaa,daadad,daaddd,daadda,daaada,daaadd,daaaad,daaaaa
1.986691026075405,93.51611288062902,0.49137903460782767,55.66072676062397,57.898435303373276,0.48442432420332043,51.75835932189455,7.494122068725748,1.6489346929312592,2.1782689332759095,0.17649246272990998,15.218985311633842,5.4788410925599305,1.0461552079361658,4.006167961721053,0.14392360153245676,1.7737991525039618,0.05626578392312333,4.961634528336456,0.4206264193095376,1.5737419932668097,1.0848824714592675,2.8520748849706856,0.9985584926505651,0.6922600866715689,1.4501350860761995,0.5854720422846307,4.241137606291368,1.7352632972901414,0.10957607363657475,0.7781914970669753,0.02141654248052926,0.04983078605049756,0.010572884530293248,0.17445475759221232,0.00036447820247594297,0.06341848878470314,0.012265508011205907,0.1556731694029848,0.015287550165055269,0.03566510023237463,0.13160671256028855,0.23011310077992428,0.008791309902211617,0.03591350021773155,0.0037442350164554852,0.00044285773961543173,0.005225721386048425,0.3789921095810353,4.233216896378593e-06,1.1131015225157235,0.03279549648822543,0.13988088898393883,0.41129715541017914,0.37967131682320315,0.36848264960234534,0.1425742046346678,0.24761802852191747,0.12942709778369133,0.8611635830500969,0.5162970681791955,0.06456012210712687,0.23363186563976607,0.0005149694161069266
