aaaaaa,aaaaad,aaaadd,aaaada,aaadda,aaaddd,aaadad,aaadaa,aaddaa,aaddad,aadddd,aaddda,aadada,aadadd,aadaad,aadaaa,addaaa,addaad,addadd,addada,adddda,addddd,adddad,adddaa,adadaa,adadad,adaddd,adadda,adaada,adaadd,adaaad,adaaaa,ddaaaa,ddaaad,ddaadd,ddaada,ddadda,ddaddd,ddadad,ddadaa,ddddaa,ddddad,dddddd,ddddda,dddada,dddadd,dddaad,dddaaa,dadaaa,dadaad,dadadd,dadada,daddda,dadddd,daddad,daddaa,daadaa,daadad,daaddd,daadda,daaada,daaadd,daaaad,daaaaa
5.149628061755672,92.02896183211021,1.8490665938135116,57.418274357959454,43.924665775731185,0.0711501559299675,42.00432766173824,6.647642130410611,0.571849251052962,3.6524543631813042,0.31842664116728514,13.391678335823372,7.138798071820823,0.25848299860608603,2.9696531924218954,0.1132291595731935,1.3086119791026196,6.8745408689306245e-06,3.8678746684282266,0.09915589405222316,0.5191176140230576,0.32417486756488945,2.4941877503658922,0.8941592769862,0.40691720293018246,1.7574673383383226,0.6488497898752935,3.79078095025776,1.797132586928087,0.029788434290482554,0.5386835878135019,0.02133670920750767,0.05509235138438699,0.01025639622904605,0.14654927610592142,0.0029732769133511794,0.031595038883296775,0.002529891934700001,0.13669514185663437,0.0120362229408714,0.06265765066600944,0.08300831409644752,0.21669877036367377,0.00940102871894633,0.004558776838140007,0.0018908090437370747,0.0007910732720012255,0.0036638945122554538,0.28846875228790214,0.007079761982451883,0.8729229377738774,0.0014500707974696755,0.019813005927785253,0.17947065707970397,0.3278003828069568,0.3336340654220921,0.0804988079551278,0.31795699992133075,0.14381697115010342,0.7763254567766804,0.5266768793108958,0.03811016724053976,0.1795452372521648,0.0009643106060106049
