aaaaaa,aaaaad,aaaadd,aaaada,aaadda,aaaddd,aaadad,aaadaa,aaddaa,aaddad,aadddd,aaddda,aadada,aadadd,aadaad,aadaaa,addaaa,addaad,addadd,addada,adddda,addddd,adddad,adddaa,adadaa,adadad,adaddd,adadda,adaada,adaadd,adaaad,adaaaa,ddaaaa,ddaaad,ddaadd,ddaada,ddadda,ddaddd,ddadad,ddadaa,ddddaa,ddddad,dddddd,ddddda,dddada,dddadd,dddaad,dddaaa,dadaaa,dadaad,dadadd,dadada,daddda,dadddd,daddad,daddaa,daadaa,daadad,daaddd,daadda,daaada,daaadd,daaaad,daaaaa
2.659811907250049,87.83715260513026,0.9278758092165724,52.20232692212823,49.913942324429165,0.36103273952545784,45.41925961949987,7.01022720830793,1.3461182659717978,2.1862966841721763,0.08970721663863004,14.807059432840935,5.349451283343658,0.7597338010153767,3.5392728733936183,0.15095167306739696,1.5699953778105407,0.030085214860179586,4.705443672494226,0.3872400648203568,1.2488887374353186,0.8595357098888303,2.626210898176686,0.9638807377017434,0.5971982590401126,1.3821610049206468,0.5024599957064169,4.006571803039238,1.581789354006484,0.08249149671514726,0.641303699761803,0.020353157980193694,0.0481630223463533,0.010328168167769528,0.16603499677533587,0.0003454613207146574,0.050586238046095,0.009015509713320527,0.13837717349830778,0.014038719016163518,0.03636907017625823,0.11489930794336245,0.23365480936335714,0.004594576135709448,0.021177980823063203,0.0007955160873504357,0.001709838488548031,0.006844139845958143,0.3352203419229655,0.0003900451575211867,1.051914462474909,0.030685512137750483,0.1025791742224082,0.33712091628109864,0.34720956305644,0.3487349595918967,0.12341799268862813,0.23661898444209498,0.11002241137796082,0.8190392453412287,0.46887648896764883,0.0557172190636197,0.19685053885055914,0.0006671262840996234
