aaaaaa,aaaaad,aaaadd,aaaada,aaadda,aaaddd,aaadad,aaadaa,aaddaa,aaddad,aadddd,aaddda,aadada,aadadd,aadaad,aadaaa,addaaa,addaad,addadd,addada,adddda,addddd,adddad,adddaa,adadaa,adadad,adaddd,adadda,adaada,adaadd,adaaad,adaaaa,ddaaaa,ddaaad,ddaadd,ddaada,ddadda,ddaddd,ddadad,ddadaa,ddddaa,ddddad,dddddd,ddddda,dddada,dddadd,dddaad,dddaaa,dadaaa,dadaad,dadadd,dadada,daddda,dadddd,daddad,daddaa,daadaa,daadad,daaddd,daadda,daaada,daaadd,daaaad,daaaaa
7.334236666563267,98.60866326653128,3.188289001131686,59.77517309740394,51.20136807354733,0.1829440877044132,42.236551273409965,5.746006446237257,2.284331158696275,1.5461040223764166,0.8862181909976249,12.164364640577638,4.559551515687411,1.468351611020397,3.02982014201066,0.06392596999497978,1.6918896604177582,0.006852877078566111,4.220957176874263,0.10113688317937422,1.332127294601032,0.9792008499716087,2.2757493396018766,0.6777813262264867,0.8920929434337718,1.205199186540378,0.9226961601666093,3.7091312472526274,1.4573102624090903,0.14341588504123326,0.6014652957139841,0.025921561426001404,0.05176611143349149,0.015123520052938901,0.15815183253864457,0.0038077731023728506,0.06333996842236621,0.011628076336769646,0.14405856622572083,0.00901919914530382,0.03497751284191116,0.14588482120293783,0.18500628898989457,0.025847936967047604,0.04452323044817212,0.010442917583894573,0.0002779903543705494,0.00011766637540319407,0.360823302773116,0.002724972293825759,0.956240016841559,0.0034658904585688137,0.11132000571362236,0.3963525046068193,0.2925894914325609,0.2851006174336945,0.1841347921715738,0.20489448385820136,0.20497303488144616,0.7583328448289373,0.4732158538205788,0.07924550268045301,0.20094117157375682,0.0003575055600552239
