aaaaaa,aaaaad,aaaadd,aaaada,aaadda,aaaddd,aaadad,aaadaa,aaddaa,aaddad,aadddd,aaddda,aadada,aadadd,aadaad,aadaaa,addaaa,addaad,addadd,addada,adddda,addddd,adddad,adddaa,adadaa,adadad,adaddd,adadda,adaada,adaadd,adaaad,adaaaa,ddaaaa,ddaaad,ddaadd,ddaada,ddadda,ddaddd,ddadad,ddadaa,ddddaa,ddddad,dddddd,ddddda,dddada,dddadd,dddaad,dddaaa,dadaaa,dadaad,dadadd,dadada,daddda,dadddd,daddad,daddaa,daadaa,daadad,daaddd,daadda,daaada,daaadd,daaaad,daaaaa
0.5171837411313802,21.997713474284676,4.951168522245666,2.4684827864262036,105.96709728712923,20.828195051196136,55.78729574433182,3.4155722696922073,8.782359565738718,5.8901136563699446,19.054365252044427,0.012581546188030684,17.880454212551363,7.942027786945018,7.00061306580253,0.22601069786953465,0.9478361333689849,0.037438996401913976,0.29982884076760485,0.7442967639748154,1.7969043056544693,0.007310497620722881,2.489596261583942,0.5344689145197141,0.6117662284557829,2.484487982424462,2.18702576096937,0.203852366778224,3.607662060657322,0.9908269829981018,1.1251868821414,0.021118236195591552,0.0334338623761963,0.008521612904041052,0.08010593676389599,0.04969027508943621,0.0003468455878812119,0.005063208107602982,0.0032264194330176646,0.009600152167029398,0.18392102028689264,0.0022323764012233587,0.1559273675086222,0.0016562342414088089,0.00205598709390069,0.00020734322768110864,0.001865332890018031,2.6173204067508153e-05,0.24081735782600347,0.003066322121818498,0.051743619511414915,0.09754608212435369,0.37089766709835964,0.0019406411187076551,0.628126185852403,0.23820001452384726,0.13765005204508501,0.49870198357560375,0.591926182940328,0.012643142990918602,0.9557803478371821,0.3757537867372057,0.24711447603151365,4.242774482791666e-05
