aaaaaa,aaaaad,aaaadd,aaaada,aaadda,aaaddd,aaadad,aaadaa,aaddaa,aaddad,aadddd,aaddda,aadada,aadadd,aadaad,aadaaa,addaaa,addaad,addadd,addada,adddda,addddd,adddad,adddaa,adadaa,adadad,adaddd,adadda,adaada,adaadd,adaaad,adaaaa,ddaaaa,ddaaad,ddaadd,ddaada,ddadda,ddaddd,ddadad,ddadaa,ddddaa,ddddad,dddddd,ddddda,dddada,dddadd,dddaad,dddaaa,dadaaa,dadaad,dadadd,dadada,daddda,dadddd,daddad,daddaa,daadaa,daadad,daaddd,daadda,daaada,daaadd,daaaad,daaaaa
1.2394425713701587,22.07051295626721,3.7640907727906985,2.6272610912312526,99.22880882369543,22.99910363072858,48.52555011471101,4.792035652674787,8.708307210914548,5.96429405334087,20.363616754855297,0.061001928642440605,17.90024982304166,7.793139465589635,6.816201443237048,0.19635677391145823,1.0000921253518316,0.037822359852435046,0.3866101352999267,0.8538043066645798,1.5279972028928752,1.4902228018759943e-05,2.017458727070057,0.7704186222238114,0.6016186982777243,2.4683325415583415,2.321926240797498,0.22794573459302833,3.498424364840135,1.0181063317666297,1.0435027649096906,0.020667324746323143,0.032362300872338316,0.006854541914883761,0.07415283245952656,0.05023033636859998,0.001379116000315322,0.0037004897633359404,0.0006672323365193673,0.015310765253532541,0.18483558103911404,0.0033132020219729373,0.17889513428322673,0.0061995003591918275,0.0002749902753991623,0.0013040972853423163,0.004084285865612373,5.729842658150485e-05,0.25459419145179624,0.003171243871104333,0.06979588326153384,0.11657734430490684,0.31460616319929097,0.006197468757955405,0.5162404365298071,0.3092398146809597,0.13800527948012187,0.5006607180214047,0.6301469140645082,0.016039408983633624,0.9335785450490276,0.37800458449522206,0.23140835045854521,0.00016061578989634348
