aaaaaa,aaaaad,aaaadd,aaaada,aaadda,aaaddd,aaadad,aaadaa,aaddaa,aaddad,aadddd,aaddda,aadada,aadadd,aadaad,aadaaa,addaaa,addaad,addadd,addada,adddda,addddd,adddad,adddaa,adadaa,adadad,adaddd,adadda,adaada,adaadd,adaaad,adaaaa,ddaaaa,ddaaad,ddaadd,ddaada,ddadda,ddaddd,ddadad,ddadaa,ddddaa,ddddad,dddddd,ddddda,dddada,dddadd,dddaad,dddaaa,dadaaa,dadaad,dadadd,dadada,daddda,dadddd,daddad,daddaa,daadaa,daadad,daaddd,daadda,daaada,daaadd,daaaad,daaaaa
3.9424222981150554,32.413546521384994,1.4208290429715158,5.329209775853617,106.45536090211384,22.951260622524266,51.97083774567086,3.5947347563394634,9.259779285224681,5.191634275247216,20.25659099496936,0.09903579958526013,17.131572028462767,10.123946873652423,6.090447748433763,0.3377310509985883,1.0908298953190307,0.0069512273198522375,0.3167028490191345,0.6696338783197635,1.8845796669065065,0.043359220951030585,2.553151482656034,0.5475421301165734,0.6430085730049642,2.3463052746169626,2.3799467907679475,0.07567824791087983,3.475111558424079,1.1959294000712988,0.9163667194033362,0.02753943490420254,0.029221334037399346,0.007845995129936046,0.08318817580643992,0.05484175379451372,0.000480627079247986,0.013635112708004929,0.00341336343387112,0.006543004878379322,0.17730355110660967,0.001021023239726586,0.1359424920228413,0.0005600551443162866,0.007046562085684526,0.0014699931378103436,0.0008547073628696222,0.0030234317117030624,0.28341223269496324,0.012177155315421764,0.055170258525186276,0.08628366377315576,0.3885968218154565,0.00019467987191073275,0.6579891829775738,0.24847901211564058,0.14189802703089585,0.4636501199610007,0.6457123058126669,0.0003327616314910776,0.930198869575195,0.45205595971561047,0.19756780791089606,0.0001664503620612986
