aaaaaa,aaaaad,aaaadd,aaaada,aaadda,aaaddd,aaadad,aaadaa,aaddaa,aaddad,aadddd,aaddda,aadada,aadadd,aadaad,aadaaa,addaaa,addaad,addadd,addada,adddda,addddd,adddad,adddaa,adadaa,adadad,adaddd,adadda,adaada,adaadd,adaaad,adaaaa,ddaaaa,ddaaad,ddaadd,ddaada,ddadda,ddaddd,ddadad,ddadaa,ddddaa,ddddad,dddddd,ddddda,dddada,dddadd,dddaad,dddaaa,dadaaa,dadaad,dadadd,dadada,daddda,dadddd,daddad,daddaa,daadaa,daadad,daaddd,daadda,daaada,daaadd,daaaad,daaaaa
2.100354622259505,27.61350954985,3.4867297908488535,4.373742446276784,108.72690953353069,25.07128554125738,50.489080891788696,5.771968767680895,10.001940405473572,6.131560830091589,25.106329202361763,0.11367463570422467,19.134244053594593,9.119321550345475,7.064691049971097,0.2767816308150957,1.3220667654700866,0.06612113363834486,0.6932083010448337,1.2796531210879476,1.7347207163312457,0.004945812608310207,2.080356968772187,0.9078843528677101,0.726811804838507,2.675086298204332,2.940136687567801,0.285656200719057,3.761502274041884,1.1526026811979149,1.0823485886825148,0.025158933319575413,0.033638706321581766,0.008862118172074733,0.07939343115278817,0.06280942207095982,0.0029559274567858935,0.00349101266073163,7.487333901317054e-05,0.021736098998164716,0.20389144141735702,0.0025480476121879773,0.22790752556676794,0.013087356714487729,0.0015098072407369984,0.00044515111600079677,0.0019623960607754536,0.00042219015966274675,0.3321362356214604,0.0010192261113742907,0.12994703097971402,0.1921018761385389,0.34569980760892716,0.0041615933110247805,0.5232000515662194,0.37416382907274304,0.1571233729381235,0.5265819773281215,0.7639941016849044,0.017702933915605637,1.0081771277215492,0.43254697909746437,0.24246140180095513,0.00026577431094220436
