aaaaaa,aaaaad,aaaadd,aaaada,aaadda,aaaddd,aaadad,aaadaa,aaddaa,aaddad,aadddd,aaddda,aadada,aadadd,aadaad,aadaaa,addaaa,addaad,addadd,addada,adddda,addddd,adddad,adddaa,adadaa,adadad,adaddd,adadda,adaada,adaadd,adaaad,adaaaa,ddaaaa,ddaaad,ddaadd,ddaada,ddadda,ddaddd,ddadad,ddadaa,ddddaa,ddddad,dddddd,ddddda,dddada,dddadd,dddaad,dddaaa,dadaaa,dadaad,dadadd,dadada,daddda,dadddd,daddad,daddaa,daadaa,daadad,daaddd,daadda,daaada,daaadd,daaaad,daaaaa
1.1670367557493166,24.25692534817288,4.341118869994577,3.2426618833718925,105.12463764538943,24.321881084147773,51.687412988268065,5.050905216955905,8.550059170896555,5.525321005994745,21.846406326606655,0.05768097201831619,19.881468668515904,7.682521722984193,7.309115570288204,0.20320259090427625,1.1214281580427072,0.052362476023396054,0.46861968337040555,0.9949822593192096,1.4774383057656866,0.0020622148176350197,2.1305538287140973,0.8115299452356868,0.5679133013389948,2.4278955064307106,2.4954315342975564,0.23962706441920983,3.784054931325471,1.0344164235334683,1.108176278918538,0.02206519403848296,0.033742564596113744,0.008187013640119253,0.08070904235582564,0.05395309259357093,0.0035980951407245804,0.0015283528570868847,0.0005398842617803824,0.017943076739453855,0.18981609896371238,0.0022587037299858044,0.19492662961173213,0.007195742257523092,2.818902972446435e-05,0.004137533968964818,0.005668162181519823,0.0004272267926689407,0.2795109470991874,0.002162713184839225,0.08458103951060436,0.13986666817907745,0.30591318191077066,0.010470475711692684,0.5439588030349936,0.3283930298799094,0.1306104542924241,0.49223853607084117,0.6724058101632686,0.0163220413620632,1.0077485624292992,0.38966977584606544,0.24501227689874186,0.00012477412501124668
