aaaaaa,aaaaad,aaaadd,aaaada,aaadda,aaaddd,aaadad,aaadaa,aaddaa,aaddad,aadddd,aaddda,aadada,aadadd,aadaad,aadaaa,addaaa,addaad,addadd,addada,adddda,addddd,adddad,adddaa,adadaa,adadad,adaddd,adadda,adaada,adaadd,adaaad,adaaaa,ddaaaa,ddaaad,ddaadd,ddaada,ddadda,ddaddd,ddadad,ddadaa,ddddaa,ddddad,dddddd,ddddda,dddada,dddadd,dddaad,dddaaa,dadaaa,dadaad,dadadd,dadada,daddda,dadddd,daddad,daddaa,daadaa,daadad,daaddd,daadda,daaada,daaadd,daaaad,daaaaa
0.8520369037751028,21.089231595051558,3.767218980267226,2.6372042850970447,95.31751810861226,19.20236509917733,48.07173311540283,3.5366925985703266,8.701017941638426,5.705049972405372,18.588517283545077,0.02932798539943044,15.589689032950089,7.769832767516957,6.138742944702548,0.22770676151248614,0.9463613887376149,0.04088192724322205,0.36065767470325055,0.7930410821871882,1.702725507555979,0.01727249086531364,2.105354931797886,0.5523493095802926,0.6388634239523202,2.36332136570789,2.1516628621756224,0.19989286131860648,3.185262887716108,0.9496128876154405,0.9936430705301474,0.021594568818123234,0.030594895792999417,0.007348932808930923,0.07151874268099834,0.047532689741832224,0.0002445558992045478,0.006078465977255227,0.0017465265755204787,0.010533786904608185,0.1725623840660285,0.0025715824735296875,0.15334483438032182,0.0031693399220689995,0.003442184787299428,1.4892069944462678e-05,0.0010275148048877651,0.0003522078333691916,0.23728609969534548,0.002192024178626833,0.06305274680682726,0.10771803081672325,0.34940134013189306,0.000449771206880327,0.5327280110994714,0.2400995697757766,0.1420958458243876,0.4728216187973086,0.5763596862301936,0.0125740801279477,0.8423191320663282,0.3609116924987957,0.21627707965788626,6.344691884610638e-05
