aaaaaa,aaaaad,aaaadd,aaaada,aaadda,aaaddd,aaadad,aaadaa,aaddaa,aaddad,aadddd,aaddda,aadada,aadadd,aadaad,aadaaa,addaaa,addaad,addadd,addada,adddda,addddd,adddad,adddaa,adadaa,adadad,adaddd,adadda,adaada,adaadd,adaaad,adaaaa,ddaaaa,ddaaad,ddaadd,ddaada,ddadda,ddaddd,ddadad,ddadaa,ddddaa,ddddad,dddddd,ddddda,dddada,dddadd,dddaad,dddaaa,dadaaa,dadaad,dadadd,dadada,daddda,dadddd,daddad,daddaa,daadaa,daadad,daaddd,daadda,daaada,daaadd,daaaad,daaaaa
1.4261798438486064,19.26140712504679,3.4531080253408155,2.582861971014776,85.10169305874898,23.17667534713433,39.3137809248833,5.937957929776303,7.179105380181371,4.8060109652480865,20.806324672096245,0.2437499260289259,18.14197582840133,5.852484446614509,6.388126393899809,0.13752154742908035,1.050530741309879,0.06712022154668545,0.5544779234039048,1.075413443013463,0.9517547258512896,0.03868863988819332,1.4536287773054395,0.9685549360153455,0.47030252901354197,2.0905074928811604,2.3745032515950575,0.2968699034874044,3.2495658150250017,0.8769523988902568,0.8943356525829746,0.013151229577904499,0.04085521529680221,0.0021410639912174206,0.07481696901009374,0.03947079637890238,0.004591248884316152,0.0004949894959133818,3.9345857130429814e-05,0.0233702550105812,0.18750908968778804,0.0060205054747844815,0.23565176404797153,0.025047082402601468,0.0020295230560201734,0.009823011325723397,0.006392192616957031,0.0008342198967105155,0.24546987794462782,0.001381372658985453,0.09652341069954748,0.15038971793935807,0.2023673263469814,0.02475200878901446,0.38063883090488737,0.3560217242330188,0.0987282843626299,0.4056290131453355,0.606976733323725,0.021015400319787853,0.8915246633282369,0.31211961161339885,0.214417932028965,0.0004377196852173735
