aaaaaa,aaaaad,aaaadd,aaaada,aaadda,aaaddd,aaadad,aaadaa,aaddaa,aaddad,aadddd,aaddda,aadada,aadadd,aadaad,aadaaa,addaaa,addaad,addadd,addada,adddda,addddd,adddad,adddaa,adadaa,adadad,adaddd,adadda,adaada,adaadd,adaaad,adaaaa,ddaaaa,ddaaad,ddaadd,ddaada,ddadda,ddaddd,ddadad,ddadaa,ddddaa,ddddad,dddddd,ddddda,dddada,dddadd,dddaad,dddaaa,dadaaa,dadaad,dadadd,dadada,daddda,dadddd,daddad,daddaa,daadaa,daadad,daaddd,daadda,daaada,daaadd,daaaad,daaaaa
0.9775939365814321,19.523938607286688,3.5738954161577183,2.345138529457071,88.03773879318912,20.555162508299144,43.47607184855712,4.217653196865841,7.276075044735212,4.9430976538695495,17.830290899023204,0.046003072931520034,16.4414749692331,6.565739597484374,6.151571040267334,0.1634049826124763,0.880191717344166,0.0341958427051641,0.3318565688136669,0.7470679934336101,1.26922596705812,0.0015429068782759467,1.8010015970078854,0.6814863353047929,0.4828865355787198,2.0963414712655437,2.0242365092940986,0.19686816563222115,3.1635353329590052,0.876367531568124,0.9301045939622935,0.01742931116515367,0.0287464693840129,0.006179739774316448,0.06565428790773542,0.044753625565862494,0.0019153861092475546,0.0021439568394432704,0.0005625635079619202,0.01411195455443533,0.1602937339349502,0.0024238098902491104,0.15863862240545565,0.005383475936390532,4.853577328247056e-06,0.0025982011889203026,0.004594328872562207,0.0002651735706321866,0.2240040772513801,0.002707353270804085,0.05978300503448089,0.10183411605829769,0.2624152712541036,0.008516058609681324,0.46113625521299073,0.2729855194185553,0.11152492880292858,0.42579555006832936,0.5515234820529897,0.013862867957299603,0.8450890369293211,0.3257522996993252,0.20653755969298965,0.00011581217128450491
