aaaaaa,aaaaad,aaaadd,aaaada,aaadda,aaaddd,aaadad,aaadaa,aaddaa,aaddad,aadddd,aaddda,aadada,aadadd,aadaad,aadaaa,addaaa,addaad,addadd,addada,adddda,addddd,adddad,adddaa,adadaa,adadad,adaddd,adadda,adaada,adaadd,adaaad,adaaaa,ddaaaa,ddaaad,ddaadd,ddaada,ddadda,ddaddd,ddadad,ddadaa,ddddaa,ddddad,dddddd,ddddda,dddada,dddadd,dddaad,dddaaa,dadaaa,dadaad,dadadd,dadada,daddda,dadddd,daddad,daddaa,daadaa,daadad,daaddd,daadda,daaada,daaadd,daaaad,daaaaa
1.6019626397053726,23.1558687291722,2.668422118046268,3.250832489203086,93.12464935854146,19.432647866886803,45.89474806757378,3.5403343748066027,8.527308054965673,5.3338991149027875,18.425475180853173,0.0034204856656625997,15.123803772701871,8.107238268608482,5.777145700912002,0.24677325948839454,0.9552898033719955,0.02730758353440642,0.35122830755260326,0.7443249905169881,1.666501722945725,0.02371600188733796,2.0647066070353777,0.5507108993268056,0.6199454160281711,2.2565476593186546,2.1435710502480276,0.1535003222509945,3.085156415419101,0.9790444498507102,0.9140224800064279,0.02259175715380597,0.028662901264222076,0.006945076262141016,0.0705596597176899,0.047557781876586,0.0002994311833299845,0.007832736187317986,0.0017278639918326605,0.00942020373812776,0.166101230614002,0.002056241082594559,0.14425344385753236,0.002596121757036856,0.0042944804674238946,0.00022673134915816718,0.0009166934360157215,0.0009197075862128781,0.24175718221488607,0.003995349803751811,0.061731701354002425,0.10059580347248522,0.3420648046951305,0.00010621875332463468,0.5261969458853133,0.2394238571704643,0.13748788647097268,0.449845427433122,0.5754770188158266,0.007122863591971159,0.8191266160255111,0.3709579018764395,0.19834820130845268,0.00010264774999620197
