aaaaaa,aaaaad,aaaadd,aaaada,aaadda,aaaddd,aaadad,aaadaa,aaddaa,aaddad,aadddd,aaddda,aadada,aadadd,aadaad,aadaaa,addaaa,addaad,addadd,addada,adddda,addddd,adddad,adddaa,adadaa,adadad,adaddd,adadda,adaada,adaadd,adaaad,adaaaa,ddaaaa,ddaaad,ddaadd,ddaada,ddadda,ddaddd,ddadad,ddadaa,ddddaa,ddddad,dddddd,ddddda,dddada,dddadd,dddaad,dddaaa,dadaaa,dadaad,dadadd,dadada,daddda,dadddd,daddad,daddaa,daadaa,daadad,daaddd,daadda,daaada,daaadd,daaaad,daaaaa
5.00780320619789,33.609417019117494,1.0600310836623437,5.561569347180892,105.44826525094291,24.981552864012567,50.29039853812467,4.164052766226267,8.870492256730778,4.995532658265407,20.594855444538926,0.1174772549285574,17.980724813187326,10.057609115503329,6.176609775272804,0.31645607731047826,1.090275728629583,0.0028226422172854594,0.3039833805124234,0.6424797222184995,1.7034193369552562,0.018262461254941617,2.4432289028041563,0.6464193658940883,0.5860001946948925,2.2867511595398358,2.4028448154547704,0.06604895428015084,3.5462535891693707,1.2272018186386677,0.8863702594383049,0.02661464260115893,0.028564145490589866,0.007178485056709626,0.08298147927631977,0.05477214513074145,0.0012436239878813498,0.012159143975385388,0.002542607333890963,0.007655680788406786,0.17642823087020984,0.0010400615035032403,0.14007087265447807,0.0009521382608108447,0.003533694894469738,0.00037579938392223755,0.0023622677859118733,0.0018890053370393888,0.2875956676504351,0.015802471629909148,0.05431059618931352,0.08235103321524406,0.35235409224900316,0.0004174820105904061,0.6354534401707199,0.2790872537683352,0.1317817894426194,0.45512773415375385,0.6585922366347687,0.00011400878209606874,0.9570557031622013,0.4565469438382606,0.19362620646142278,0.0002895926193985253
