aaaaaa,aaaaad,aaaadd,aaaada,aaadda,aaaddd,aaadad,aaadaa,aaddaa,aaddad,aadddd,aaddda,aadada,aadadd,aadaad,aadaaa,addaaa,addaad,addadd,addada,adddda,addddd,adddad,adddaa,adadaa,adadad,adaddd,adadda,adaada,adaadd,adaaad,adaaaa,ddaaaa,ddaaad,ddaadd,ddaada,ddadda,ddaddd,ddadad,ddadaa,ddddaa,ddddad,dddddd,ddddda,dddada,dddadd,dddaad,dddaaa,dadaaa,dadaad,dadadd,dadada,daddda,dadddd,daddad,daddaa,daadaa,daadad,daaddd,daadda,daaada,daaadd,daaaad,daaaaa
0.7491207299135062,24.061037599724504,5.239836327112522,3.0962777667286585,113.31109317668788,22.818536101841,56.305073282652636,4.6610957998051195,10.47626195149515,6.876949410075443,23.36691311407608,0.12414737255931478,18.865157260204377,8.904134923948595,7.435357234662649,0.26641116031005396,1.207714018867057,0.07735030374227082,0.552712985768447,1.1418115373115925,1.977552159961348,0.013807343010347233,2.3573537237171043,0.7327103411394731,0.7810672774004246,2.8536911508009313,2.6993949937713824,0.30212228916473644,3.8234573218638874,1.1046006121172232,1.2284385034485457,0.02711389489437985,0.038136781092982144,0.00879651183470174,0.08245155648450452,0.05983135731886945,0.0007639268779816379,0.00462798755882958,0.001118117777767769,0.016313088471718216,0.20858604926967395,0.003159008412864014,0.20846566504339625,0.007672419272678507,0.0029114653351293572,0.00016404794193637754,0.0010779320944832355,0.00028280652447522706,0.2975711337339918,0.0006338056346552755,0.09716534804708603,0.16082523170900795,0.4050930544243093,0.0012738315655028115,0.5927521101819975,0.31241224210065927,0.17186924583316784,0.5687104945328332,0.7165988638317832,0.02297178458094895,1.0106845576075074,0.4210219839507385,0.2656484106685483,6.752544127621357e-05
