aaaaaa,aaaaad,aaaadd,aaaada,aaadda,aaaddd,aaadad,aaadaa,aaddaa,aaddad,aadddd,aaddda,aadada,aadadd,aadaad,aadaaa,addaaa,addaad,addadd,addada,adddda,addddd,adddad,adddaa,adadaa,adadad,adaddd,adadda,adaada,adaadd,adaaad,adaaaa,ddaaaa,ddaaad,ddaadd,ddaada,ddadda,ddaddd,ddadad,ddadaa,ddddaa,ddddad,dddddd,ddddda,dddada,dddadd,dddaad,dddaaa,dadaaa,dadaad,dadadd,dadada,daddda,dadddd,daddad,daddaa,daadaa,daadad,daaddd,daadda,daaada,daaadd,daaaad,daaaaa
3.390938990900053,28.89880587174835,2.129548239092392,4.541697155191903,101.36100925368773,26.5074768570471,47.175201693398485,5.5819211549239345,8.073707962895432,4.855748126911463,21.998216756058888,0.001234412707032449,19.784246285154534,8.281367624275058,6.768856626858618,0.2237047816547181,1.1406625852028482,0.020701557566482003,0.44297097297083393,0.8887640402824969,1.3193331450981167,0.0037805069097200626,2.008423221590119,0.9008319562260082,0.5063215077632762,2.233047824388486,2.518358897110976,0.15061445843177082,3.6816390680009574,1.118131459799471,0.9564759849288026,0.02337840115206674,0.030162556524794003,0.007012362108725764,0.07894477325260901,0.054586028890721894,0.005211361315145201,0.0027714195386709163,0.00030391572191284177,0.016770807732421348,0.17934237804677228,0.0015484416407039203,0.18315045840412209,0.006731997866880038,0.0001051510374708501,0.003233023279451973,0.007274087306737409,7.082257037948817e-05,0.29219847908615504,0.007369326649837039,0.08181475376207034,0.12371447461397873,0.273844940479313,0.01137459150856528,0.5226426164491983,0.3549805979933042,0.11742381107606507,0.4519823521083556,0.6864846486502117,0.0060338350641173065,0.9937989799702407,0.4130140740347177,0.21217731465692055,0.00030711289795067466
