aaaaaa,aaaaad,aaaadd,aaaada,aaadda,aaaddd,aaadad,aaadaa,aaddaa,aaddad,aadddd,aaddda,aadada,aadadd,aadaad,aadaaa,addaaa,addaad,addadd,addada,adddda,addddd,adddad,adddaa,adadaa,adadad,adaddd,adadda,adaada,adaadd,adaaad,adaaaa,ddaaaa,ddaaad,ddaadd,ddaada,ddadda,ddaddd,ddadad,ddadaa,ddddaa,ddddad,dddddd,ddddda,dddada,dddadd,dddaad,dddaaa,dadaaa,dadaad,dadadd,dadada,daddda,dadddd,daddad,daddaa,daadaa,daadad,daaddd,daadda,daaada,daaadd,daaaad,daaaaa
0.9689719263152315,18.694394324440776,3.276286976340653,2.080577837010316,85.4935316540718,19.60689540043043,42.79433486075125,3.790520072964451,7.251050296750482,5.043265816974144,16.62400331903086,0.023907197358897275,15.449845604951818,6.608497122898438,5.882202183591818,0.16349407889672488,0.799834449158927,0.02360615440559196,0.2648591379674302,0.6337695891721872,1.3090470051725023,4.957799557998332e-05,1.8253222781942615,0.6081049025597419,0.48974278369144514,2.086493192407756,1.8917219270307524,0.17440052016156957,3.0155444855663576,0.8674224534857645,0.8957321106789741,0.01667138861228347,0.02710526632868567,0.0060466716932919525,0.06476917298017547,0.04122634467172091,0.0010120885425819522,0.003357907259697779,0.001132238023416926,0.01093935612827153,0.15626708586423405,0.002744599997110196,0.1418292588377231,0.003410819525478793,0.0001954664861648585,0.0011113545829994943,0.003881407138244899,9.567074499189181e-05,0.20674349356145344,0.003957506494371577,0.047660309940677555,0.08387665745729717,0.27024622371221446,0.005640766381011357,0.4668577758305767,0.24758524844413426,0.11321277844969205,0.42412498178564767,0.517570005170851,0.011444646464608821,0.8065304144056933,0.32009066682684273,0.19966365106808476,0.0001319502244176767
