aaaaaa,aaaaad,aaaadd,aaaada,aaadda,aaaddd,aaadad,aaadaa,aaddaa,aaddad,aadddd,aaddda,aadada,aadadd,aadaad,aadaaa,addaaa,addaad,addadd,addada,adddda,addddd,adddad,adddaa,adadaa,adadad,adaddd,adadda,adaada,adaadd,adaaad,adaaaa,ddaaaa,ddaaad,ddaadd,ddaada,ddadda,ddaddd,ddadad,ddadaa,ddddaa,ddddad,dddddd,ddddda,dddada,dddadd,dddaad,dddaaa,dadaaa,dadaad,dadadd,dadada,daddda,dadddd,daddad,daddaa,daadaa,daadad,daaddd,daadda,daaada,daaadd,daaaad,daaaaa
3.8736796092637547,29.224689194003407,1.1955334273684564,4.519789256030686,96.8684189741827,22.179278688901398,47.209821248491416,3.5373522886850104,8.32938822083273,4.867715821796324,18.302868341113378,0.0961731545975818,16.177352605615066,9.136136807652957,5.692122690492712,0.2868498795135347,0.9580655760607723,0.0029492810629109154,0.2508794579290968,0.555762571966909,1.6293646925832093,0.021473514670026155,2.3128070416810274,0.5433167991312905,0.562577787520651,2.1665618239604254,2.1357029238025644,0.066537800531569,3.2221778274082387,1.109869119669105,0.832654431038816,0.023386948757904313,0.026596523025470553,0.006637614096099236,0.0758033426015068,0.04893620734722947,0.0007437770904738714,0.011174936064527522,0.0031258517004300406,0.006037185236303357,0.1648010613712904,0.0013058387260221592,0.123618823683844,0.0004845748684562966,0.00397864514969999,0.0005834701864549658,0.0017738051237562202,0.0017786580712396917,0.2535323376910632,0.013749186160398516,0.04420027343137071,0.0696639397870006,0.33750327285024,0.0001825978399599704,0.5982651696712876,0.23944325512401307,0.1268640087627209,0.4325609097330859,0.5855289500964197,0.00027497523700148533,0.8686066630624081,0.4122212981097439,0.18113943599355964,0.00018383038538644116
