aaaaaa,aaaaad,aaaadd,aaaada,aaadda,aaaddd,aaadad,aaadaa,aaddaa,aaddad,aadddd,aaddda,aadada,aadadd,aadaad,aadaaa,addaaa,addaad,addadd,addada,adddda,addddd,adddad,adddaa,adadaa,adadad,adaddd,adadda,adaada,adaadd,adaaad,adaaaa,ddaaaa,ddaaad,ddaadd,ddaada,ddadda,ddaddd,ddadad,ddadaa,ddddaa,ddddad,dddddd,ddddda,dddada,dddadd,dddaad,dddaaa,dadaaa,dadaad,dadadd,dadada,daddda,dadddd,daddad,daddaa,daadaa,daadad,daaddd,daadda,daaada,daaadd,daaaad,daaaaa
2.575280187769958,30.792714682843453,3.302363406772269,4.96717619834269,116.10870904944173,26.80747844305116,54.724190130780926,5.705850243230679,10.17841844654012,6.079055784222469,25.66333869786738,0.03666682483557555,20.63445194305752,9.708466089512102,7.452881962304886,0.29802456646847225,1.3590908783340014,0.051029318746954856,0.6374844176868957,1.2107117300257981,1.802894644294569,0.004105986635673618,2.334364052458848,0.8969883886883818,0.715352639793671,2.721397449987457,2.988290339148867,0.23799974298896226,4.01236006882381,1.237755733562126,1.1357321905702122,0.028625482889767073,0.03434419354392909,0.0096859585870735,0.08750744467403809,0.06456844478922506,0.0034252125638109766,0.0040319992439350385,0.0003556279926411955,0.019689547525544044,0.21206296700215896,0.002192976259459776,0.22180858997545305,0.009603587136162776,0.0014950419404524955,0.0004287912205108608,0.002876036522311856,0.00029201731504167693,0.3443318834209919,0.0026051651987539794,0.11802482024995911,0.1771673538791228,0.3650484621451803,0.004170774560805334,0.5882615367766788,0.3763966848796064,0.15740827674792124,0.5395581480816319,0.78187509944578,0.011487545543395088,1.0803546356158624,0.4620616791706972,0.2520768315703146,0.0003026435184762972
