aaaaaa,aaaaad,aaaadd,aaaada,aaadda,aaaddd,aaadad,aaadaa,aaddaa,aaddad,aadddd,aaddda,aadada,aadadd,aadaad,aadaaa,addaaa,addaad,addadd,addada,adddda,addddd,adddad,adddaa,adadaa,adadad,adaddd,adadda,adaada,adaadd,adaaad,adaaaa,ddaaaa,ddaaad,ddaadd,ddaada,ddadda,ddaddd,ddadad,ddadaa,ddddaa,ddddad,dddddd,ddddda,dddada,dddadd,dddaad,dddaaa,dadaaa,dadaad,dadadd,dadada,daddda,dadddd,daddad,daddaa,daadaa,daadad,daaddd,daadda,daaada,daaadd,daaaad,daaaaa
1.9323873975069785,22.665362396332462,3.1381913908031223,3.234468688966998,91.69134184285707,25.02885527170253,42.35529373136302,6.111105176895738,7.594381954948329,4.907994409639463,21.707874970691318,0.12740107424799377,19.231344882715725,6.631223707396981,6.746920089952584,0.15338270236869975,1.1235358493157104,0.05537668414317592,0.5496631860816146,1.0656099512035149,1.077721531068905,0.026320665319427117,1.633387934625785,0.99050325240712,0.5013351651824285,2.207101575470949,2.5090482799385976,0.26459760950977607,3.456837114152972,0.9724819953262055,0.9247963591492635,0.015034159652273059,0.037208680598368404,0.003744358250093792,0.0749097480332861,0.047229604356661445,0.004889757545337232,0.0009610985260276925,3.032386258358725e-06,0.022203511463294804,0.18043511563629278,0.003038027325226551,0.21632450034765371,0.016194991343112412,0.0018133233688010894,0.009057768036663208,0.008269085078394587,0.000974096651894051,0.2748731615276227,0.0019153847326232444,0.10048667998726725,0.15334903000792496,0.22717488951061288,0.021282030971043066,0.42536790674391634,0.3717150595804242,0.10960032120145691,0.43609886965703215,0.6537412992934333,0.017207568865569935,0.9481760351309533,0.3477677842389178,0.22120170843039497,0.0005027760952619148
