aaaaaa,aaaaad,aaaadd,aaaada,aaadda,aaaddd,aaadad,aaadaa,aaddaa,aaddad,aadddd,aaddda,aadada,aadadd,aadaad,aadaaa,addaaa,addaad,addadd,addada,adddda,addddd,adddad,adddaa,adadaa,adadad,adaddd,adadda,adaada,adaadd,adaaad,adaaaa,ddaaaa,ddaaad,ddaadd,ddaada,ddadda,ddaddd,ddadad,ddadaa,ddddaa,ddddad,dddddd,ddddda,dddada,dddadd,dddaad,dddaaa,dadaaa,dadaad,dadadd,dadada,daddda,dadddd,daddad,daddaa,daadaa,daadad,daaddd,daadda,daaada,daaadd,daaaad,daaaaa
2.1613536622057676,21.89481697492496,2.5593298566997786,3.1656414701323166,84.88374117396322,23.88053613154813,39.08395781672513,5.715823434088817,6.785216993130145,4.347479351752296,19.751724945053066,0.06608480660719934,18.15292768564941,6.1694826277438795,6.260239173038711,0.13739386043136487,1.0162617403019576,0.03824633997434174,0.45538826917194986,0.9030601311205048,0.9535404226351122,0.031261517204559934,1.5287445432796989,0.928370189868362,0.4289372606979471,1.981345407894911,2.2724420829990186,0.21065537095813067,3.2294607020021755,0.9145819735113472,0.834542260185258,0.013542911984047513,0.03316495438890162,0.003498836043550464,0.07013187863660289,0.043168087604668656,0.005270872914348237,0.0008484831616174525,3.2791951524011837e-06,0.020057013656106324,0.16491179819705515,0.0026021878136380026,0.19269441415419017,0.013289520727751943,0.00244091376922787,0.009466256098371055,0.00938054593649336,0.0012137476102852894,0.25253472025823526,0.0030722281827649093,0.08367828436757227,0.128246011810982,0.2010250678949187,0.022304728984533687,0.400222954758554,0.34663819466128415,0.09496755902127854,0.39306938666050095,0.5975901181931005,0.012132202283819228,0.88831509799464,0.325259202174455,0.20034473721126766,0.0005067399238317258
