aaaaaa,aaaaad,aaaadd,aaaada,aaadda,aaaddd,aaadad,aaadaa,aaddaa,aaddad,aadddd,aaddda,aadada,aadadd,aadaad,aadaaa,addaaa,addaad,addadd,addada,adddda,addddd,adddad,adddaa,adadaa,adadad,adaddd,adadda,adaada,adaadd,adaaad,adaaaa,ddaaaa,ddaaad,ddaadd,ddaada,ddadda,ddaddd,ddadad,ddadaa,ddddaa,ddddad,dddddd,ddddda,dddada,dddadd,dddaad,dddaaa,dadaaa,dadaad,dadadd,dadada,daddda,dadddd,daddad,daddaa,daadaa,daadad,daaddd,daadda,daaada,daaadd,daaaad,daaaaa
5.001238792371392,28.360154117947022,0.509486239626654,4.884850569643187,83.07159203376095,20.343714676935832,39.39490824161405,3.237394900598655,6.833742518654447,3.7276955607564415,15.907149838600962,0.19274244073214486,14.359456383888668,8.13142642310752,4.747370742530762,0.2632135922634662,0.8565806359670065,0.00020361559271525934,0.204428265332959,0.4399178452218772,1.3001442286275287,0.01296768216005698,1.9798182349215165,0.4978699841397445,0.43772884214308566,1.7432664669855928,1.8593714307511509,0.0305515416953627,2.794096448086586,1.0004431760241332,0.6642660928269651,0.021553812440897366,0.021635271275677662,0.005423076561203601,0.06585081408430779,0.043386347999210845,0.0013894092378845594,0.01024213054400055,0.0025744784120061465,0.0047275738883178165,0.13557763889114197,0.0005779937832429444,0.10280996177555939,0.00033289931763210193,0.0025287048073364604,0.0003589704792640456,0.0021262921815984105,0.0018944472179166798,0.2301555917307182,0.016256570282310916,0.036221995715383946,0.05405400418358764,0.27093768662515283,0.000366641188846647,0.5164043040687961,0.2171259911362818,0.09950325181246317,0.3478777571361349,0.5129006015217982,0.0003133020056943384,0.7596740757026171,0.368618683569746,0.1446577337403261,0.0002702659470976317
