aaaaaa,aaaaad,aaaadd,aaaada,aaadda,aaaddd,aaadad,aaadaa,aaddaa,aaddad,aadddd,aaddda,aadada,aadadd,aadaad,aadaaa,addaaa,addaad,addadd,addada,adddda,addddd,adddad,adddaa,adadaa,adadad,adaddd,adadda,adaada,adaadd,adaaad,adaaaa,ddaaaa,ddaaad,ddaadd,ddaada,ddadda,ddaddd,ddadad,ddadaa,ddddaa,ddddad,dddddd,ddddda,dddada,dddadd,dddaad,dddaaa,dadaaa,dadaad,dadadd,dadada,daddda,dadddd,daddad,daddaa,daadaa,daadad,daaddd,daadda,daaada,daaadd,daaaad,daaaaa
0.33244112396168457,17.932879106449978,5.808479524357342,2.150011472665432,94.62215976523039,21.274123272307865,45.983468726595724,5.285916942989657,8.71794327752159,5.986737855115236,22.21628376989112,0.4600717438840872,17.84051031490208,6.473938385303913,6.901529884482334,0.17190035347475974,1.1357241365495296,0.12061309831842895,0.6803958069289942,1.3148328311736204,1.381967324417249,0.003270512772766568,1.7233010142973606,0.8427953754772924,0.6580239298878214,2.5173069746081533,2.58999968357455,0.4297347183036566,3.395681122508436,0.898831501662768,1.0751364165175836,0.015748248011679,0.04050453989426987,0.0050747719472833035,0.07310066736143027,0.04878009458041003,0.0020521432173440947,0.0008076495062328376,4.307376723530045e-05,0.023020785682379877,0.19255771378799455,0.0043414529352547365,0.23420000310910372,0.01868621298574984,2.8282225339304187e-05,0.004979100112317085,0.0030766560223823296,0.00043438182425290813,0.2697807268709338,0.00016333208344029238,0.12075866008308904,0.19314569318113536,0.28449174161546026,0.01124168062201643,0.4354955367362475,0.3308939428902146,0.14124101575142242,0.4966139014511886,0.6598217480503884,0.03978395258075818,0.9124965056773672,0.3322797989489028,0.2483202429980602,0.00013230356955332758
