aaaaaa,aaaaad,aaaadd,aaaada,aaadda,aaaddd,aaadad,aaadaa,aaddaa,aaddad,aadddd,aaddda,aadada,aadadd,aadaad,aadaaa,addaaa,addaad,addadd,addada,adddda,addddd,adddad,adddaa,adadaa,adadad,adaddd,adadda,adaada,adaadd,adaaad,adaaaa,ddaaaa,ddaaad,ddaadd,ddaada,ddadda,ddaddd,ddadad,ddadaa,ddddaa,ddddad,dddddd,ddddda,dddada,dddadd,dddaad,dddaaa,dadaaa,dadaad,dadadd,dadada,daddda,dadddd,daddad,daddaa,daadaa,daadad,daaddd,daadda,daaada,daaadd,daaaad,daaaaa
2.5244084249413894,25.475408586762125,3.0940288474519684,3.4690897598846893,101.43434134097618,28.587467701649764,46.53934782016801,6.895526090343858,8.247431272663045,5.527112179503289,23.182764475946097,0.08246257966513579,21.205990539794723,7.630170198986761,7.429888953405304,0.16818907765578534,1.1459238821711109,0.03530442084730858,0.49377175506589793,1.0083658964702154,1.1986978795081584,0.030644843373877073,1.8233851270686394,1.1201002860080185,0.5153700805400716,2.4177533209056064,2.6320042706769144,0.24385363780375968,3.8421547810535643,1.1042096015322547,1.0235542572029046,0.018631250848833516,0.030715833504321274,0.007367884557748542,0.07740065157696718,0.05457856094728321,0.007548482676030477,0.0005799752660279272,2.2703740588983466e-05,0.025295507521023313,0.19547539680095558,0.0033994046582100108,0.21723953038085667,0.013007675457044622,0.0019606146929184855,0.008556345851091822,0.011763570576742903,0.0015031567280919564,0.3007093161208325,0.0036743462454455708,0.0958159598194081,0.14645427143341772,0.24242860474274713,0.027093627579849424,0.465617341844648,0.42695607535776625,0.11935720535487776,0.4899938613273409,0.7050018727346332,0.015173787056307033,1.0485783227316918,0.3950850118642656,0.23792600750273737,0.0005121441824749792
