aaaaaa,aaaaad,aaaadd,aaaada,aaadda,aaaddd,aaadad,aaadaa,aaddaa,aaddad,aadddd,aaddda,aadada,aadadd,aadaad,aadaaa,addaaa,addaad,addadd,addada,adddda,addddd,adddad,adddaa,adadaa,adadad,adaddd,adadda,adaada,adaadd,adaaad,adaaaa,ddaaaa,ddaaad,ddaadd,ddaada,ddadda,ddaddd,ddadad,ddadaa,ddddaa,ddddad,dddddd,ddddda,dddada,dddadd,dddaad,dddaaa,dadaaa,dadaad,dadadd,dadada,daddda,dadddd,daddad,daddaa,daadaa,daadad,daaddd,daadda,daaada,daaadd,daaaad,daaaaa
2.5042805811189983,27.078070744637643,2.003875356053224,4.186619104407279,98.0246546858168,20.40189482749466,48.161102375463294,3.4133944368000453,8.813491742720654,5.184186019633214,18.983834211577303,0.017785576384687182,15.62329963860108,8.976121632265178,5.786506610680907,0.2917292292284821,1.0096754197288973,0.016712214755486555,0.3355202780987262,0.7051713004694753,1.780153155474714,0.038923758004412806,2.2740476400203264,0.5236375853021537,0.6324113417462683,2.266257656585348,2.2238425510115407,0.11044305276702816,3.198998982705788,1.0619705281284304,0.9010624774174404,0.02499846922984435,0.02852143498279845,0.007353607484112537,0.07535198307137071,0.05039196306059814,0.00028221145094687596,0.01078807936772286,0.00255891516315234,0.007586341379490133,0.16844836365740706,0.0014154900749834196,0.13701424811701926,0.0012964977458714423,0.006387794949156127,0.0009732383683653603,0.0006303922557739445,0.002077079130707704,0.25805940499661584,0.00688006183855519,0.05850988854892092,0.093486223841007,0.36592316822132054,0.00011217344739149513,0.5819637213863634,0.2349563403052419,0.13919419531729016,0.4487864452182071,0.5985502549425205,0.0026247022460343366,0.8515955454070646,0.4033862097465875,0.19429661597826886,0.00011730059251234292
