aaaaaa,aaaaad,aaaadd,aaaada,aaadda,aaaddd,aaadad,aaadaa,aaddaa,aaddad,aadddd,aaddda,aadada,aadadd,aadaad,aadaaa,addaaa,addaad,addadd,addada,adddda,addddd,adddad,adddaa,adadaa,adadad,adaddd,adadda,adaada,adaadd,adaaad,adaaaa,ddaaaa,ddaaad,ddaadd,ddaada,ddadda,ddaddd,ddadad,ddadaa,ddddaa,ddddad,dddddd,ddddda,dddada,dddadd,dddaad,dddaaa,dadaaa,dadaad,dadadd,dadada,daddda,dadddd,daddad,daddaa,daadaa,daadad,daaddd,daadda,daaada,daaadd,daaaad,daaaaa
2.042465744608097,26.60500547119005,3.4090812240520405,3.8176326662651814,106.7735401266051,25.794084625111267,50.42323687442627,5.6979131139064165,9.366237778744868,5.978341113989397,23.57424063538169,0.0672861636072092,19.657692589077477,8.635447884435514,7.189315215197805,0.23744530246912537,1.2015877989672212,0.04615076052448058,0.5484884224583648,1.0864385576901776,1.5772243310901946,4.6551017681504625e-05,2.075381738895809,0.9117574599766904,0.6443662816593368,2.5808799180485154,2.7071354145068707,0.24260239538124947,3.777114497030894,1.1373197622141338,1.0907074613689127,0.025373254559103914,0.0330046316314931,0.00824201059749243,0.07943214873439892,0.0587712529950061,0.00359683818788039,0.002681357285545478,0.00021031745210901384,0.019607533213625943,0.20007275776046712,0.0029449302828078614,0.21056480640206995,0.010136816901888793,0.00023765594186139037,0.001625988071109758,0.004114568770618588,1.3269014425145223e-05,0.30342060717117497,0.002900111806639399,0.10063669121964819,0.155196868681668,0.3221417556702122,0.007552043199414132,0.5312937211769923,0.3644443091824644,0.14464498236293732,0.5172377423238991,0.7256434046826246,0.015463518594801271,1.0158712282913702,0.42066918739068176,0.24003715262586436,0.00022854752734890758
