aaaaaa,aaaaad,aaaadd,aaaada,aaadda,aaaddd,aaadad,aaadaa,aaddaa,aaddad,aadddd,aaddda,aadada,aadadd,aadaad,aadaaa,addaaa,addaad,addadd,addada,adddda,addddd,adddad,adddaa,adadaa,adadad,adaddd,adadda,adaada,adaadd,adaaad,adaaaa,ddaaaa,ddaaad,ddaadd,ddaada,ddadda,ddaddd,ddadad,ddadaa,ddddaa,ddddad,dddddd,ddddda,dddada,dddadd,dddaad,dddaaa,dadaaa,dadaad,dadadd,dadada,daddda,dadddd,daddad,daddaa,daadaa,daadad,daaddd,daadda,daaada,daaadd,daaaad,daaaaa
1.6474902833690677,26.61956519507341,4.763516614320148,4.03189221628773,114.72233503950093,27.8933314930728,52.704940200540044,7.190220827607259,10.654163670584033,6.761458384659958,28.95493304082337,0.4190001236090088,21.705308875316334,8.789879561955985,7.98071154294965,0.25300300088016675,1.497565279513644,0.11646005192652728,0.9485463169984526,1.6965324063174272,1.6267847150573473,0.0026061660922647918,1.9804418957591843,1.1591544078925944,0.7829968867007626,2.9359852390090824,3.3724827601420135,0.44143678881412407,4.103212802291526,1.197663848449307,1.211518356183867,0.023512098455856025,0.05288729993510693,0.003991690510800304,0.09246509824467797,0.06095393539932066,0.0036385690663774937,0.0020773043620924882,9.417829618537827e-05,0.030959388750942927,0.23749470417803784,0.005143960569066319,0.30667369437665654,0.030441530643023948,3.655708714244446e-05,0.004427371901996449,0.0035519775069554906,3.0470782012234216e-05,0.3470179119194774,0.00038490774418272416,0.16748119124624083,0.24859813361511696,0.3367584124794165,0.011603402441455635,0.5041096507584015,0.45074888157731235,0.16375140851693526,0.5693194014752323,0.847815796878416,0.03251573719067284,1.1035490255364646,0.4449215462093247,0.27787965765259687,0.0003306579521441337
