aaaaaa,aaaaad,aaaadd,aaaada,aaadda,aaaddd,aaadad,aaadaa,aaddaa,aaddad,aadddd,aaddda,aadada,aadadd,aadaad,aadaaa,addaaa,addaad,addadd,addada,adddda,addddd,adddad,adddaa,adadaa,adadad,adaddd,adadda,adaada,adaadd,adaaad,adaaaa,ddaaaa,ddaaad,ddaadd,ddaada,ddadda,ddaddd,ddadad,ddadaa,ddddaa,ddddad,dddddd,ddddda,dddada,dddadd,dddaad,dddaaa,dadaaa,dadaad,dadadd,dadada,daddda,dadddd,daddad,daddaa,daadaa,daadad,daaddd,daadda,daaada,daaadd,daaaad,daaaaa
0.9221369965459979,21.998751295793284,4.821973888925632,2.666109296010422,102.59833343009758,24.81181297290521,49.869875271100106,5.619266810543355,8.625237406483146,5.925085774201415,22.044405327749207,0.14787874405644533,19.924431307212256,7.3153218082720395,7.459700794114354,0.1726790136404253,1.0956862970120527,0.06087741085099516,0.48761888737120757,1.0394709549893533,1.3998791657833807,0.008606817075292912,1.9668167557585887,0.9055768705029273,0.5796788424663694,2.511740649007713,2.5048372977798783,0.2923072236530352,3.7521436711534677,1.018428996564677,1.1227882868366725,0.019879242669115955,0.03325819769237373,0.008123687398935861,0.07685012395218487,0.05351464274275167,0.004168293191538985,0.0007315222772749637,9.342091137241662e-05,0.022127817042988874,0.19588973041643365,0.003608780397584171,0.20981979626530178,0.010638327956194071,0.0002699855000824661,0.005655763714198054,0.007095843703541502,0.0011199455035059676,0.2782217221739683,0.001080356209037486,0.09024280611383535,0.14887235114271397,0.28506034929138324,0.016192891411370314,0.4976482814319926,0.35801011580493936,0.1328363694171009,0.5092064734330958,0.6684717648368173,0.022695297406817826,1.0075651069015774,0.37471225469502967,0.2533500438461626,0.00020885702143661681
