aaaaaa,aaaaad,aaaadd,aaaada,aaadda,aaaddd,aaadad,aaadaa,aaddaa,aaddad,aadddd,aaddda,aadada,aadadd,aadaad,aadaaa,addaaa,addaad,addadd,addada,adddda,addddd,adddad,adddaa,adadaa,adadad,adaddd,adadda,adaada,adaadd,adaaad,adaaaa,ddaaaa,ddaaad,ddaadd,ddaada,ddadda,ddaddd,ddadad,ddadaa,ddddaa,ddddad,dddddd,ddddda,dddada,dddadd,dddaad,dddaaa,dadaaa,dadaad,dadadd,dadada,daddda,dadddd,daddad,daddaa,daadaa,daadad,daaddd,daadda,daaada,daaadd,daaaad,daaaaa
0.823858968648906,21.64475952254014,5.129222800270612,2.4296189574510376,105.46882759571385,25.178528052714842,51.565629769293125,5.673664734682659,8.893192306253301,6.279535162389455,22.292224391564744,0.16733469561446815,20.277708455236535,7.488482690127987,7.662531251949829,0.1758703665218351,1.0917904970399905,0.060802211318264396,0.47243717833261506,1.0308703189261803,1.4640947489577387,0.008558600568525185,2.0326754305161447,0.9208251885734826,0.5962207589788042,2.612572227241385,2.5142694234108913,0.30496570946629165,3.848815656050256,1.0344137388187578,1.1723293533442967,0.021088323349614295,0.03592131494350323,0.007350952448270195,0.07677163561624847,0.0549923345676708,0.0031171607061166043,0.0011383119844814355,0.00018070748025108668,0.02173057965857403,0.19954816982682666,0.003710674041935065,0.21378070921738374,0.010515887154276708,0.0002870247654384182,0.0056419356522567484,0.006431442756587291,0.0008788697227518886,0.2773929253830499,0.0012413444308844222,0.08502013688544147,0.1431375920141738,0.29918376543778435,0.016137424304928816,0.5203003730894908,0.3578294389104892,0.1369566226786428,0.5301923891518251,0.6824687778407058,0.026161350176773616,1.030998651325893,0.3811097796318727,0.2603943399023944,0.00014695117088604976
