aaaaaa,aaaaad,aaaadd,aaaada,aaadda,aaaddd,aaadad,aaadaa,aaddaa,aaddad,aadddd,aaddda,aadada,aadadd,aadaad,aadaaa,addaaa,addaad,addadd,addada,adddda,addddd,adddad,adddaa,adadaa,adadad,adaddd,adadda,adaada,adaadd,adaaad,adaaaa,ddaaaa,ddaaad,ddaadd,ddaada,ddadda,ddaddd,ddadad,ddadaa,ddddaa,ddddad,dddddd,ddddda,dddada,dddadd,dddaad,dddaaa,dadaaa,dadaad,dadadd,dadada,daddda,dadddd,daddad,daddaa,daadaa,daadad,daaddd,daadda,daaada,daaadd,daaaad,daaaaa
1.361903048617413,19.92041479914935,4.067613049087515,2.6288139356299767,90.39007527959488,25.649500606320437,41.09354618552124,7.046051557838385,7.783617604372443,5.315876867398874,23.160025090351407,0.3990785455540159,19.948835407677198,6.0095717302628815,7.069368547196034,0.1269774535787386,1.1752873051716657,0.09080491290479506,0.6940328552590868,1.3019972837265397,0.9770239429881183,0.05726650165200012,1.4527309629451313,1.1468580837968478,0.5202915329879744,2.3074021798112607,2.626895558362426,0.36781085712310313,3.53075203925436,0.9253873199716544,0.993399441782914,0.015587918214615361,0.04602398472393473,0.0019559719308507757,0.08377262953690645,0.03979382699097876,0.005627575849445623,0.0001988304975758355,0.00023278734343026646,0.028899762719061153,0.20316734822853685,0.0066181758352512445,0.27370612623247853,0.0330889143601734,0.004018999133021076,0.014516775455467893,0.008792670993284315,0.0018697243418367723,0.27510168486100095,0.0004971590275916618,0.12187434589590385,0.18585376356296415,0.20106760939244497,0.03486160068279121,0.37513274040429767,0.4194019778514529,0.10805742328984197,0.4458999008224269,0.6708382712702746,0.029242674702975327,0.9643116340315874,0.33164017097941384,0.23301055591407943,0.0003798899321797586
