aaaaaa,aaaaad,aaaadd,aaaada,aaadda,aaaddd,aaadad,aaadaa,aaddaa,aaddad,aadddd,aaddda,aadada,aadadd,aadaad,aadaaa,addaaa,addaad,addadd,addada,adddda,addddd,adddad,adddaa,adadaa,adadad,adaddd,adadda,adaada,adaadd,adaaad,adaaaa,ddaaaa,ddaaad,ddaadd,ddaada,ddadda,ddaddd,ddadad,ddadaa,ddddaa,ddddad,dddddd,ddddda,dddada,dddadd,dddaad,dddaaa,dadaaa,dadaad,dadadd,dadada,daddda,dadddd,daddad,daddaa,daadaa,daadad,daaddd,daadda,daaada,daaadd,daaaad,daaaaa
14.582961704292588,106.49911865743016,6.631526118250047,70.08335797582224,36.22975772117397,0.001199962212382748,31.09060294609512,4.860636154458911,0.20790261270156452,5.058359564992882,1.2019878885737068,10.812573033133733,7.352287590891909,0.1748904478318532,2.1532422520204357,0.06713759179836118,1.2125348879857636,0.039042066277537375,3.154051497607939,0.0067931926109350334,0.20926811778590504,0.1312773631568444,1.8751198454030662,0.519749147292572,0.2844218940314245,2.117376981457126,0.9735180454326416,3.4763422851004564,1.6511948084275903,0.01696490392706174,0.3949309259925796,0.042929409490201326,0.05149807239912137,0.02134881868858497,0.12014451621272716,0.019219367755011554,0.016891447378328286,2.5390325806900225e-06,0.10266551993499647,0.0015237715179112399,0.09421817022403246,0.07002626229820176,0.17515941009160538,0.032027829507169134,0.0007920226467229318,0.003223386880907324,0.00042280580934041793,0.0004783482441650764,0.2716987316694232,0.023723798669292993,0.7259113561900667,0.016262870783765124,0.0002924246349337842,0.11786606540911553,0.2279655025447902,0.2308843406934226,0.051961614813578576,0.3982383453231589,0.22167532375173285,0.7068344650645186,0.5183222016188817,0.0333425913145388,0.13912963735719153,0.0005221710524680313
