aaaaaa,aaaaad,aaaadd,aaaada,aaadda,aaaddd,aaadad,aaadaa,aaddaa,aaddad,aadddd,aaddda,aadada,aadadd,aadaad,aadaaa,addaaa,addaad,addadd,addada,adddda,addddd,adddad,adddaa,adadaa,adadad,adaddd,adadda,adaada,adaadd,adaaad,adaaaa,ddaaaa,ddaaad,ddaadd,ddaada,ddadda,ddaddd,ddadad,ddadaa,ddddaa,ddddad,dddddd,ddddda,dddada,dddadd,dddaad,dddaaa,dadaaa,dadaad,dadadd,dadada,daddda,dadddd,daddad,daddaa,daadaa,daadad,daaddd,daadda,daaada,daaadd,daaaad,daaaaa
4.634397716463506,89.63046061199066,1.542557602035708,55.71898813177155,48.584293365394295,0.2586659323739133,39.17587782193486,5.040276213867448,1.6914639021800795,1.6917155127348162,0.987067192246755,10.071840250980848,3.8875701653737305,1.421444976905227,2.694018444602658,0.04288215125144947,1.5821221242448211,0.026873092508808046,3.5987639692374334,0.09679323073048458,1.3195992152968934,0.918554484543351,2.0776343808319995,0.5640770591907917,0.6591426125612726,1.254842994341409,0.7707044626801236,3.3970409720642474,1.3683715213915615,0.11821115486182103,0.6578905211098367,0.04024043191570709,0.04271140896407579,0.01264848602680979,0.11270096588461115,0.007196815635280492,0.05942067722446984,0.009804941279934318,0.11384747482738651,0.0034156170147629887,0.029134441406011687,0.13423818152356976,0.1346948784412129,0.03668785151701723,0.05419185530983054,0.015340493776422813,0.002303623593523374,0.0003700443097295121,0.34429566896753505,0.00013563860458515252,0.8264152939800369,0.0026933270761474106,0.11957939170874653,0.37625366942345906,0.2693466384656224,0.24523078067858833,0.13558161873175784,0.20975062549104445,0.1795425393344287,0.6648745315117838,0.4250785531994218,0.06644399447034897,0.19513138740462796,0.0008268166295208983
