aaaaaa,aaaaad,aaaadd,aaaada,aaadda,aaaddd,aaadad,aaadaa,aaddaa,aaddad,aadddd,aaddda,aadada,aadadd,aadaad,aadaaa,addaaa,addaad,addadd,addada,adddda,addddd,adddad,adddaa,adadaa,adadad,adaddd,adadda,adaada,adaadd,adaaad,adaaaa,ddaaaa,ddaaad,ddaadd,ddaada,ddadda,ddaddd,ddadad,ddadaa,ddddaa,ddddad,dddddd,ddddda,dddada,dddadd,dddaad,dddaaa,dadaaa,dadaad,dadadd,dadada,daddda,dadddd,daddad,daddaa,daadaa,daadad,daaddd,daadda,daaada,daaadd,daaaad,daaaaa
12.547951153831367,106.89559183817646,5.69629481445856,68.53220133625862,41.381038207334136,0.008826838562645212,35.03658742697247,5.207026928573139,0.671612975165903,3.599692115821299,1.1816781506640732,11.275185355381998,6.4915076490650385,0.4642439176976008,2.323500464581578,0.05486509545379756,1.338861694807283,0.015561913748880829,3.5070884380911584,0.0012814488688362958,0.45973372407226626,0.3004166369038625,2.0698307787280874,0.576889217732773,0.4632980195688888,1.799031142047333,0.9705292080286001,3.6439686660246924,1.623706539168619,0.04239305703592615,0.46886161337248544,0.04289644344558164,0.05064131334581438,0.020483799909389155,0.12678484600578593,0.015465631984287171,0.028703351865218756,0.0008957027861745708,0.11477853349700397,0.0025163103927932106,0.0694781620373873,0.09737939088729931,0.1770806765052796,0.03231265421769769,0.008066519970897383,1.8350582084369032e-06,2.485845199328011e-05,0.0001462124974926747,0.29759836145596247,0.016220689646509783,0.805530371389315,0.006463289812423099,0.014187650214468033,0.18824404922967392,0.25891291390944415,0.2545205785874346,0.08927925074697422,0.32558249580946824,0.22116935701359156,0.7325837197614997,0.5134685356100895,0.04573981080683835,0.15931047916678845,0.0006693779995095965
