aaaaaa,aaaaad,aaaadd,aaaada,aaadda,aaaddd,aaadad,aaadaa,aaddaa,aaddad,aadddd,aaddda,aadada,aadadd,aadaad,aadaaa,addaaa,addaad,addadd,addada,adddda,addddd,adddad,adddaa,adadaa,adadad,adaddd,adadda,adaada,adaadd,adaaad,adaaaa,ddaaaa,ddaaad,ddaadd,ddaada,ddadda,ddaddd,ddadad,ddadaa,ddddaa,ddddad,dddddd,ddddda,dddada,dddadd,dddaad,dddaaa,dadaaa,dadaad,dadadd,dadada,daddda,dadddd,daddad,daddaa,daadaa,daadad,daaddd,daadda,daaada,daaadd,daaaad,daaaaa
3.8173717333546047,80.59937825123151,0.9732595738508131,51.19149816324136,42.540418116276456,0.07392831455368484,37.91708310951119,5.057768478930082,0.4742970923570708,3.1637303912273715,0.8522332701307745,9.222820477535812,6.10406036205014,0.32813879021279224,2.481310409247861,0.0438904677537342,1.0766081164293932,3.244272721014241e-06,2.835010734253083,0.028069156676081265,0.5245219266077097,0.2872958307692613,2.051471414916425,0.5917141563522129,0.336354168268487,1.5645145140588992,0.7291542010336817,2.9909029147642476,1.6473296914093098,0.031183372449004907,0.5824458571576645,0.02878498171497348,0.03685740892060081,0.01185850656254936,0.09616920097812476,0.007456929517317565,0.031716486957006136,0.0013387509200520852,0.1117245677267184,0.004156775446582874,0.05310423560925544,0.07939065263097116,0.13939741987304125,0.025161481708471642,0.012439343006639151,8.502373380907772e-06,0.001235573533223804,0.00011651196247608823,0.24466860216962985,0.005223601951566309,0.6587910450817079,0.00030783005917889403,0.0259153908118375,0.16879171921209613,0.2740064410445627,0.24655221698437293,0.06516033350170296,0.28146690944568337,0.1671059753379913,0.593959172302095,0.49014653808148534,0.030857289862669165,0.17720627460337177,0.0006423642160422704
