aaaaaa,aaaaad,aaaadd,aaaada,aaadda,aaaddd,aaadad,aaadaa,aaddaa,aaddad,aadddd,aaddda,aadada,aadadd,aadaad,aadaaa,addaaa,addaad,addadd,addada,adddda,addddd,adddad,adddaa,adadaa,adadad,adaddd,adadda,adaada,adaadd,adaaad,adaaaa,ddaaaa,ddaaad,ddaadd,ddaada,ddadda,ddaddd,ddadad,ddadaa,ddddaa,ddddad,dddddd,ddddda,dddada,dddadd,dddaad,dddaaa,dadaaa,dadaad,dadadd,dadada,daddda,dadddd,daddad,daddaa,daadaa,daadad,daaddd,daadda,daaada,daaadd,daaaad,daaaaa
5.621263163584109,92.8779912353397,1.9657278533934228,57.482580477653016,51.922944896398995,0.26344117522499644,39.83220729611346,4.658940684403331,2.6827696017989133,1.044632003046154,1.749281463283711,8.777433977452423,3.0064290179645177,2.346708623984149,2.572350776175404,0.02066302118528546,1.7782262153448025,0.042309297877440186,3.439993077521497,0.04718273081042142,1.7376568555056808,1.2498010119876033,1.9422322608042997,0.4517687929423578,0.8909273834664838,1.0670100368440438,0.9803980085586915,3.2570754247132454,1.272092433721742,0.18532985876452562,0.6972659349811486,0.04529301710254261,0.04262997138128655,0.014067863666833954,0.11608811672383021,0.00794617602311734,0.07423036953508332,0.013704339938035508,0.1302344954395411,0.004311262772674331,0.01963764736032142,0.17079485169886696,0.10759574420035946,0.060901173513359746,0.099988738438872,0.04206247356906301,0.007883842780060402,0.0036838420524315982,0.3821301690762902,2.4947510054281353e-05,0.8002042532786396,0.001114893491148876,0.1765336910560211,0.4779299368559878,0.25424216207737216,0.22251660170456636,0.18379831622317877,0.17423663315275756,0.2323638233332258,0.6274880414008503,0.4137802852176748,0.08702496326288094,0.20825145342967918,0.0010729409918780253
