aaaaaa,aaaaad,aaaadd,aaaada,aaadda,aaaddd,aaadad,aaadaa,aaddaa,aaddad,aadddd,aaddda,aadada,aadadd,aadaad,aadaaa,addaaa,addaad,addadd,addada,adddda,addddd,adddad,adddaa,adadaa,adadad,adaddd,adadda,adaada,adaadd,adaaad,adaaaa,ddaaaa,ddaaad,ddaadd,ddaada,ddadda,ddaddd,ddadad,ddadaa,ddddaa,ddddad,dddddd,ddddda,dddada,dddadd,dddaad,dddaaa,dadaaa,dadaad,dadadd,dadada,daddda,dadddd,daddad,daddaa,daadaa,daadad,daaddd,daadda,daaada,daaadd,daaaad,daaaaa
8.08937051894893,101.97325775105743,3.198326978973026,64.10528349666868,48.29876510417267,0.08990730190644361,40.19461128417628,5.446946233587366,1.2840795592125736,2.5145146924284654,1.1968414135309977,11.01430837947554,5.524709582905787,0.9060455068368403,2.6100792842651352,0.03804738217427688,1.4348107448866378,0.00012887456929838964,3.6941842389389286,0.03164544643066163,0.854115019256723,0.5601704269293999,2.225998693671953,0.609893829697745,0.6082813972747769,1.550105575542397,0.9269631984672364,3.666827981719285,1.6389187583092957,0.07380809111471469,0.6035024783276323,0.04121079383731919,0.0439029563774418,0.01926899228638977,0.1240301050212515,0.011050551027275412,0.044567793204212294,0.0037079785208875755,0.12373876017719104,0.003273011252750182,0.04487283194278032,0.1285962831898006,0.15817931721793904,0.038302955042244985,0.03098665322608298,0.0050704760883765135,0.0019396149795439664,0.0005486933583710475,0.3163926177518237,0.007304959711348675,0.8460457390259296,0.0012243775016738448,0.05503631634466424,0.27795292670166877,0.2843767859720697,0.26429134094327555,0.1212746393133701,0.270883005066553,0.21161649849321745,0.7310610045180013,0.5116248965347112,0.05529146715479449,0.19385886507797218,0.0009011994824884278
