aaaaaa,aaaaad,aaaadd,aaaada,aaadda,aaaddd,aaadad,aaadaa,aaddaa,aaddad,aadddd,aaddda,aadada,aadadd,aadaad,aadaaa,addaaa,addaad,addadd,addada,adddda,addddd,adddad,adddaa,adadaa,adadad,adaddd,adadda,adaada,adaadd,adaaad,adaaaa,ddaaaa,ddaaad,ddaadd,ddaada,ddadda,ddaddd,ddadad,ddadaa,ddddaa,ddddad,dddddd,ddddda,dddada,dddadd,dddaad,dddaaa,dadaaa,dadaad,dadadd,dadada,daddda,dadddd,daddad,daddaa,daadaa,daadad,daaddd,daadda,daaada,daaadd,daaaad,daaaaa
6.760484016570283,105.05023961515789,2.4630667904647567,65.77547562957285,54.720788111942994,0.2662357604870818,42.173398018264116,5.176962803831309,2.4038237863595304,1.5608811960245463,1.657106442577191,10.352087387289162,3.6121714837922916,2.21760869948106,2.8086965372761377,0.030302061919087183,1.9631862723970637,0.039903902510290724,3.872074096661094,0.05231894630686365,1.7173979983990333,1.2488386095126862,2.125295547401712,0.514122247146026,0.8581975447548891,1.33178882670347,1.0100287398539813,3.741887150794913,1.420605174074865,0.17357935621061252,0.7281921619603788,0.05170079724221494,0.047809025098623684,0.016833514278435043,0.13173313970882308,0.009187897441748605,0.07090750844074005,0.012252026461084399,0.13618856544937208,0.00439288198027834,0.026322656239042855,0.17465786856965518,0.12807328475003513,0.06037012829490748,0.09030833136683979,0.03559475027325182,0.005421209025915136,0.002413933356245938,0.42014260955795585,8.852164502711967e-06,0.8981525835131491,0.0010605716500623732,0.16214528964220332,0.48586203895406793,0.27425314305175674,0.24888970326568552,0.1743170603837252,0.222862949745719,0.23934723092480994,0.7225200264295658,0.458977990217547,0.08807839303997515,0.21765565509072476,0.0010543162952468663
