aaaaaa,aaaaad,aaaadd,aaaada,aaadda,aaaddd,aaadad,aaadaa,aaddaa,aaddad,aadddd,aaddda,aadada,aadadd,aadaad,aadaaa,addaaa,addaad,addadd,addada,adddda,addddd,adddad,adddaa,adadaa,adadad,adaddd,adadda,adaada,adaadd,adaaad,adaaaa,ddaaaa,ddaaad,ddaadd,ddaada,ddadda,ddaddd,ddadad,ddadaa,ddddaa,ddddad,dddddd,ddddda,dddada,dddadd,dddaad,dddaaa,dadaaa,dadaad,dadadd,dadada,daddda,dadddd,daddad,daddaa,daadaa,daadad,daaddd,daadda,daaada,daaadd,daaaad,daaaaa
9.526330826503479,103.30811778344285,4.148924476232034,64.73679557442365,47.54189761194266,0.1145864687316116,38.23059497852579,5.23708515145896,1.6273404288762872,2.1033587072780286,1.2224112104779776,11.059113860804368,4.787696077572886,1.1933629425581078,2.538910529381337,0.040082654828469476,1.561211997746734,0.0003002348578549246,3.8080839422128125,0.03539127304285175,1.0175077142607936,0.715009874330041,2.1203385885980657,0.5662787621961433,0.6985064232133208,1.4262353872701095,0.9492295367365066,3.667038066790673,1.4715536536928187,0.10091462778717741,0.5740337154064086,0.044739738062713905,0.05140896102011845,0.016328385241227837,0.1296242732844105,0.010984748741758145,0.05341991947317149,0.007027757396011622,0.12427717658523557,0.0035289941314978167,0.04114472906511146,0.13675024557327126,0.16244156635695114,0.037383378337440064,0.036844296218381374,0.008508940230631538,0.001176417507043734,0.00038250496127484383,0.34110008605263736,0.005208579446363299,0.8714526272242975,0.0017228664609252582,0.07399669058992955,0.3272371887021111,0.2688447703374711,0.25377017980507177,0.14126733515162077,0.2446108563679657,0.21876006075401255,0.7268720806157831,0.47169583328144954,0.06630514395695485,0.18356697400789435,0.0007425298341137349
