aaaaaa,aaaaad,aaaadd,aaaada,aaadda,aaaddd,aaadad,aaadaa,aaddaa,aaddad,aadddd,aaddda,aadada,aadadd,aadaad,aadaaa,addaaa,addaad,addadd,addada,adddda,addddd,adddad,adddaa,adadaa,adadad,adaddd,adadda,adaada,adaadd,adaaad,adaaaa,ddaaaa,ddaaad,ddaadd,ddaada,ddadda,ddaddd,ddadad,ddadaa,ddddaa,ddddad,dddddd,ddddda,dddada,dddadd,dddaad,dddaaa,dadaaa,dadaad,dadadd,dadada,daddda,dadddd,daddad,daddaa,daadaa,daadad,daaddd,daadda,daaada,daaadd,daaaad,daaaaa
14.969399701075627,108.94215701941495,6.584692524966119,71.26823177574012,40.29852582701038,0.0013882555318550619,33.44426094078526,4.702228718355832,0.41980242267708867,4.358540811044674,1.7634211664370971,10.032863672843257,7.18718843579116,0.33565731175107727,2.2179841566710614,0.042685272954095355,1.2286008937954627,0.04385137140780683,3.063565143929307,0.019749163168535908,0.29376863596576785,0.17820518611499364,1.892615937216908,0.4702164151473401,0.392088286839711,1.9733255331542519,1.1731449696047525,3.384730689776934,1.7131245134785613,0.03051398623597589,0.4459225202112256,0.0435401053793731,0.05228585562656896,0.02172493009271604,0.1190593678466425,0.02126213452618956,0.025340560301733282,0.00022128706599409723,0.11478045130282502,0.0016445741468410005,0.08755935460820605,0.08395347232614359,0.1621765944379566,0.04328944049526268,0.004626462742833421,0.00038529674403922913,0.0001279732478812501,0.0003250577165170239,0.2770085355212889,0.02557623190884513,0.7121806427775644,0.02395406164339826,0.0031668765967494445,0.144648217366569,0.2324129502508327,0.2239409055231696,0.07366375944930427,0.36593794912236144,0.26610999281066294,0.6854352490711909,0.5458796887236897,0.04025993347598665,0.15805335495815964,0.0006009637654549507
