aaaaaa,aaaaad,aaaadd,aaaada,aaadda,aaaddd,aaadad,aaadaa,aaddaa,aaddad,aadddd,aaddda,aadada,aadadd,aadaad,aadaaa,addaaa,addaad,addadd,addada,adddda,addddd,adddad,adddaa,adadaa,adadad,adaddd,adadda,adaada,adaadd,adaaad,adaaaa,ddaaaa,ddaaad,ddaadd,ddaada,ddadda,ddaddd,ddadad,ddadaa,ddddaa,ddddad,dddddd,ddddda,dddada,dddadd,dddaad,dddaaa,dadaaa,dadaad,dadadd,dadada,daddda,dadddd,daddad,daddaa,daadaa,daadad,daaddd,daadda,daaada,daaadd,daaaad,daaaaa
4.987102994902923,86.69893865611854,1.5203387087982538,55.23999405803569,43.80662407956086,0.1024376016160411,36.48034227254022,4.660235854632556,0.8655304060137998,2.5572600973948894,1.021221659762051,9.40886816464384,5.122810904996125,0.6880384278540573,2.4398813494843816,0.0348996992563552,1.245920206218591,0.0009535487310412708,3.0272224302811854,0.02617911749638063,0.7515632575157727,0.47159311610194427,1.9324619910742,0.515640554533552,0.4600104197162767,1.4483470151791513,0.7844305320807158,3.1514021091083135,1.5091152514225339,0.05930984939855942,0.5833254263127063,0.03427362420101124,0.0393691883817814,0.01351067803847366,0.10327498672464666,0.008564725132468583,0.04119133689088165,0.003670205890087888,0.10988074750470368,0.003199840953800992,0.04437910829834596,0.09947141442830244,0.1336081255853393,0.03284383863925822,0.024688246251133316,0.0027731099250421095,0.001925273346357632,0.000260156472108557,0.27797213787977476,0.0038545397852243826,0.7001255514461062,0.0008319611172397075,0.049621749613608226,0.2364779479058444,0.24900898294351886,0.22645661399859218,0.09122535426120457,0.25441653989879365,0.1797908139392835,0.6243530762099391,0.46066564427784096,0.04451622563553379,0.1798050649077898,0.000732296828085553
