aaaaaa,aaaaad,aaaadd,aaaada,aaadda,aaaddd,aaadad,aaadaa,aaddaa,aaddad,aadddd,aaddda,aadada,aadadd,aadaad,aadaaa,addaaa,addaad,addadd,addada,adddda,addddd,adddad,adddaa,adadaa,adadad,adaddd,adadda,adaada,adaadd,adaaad,adaaaa,ddaaaa,ddaaad,ddaadd,ddaada,ddadda,ddaddd,ddadad,ddadaa,ddddaa,ddddad,dddddd,ddddda,dddada,dddadd,dddaad,dddaaa,dadaaa,dadaad,dadadd,dadada,daddda,dadddd,daddad,daddaa,daadaa,daadad,daaddd,daadda,daaada,daaadd,daaaad,daaaaa
9.231700676204907,114.03510910715463,3.9710704683559293,71.2696443820753,52.15930783239831,0.14517106003409017,42.86022785027899,6.074610293566951,1.5220088938503753,2.6421387291823777,1.0262542704201518,13.056762390473247,5.537742697704666,1.1484111941517599,2.9477076212064772,0.06213589498406329,1.7418196197662839,0.0018235197984781321,4.422813924029183,0.0736982159756197,1.1092749860765243,0.7771901397351959,2.440519894269184,0.6926341606060186,0.691671830807085,1.679519640161075,0.9362855882290343,4.205385987848649,1.655948759530488,0.10042615939224034,0.6466835858207101,0.049044072809708086,0.05454362424261974,0.01889404476542637,0.14375286187275935,0.01133185609214098,0.05184636898666155,0.005929648297374765,0.13013803972907612,0.0035544490548530027,0.048048761312002294,0.14288572656645096,0.19162154430271813,0.03398375159885628,0.033176255656923365,0.005823744963843252,0.00033908122630173254,1.2636419930586516e-06,0.38130334531862464,0.00451224444114859,1.0102559043729062,0.0016002357704493532,0.07888456049912093,0.35312506402894844,0.3108380464168511,0.2978844459125153,0.1397981092481726,0.28913518296806073,0.21606841382717584,0.8340741639401638,0.5208578585978741,0.06955174812287819,0.2016635311315686,0.0007597547276762457
