aaaaaa,aaaaad,aaaadd,aaaada,aaadda,aaaddd,aaadad,aaadaa,aaddaa,aaddad,aadddd,aaddda,aadada,aadadd,aadaad,aadaaa,addaaa,addaad,addadd,addada,adddda,addddd,adddad,adddaa,adadaa,adadad,adaddd,adadda,adaada,adaadd,adaaad,adaaaa,ddaaaa,ddaaad,ddaadd,ddaada,ddadda,ddaddd,ddadad,ddadaa,ddddaa,ddddad,dddddd,ddddda,dddada,dddadd,dddaad,dddaaa,dadaaa,dadaad,dadadd,dadada,daddda,dadddd,daddad,daddaa,daadaa,daadad,daaddd,daadda,daaada,daaadd,daaaad,daaaaa
4.745558048584495,104.10736031104254,1.524584084129276,63.643781145443576,59.166292347496665,0.2760046667828391,50.07539441169388,6.616203397220393,1.8871179515006675,2.1029876856497753,1.0818615065485087,12.154468624869068,5.403628337814178,1.3370995289333985,3.254661088962432,0.04376423728791957,1.6844508448073865,0.015613500320863175,4.287377596422809,0.13287864286400328,1.3869906525735287,0.906735466912329,2.6921152916106146,0.7719080333759352,0.7587257409280412,1.508105708079347,0.9144741491138462,3.9988815625185183,1.7825108826338774,0.11575078834242739,0.8045328016467056,0.041915331993017245,0.05173271789952236,0.01289137344376445,0.13606855578564525,0.00663540741738934,0.07103394207521142,0.010635995562992282,0.1506475543625046,0.00644440167206729,0.037533909098942476,0.15262402042160764,0.17301684076299945,0.03643548464523104,0.053433504700966805,0.011551875570477002,0.003350676754866582,0.0003263872881031993,0.37239333740802644,0.0011895054638547719,0.9832400585895607,0.004220075409969786,0.11972068210780026,0.39274323805765143,0.35942916539239234,0.32200793206729283,0.15545626029903456,0.2542900817494605,0.21217456054256592,0.7854268730117906,0.5470774370797225,0.06813472132356944,0.23916563941523558,0.0009224452094539751
