aaaaaa,aaaaad,aaaadd,aaaada,aaadda,aaaddd,aaadad,aaadaa,aaddaa,aaddad,aadddd,aaddda,aadada,aadadd,aadaad,aadaaa,addaaa,addaad,addadd,addada,adddda,addddd,adddad,adddaa,adadaa,adadad,adaddd,adadda,adaada,adaadd,adaaad,adaaaa,ddaaaa,ddaaad,ddaadd,ddaada,ddadda,ddaddd,ddadad,ddadaa,ddddaa,ddddad,dddddd,ddddda,dddada,dddadd,dddaad,dddaaa,dadaaa,dadaad,dadadd,dadada,daddda,dadddd,daddad,daddaa,daadaa,daadad,daaddd,daadda,daaada,daaadd,daaaad,daaaaa
6.293358433227597,102.05975532342795,2.2690359571486804,64.51107889951827,47.43228598856672,0.09419877298140104,42.55680823981153,6.373926362552369,0.5508163770625397,3.937440365862524,0.6251541950106742,12.858749180272902,7.09954153399279,0.37184999745604413,2.915510224204813,0.0845886976844254,1.4047956658785357,2.7312787051182445e-05,3.912695735586489,0.07174341494960217,0.6236012800101055,0.37706023664851723,2.495561507622204,0.7853773059339153,0.39950398443735113,1.9355113328629743,0.7482341460970466,3.9613600865680763,1.8469758829965337,0.03616052904777476,0.6177006803079631,0.038422894191111966,0.0470512247040424,0.017151598432910652,0.13215091206665874,0.008293114529558568,0.031373621799234835,0.001192504501713055,0.12495280633670121,0.0048589912048338756,0.06414473316822027,0.09648008884019642,0.19683204249632383,0.020606394011710303,0.009122206879560033,0.00017032971459131284,4.5542931390170105e-06,0.0008870646399676209,0.31683603997242227,0.006224120427302619,0.8943411315795261,0.00034774828707803283,0.028761519103525465,0.21093049400964703,0.3250110927743541,0.3118978885978708,0.07740490949849889,0.34703885352701264,0.1710622100905849,0.7915688256310642,0.5509970884399009,0.03942717695575314,0.18860828123552076,0.0008286681158270362
