aaaaaa,aaaaad,aaaadd,aaaada,aaadda,aaaddd,aaadad,aaadaa,aaddaa,aaddad,aadddd,aaddda,aadada,aadadd,aadaad,aadaaa,addaaa,addaad,addadd,addada,adddda,addddd,adddad,adddaa,adadaa,adadad,adaddd,adadda,adaada,adaadd,adaaad,adaaaa,ddaaaa,ddaaad,ddaadd,ddaada,ddadda,ddaddd,ddadad,ddadaa,ddddaa,ddddad,dddddd,ddddda,dddada,dddadd,dddaad,dddaaa,dadaaa,dadaad,dadadd,dadada,daddda,dadddd,daddad,daddaa,daadaa,daadad,daaddd,daadda,daaada,daaadd,daaaad,daaaaa
10.929941065253526,90.52434087048289,5.020836949175744,57.8646522572599,35.491911518960194,0.009866301066710763,29.283436106397367,4.20423413117456,0.763230006734624,2.6408622989529364,1.1153569031081956,9.25665340176398,5.071310733355082,0.532562373098497,1.930500366263507,0.03886573683511308,1.1551020837401802,0.011405420712458324,2.9509221827545113,0.0009423468354546323,0.45954361524047754,0.3095465531368591,1.6976494481899813,0.4547458172797418,0.45178218161677125,1.4148736777622664,0.8532003305864276,3.041816683149345,1.319902366528959,0.04747267203337652,0.4005841894247144,0.0368544520022934,0.042705690660339364,0.017756128685270017,0.10727742105106505,0.013457549963793147,0.028200250519342458,0.0013476729382153893,0.0977891363841648,0.0019589218345371986,0.05303077629256479,0.09053578228904771,0.1435358200307468,0.030643489476603673,0.010857528995136485,0.00047318616191668607,0.00018368256914113448,0.0002289681149082546,0.25742792947922083,0.012863484205356384,0.6782292632988983,0.006316541468954,0.01846224688002638,0.18031715930283587,0.21153417585782053,0.20535575864265468,0.08874079989749624,0.253203492708743,0.1947521279065104,0.6120194422042914,0.4220020663856201,0.043407988042174744,0.13592109772417627,0.0006075257063684084
