aaaaaa,aaaaad,aaaadd,aaaada,aaadda,aaaddd,aaadad,aaadaa,aaddaa,aaddad,aadddd,aaddda,aadada,aadadd,aadaad,aadaaa,addaaa,addaad,addadd,addada,adddda,addddd,adddad,adddaa,adadaa,adadad,adaddd,adadda,adaada,adaadd,adaaad,adaaaa,ddaaaa,ddaaad,ddaadd,ddaada,ddadda,ddaddd,ddadad,ddadaa,ddddaa,ddddad,dddddd,ddddda,dddada,dddadd,dddaad,dddaaa,dadaaa,dadaad,dadadd,dadada,daddda,dadddd,daddad,daddaa,daadaa,daadad,daaddd,daadda,daaada,daaadd,daaaad,daaaaa
11.818261027173879,96.14376067026974,5.274622212804514,61.64573626875916,38.46012487791297,0.004956987643872905,31.451228002704458,4.309586568322498,0.845026969680208,2.7606395515297417,1.4397983652783795,9.273329978526583,5.4704560064588765,0.5885398787635179,2.032471383889862,0.03169876156451202,1.1978370066932593,0.016566371227897968,2.9812866407464464,0.0013831009305409429,0.47289130903291615,0.31014758080089627,1.7675881068050896,0.44763614546360475,0.4966050150707455,1.4871113571733634,0.9900576343015478,3.1244503776149535,1.4331342512652874,0.05191137516338922,0.43577723614328767,0.0389173564978316,0.04532961575877128,0.01853241582166661,0.10975764583564156,0.015681325373865455,0.03207748709930442,0.0015571751493461447,0.1070605498753414,0.001951978807380485,0.05761541261502087,0.09691559146169382,0.1441683543981746,0.03797409648654174,0.013036145679858939,0.0007595721224706277,0.0007168362222616914,0.0006163774555481643,0.26705421028223014,0.015438749527508126,0.6895894803296918,0.010710238576489658,0.01842139026427965,0.18708138636028804,0.22096225507595008,0.20994014489250448,0.09735822850916791,0.2668927359900665,0.2258717939450936,0.6282168567308591,0.46080224338344244,0.04642832476939536,0.14959060301221566,0.0006213447842796144
