aaaaaa,aaaaad,aaaadd,aaaada,aaadda,aaaddd,aaadad,aaadaa,aaddaa,aaddad,aadddd,aaddda,aadada,aadadd,aadaad,aadaaa,addaaa,addaad,addadd,addada,adddda,addddd,adddad,adddaa,adadaa,adadad,adaddd,adadda,adaada,adaadd,adaaad,adaaaa,ddaaaa,ddaaad,ddaadd,ddaada,ddadda,ddaddd,ddadad,ddadaa,ddddaa,ddddad,dddddd,ddddda,dddada,dddadd,dddaad,dddaaa,dadaaa,dadaad,dadadd,dadada,daddda,dadddd,daddad,daddaa,daadaa,daadad,daaddd,daadda,daaada,daaadd,daaaad,daaaaa
8.224427888842722,111.62664252237198,2.7169113553102506,72.43824931341744,51.13776162627521,0.049057061035674074,43.17547754645137,5.711202361086808,0.5147063312970716,4.4922830229263235,1.343966386263319,11.788793160742841,7.73960251044395,0.43383475374457586,2.943183558909586,0.05513654287825437,1.3977405676545318,0.005536176431028042,3.5399712631251377,0.003473587830369244,0.5652117227924758,0.3285188280438918,2.3172041206403136,0.6108050069697003,0.41845216568472343,2.13654296219124,1.0401751775322698,3.8981085159450677,2.0211245558889264,0.038710552029520666,0.6576065187401319,0.043751713845891244,0.05137833762709617,0.01855129791321197,0.12815349046819866,0.013937021402758439,0.036917635953730134,0.0013841070127821049,0.13343462746482573,0.0034302415646803187,0.07682616119521705,0.10037681050563019,0.17585673281831246,0.03949823799837136,0.012931095559745146,9.344793362532212e-06,0.0008905329966057598,0.00013555611732534698,0.31516747500847153,0.012759380714054611,0.8217420743803978,0.0058816116771849775,0.02130119787462396,0.20585534328445304,0.2943026963267712,0.27333503373836765,0.07964181718139447,0.38812975006914646,0.23730964745748068,0.7772608487088786,0.6157771002290846,0.04238481446318038,0.20854134162879434,0.000765607461831412
