aaaaaa,aaaaad,aaaadd,aaaada,aaadda,aaaddd,aaadad,aaadaa,aaddaa,aaddad,aadddd,aaddda,aadada,aadadd,aadaad,aadaaa,addaaa,addaad,addadd,addada,adddda,addddd,adddad,adddaa,adadaa,adadad,adaddd,adadda,adaada,adaadd,adaaad,adaaaa,ddaaaa,ddaaad,ddaadd,ddaada,ddadda,ddaddd,ddadad,ddadaa,ddddaa,ddddad,dddddd,ddddda,dddada,dddadd,dddaad,dddaaa,dadaaa,dadaad,dadadd,dadada,daddda,dadddd,daddad,daddaa,daadaa,daadad,daaddd,daadda,daaada,daaadd,daaaad,daaaaa
8.926479661597106,88.9623855204609,3.098186240399453,60.65629330771279,32.328434021792084,0.0001497487078259374,27.85171847840038,4.097001392373643,0.057061965623438016,6.8418096115805564,1.0249916307136009,8.901941255149941,7.855218026773413,0.009291112862722712,2.175829929319319,0.08179545678565807,0.9446038068774303,0.03125840438625261,2.3650750780689735,0.013912782863524521,0.09503802802681577,0.03845987949832937,1.5451999774436358,0.4110075229042951,0.07771559768523462,2.4003514512268023,0.815321929430147,2.8872399787173078,1.6756445321848181,0.0015799974082160858,0.4023729791234309,0.03651064539483264,0.04375335524313091,0.016064552298803617,0.09400339078200659,0.016892406177500853,0.009710831314881839,0.0005334568804705097,0.08207417519467636,0.00121275563033259,0.11116841937491068,0.03478382751993966,0.14294102865438696,0.0270312418134334,0.0006563595589768401,0.011322846149996072,0.0012558109148223884,0.001721224598300316,0.21790550718857493,0.020067996761391826,0.5514970432556119,0.019507520110956907,0.002535095591382671,0.06281574524997953,0.1835408875388255,0.1841482869790485,0.011427092059071452,0.46474686362256723,0.18373605683163277,0.5863211809974133,0.501138321002076,0.016181851576621577,0.13239725188924564,0.0003888555952628212
