aaaaaa,aaaaad,aaaadd,aaaada,aaadda,aaaddd,aaadad,aaadaa,aaddaa,aaddad,aadddd,aaddda,aadada,aadadd,aadaad,aadaaa,addaaa,addaad,addadd,addada,adddda,addddd,adddad,adddaa,adadaa,adadad,adaddd,adadda,adaada,adaadd,adaaad,adaaaa,ddaaaa,ddaaad,ddaadd,ddaada,ddadda,ddaddd,ddadad,ddadaa,ddddaa,ddddad,dddddd,ddddda,dddada,dddadd,dddaad,dddaaa,dadaaa,dadaad,dadadd,dadada,daddda,dadddd,daddad,daddaa,daadaa,daadad,daaddd,daadda,daaada,daaadd,daaaad,daaaaa
6.678253165997453,92.99165467740762,2.8691438503268807,57.299659912242525,43.591852025914534,0.1021393232086143,38.71229177639561,5.910597723035713,0.9834720971725314,2.577686641587972,0.5669685826733415,11.841858807841083,5.650071094101207,0.5716888973726909,2.568145009939635,0.0683517040001718,1.3334075620725692,0.00014006670618330798,3.85527873056713,0.10011751719771086,0.7402493582555361,0.47586994293467194,2.3245336061160513,0.7457810220248586,0.5086702261375119,1.4864683622485035,0.6911743138230506,3.627644814065993,1.545904429983101,0.05421597516027905,0.5431793819149817,0.03493286329174304,0.04327452019380536,0.016083773992650457,0.12641693694355177,0.006754687321553013,0.03651878241225619,0.0027754025552176194,0.11513614821741629,0.004460481476335418,0.04578338853004484,0.10734780068624078,0.18508436015771698,0.01774778245889802,0.01450425063670966,0.0003739086625787533,6.414315761346929e-06,0.0003899929801102665,0.2967831262702672,0.00538470704031429,0.8797241245187554,0.0025426359254681124,0.04527911516246592,0.23700262771128386,0.307060498172192,0.2951395726705445,0.10158911512678151,0.2602897852620241,0.16018642880340453,0.7221285728021952,0.47159878326572763,0.045517691511254316,0.1671363227796271,0.0007106435266523523
