aaaaaa,aaaaad,aaaadd,aaaada,aaadda,aaaddd,aaadad,aaadaa,aaddaa,aaddad,aadddd,aaddda,aadada,aadadd,aadaad,aadaaa,addaaa,addaad,addadd,addada,adddda,addddd,adddad,adddaa,adadaa,adadad,adaddd,adadda,adaada,adaadd,adaaad,adaaaa,ddaaaa,ddaaad,ddaadd,ddaada,ddadda,ddaddd,ddadad,ddadaa,ddddaa,ddddad,dddddd,ddddda,dddada,dddadd,dddaad,dddaaa,dadaaa,dadaad,dadadd,dadada,daddda,dadddd,daddad,daddaa,daadaa,daadad,daaddd,daadda,daaada,daaadd,daaaad,daaaaa
8.43479082844318,90.87302607430966,2.9950382702001694,59.79667945147784,38.57559784695897,0.011554217896612979,31.50330054376815,4.024486775537381,0.3395788541844939,3.792022441018746,1.336368913079028,8.809188490843283,6.2175263003656625,0.31764095342003074,2.17936700655081,0.038152655708155854,1.0635717605890864,0.015887939426817793,2.6120814635144773,0.0031607902005666,0.3583083393474149,0.20730642917747508,1.6585869019309456,0.3990358488237166,0.3167377576407985,1.7392893463295664,0.9210997910381543,2.981091407696649,1.573813582930664,0.027918433101941656,0.47586416039790136,0.036472181818399736,0.04198980548523838,0.01607667498672962,0.09860771043225142,0.014557343641439189,0.026848491568496922,0.0007003881633404562,0.10100348479334006,0.0017750323461101654,0.06814746124648358,0.07481731550139595,0.13303923192678518,0.03680986864734254,0.007924159305579298,1.298910340387463e-05,0.0006116781869429122,0.00020538666963767214,0.24006130051538935,0.01525002379166579,0.6086572025332669,0.012991272104897532,0.00941028873580594,0.1449829241923908,0.2044971565438654,0.1909917164184445,0.05943712794351919,0.31940307376870086,0.2086131212624449,0.5981994952352527,0.4874777948904353,0.03330410977616391,0.15699781786474024,0.0005947838736550475
