aaaaaa,aaaaad,aaaadd,aaaada,aaadda,aaaddd,aaadad,aaadaa,aaddaa,aaddad,aadddd,aaddda,aadada,aadadd,aadaad,aadaaa,addaaa,addaad,addadd,addada,adddda,addddd,adddad,adddaa,adadaa,adadad,adaddd,adadda,adaada,adaadd,adaaad,adaaaa,ddaaaa,ddaaad,ddaadd,ddaada,ddadda,ddaddd,ddadad,ddadaa,ddddaa,ddddad,dddddd,ddddda,dddada,dddadd,dddaad,dddaaa,dadaaa,dadaad,dadadd,dadada,daddda,dadddd,daddad,daddaa,daadaa,daadad,daaddd,daadda,daaada,daaadd,daaaad,daaaaa
7.198812958041025,97.48580248149425,2.7913691080402,62.20230324374892,42.03629278293981,0.05302574393266575,37.7511806526736,5.808913775863042,0.37738726710960985,4.096632566961675,0.6063185451250183,12.014561972861097,6.882357327504164,0.26563479749206137,2.599262425558148,0.08245405394791666,1.2894348122835588,0.001264090687948852,3.5862788777671017,0.041354434457570144,0.46772532652174537,0.2859835253388133,2.249432346272484,0.7106866866153756,0.3303204431388672,1.906096227999574,0.7150279125481326,3.6927745826581626,1.7117054896611583,0.026388891536364523,0.529488144778204,0.03733434591609863,0.04562504547442718,0.01649779396191581,0.12249705048583157,0.009342443432892672,0.024998791438510883,0.0005038933596672582,0.11216683056679866,0.0036804897616656267,0.06847983662738667,0.08339853475057246,0.1873107339689835,0.019899178360501965,0.004903704947855218,0.0009590946316487267,0.00011575459356312425,0.0010242676691942197,0.28797825585014536,0.008593152252906718,0.8208644904047852,0.00011357134285200381,0.0160880414183574,0.17217298831512262,0.2909094214859257,0.2836005338490054,0.06318929226995532,0.3486991327883015,0.16511175350209317,0.7418623309979239,0.5146396326189426,0.034572499865323576,0.16554970488260848,0.0007170054015739329
