aaaaaa,aaaaad,aaaadd,aaaada,aaadda,aaaddd,aaadad,aaadaa,aaddaa,aaddad,aadddd,aaddda,aadada,aadadd,aadaad,aadaaa,addaaa,addaad,addadd,addada,adddda,addddd,adddad,adddaa,adadaa,adadad,adaddd,adadda,adaada,adaadd,adaaad,adaaaa,ddaaaa,ddaaad,ddaadd,ddaada,ddadda,ddaddd,ddadad,ddadaa,ddddaa,ddddad,dddddd,ddddda,dddada,dddadd,dddaad,dddaaa,dadaaa,dadaad,dadadd,dadada,daddda,dadddd,daddad,daddaa,daadaa,daadad,daaddd,daadda,daaada,daaadd,daaaad,daaaaa
10.735686336746223,115.83746971664671,4.680071703799211,73.61462911053597,47.16515458465312,0.03339398463515567,42.23589661755819,6.672664614370694,0.5526932569769745,4.478629710574933,0.8071049647703282,13.89982069563134,7.841340820698362,0.34513845679928606,2.849137674409661,0.09022171201067616,1.4989721435778247,0.005748345474426632,4.207329457887288,0.03234675103881733,0.5105380796334226,0.31733617821831367,2.5814792279641123,0.8090019221540847,0.4357199827864694,2.135256247845866,0.8927966710561149,4.282161140859519,1.9238927347819186,0.03423716696891343,0.565501089980702,0.044229362414601334,0.055163691137458365,0.02126159444168401,0.1467334996060484,0.01273155940391656,0.028236454652866796,0.0005733055719219726,0.1302315130749439,0.004182134438182894,0.0785511155122689,0.10059445579433371,0.21932571495340003,0.024083037897694223,0.005218426484238975,0.0009260690010247179,0.00019973176465491103,0.0008862646624740188,0.33531334681889047,0.013256916083825914,0.9643259908489648,0.0006736569301417206,0.01582965711441656,0.19776065869809487,0.33134794680691587,0.3276396052930864,0.08314369088533738,0.38800324699794975,0.20460034769778915,0.859505002268683,0.5865960599008183,0.04322200235021552,0.18184529842305963,0.0008810895467033585
