aaaaaa,aaaaad,aaaadd,aaaada,aaadda,aaaddd,aaadad,aaadaa,aaddaa,aaddad,aadddd,aaddda,aadada,aadadd,aadaad,aadaaa,addaaa,addaad,addadd,addada,adddda,addddd,adddad,adddaa,adadaa,adadad,adaddd,adadda,adaada,adaadd,adaaad,adaaaa,ddaaaa,ddaaad,ddaadd,ddaada,ddadda,ddaddd,ddadad,ddadaa,ddddaa,ddddad,dddddd,ddddda,dddada,dddadd,dddaad,dddaaa,dadaaa,dadaad,dadadd,dadada,daddda,dadddd,daddad,daddaa,daadaa,daadad,daaddd,daadda,daaada,daaadd,daaaad,daaaaa
7.366455250089382,104.28752286955577,2.8589721988530004,65.9395219328431,46.520480240981605,0.06760393498448163,42.180974691910194,6.507275636482368,0.5101415826436435,4.124978318936038,0.645593432975933,13.047987253611772,7.36020587781457,0.32213181834168503,2.8469057672063194,0.08698731611909652,1.4000170880231366,0.0006250062550292749,3.952408743644388,0.05804385232887802,0.5547079711420754,0.3334035354478844,2.526322571458192,0.8052333364160991,0.3932823790164358,1.9852613617726882,0.7730932896396393,4.002144308494788,1.8588050648273184,0.032009861959610024,0.5884923781338207,0.039425064336896284,0.04877282570280188,0.01746878331553385,0.13390472916579801,0.009115009059435512,0.028931626860155674,0.0008301766246555817,0.12512015232929818,0.004771459012857776,0.06891307643059463,0.09409981671457242,0.20321035191712558,0.020335690734816093,0.006779224918169286,0.000649414604322494,3.5207299336531226e-05,0.0009923387630704397,0.31305156446046023,0.008349172396444638,0.9034914929736476,0.00012487539331034196,0.02167037728540137,0.19662033098400633,0.32899129828662477,0.31994206366456374,0.07522910743649791,0.3586614470188798,0.17711327835109142,0.799321447356177,0.5587275167422842,0.0388143428254802,0.1836580397650827,0.0008142336927826456
