aaaaaa,aaaaad,aaaadd,aaaada,aaadda,aaaddd,aaadad,aaadaa,aaddaa,aaddad,aadddd,aaddda,aadada,aadadd,aadaad,aadaaa,addaaa,addaad,addadd,addada,adddda,addddd,adddad,adddaa,adadaa,adadad,adaddd,adadda,adaada,adaadd,adaaad,adaaaa,ddaaaa,ddaaad,ddaadd,ddaada,ddadda,ddaddd,ddadad,ddadaa,ddddaa,ddddad,dddddd,ddddda,dddada,dddadd,dddaad,dddaaa,dadaaa,dadaad,dadadd,dadada,daddda,dadddd,daddad,daddaa,daadaa,daadad,daaddd,daadda,daaada,daaadd,daaaad,daaaaa
8.275952500138123,101.77070477549188,3.612580558865953,63.43310680672063,44.704283917624245,0.0583183612363119,40.722666451381066,6.461435105382519,0.7191794940771925,3.4272929153858427,0.6094169496212015,12.856443154272577,6.809136194366531,0.3907406257568207,2.6693544420809627,0.08312614968706084,1.3765329985116634,0.0013195203504400665,4.010501224309724,0.06716244441760875,0.580446492805327,0.3617453467622451,2.500599105874008,0.8227020472594818,0.4575890104639581,1.766533345550566,0.7549627032359216,3.9062893841657926,1.7330346537722567,0.038510463743032936,0.543536862394062,0.03813510125046552,0.047089205151655184,0.018126936070053303,0.13604985440945025,0.008216242197808782,0.030149210602933168,0.0010125615963271063,0.12519041091160055,0.004982853210894507,0.061225436569321834,0.10187916655084615,0.2061721216764839,0.018612385907445596,0.00793136626682604,0.0002171139990484591,3.954242518615953e-05,0.0008143723464945444,0.3080024516265116,0.008662761178015777,0.9124236622631283,0.00043958875440768496,0.026333809253367077,0.20461421096407617,0.3289964974403925,0.32037230185775584,0.0905891753898871,0.31681890018470127,0.17481433403152313,0.7850345487606591,0.5262230141916395,0.04206531152928646,0.17228961484964683,0.0009111148797270868
