aaaaaa,aaaaad,aaaadd,aaaada,aaadda,aaaddd,aaadad,aaadaa,aaddaa,aaddad,aadddd,aaddda,aadada,aadadd,aadaad,aadaaa,addaaa,addaad,addadd,addada,adddda,addddd,adddad,adddaa,adadaa,adadad,adaddd,adadda,adaada,adaadd,adaaad,adaaaa,ddaaaa,ddaaad,ddaadd,ddaada,ddadda,ddaddd,ddadad,ddadaa,ddddaa,ddddad,dddddd,ddddda,dddada,dddadd,dddaad,dddaaa,dadaaa,dadaad,dadadd,dadada,daddda,dadddd,daddad,daddaa,daadaa,daadad,daaddd,daadda,daaada,daaadd,daaaad,daaaaa
9.195002323586872,105.4477663140874,3.6547110542309604,66.56254446919536,49.26569079205689,0.058872667846467004,40.63634418084114,5.3432114422639225,1.3360743789708511,2.5686184738045252,1.4599931174674552,10.812772252010683,5.7756112940244515,0.9257077839382705,2.610961159114282,0.03370342215427988,1.4550872674528998,0.0012299491623209138,3.604469458435193,0.011761729702232196,0.8261423552643857,0.5363135471657922,2.2154951066934836,0.5803957194213909,0.6492102615812329,1.5618906401939543,1.0423046733735395,3.645125965172736,1.6719210640423945,0.08039562587179783,0.605965337783143,0.04210400673964431,0.048132799086747446,0.018508597401776405,0.12676048786617913,0.012303521977039333,0.04813802891345468,0.004098176388199931,0.13148404703205077,0.003444930810698734,0.051391055086864354,0.1264120563281692,0.16104610269686964,0.041741372415325155,0.0286694855631651,0.004085735022178888,0.0022586359664236665,0.000811591108124677,0.3243295111448798,0.008501390027643916,0.8308014124505531,0.0033453510683144156,0.05174484163311152,0.27662954988471916,0.28412709269009595,0.26113742206653956,0.13045060130197839,0.2723369991954167,0.23848368269039627,0.7266610593787475,0.5268972956506626,0.05903795405384571,0.19668100641523015,0.0008219664027517693
