aaaaaa,aaaaad,aaaadd,aaaada,aaadda,aaaddd,aaadad,aaadaa,aaddaa,aaddad,aadddd,aaddda,aadada,aadadd,aadaad,aadaaa,addaaa,addaad,addadd,addada,adddda,addddd,adddad,adddaa,adadaa,adadad,adaddd,adadda,adaada,adaadd,adaaad,adaaaa,ddaaaa,ddaaad,ddaadd,ddaada,ddadda,ddaddd,ddadad,ddadaa,ddddaa,ddddad,dddddd,ddddda,dddada,dddadd,dddaad,dddaaa,dadaaa,dadaad,dadadd,dadada,daddda,dadddd,daddad,daddaa,daadaa,daadad,daaddd,daadda,daaada,daaadd,daaaad,daaaaa
7.090722156420365,94.38088416480787,2.5526614911402237,59.90137544662979,47.46976914767409,0.14190737723256489,36.57262732038843,4.359030199012082,1.8393038376791337,1.6412737894112521,1.6555206585954874,8.915242306197472,3.825831870656686,1.5809422488316023,2.378454855640986,0.017986829292250935,1.5509571419679546,0.008033122402793812,3.203051806199369,0.014431407669163713,1.1920608776248345,0.8336704595651054,1.852320603086884,0.43331142249026783,0.7176295275287746,1.2449570087985014,0.977889931860592,3.2306250728730785,1.3433072254843363,0.127923484103179,0.6172270835366512,0.04452478540762048,0.04590318848030122,0.013878232342723281,0.1079252414824957,0.011841402914580548,0.062308680254490045,0.00992002291561664,0.11557418521395048,0.002424352816411439,0.03156602844987637,0.13959023112623625,0.11406512954121105,0.05555564185248362,0.0599052090536872,0.020089302033719624,0.005904055905441498,0.003072182646110045,0.3396285069972331,0.0014754514697386451,0.7416125260734158,0.002709827285631817,0.10325041780572954,0.36140121237680145,0.2338474122836485,0.2097992131692049,0.14647312072917687,0.20994165990572886,0.22624538380361955,0.6339276871376269,0.4325590016735934,0.07089461665517198,0.19189513308951403,0.00102774758789348
