aaaaaa,aaaaad,aaaadd,aaaada,aaadda,aaaddd,aaadad,aaadaa,aaddaa,aaddad,aadddd,aaddda,aadada,aadadd,aadaad,aadaaa,addaaa,addaad,addadd,addada,adddda,addddd,adddad,adddaa,adadaa,adadad,adaddd,adadda,adaada,adaadd,adaaad,adaaaa,ddaaaa,ddaaad,ddaadd,ddaada,ddadda,ddaddd,ddadad,ddadaa,ddddaa,ddddad,dddddd,ddddda,dddada,dddadd,dddaad,dddaaa,dadaaa,dadaad,dadadd,dadada,daddda,dadddd,daddad,daddaa,daadaa,daadad,daaddd,daadda,daaada,daaadd,daaaad,daaaaa
6.44183555177701,87.10478859729902,2.1867211726574336,56.381046697496245,38.97064960942663,0.025694828833912633,34.31387721975879,4.824947208619732,0.27890585716781563,3.9500571260629433,0.9081701285995942,9.596208700687244,6.547154420501199,0.21892239773312389,2.3281112218017066,0.05420102524485107,1.082665704507665,0.004941282253401844,2.84443293864706,0.005869419864584395,0.3597712620258321,0.1996383221085051,1.9212629115380422,0.5444531730494719,0.2808347018628461,1.7724543171311458,0.777725898612586,3.0910932673500153,1.631386810885151,0.021158306181532312,0.49947503954982114,0.032653593458463984,0.04050667040765359,0.01454552237806579,0.1007578179485591,0.010881561470478049,0.023454202426744567,0.0003581128039367501,0.10366363686679682,0.002903536461562203,0.06739911969982518,0.07001724454262681,0.14808725147095755,0.025955284075098506,0.00510491533392381,0.0007323085530620475,0.00011872475699216746,0.0002537894334202069,0.2450155957260235,0.010237262816367786,0.6583888798712635,0.0032410994424861544,0.009496470842264924,0.13800271616275997,0.24679931524808882,0.23258519295460686,0.052374063274231435,0.32571750804957256,0.1769140328807089,0.6187073967317778,0.4922064836287624,0.029018702254257078,0.1590570506455949,0.0005752508694576157
