aaaaaa,aaaaad,aaaadd,aaaada,aaadda,aaaddd,aaadad,aaadaa,aaddaa,aaddad,aadddd,aaddda,aadada,aadadd,aadaad,aadaaa,addaaa,addaad,addadd,addada,adddda,addddd,adddad,adddaa,adadaa,adadad,adaddd,adadda,adaada,adaadd,adaaad,adaaaa,ddaaaa,ddaaad,ddaadd,ddaada,ddadda,ddaddd,ddadad,ddadaa,ddddaa,ddddad,dddddd,ddddda,dddada,dddadd,dddaad,dddaaa,dadaaa,dadaad,dadadd,dadada,daddda,dadddd,daddad,daddaa,daadaa,daadad,daaddd,daadda,daaada,daaadd,daaaad,daaaaa
6.220284196765398,91.31724743069702,2.0235853869663947,59.30507020153031,40.73846511822635,0.03442532437945823,36.17075943424294,5.173304323933606,0.21783757232322495,4.4644138843945225,0.8220762933487489,10.40953545210931,7.053025218466529,0.18452099065340277,2.5003460105465263,0.0654237805829137,1.1397792582955695,0.00366514641853008,3.0258636928736324,0.010889724451791503,0.3634013610007794,0.19972925284332566,2.042352921004008,0.5933025879492212,0.2597554276553963,1.945058009335313,0.7663095016620348,3.3097641172961603,1.7365172158512916,0.01831964242980667,0.5290726913821534,0.03416240606161681,0.042491673439561825,0.014985738764744662,0.10648437731952337,0.010774678957656355,0.022555405383237196,0.00023372358701758325,0.10644451679583256,0.0030626381018340034,0.07327989524857406,0.06938440260439141,0.1597101194463678,0.02458759779616658,0.004020543344796828,0.0014662599544376603,1.265781286774158e-05,0.000523449593098501,0.2579595901110776,0.009945311104376494,0.6991738323457518,0.0023052817461476907,0.008707628011359835,0.13964288969385144,0.2617615861409684,0.24902287984796112,0.04771783197825564,0.3588106142914974,0.174185511496848,0.6622989769827876,0.5191083115880565,0.02831850570246769,0.16645545990225832,0.000595945307374265
