aaaaaa,aaaaad,aaaadd,aaaada,aaadda,aaaddd,aaadad,aaadaa,aaddaa,aaddad,aadddd,aaddda,aadada,aadadd,aadaad,aadaaa,addaaa,addaad,addadd,addada,adddda,addddd,adddad,adddaa,adadaa,adadad,adaddd,adadda,adaada,adaadd,adaaad,adaaaa,ddaaaa,ddaaad,ddaadd,ddaada,ddadda,ddaddd,ddadad,ddadaa,ddddaa,ddddad,dddddd,ddddda,dddada,dddadd,dddaad,dddaaa,dadaaa,dadaad,dadadd,dadada,daddda,dadddd,daddad,daddaa,daadaa,daadad,daaddd,daadda,daaada,daaadd,daaaad,daaaaa
3.648907377151604,89.30799531028751,1.003590959408985,55.785693199423804,48.98159393083335,0.22039492736404398,42.494338919576585,5.841001462982547,0.959015004061568,2.6419635057470376,0.668588040423775,11.165462207138455,5.470352925391131,0.7127617606322812,2.887021844919878,0.05840491480086852,1.3847630986263204,0.010246155961720611,3.6190346548964945,0.11195642005179668,0.9457773448121878,0.5951557625605403,2.3238033485491316,0.6946978314086024,0.4854778122326295,1.5334198676963438,0.6862106455232514,3.5681498636315947,1.6481476465661669,0.06220851820829154,0.6776618363977316,0.035357321694639655,0.0435870640893702,0.011473455254232535,0.11759748079547726,0.005312162936473799,0.04667226268387885,0.00505453066676673,0.12547762706647542,0.005966281847976491,0.041791584897647664,0.10942501528688726,0.16152680598974814,0.02374661954144964,0.027314828956488676,0.0026303276588022844,0.0009626841055552827,4.289442660408122e-05,0.3075582845143274,0.0015137511099161877,0.8274942158145858,0.002808682251342643,0.06899215865952588,0.27522130412958457,0.3071234955163495,0.28179874267695265,0.09575382140158463,0.26856706447949646,0.15989293365576965,0.7008358060505032,0.4929615101134503,0.045453006136795,0.1997173811566893,0.0007882218896162825
