aaaaaa,aaaaad,aaaadd,aaaada,aaadda,aaaddd,aaadad,aaadaa,aaddaa,aaddad,aadddd,aaddda,aadada,aadadd,aadaad,aadaaa,addaaa,addaad,addadd,addada,adddda,addddd,adddad,adddaa,adadaa,adadad,adaddd,adadda,adaada,adaadd,adaaad,adaaaa,ddaaaa,ddaaad,ddaadd,ddaada,ddadda,ddaddd,ddadad,ddadaa,ddddaa,ddddad,dddddd,ddddda,dddada,dddadd,dddaad,dddaaa,dadaaa,dadaad,dadadd,dadada,daddda,dadddd,daddad,daddaa,daadaa,daadad,daaddd,daadda,daaada,daaadd,daaaad,daaaaa
7.614907342308918,91.25754079889646,2.9165405442738943,58.81775397629176,38.0081706559005,0.01066012618237611,36.077115333091214,5.810489617836029,0.17461913148263902,4.90896533285308,0.6953613019855425,10.850126196849464,7.63064521343991,0.08055028644152831,2.3939521972065054,0.08098548155043683,1.1171502450410415,0.008426859602606994,3.1370934106520574,0.014050723791257057,0.2355682613753904,0.12196358666005913,2.196411246825918,0.7073477261704709,0.22738497720888798,2.0267247765255814,0.7385499488943881,3.340612215097041,1.7558339721702005,0.009404378618879328,0.4733615017628305,0.03305293535440055,0.04439130195295027,0.01526343949190906,0.111837894773725,0.010505194727926707,0.016694208928623035,4.2685240069188e-06,0.10983166902980412,0.004010321382610737,0.08383589402714234,0.0611299817915731,0.176078090076605,0.020112862199627244,0.0007993731294269185,0.005564644719349276,0.00025933492163563685,0.0015075693447871921,0.25358349526564816,0.012211986650046148,0.721370904929785,0.0020936778077083554,0.0015036880399519536,0.10628747942080492,0.2869786604600636,0.2789232328722801,0.04145121653894113,0.3793938884202678,0.16937118229020398,0.6727433004538288,0.5233437994850849,0.02382233525315677,0.15178175460556512,0.0006338164856877181
