aaaaaa,aaaaad,aaaadd,aaaada,aaadda,aaaddd,aaadad,aaadaa,aaddaa,aaddad,aadddd,aaddda,aadada,aadadd,aadaad,aadaaa,addaaa,addaad,addadd,addada,adddda,addddd,adddad,adddaa,adadaa,adadad,adaddd,adadda,adaada,adaadd,adaaad,adaaaa,ddaaaa,ddaaad,ddaadd,ddaada,ddadda,ddaddd,ddadad,ddadaa,ddddaa,ddddad,dddddd,ddddda,dddada,dddadd,dddaad,dddaaa,dadaaa,dadaad,dadadd,dadada,daddda,dadddd,daddad,daddaa,daadaa,daadad,daaddd,daadda,daaada,daaadd,daaaad,daaaaa
8.993374574853393,98.80879679223234,3.7720975859062937,62.071972282421015,45.26220002379778,0.058765312632803816,37.41441856415604,5.066701354202358,1.3032908066556668,2.3147553247179378,1.248593286139339,10.393964253786443,5.256642854510144,0.8860192986344851,2.4205023067275335,0.03552890591836985,1.3835472223470835,0.0008780722918905278,3.499407297988825,0.018484465402332284,0.7902086359121897,0.5241575851397672,2.0839262520452295,0.5609862588503541,0.6201828156178469,1.4331604075414992,0.9410071921826042,3.45762977265625,1.5197261935852748,0.07718635247453647,0.5485400851936971,0.03971640190445444,0.0458900874744115,0.017284433446712717,0.12031338358936507,0.011395578478449724,0.04515022310605144,0.0042405151163621676,0.1194241667592875,0.0030368283361213596,0.046368472653642405,0.12024739810269806,0.15621835337557824,0.03596498648083524,0.026073774376112132,0.0038109629104843257,0.00136716842001864,0.0004351886817826188,0.30678616591870495,0.00772118631973933,0.8044875065700293,0.0020261107430125692,0.05012476007720421,0.2647659489572638,0.2671273439689456,0.249019646089619,0.1240588410917929,0.25012258503588924,0.21694027432375762,0.6868953139118058,0.482011969410073,0.05606797665289403,0.1770450037233716,0.0006607393453261215
