aaaaaa,aaaaad,aaaadd,aaaada,aaadda,aaaddd,aaadad,aaadaa,aaddaa,aaddad,aadddd,aaddda,aadada,aadadd,aadaad,aadaaa,addaaa,addaad,addadd,addada,adddda,addddd,adddad,adddaa,adadaa,adadad,adaddd,adadda,adaada,adaadd,adaaad,adaaaa,ddaaaa,ddaaad,ddaadd,ddaada,ddadda,ddaddd,ddadad,ddadaa,ddddaa,ddddad,dddddd,ddddda,dddada,dddadd,dddaad,dddaaa,dadaaa,dadaad,dadadd,dadada,daddda,dadddd,daddad,daddaa,daadaa,daadad,daaddd,daadda,daaada,daaadd,daaaad,daaaaa
5.5053758423343915,99.82887446409659,1.6446825312248254,63.173611894227115,51.307516416745344,0.09529857692041915,44.57787011066027,5.908936828568602,0.8177064210846372,3.322464455086468,1.0961105902011312,11.211898408067695,6.744957255468863,0.5732068187328521,2.9186636814962448,0.0479987264398597,1.3727318991103847,5.712811625383572e-05,3.536758454587641,0.03345457648262108,0.7407747939696435,0.4355956339192728,2.410576272433816,0.6789403839211787,0.4861535774107374,1.7696909890728985,0.9054110461791117,3.669734633451767,1.8797071960395149,0.05266531054087756,0.6875718427463559,0.03754440226284351,0.04599611909964923,0.015070755723471203,0.1202638599587557,0.009433977984522567,0.04303843940839714,0.0027089422711309374,0.1341722461852669,0.004645383841346465,0.058009054351010544,0.10711726709210144,0.16752750578092668,0.03273337208394529,0.02027718405148014,0.0006998090455446905,0.001694919321245734,0.00013605377071730806,0.30910622981051217,0.005985243451855506,0.8184707240608512,0.0005673078169650067,0.04218708686410785,0.2361131574105246,0.31806793769725766,0.2881723824021564,0.09532351845820672,0.31501147139405433,0.20765794221885892,0.7286183974191087,0.5692404525513709,0.044371919134798744,0.2111027323452978,0.0008025593673668618
