aaaaa,aaaad,aaadd,aaada,aadda,aaddd,aadad,aadaa,addaa,addad,adddd,addda,adada,adadd,adaad,adaaa,ddaaa,ddaad,ddadd,ddada,dddda,ddddd,dddad,dddaa,dadaa,dadad,daddd,dadda,daada,daadd,daaad,daaaa
47.55359732135396,28.739281930492147,146.44276397553048,10.838544592802263,14.958348288924629,4.620135019270313,5.01351045858579,0.32139465369561593,1.0770505149318477,0.4483319548211067,0.8858636494823684,1.6349663290083347,0.1865652512009079,0.742851000710403,0.4609629273701222,0.009343611381897196,0.06241860163765872,0.024849799497070273,0.06755979039265389,0.021164312346802026,0.030672623517268013,0.21072855913312163,0.008301032790523716,0.02440532845119664,0.19010741331575673,0.023843342819820326,0.021803724688750515,0.1118881290755611,0.005181346718654773,0.08297886490175095,0.006860684666819603,0.010381261287371518
