aaaaa,aaaad,aaadd,aaada,aadda,aaddd,aadad,aadaa,addaa,addad,adddd,addda,adada,adadd,adaad,adaaa,ddaaa,ddaad,ddadd,ddada,dddda,ddddd,dddad,dddaa,dadaa,dadad,daddd,dadda,daada,daadd,daaad,daaaa
45.765237303361005,27.984175246487432,147.91367625142897,13.369433002387321,14.199664698728897,4.2295995970124025,4.765158257911604,0.2854448944420572,1.3430807524659987,0.578372717312727,0.7140360636517081,1.9963844087751452,0.14138700050819497,0.812627847085095,0.4368361954157649,0.009432675283060512,0.0637957137127148,0.026954216081333873,0.06609674112424552,0.02210821978190196,0.03460440096705873,0.1862316377239444,0.0043783485696659834,0.03787184125747223,0.19299790833659428,0.031099122892165782,0.016424368516215433,0.12494388462478867,0.005894146272898522,0.08470075701299672,0.00738235828191064,0.009634830452547016
