aaaaa,aaaad,aaadd,aaada,aadda,aaddd,aadad,aadaa,addaa,addad,adddd,addda,adada,adadd,adaad,adaaa,ddaaa,ddaad,ddadd,ddada,dddda,ddddd,dddad,dddaa,dadaa,dadad,daddd,dadda,daada,daadd,daaad,daaaa
47.535649732656324,31.308506923202653,155.7881348772627,11.047144242563583,18.50631052160815,4.676555382142021,5.136983578798393,0.4303705039027839,1.1920814677561546,0.5083804571676586,1.0286908106847197,1.7640742691029523,0.23179282632120007,0.7463343267485122,0.4855036546868951,0.009685238919098484,0.0670873524355852,0.026294280432701374,0.08075463300589517,0.022204681981308982,0.028093762234928682,0.23926407567726907,0.01118251524748916,0.022013282119761897,0.2234112282321224,0.02891871275410675,0.03141851642166981,0.13401243662141227,0.005627884483930556,0.08932058581422526,0.006614617119546937,0.011008437696423292
