aaaaa,aaaad,aaadd,aaada,aadda,aaddd,aadad,aadaa,addaa,addad,adddd,addda,adada,adadd,adaad,adaaa,ddaaa,ddaad,ddadd,ddada,dddda,ddddd,dddad,dddaa,dadaa,dadad,daddd,dadda,daada,daadd,daaad,daaaa
59.78570745216683,30.14214051843846,165.44636871083537,16.618624582730277,8.286457950349954,7.494710396584976,5.8669601214451035,0.1792792130275027,1.3358916316488507,0.7074771155111158,0.6572529225226378,1.8073753140988658,0.14044881140665522,1.0442238136938484,0.5201874167112595,0.010922681405849176,0.07153266357339112,0.02973628263114458,0.054176980808117545,0.031231792153173996,0.04887249894105967,0.18179022461327593,0.004071978147544537,0.0518386149100462,0.16604958443426163,0.02978362826186633,0.019808903452623917,0.08176101057935034,0.007855093483972148,0.09671481738524418,0.01043512552933596,0.01061437608546776
