aaaaa,aaaad,aaadd,aaada,aadda,aaddd,aadad,aadaa,addaa,addad,adddd,addda,adada,adadd,adaad,adaaa,ddaaa,ddaad,ddadd,ddada,dddda,ddddd,dddad,dddaa,dadaa,dadad,daddd,dadda,daada,daadd,daaad,daaaa
52.47199491472624,27.255933127352503,147.87531140152137,13.18831954928248,10.613489799085704,5.551232167461173,5.181353578484201,0.21091742128132662,1.167067924245041,0.5538054896666189,0.6693009858199822,1.7272434695214651,0.13302215109923915,0.856751173198663,0.46335762419195103,0.009812561296904249,0.0637577115618337,0.026536618945829687,0.0549137757318922,0.024477340258707975,0.039656831618275594,0.17896986820458963,0.004341770823473308,0.03831330431268798,0.16473106735047277,0.02621796707809564,0.015001758617339,0.09357829450666368,0.005839649399370564,0.08486195360874921,0.008301834927204188,0.009756543849693183
