aaaaa,aaaad,aaadd,aaada,aadda,aaddd,aadad,aadaa,addaa,addad,adddd,addda,adada,adadd,adaad,adaaa,ddaaa,ddaad,ddadd,ddada,dddda,ddddd,dddad,dddaa,dadaa,dadad,daddd,dadda,daada,daadd,daaad,daaaa
73.36736580145991,35.53598008155725,194.9442820522517,16.062201150249336,20.880453922604186,5.666813738077417,6.479736296452453,0.45227981856915245,1.850274284134939,0.8053649015936803,1.1086224160551545,2.6739618347401204,0.21550131083152577,1.0650890125113552,0.5903491564340688,0.013173388164385423,0.09014389464743827,0.03802512357256705,0.08528614962450563,0.028825236196573345,0.03922371931451345,0.26293703867669743,0.004554627622502401,0.047264526092924725,0.2703523916149785,0.04393119995803928,0.02877335820342202,0.1801174366517755,0.0075208448548558645,0.11337240731295999,0.007964910481559546,0.012369919170124921
