aaaaa,aaaad,aaadd,aaada,aadda,aaddd,aadad,aadaa,addaa,addad,adddd,addda,adada,adadd,adaad,adaaa,ddaaa,ddaad,ddadd,ddada,dddda,ddddd,dddad,dddaa,dadaa,dadad,daddd,dadda,daada,daadd,daaad,daaaa
58.80927927911269,26.91237482240435,148.87341743023882,14.751299422779317,6.886851998852129,7.257786337651087,5.368679649186905,0.16155022404317548,1.218539171547383,0.6605775551696491,0.6178945459338494,1.5781663836147277,0.13279744349768777,0.9545627193669862,0.47363338175950265,0.010050443068603395,0.06614409088398807,0.027618918251315912,0.04649945557004762,0.02925888300149082,0.0447750705642992,0.16292241500329002,0.003268742807521679,0.04772448190051936,0.14639905205960707,0.027297972672961624,0.020858251848423187,0.06890828892821128,0.0071254344093494345,0.0895731970156263,0.009055399091964181,0.009186513623873183
