aaaaa,aaaad,aaadd,aaada,aadda,aaddd,aadad,aadaa,addaa,addad,adddd,addda,adada,adadd,adaad,adaaa,ddaaa,ddaad,ddadd,ddada,dddda,ddddd,dddad,dddaa,dadaa,dadad,daddd,dadda,daada,daadd,daaad,daaaa
42.54247846769306,29.578594177506083,154.42633604433544,15.36917469366913,12.202324629703957,4.773339089531163,5.007287936349545,0.22455426073497645,1.3009068023010937,0.5801249574734698,0.6147937380458041,1.9839789960130692,0.12560803060010436,0.8751516291587564,0.45548060526694867,0.009286560218413483,0.06249942265757695,0.026653843430190435,0.06607875524496042,0.024418706700045114,0.03885819092610654,0.1822449816293596,0.005042061099196794,0.04131253758159116,0.18060114322364768,0.031058694881273833,0.01130662433754418,0.1123736179990357,0.006931003559844287,0.08952990593456044,0.008715416970383378,0.009957547993092
