aaaaa,aaaad,aaadd,aaada,aadda,aaddd,aadad,aadaa,addaa,addad,adddd,addda,adada,adadd,adaad,adaaa,ddaaa,ddaad,ddadd,ddada,dddda,ddddd,dddad,dddaa,dadaa,dadad,daddd,dadda,daada,daadd,daaad,daaaa
47.27277667495136,31.3450246222411,162.1990560164624,14.692045290140769,13.505436044501252,5.1121351240502095,5.40343346855704,0.25609354124046385,1.2895238384875076,0.5572210781771298,0.741857577321133,1.9625538744065765,0.1468902283694143,0.8898042145478166,0.49127436706104294,0.009799301675206406,0.0663676935720677,0.027364563651321686,0.06994783021827737,0.02511172287086631,0.03942385273010669,0.20272679802603874,0.006239072655258745,0.03800458593222939,0.1921622677940689,0.029373551606388795,0.014979337193740372,0.1157357918960654,0.00654894010768576,0.09329468729053686,0.008528477501418318,0.010836374124966583
