aaaaaa,aaaaad,aaaadd,aaaada,aaadda,aaaddd,aaadad,aaadaa,aaddaa,aaddad,aadddd,aaddda,aadada,aadadd,aadaad,aadaaa,addaaa,addaad,addadd,addada,adddda,addddd,adddad,adddaa,adadaa,adadad,adaddd,adadda,adaada,adaadd,adaaad,adaaaa,ddaaaa,ddaaad,ddaadd,ddaada,ddadda,ddaddd,ddadad,ddadaa,ddddaa,ddddad,dddddd,ddddda,dddada,dddadd,dddaad,dddaaa,dadaaa,dadaad,dadadd,dadada,daddda,dadddd,daddad,daddaa,daadaa,daadad,daaddd,daadda,daaada,daaadd,daaaad,daaaaa
5.283587674036073,30.29612827753116,30.79461774178271,5.056705292446038,109.17425194973697,16.036912153933756,61.34254574249101,1.9137324724605884,0.00042906754950772783,0.0007363838581091624,1.1631051075053953,1.271002780397263,6.00050678301958,1.7141700315320147,1.0958250111820782,0.009755349852825586,0.04119158124764322,0.02646162064392252,0.0878063781802023,0.06701536237436287,0.7224605498434783,0.03612715763157867,0.7419867477642034,0.04174763675271416,0.00038561966011158987,0.008391985744694538,0.2551311288889786,0.18987040928270763,1.6962082605467599,0.19489965550555252,0.371704869685939,0.06471605300950178,0.03162512441850586,0.00926683075472338,0.01584841844996371,0.022260971751348984,0.2942212396380903,0.008178304566833326,0.33138404691683343,0.015541257240295897,0.011637984465087955,0.03859181296275514,0.005790755955721174,0.05169698030852771,0.1446655373198723,0.005118355333206281,0.1661169848636957,0.0020412931466242718,0.002234437377057771,0.053400931917354906,0.010743879555318893,0.08352406867004987,0.3857375885342992,0.012335272230594507,0.3971440510075785,0.01481097934060692,0.0024669278078188386,0.035443691039538074,0.07866068950164744,0.0019656076139051093,0.7098276707679492,0.05176252442514448,0.2733871693087181,0.008812356462718692
