aaaaaa,aaaaad,aaaadd,aaaada,aaadda,aaaddd,aaadad,aaadaa,aaddaa,aaddad,aadddd,aaddda,aadada,aadadd,aadaad,aadaaa,addaaa,addaad,addadd,addada,adddda,addddd,adddad,adddaa,adadaa,adadad,adaddd,adadda,adaada,adaadd,adaaad,adaaaa,ddaaaa,ddaaad,ddaadd,ddaada,ddadda,ddaddd,ddadad,ddadaa,ddddaa,ddddad,dddddd,ddddda,dddada,dddadd,dddaad,dddaaa,dadaaa,dadaad,dadadd,dadada,daddda,dadddd,daddad,daddaa,daadaa,daadad,daaddd,daadda,daaada,daaadd,daaaad,daaaaa
3.911502308223279,21.88981731982114,24.67592595988355,2.838435469411157,78.83067818934703,11.451364156092993,44.3112201481736,1.3413111521929775,0.0018933228542825776,0.00017150394565621313,0.6800611498824941,0.7495696952698857,4.329630927532522,1.224444091549489,0.8197511761405256,0.005680090376408918,0.022393138449194896,0.013191377851391184,0.05460597822092653,0.04053179776410101,0.5058867049209662,0.022274166030804367,0.5071275630458809,0.0232753256032022,0.0011521109689100503,0.009224503343977128,0.1476891485304563,0.10530043627508937,1.2528348967833838,0.1477231140700895,0.28591006048567574,0.04129506881477817,0.0230006347694583,0.006736140713068727,0.01174088887574628,0.01593429286454855,0.21560019615741674,0.006271462646777316,0.22602226408908838,0.00830598816539984,0.007468064345022463,0.03008554034204468,0.004440807041059947,0.03705248296913382,0.11279297369710471,0.0024433914173846937,0.11791931278592499,0.001816867886729269,0.0014924184558053621,0.03810151379015664,0.006553951604181244,0.05705144476711227,0.27662572002182023,0.00834663330533396,0.28650866319707874,0.010400077357441194,0.0011085428069190473,0.028934382086545727,0.051879091299394414,0.0006834859827574945,0.5214722898189803,0.038906426772895075,0.19530625874577845,0.007154983377607897
