aaaaaa,aaaaad,aaaadd,aaaada,aaadda,aaaddd,aaadad,aaadaa,aaddaa,aaddad,aadddd,aaddda,aadada,aadadd,aadaad,aadaaa,addaaa,addaad,addadd,addada,adddda,addddd,adddad,adddaa,adadaa,adadad,adaddd,adadda,adaada,adaadd,adaaad,adaaaa,ddaaaa,ddaaad,ddaadd,ddaada,ddadda,ddaddd,ddadad,ddadaa,ddddaa,ddddad,dddddd,ddddda,dddada,dddadd,dddaad,dddaaa,dadaaa,dadaad,dadadd,dadada,daddda,dadddd,daddad,daddaa,daadaa,daadad,daaddd,daadda,daaada,daaadd,daaaad,daaaaa
4.270723242482146,23.361865593336756,28.93106824049681,2.3018249191664792,87.37934685784789,13.15927012142473,48.0256833285591,1.4549478549845287,0.015680335147600765,0.011923199941150906,0.6059113901076275,0.6375861062629418,4.852717632197722,1.4168043848929501,0.9005932202343082,0.005101598990609168,0.023939889541479242,0.015233168447393778,0.04656754392820061,0.03494207039759894,0.5719577329548308,0.031459842122637846,0.5427618145043295,0.02568498429286609,0.0036338432346253564,0.01945777498376139,0.13814926434353889,0.08693386105962037,1.3764900828357796,0.16605691006482426,0.30643069481694746,0.04634568898952642,0.022409507580580006,0.009252658542217263,0.012918944374750673,0.01771000098770728,0.23208286132406306,0.006303574808319979,0.2462860851997931,0.008981767281986906,0.008563681832784697,0.03306816311377488,0.005293451258342513,0.04035663856137264,0.12069923032753072,0.0032818365727187186,0.13362881558785056,0.0015916123823508433,0.0008202315636292693,0.038113845369126674,0.005396780638080251,0.05827424046475061,0.3052128278619505,0.01016719248837526,0.3074321777048406,0.010846490026542902,0.00044987532103028474,0.039684291537957585,0.044265741041936923,8.091955820642622e-05,0.5736303858833172,0.04347119215173459,0.2229451370819216,0.00615596994137036
