aaaaaa,aaaaad,aaaadd,aaaada,aaadda,aaaddd,aaadad,aaadaa,aaddaa,aaddad,aadddd,aaddda,aadada,aadadd,aadaad,aadaaa,addaaa,addaad,addadd,addada,adddda,addddd,adddad,adddaa,adadaa,adadad,adaddd,adadda,adaada,adaadd,adaaad,adaaaa,ddaaaa,ddaaad,ddaadd,ddaada,ddadda,ddaddd,ddadad,ddadaa,ddddaa,ddddad,dddddd,ddddda,dddada,dddadd,dddaad,dddaaa,dadaaa,dadaad,dadadd,dadada,daddda,dadddd,daddad,daddaa,daadaa,daadad,daaddd,daadda,daaada,daaadd,daaaad,daaaaa
4.800052010973255,29.860478426050616,27.048446967882107,6.003408399485641,114.57312770106415,18.77002337080481,60.88690068552496,2.037120875471374,0.02859703565258098,0.027228327841330193,1.402897445883932,1.4225455071952613,6.625785862374702,2.114181317789596,1.0239201845455448,0.012710108788522585,0.03235518132160494,0.022571776578718526,0.07663890745194335,0.062394363034723635,0.734830445585565,0.04602277627729252,0.7413563377418283,0.04880316812187792,0.008259591598196265,0.03512197810523384,0.29875052611968367,0.2050462693724975,1.8130649410790936,0.24634510671329493,0.3471386568578507,0.06959955975788179,0.03079365592488089,0.010058305454161793,0.014242086268912815,0.02475541880630103,0.3072119411617384,0.010868660984650832,0.333762983347226,0.016541626727094326,0.013606726393190171,0.03631341180857042,0.005812802774601728,0.052983297233288415,0.1451242388685891,0.005241640008050293,0.1615430740895023,0.00272619088245536,0.002314651865052205,0.05617466248779409,0.012796555208982027,0.0920567556534766,0.4073284557806995,0.01818657003530896,0.4242146353375435,0.022301701276145836,0.0008907750394293097,0.04838818352359788,0.09364296191281159,0.0033317790932805786,0.7243747228269755,0.05750457114788872,0.254784854821089,0.011683199953346964
