aaaaaa,aaaaad,aaaadd,aaaada,aaadda,aaaddd,aaadad,aaadaa,aaddaa,aaddad,aadddd,aaddda,aadada,aadadd,aadaad,aadaaa,addaaa,addaad,addadd,addada,adddda,addddd,adddad,adddaa,adadaa,adadad,adaddd,adadda,adaada,adaadd,adaaad,adaaaa,ddaaaa,ddaaad,ddaadd,ddaada,ddadda,ddaddd,ddadad,ddadaa,ddddaa,ddddad,dddddd,ddddda,dddada,dddadd,dddaad,dddaaa,dadaaa,dadaad,dadadd,dadada,daddda,dadddd,daddad,daddaa,daadaa,daadad,daaddd,daadda,daaada,daaadd,daaaad,daaaaa
6.927970907579829,40.37529038616045,31.835427934906626,11.14163536109275,131.83442350630168,17.204159573041093,79.25841890168202,2.4415581539948366,0.07053785513193417,0.15631567589272122,2.2280336266981737,2.6511556732945394,6.970622218256509,1.784751620072419,1.3723185610328912,0.019240564598811325,0.07243213271686011,0.042868825108248826,0.17768551298441118,0.131802622616291,0.8539206686875129,0.02285706022011818,1.0117828020734914,0.05597156561243655,0.007127194008900492,0.0026784019039380086,0.4563303657710176,0.41820174064170196,2.0283514300310967,0.19969878188115223,0.49709797264555206,0.07626789474371488,0.04985037307777074,0.00666169655868818,0.02315328142677949,0.023714716543621388,0.37576684411569405,0.01089520948476974,0.42710704895635765,0.02136950682342012,0.013405374469982667,0.04796539949362212,0.005158261548778126,0.06857634162524523,0.18260361436976508,0.005390721287484137,0.2028435585074297,0.0026482858481278186,0.0054920584837577675,0.0740561582080423,0.023035606952387988,0.12370659096167992,0.4649182522293909,0.009789029325894717,0.5041390267162282,0.016650043449395992,0.01073148636570019,0.01922863936411529,0.15195644537003045,0.02240448362690274,0.8777836012104523,0.060472727481290366,0.3292281243825913,0.01423906460942033
