aaaaaa,aaaaad,aaaadd,aaaada,aaadda,aaaddd,aaadad,aaadaa,aaddaa,aaddad,aadddd,aaddda,aadada,aadadd,aadaad,aadaaa,addaaa,addaad,addadd,addada,adddda,addddd,adddad,adddaa,adadaa,adadad,adaddd,adadda,adaada,adaadd,adaaad,adaaaa,ddaaaa,ddaaad,ddaadd,ddaada,ddadda,ddaddd,ddadad,ddadaa,ddddaa,ddddad,dddddd,ddddda,dddada,dddadd,dddaad,dddaaa,dadaaa,dadaad,dadadd,dadada,daddda,dadddd,daddad,daddaa,daadaa,daadad,daaddd,daadda,daaada,daaadd,daaaad,daaaaa
3.4784339845450662,20.052021484497875,19.880080657537057,3.5356548002545938,71.04344888406106,10.235997496026345,40.415696866024604,1.263586249596394,0.0005172408984051926,0.004343174532101878,0.785789071292693,0.8728183336424119,3.868597384767006,1.0831178180098897,0.7264353667852533,0.006130883747178014,0.027931854367628475,0.017588843608381415,0.06180725625689956,0.046848718797846814,0.4695326212079144,0.02177494821335324,0.49022776028194165,0.0271736209563577,2.2878308541884736e-05,0.0031460187038171955,0.17141725314326794,0.1317082555741449,1.0978885712550626,0.1220224077250818,0.2495588276607273,0.04062668982193636,0.021869747583243972,0.005421952082421016,0.0103972192981503,0.014488981182672422,0.19365045102133682,0.005447853368939833,0.21640528719639393,0.00995307134766625,0.007752228578929629,0.024828341680860858,0.0033739126172141125,0.03490225188883062,0.09764583808105416,0.0028000572792736544,0.1063332119043038,0.0016017017954394585,0.0016106094019529608,0.03534327844433387,0.007485590522494979,0.055528690715713785,0.25355962789646797,0.007994403100082122,0.2574329276450276,0.008929665647812618,0.0017877468798524118,0.021844234837590102,0.05530148118113245,0.0021662927741345874,0.47191755662477286,0.0356203310005486,0.17416784630041734,0.00677776505337425
