aaaaaa,aaaaad,aaaadd,aaaada,aaadda,aaaddd,aaadad,aaadaa,aaddaa,aaddad,aadddd,aaddda,aadada,aadadd,aadaad,aadaaa,addaaa,addaad,addadd,addada,adddda,addddd,adddad,adddaa,adadaa,adadad,adaddd,adadda,adaada,adaadd,adaaad,adaaaa,ddaaaa,ddaaad,ddaadd,ddaada,ddadda,ddaddd,ddadad,ddadaa,ddddaa,ddddad,dddddd,ddddda,dddada,dddadd,dddaad,dddaaa,dadaaa,dadaad,dadadd,dadada,daddda,dadddd,daddad,daddaa,daadaa,daadad,daaddd,daadda,daaada,daaadd,daaaad,daaaaa
3.7563425080668797,22.41953168094277,20.228444464841008,4.714278734048658,77.98729385056392,11.149794129809495,44.650415101713946,1.406572541726502,0.0014556254301197166,0.00886005558159188,1.023102189196157,1.148459687877863,4.3248651494798755,1.2257291187672157,0.7799178983731657,0.008756415837331808,0.024598310142321174,0.014087816465175929,0.07218870957272971,0.05430104576202748,0.4778204994431391,0.01528831372313799,0.5356755371131314,0.027819432362822884,6.684795649184247e-05,0.0033224138178765844,0.20782548751251784,0.16705727190469571,1.249793802185479,0.1482575804820099,0.27907095343767857,0.04298826111105389,0.02520635280869444,0.005299860092344052,0.012035216279013756,0.015063202075360115,0.2166767570220453,0.006618905167269972,0.23753074825264847,0.010839854425674087,0.006541539094105863,0.03072433460792207,0.003776039901241491,0.037619720352466524,0.1121728571823812,0.0022349336033765724,0.11556489437719994,0.001849407777523819,0.0018429668280887785,0.03871800974762706,0.010388197505855444,0.06610032988217418,0.2658742876332976,0.006439710519584298,0.29746136226217484,0.01239932461391922,0.002720842819476016,0.02063636012840009,0.07340362216335165,0.005867973877171207,0.5100378117501926,0.03694638530565697,0.18648525121507548,0.008389504515682992
