aaaaaa,aaaaad,aaaadd,aaaada,aaadda,aaaddd,aaadad,aaadaa,aaddaa,aaddad,aadddd,aaddda,aadada,aadadd,aadaad,aadaaa,addaaa,addaad,addadd,addada,adddda,addddd,adddad,adddaa,adadaa,adadad,adaddd,adadda,adaada,adaadd,adaaad,adaaaa,ddaaaa,ddaaad,ddaadd,ddaada,ddadda,ddaddd,ddadad,ddadaa,ddddaa,ddddad,dddddd,ddddda,dddada,dddadd,dddaad,dddaaa,dadaaa,dadaad,dadadd,dadada,daddda,dadddd,daddad,daddaa,daadaa,daadad,daaddd,daadda,daaada,daaadd,daaaad,daaaaa
5.2649131653794115,30.4048037003273,26.847140836907077,6.875283966338915,103.20368693661752,14.108800405761842,60.39522139665592,1.859510060238363,0.017335069418410017,0.04725333821179466,1.4519066334789765,1.6785636624892868,5.535296266562901,1.4793792785946038,1.0667804648138064,0.011844611534354782,0.04721872969598127,0.028332159888417762,0.11119316887432504,0.08265392980134115,0.6665377686121087,0.02231176653894817,0.7479967819487819,0.04033606643360157,0.0013961129732183045,8.045857382360934e-05,0.30382673519202746,0.2590553120083453,1.594682472938691,0.16691299051664837,0.3758619684122475,0.05977456571637511,0.03331472347711389,0.00732314874092926,0.016823666271026803,0.019446355379396072,0.288735118365359,0.008311290316681506,0.3301596679207151,0.016764750561839514,0.009145170870408675,0.040057211591279285,0.005120208933087424,0.04986297603867416,0.14223278179815108,0.004211674309629226,0.1598161317230616,0.001864863915789398,0.00301077153868123,0.053452766849250856,0.014117598587532896,0.08806901673676149,0.3566369109393569,0.007948414258551535,0.3896520311361686,0.013875656257858587,0.00641189516145676,0.019887223878053008,0.0973919622752787,0.008611234856391673,0.6648921536617103,0.043683431564798,0.26498368772718967,0.008733225913312609
