aaaaaa,aaaaad,aaaadd,aaaada,aaadda,aaaddd,aaadad,aaadaa,aaddaa,aaddad,aadddd,aaddda,aadada,aadadd,aadaad,aadaaa,addaaa,addaad,addadd,addada,adddda,addddd,adddad,adddaa,adadaa,adadad,adaddd,adadda,adaada,adaadd,adaaad,adaaaa,ddaaaa,ddaaad,ddaadd,ddaada,ddadda,ddaddd,ddadad,ddadaa,ddddaa,ddddad,dddddd,ddddda,dddada,dddadd,dddaad,dddaaa,dadaaa,dadaad,dadadd,dadada,daddda,dadddd,daddad,daddaa,daadaa,daadad,daaddd,daadda,daaada,daaadd,daaaad,daaaaa
8.197395085881876,48.63818621737446,53.73439263906527,6.256043275936947,187.32592790612728,30.207952347341287,99.29767105858183,3.128171395542755,0.05553698623400851,0.05668962624968125,1.5678815853345611,1.5752638196852184,10.683126982964787,3.3301338729224703,1.7519495366593516,0.0157575318005081,0.050614917299196045,0.0350337285765119,0.10541830789198546,0.08422425156807867,1.2470657603869204,0.086250588784689,1.1619642513714792,0.06669172468375588,0.011850889063218333,0.05684852892315783,0.3571575507237028,0.22240374923861633,2.946456464110547,0.3861040815945798,0.5784806723592083,0.11436276110200522,0.045303737186703504,0.020266362402296522,0.024497213618870257,0.039944095012838035,0.5013869480619894,0.016834702211109432,0.5251795719706861,0.021763053932201987,0.023742981885469167,0.058892326506266315,0.009190368751247286,0.08993104887906879,0.23956365194389856,0.008895462087784894,0.2763395094538171,0.0034931636168462486,0.003147907400063025,0.08971846248350475,0.011883963911535988,0.12548093755942455,0.6699864587768078,0.02967377682586635,0.6563360046858877,0.027445498396369124,0.00013239065393318383,0.09800213382883194,0.11883392299330382,0.0005047787930420342,1.235079890134455,0.10475192757364891,0.42500911699458865,0.01897115927140659
