aaaaaa,aaaaad,aaaadd,aaaada,aaadda,aaaddd,aaadad,aaadaa,aaddaa,aaddad,aadddd,aaddda,aadada,aadadd,aadaad,aadaaa,addaaa,addaad,addadd,addada,adddda,addddd,adddad,adddaa,adadaa,adadad,adaddd,adadda,adaada,adaadd,adaaad,adaaaa,ddaaaa,ddaaad,ddaadd,ddaada,ddadda,ddaddd,ddadad,ddadaa,ddddaa,ddddad,dddddd,ddddda,dddada,dddadd,dddaad,dddaaa,dadaaa,dadaad,dadadd,dadada,daddda,dadddd,daddad,daddaa,daadaa,daadad,daaddd,daadda,daaada,daaadd,daaaad,daaaaa
6.2956612929041995,37.71958722223038,27.743619766891157,11.410767721021767,127.66857583250896,17.624568426960952,75.4146000575809,2.489266586922867,0.03419263204212315,0.07782448935258231,2.334679155802373,2.6481359839407967,6.922926613154699,1.8925198963250278,1.2888450979797632,0.015750801076359254,0.058751116698454925,0.03593823307947688,0.1651100103050699,0.12731197400060346,0.8076263106945528,0.02494456702465717,0.9757016322993217,0.06265866273060025,0.0023396582023079947,3.855541514670441e-06,0.4763379555449965,0.41393507373683225,1.9771318275148337,0.21228277079551616,0.44845028171931667,0.07796396046094507,0.04460940664409264,0.00742459993226671,0.02085636550748817,0.023749493111964868,0.36319809677846726,0.01142884362538257,0.41835586694711274,0.023165264101488475,0.01294666505626822,0.04561747986190417,0.00467965757431856,0.06654349886575481,0.17108421221748718,0.005967398574052437,0.19556605599715235,0.0024642690917968746,0.004579210373731339,0.06962032309026178,0.022556333899253513,0.12119381436139112,0.4411854290915748,0.010019839178704587,0.5001987220446275,0.020991068761996974,0.007306942992533696,0.025460839606008312,0.16121267269264006,0.025087787824877875,0.8379861277854491,0.05941594522899274,0.3021458025474427,0.015353630042162782
