aaaaaa,aaaaad,aaaadd,aaaada,aaadda,aaaddd,aaadad,aaadaa,aaddaa,aaddad,aadddd,aaddda,aadada,aadadd,aadaad,aadaaa,addaaa,addaad,addadd,addada,adddda,addddd,adddad,adddaa,adadaa,adadad,adaddd,adadda,adaada,adaadd,adaaad,adaaaa,ddaaaa,ddaaad,ddaadd,ddaada,ddadda,ddaddd,ddadad,ddadaa,ddddaa,ddddad,dddddd,ddddda,dddada,dddadd,dddaad,dddaaa,dadaaa,dadaad,dadadd,dadada,daddda,dadddd,daddad,daddaa,daadaa,daadad,daaddd,daadda,daaada,daaadd,daaaad,daaaaa
3.113055294531917,17.969483559487365,13.895077356610503,5.160266025935778,56.74003359484819,7.025175852584973,34.80253850460768,1.0264075297925734,0.05672782480911053,0.10570240707976497,1.013372549936401,1.2047562126596176,2.9747294164864804,0.7064816041704653,0.6339977667298781,0.008501114956534609,0.03525633838103485,0.019393380362146568,0.08611591469007088,0.06122400367921901,0.35466435771492855,0.006696801251989235,0.42816992161788225,0.020485950350944214,0.006905107823453983,0.004361740821472757,0.2042003755610242,0.1913960873689983,0.8862104958834544,0.08222528175593183,0.2340595607088577,0.030119997824035214,0.021948731999283492,0.0029685554234245154,0.01147591987643374,0.009289647351348377,0.1636748032484722,0.0043917088455524,0.18650193119411915,0.008917912885189786,0.004028684008672512,0.02244836283009746,0.0025273573974849838,0.026331290777404592,0.07971313650118698,0.001661635150131024,0.08503617977848837,0.001039865680541917,0.0024212845012125915,0.03294195175105822,0.01070678073564744,0.0562133215137942,0.19363280088667845,0.0024262185931315564,0.22259828129911352,0.00678069685629494,0.006823835425749,0.005045705353336624,0.06594619821692507,0.010949199722538026,0.36980841732809255,0.023171109382989493,0.1514746852700014,0.004649038667517347
