aaaaaa,aaaaad,aaaadd,aaaada,aaadda,aaaddd,aaadad,aaadaa,aaddaa,aaddad,aadddd,aaddda,aadada,aadadd,aadaad,aadaaa,addaaa,addaad,addadd,addada,adddda,addddd,adddad,adddaa,adadaa,adadad,adaddd,adadda,adaada,adaadd,adaaad,adaaaa,ddaaaa,ddaaad,ddaadd,ddaada,ddadda,ddaddd,ddadad,ddadaa,ddddaa,ddddad,dddddd,ddddda,dddada,dddadd,dddaad,dddaaa,dadaaa,dadaad,dadadd,dadada,daddda,dadddd,daddad,daddaa,daadaa,daadad,daaddd,daadda,daaada,daaadd,daaaad,daaaaa
5.545457044819862,32.242512581002565,33.9404122211369,4.851111164371453,119.9158710675304,18.406715690801388,65.68382152140127,2.07218139924031,0.009474697017348861,0.005534404103915993,1.1509212285390826,1.2108967684137646,6.72016907398637,2.0055631769802442,1.1636032855965606,0.010482370958998212,0.03846599233911773,0.025513013468524685,0.08310867039607586,0.06487804001355119,0.7892608984451897,0.045107489265820595,0.7887774885646087,0.04619973882562629,0.002828881016705814,0.02028866832825217,0.2585499024374667,0.1782093938412676,1.8688997594830592,0.227541240532379,0.3930047185504464,0.07089832981124085,0.03335420451266476,0.010665981078486325,0.015866114681072102,0.02590048136005474,0.324105824951959,0.010119336692757712,0.3486518965073639,0.015067245491529692,0.014887516153936254,0.03854158092878808,0.005390068565362758,0.05956518192353903,0.15677723331590135,0.005594214049133768,0.17990213050098505,0.002252060031422411,0.0021507288629565666,0.0576715874095545,0.009825194527758149,0.0866835362093636,0.4335349468754679,0.017428608285394286,0.42108422350198077,0.015377993278961067,0.000863218087321064,0.05064263203629471,0.08303080245929796,0.0012639104175595085,0.796082218807444,0.06466530044268534,0.28110432468131485,0.011979182236283262
