aaaaaa,aaaaad,aaaadd,aaaada,aaadda,aaaddd,aaadad,aaadaa,aaddaa,aaddad,aadddd,aaddda,aadada,aadadd,aadaad,aadaaa,addaaa,addaad,addadd,addada,adddda,addddd,adddad,adddaa,adadaa,adadad,adaddd,adadda,adaada,adaadd,adaaad,adaaaa,ddaaaa,ddaaad,ddaadd,ddaada,ddadda,ddaddd,ddadad,ddadaa,ddddaa,ddddad,dddddd,ddddda,dddada,dddadd,dddaad,dddaaa,dadaaa,dadaad,dadadd,dadada,daddda,dadddd,daddad,daddaa,daadaa,daadad,daaddd,daadda,daaada,daaadd,daaaad,daaaaa
4.314759752539481,24.820263375819827,25.913369315952316,3.8582550890345106,88.15359488012547,12.735805812918993,49.86449192478348,1.5300228488275471,0.0002312539037806174,0.001422123818024969,0.883931955305191,0.9830829687291228,4.8443893099865525,1.3673387360441338,0.9065008137066187,0.0072675258726965725,0.027115207082542933,0.01597333697469813,0.06859320734005572,0.05117915027286684,0.5614264976862725,0.02299328630756624,0.58197692159992,0.028169447932550745,0.000645967056397407,0.007413597391957629,0.1888482471004618,0.14162353503765082,1.4035385466023862,0.16548511300159444,0.3168517712770713,0.04753447997576586,0.026711539568742206,0.006940606883834012,0.013622111060599702,0.017146662607293896,0.24156953150946414,0.007040191323737364,0.2573081402447455,0.010115783867070845,0.008070453487100789,0.03385898840054428,0.004796545163531035,0.041532659137428776,0.12529047438390908,0.002803943761777541,0.13181174557430855,0.0019935907250413407,0.0017473348024168406,0.04265761935988082,0.00899231818321734,0.06811184376616118,0.3057453721183056,0.00850403788791917,0.3265675948439057,0.01257377118862741,0.0017922002171187408,0.028926132327219314,0.06504989642814707,0.001967611841460541,0.5808379231412388,0.04292383302576335,0.21771241569013422,0.008102379524496935
