aaaaaa,aaaaad,aaaadd,aaaada,aaadda,aaaddd,aaadad,aaadaa,aaddaa,aaddad,aadddd,aaddda,aadada,aadadd,aadaad,aadaaa,addaaa,addaad,addadd,addada,adddda,addddd,adddad,adddaa,adadaa,adadad,adaddd,adadda,adaada,adaadd,adaaad,adaaaa,ddaaaa,ddaaad,ddaadd,ddaada,ddadda,ddaddd,ddadad,ddadaa,ddddaa,ddddad,dddddd,ddddda,dddada,dddadd,dddaad,dddaaa,dadaaa,dadaad,dadadd,dadada,daddda,dadddd,daddad,daddaa,daadaa,daadad,daaddd,daadda,daaada,daaadd,daaaad,daaaaa
4.772749902452832,27.699126097565983,28.867347347466026,4.286455712766243,102.34008779041761,15.573613716592703,56.347134529732266,1.7743900408588014,0.0054403255100544945,0.002326714794051948,1.0077357632594222,1.0687971216315912,5.715147531744729,1.6917621484344834,0.9983876465608545,0.009100474403690615,0.03410218042182163,0.022488655555748988,0.07343402524003283,0.05708224229896876,0.6745296242009258,0.03758548358795472,0.6782222837589609,0.03950332835699576,0.0018058675121905329,0.014970591671611954,0.2254039028936374,0.15809510860429918,1.5939750940734505,0.19190369659756684,0.3374812335672676,0.060727517833469316,0.02883793101758374,0.008937021981048808,0.013733060976597771,0.021930169196229587,0.27656384430751707,0.00845863721273643,0.30026767888435374,0.013217531098163812,0.012343361734103029,0.03350886689163132,0.00474740585931447,0.05037918704956253,0.13401866253039724,0.004803578071734631,0.1539995591718178,0.0019155604386411462,0.0018817525282544482,0.0493572646128615,0.008780828734674732,0.07502974295100688,0.3684140127943782,0.014198246471275287,0.36189432299892893,0.013265276996632039,0.0010035635263738554,0.04095089908084028,0.0716558270162312,0.0012481844645792731,0.6766709688374675,0.053859184228204834,0.24296123201770575,0.009841621841616858
