aaaaaa,aaaaad,aaaadd,aaaada,aaadda,aaaddd,aaadad,aaadaa,aaddaa,aaddad,aadddd,aaddda,aadada,aadadd,aadaad,aadaaa,addaaa,addaad,addadd,addada,adddda,addddd,adddad,adddaa,adadaa,adadad,adaddd,adadda,adaada,adaadd,adaaad,adaaaa,ddaaaa,ddaaad,ddaadd,ddaada,ddadda,ddaddd,ddadad,ddadaa,ddddaa,ddddad,dddddd,ddddda,dddada,dddadd,dddaad,dddaaa,dadaaa,dadaad,dadadd,dadada,daddda,dadddd,daddad,daddaa,daadaa,daadad,daaddd,daadda,daaada,daaadd,daaaad,daaaaa
4.452122851178718,25.269148964842138,24.7114346149828,4.670722702386374,87.56661507539427,12.198363094436544,50.56864133780598,1.5416101630792702,0.005244334795058727,0.018846152797949534,1.0168063875429592,1.161821385709604,4.708363097900839,1.2744408828125224,0.9141332423284197,0.00814830762300504,0.03597936873144347,0.021665482460888067,0.08032774299543105,0.059358858266002804,0.5724534332181045,0.022344702848625428,0.607132507734176,0.030544815961676665,0.0002556656216787477,0.0012512711571532498,0.218754036788301,0.17679913242180367,1.3529463288641077,0.14415603318442524,0.3201788117426977,0.04872367029601939,0.027592988752039777,0.006507501671624437,0.012730844053378185,0.01819673778089775,0.24310851435727332,0.006981904648646116,0.273232205292568,0.01303259661736177,0.009084449476887599,0.03159548506848869,0.003888530296355786,0.04405178132099784,0.12361969010489841,0.003081249364126577,0.13270597240943774,0.0019041836260209422,0.002275582452558376,0.04452925383793593,0.00966269050091812,0.06920789422599001,0.31228703294217314,0.00884426779440163,0.31728471092391236,0.009989500900653557,0.003393202491482341,0.022278422093601077,0.07370832611759436,0.004310669264828095,0.5809582673703578,0.042033795744037254,0.21492769770583267,0.00907387083399297
