aaaaaa,aaaaad,aaaadd,aaaada,aaadda,aaaddd,aaadad,aaadaa,aaddaa,aaddad,aadddd,aaddda,aadada,aadadd,aadaad,aadaaa,addaaa,addaad,addadd,addada,adddda,addddd,adddad,adddaa,adadaa,adadad,adaddd,adadda,adaada,adaadd,adaaad,adaaaa,ddaaaa,ddaaad,ddaadd,ddaada,ddadda,ddaddd,ddadad,ddadaa,ddddaa,ddddad,dddddd,ddddda,dddada,dddadd,dddaad,dddaaa,dadaaa,dadaad,dadadd,dadada,daddda,dadddd,daddad,daddaa,daadaa,daadad,daaddd,daadda,daaada,daaadd,daaaad,daaaaa
4.26365171177624,25.635749383765067,15.642776655057148,10.037406195826517,81.37819204054328,10.26170098720196,50.99051162942192,1.7382354573397618,0.09788016109666067,0.1700409793025669,1.9762848415544199,2.279635239563582,4.317008950685932,1.0783227208400967,0.8539164500747639,0.014359274654237685,0.052160638612828776,0.030467587760978784,0.14594537956417822,0.10956559125736938,0.5147783998822522,0.011158771417309818,0.6969134501497196,0.05097854971466178,0.010717466181829094,0.0063062791581743015,0.39836127627334134,0.37217458150731453,1.250665229845542,0.11673650116156359,0.3053593795574416,0.05157328672446755,0.03469684022237167,0.003067473378857042,0.016948889365115127,0.012645687896467358,0.2394165066320344,0.007012700226562537,0.28239331489506125,0.01608637098708608,0.0059109397780778995,0.03249410816361177,0.0032457868382010607,0.03972770814929646,0.11315053418542241,0.0030146142969061283,0.1186634699910171,0.0022717014281571067,0.005866428844050686,0.055551212410740756,0.023694498072302703,0.09893322605734693,0.26376381996465603,0.0022186454075999386,0.32315558156398205,0.010711552074228577,0.01522035561617751,0.0038314474513084,0.12980988788010028,0.03121412883564674,0.5421490867671528,0.037450520472663396,0.2266666567843072,0.004671463252535486
