aaaaaa,aaaaad,aaaadd,aaaada,aaadda,aaaddd,aaadad,aaadaa,aaddaa,aaddad,aadddd,aaddda,aadada,aadadd,aadaad,aadaaa,addaaa,addaad,addadd,addada,adddda,addddd,adddad,adddaa,adadaa,adadad,adaddd,adadda,adaada,adaadd,adaaad,adaaaa,ddaaaa,ddaaad,ddaadd,ddaada,ddadda,ddaddd,ddadad,ddadaa,ddddaa,ddddad,dddddd,ddddda,dddada,dddadd,dddaad,dddaaa,dadaaa,dadaad,dadadd,dadada,daddda,dadddd,daddad,daddaa,daadaa,daadad,daaddd,daadda,daaada,daaadd,daaaad,daaaaa
4.569911707721474,26.944598375941307,16.250901417198726,10.83746633679714,80.30116906219948,9.23457637976685,51.72684611295895,1.5992334418952305,0.1848742987945202,0.347987602003215,2.00389162884367,2.498195109951697,4.066802507027976,0.9209701709002572,0.8794844798577699,0.015424754319748865,0.062832740869253,0.03610221296904482,0.1651488805381862,0.12171572457116855,0.5194652276617681,0.0065238204245398786,0.6957717165337679,0.03893169528684395,0.023732489411770197,0.026250507245295488,0.39169782342950094,0.40602194885627324,1.2150146554708916,0.0992850854756908,0.32930954872316676,0.046959439568246185,0.037257287692371174,0.002379643460526608,0.01782122896485145,0.01197229111580084,0.2394471226020063,0.006761314408718161,0.28133090335572103,0.015478176373909637,0.006534042579120339,0.03306042361365617,0.0030097012718378635,0.04277980789053544,0.11672998394856807,0.002868037861147964,0.12442719441186999,0.0018865583458119865,0.005398711509662673,0.05113032434124999,0.021139348171993873,0.08982444546203265,0.27544411538119606,0.002693243992664045,0.3281511992525885,0.010319042066664303,0.015640385265521636,0.002594814757742009,0.12920969107653021,0.03433146905595425,0.5318906796793754,0.03148436415659565,0.21398689118895503,0.008301642742930545
