aaaaaa,aaaaad,aaaadd,aaaada,aaadda,aaaddd,aaadad,aaadaa,aaddaa,aaddad,aadddd,aaddda,aadada,aadadd,aadaad,aadaaa,addaaa,addaad,addadd,addada,adddda,addddd,adddad,adddaa,adadaa,adadad,adaddd,adadda,adaada,adaadd,adaaad,adaaaa,ddaaaa,ddaaad,ddaadd,ddaada,ddadda,ddaddd,ddadad,ddadaa,ddddaa,ddddad,dddddd,ddddda,dddada,dddadd,dddaad,dddaaa,dadaaa,dadaad,dadadd,dadada,daddda,dadddd,daddad,daddaa,daadaa,daadad,daaddd,daadda,daaada,daaadd,daaaad,daaaaa
5.1351528419067325,30.650159401927745,21.538288861115145,9.962403322588797,101.76065564226943,13.671207406592982,61.09885055786467,2.0201304466714434,0.04733654089866641,0.09940794858826865,2.005151649066785,2.306162699155527,5.458885094169885,1.4534109766649028,1.0364356429465282,0.01384774899091923,0.055319141172755236,0.034185333268006615,0.14792154286734654,0.11378030619890589,0.6577234564002689,0.019823971984127085,0.807199944004374,0.05347844256660701,0.004234362946119024,0.0007886916585129039,0.40981622620580116,0.36773141939338194,1.5651766245761682,0.1605497747962624,0.36038829362704905,0.06415760124762229,0.03867172124331005,0.0048543538066535595,0.017801848505050788,0.017944884437028626,0.2918451307417088,0.009025458216118451,0.33308609289901514,0.01768079344822679,0.009265381634709033,0.03853730866743215,0.0044834911991822645,0.05048555317067809,0.14299907544333398,0.0037714096694640765,0.1487638066521813,0.003001091369438631,0.004063676553403804,0.05681141338058813,0.019790498673230454,0.10042139362827159,0.3525005654185824,0.0073344981539318205,0.40188807903296103,0.01625130290362436,0.009253318789448713,0.01429588843336471,0.1240596089246506,0.019106617944890613,0.6563949323900832,0.04293451029449647,0.2591592910652975,0.009152023506416545
