aaaaaa,aaaaad,aaaadd,aaaada,aaadda,aaaddd,aaadad,aaadaa,aaddaa,aaddad,aadddd,aaddda,aadada,aadadd,aadaad,aadaaa,addaaa,addaad,addadd,addada,adddda,addddd,adddad,adddaa,adadaa,adadad,adaddd,adadda,adaada,adaadd,adaaad,adaaaa,ddaaaa,ddaaad,ddaadd,ddaada,ddadda,ddaddd,ddadad,ddadaa,ddddaa,ddddad,dddddd,ddddda,dddada,dddadd,dddaad,dddaaa,dadaaa,dadaad,dadadd,dadada,daddda,dadddd,daddad,daddaa,daadaa,daadad,daaddd,daadda,daaada,daaadd,daaaad,daaaaa
3.5762685445995057,21.033704506837385,18.402765682600585,4.767105533434328,72.2088158889589,10.081635972164081,41.96690772594309,1.3262829793248756,0.008889772341018561,0.024488744128561345,0.9988912437397269,1.1355898013994628,3.9121250712247,1.07105627203782,0.7383826414408118,0.0077098391242837305,0.02958179294142098,0.017775789808606283,0.07652456112351759,0.05779821176678847,0.4598529204028067,0.0158487248470869,0.5225107635287847,0.029951551804399484,0.00039562799106268695,0.0005590380660658817,0.21160479938913454,0.17588211325470823,1.120967611522014,0.12160749471124783,0.25856976159040357,0.041696329799283637,0.023594904833895286,0.004891329297697425,0.010801814209505677,0.01451280041821162,0.20494452445388323,0.006550019899017917,0.2266847681117315,0.011065997729876901,0.00768443729265209,0.025363353544497775,0.0028568382164189596,0.037144078417038845,0.10002661945710968,0.0027949945959844496,0.10905072097578546,0.0015722641867538442,0.0020970129228288894,0.03749725939074586,0.010022325472919345,0.06213822611665712,0.25641177214219285,0.007081940832037106,0.2688598098069946,0.009527922218182168,0.003142843706654579,0.017104977608508324,0.07252542423169583,0.007043114079562088,0.480866571564925,0.035526264562365274,0.17059485585164944,0.008720766776813719
