aaaaaa,aaaaad,aaaadd,aaaada,aaadda,aaaddd,aaadad,aaadaa,aaddaa,aaddad,aadddd,aaddda,aadada,aadadd,aadaad,aadaaa,addaaa,addaad,addadd,addada,adddda,addddd,adddad,adddaa,adadaa,adadad,adaddd,adadda,adaada,adaadd,adaaad,adaaaa,ddaaaa,ddaaad,ddaadd,ddaada,ddadda,ddaddd,ddadad,ddadaa,ddddaa,ddddad,dddddd,ddddda,dddada,dddadd,dddaad,dddaaa,dadaaa,dadaad,dadadd,dadada,daddda,dadddd,daddad,daddaa,daadaa,daadad,daaddd,daadda,daaada,daaadd,daaaad,daaaaa
4.218945624127404,24.104301555883676,26.732401248468786,3.2010776389983993,89.81532556252537,13.713035326086121,49.228271969513344,1.5332442173077918,0.009415023138579802,0.0061883885514456395,0.7862192338864977,0.826500563313187,5.011619406690617,1.4842492574853132,0.8862148005874232,0.007027166680841639,0.02782818055413685,0.018314719218027565,0.05861757042518182,0.045400775819852496,0.5935671810176305,0.03422445783686804,0.5827251587148657,0.032538989538396665,0.0024026025280922316,0.016225901551985066,0.1777564895896458,0.11950834367846273,1.3998362864258427,0.16901160376144164,0.2990944554957106,0.051954183959884596,0.023816373214672684,0.008776064802697343,0.01230677551483898,0.019024249976850035,0.2417290531982766,0.007285775564696178,0.26005938971040504,0.01092350441773834,0.011456695244423342,0.028662581035538315,0.004006559438117077,0.04506907706218685,0.11827432006287761,0.004144914156420971,0.13561804388515705,0.0016624904027020438,0.0014399823812207215,0.04245862163199464,0.006850303929466691,0.06360466979094644,0.32380182445887185,0.01273051192049622,0.31534917101514726,0.011377971068098309,0.0005745438733886369,0.03891681803355141,0.05750706096139732,0.000410964760187423,0.597561592017291,0.04823283376372997,0.21263750533379744,0.008796522623935099
