aaaaaa,aaaaad,aaaadd,aaaada,aaadda,aaaddd,aaadad,aaadaa,aaddaa,aaddad,aadddd,aaddda,aadada,aadadd,aadaad,aadaaa,addaaa,addaad,addadd,addada,adddda,addddd,adddad,adddaa,adadaa,adadad,adaddd,adadda,adaada,adaadd,adaaad,adaaaa,ddaaaa,ddaaad,ddaadd,ddaada,ddadda,ddaddd,ddadad,ddadaa,ddddaa,ddddad,dddddd,ddddda,dddada,dddadd,dddaad,dddaaa,dadaaa,dadaad,dadadd,dadada,daddda,dadddd,daddad,daddaa,daadaa,daadad,daaddd,daadda,daaada,daaadd,daaaad,daaaaa
5.640329710450323,35.193390404955274,33.31320029575959,6.405110519452774,134.70548566406202,22.004617897204774,71.55303759015776,2.3680464795584433,0.03235359495029954,0.03146367898148164,1.5202681302556678,1.5376132347159557,7.7313589747084395,2.4469085388233083,1.222416305831094,0.013301658365318193,0.039311963763212186,0.027654900904772343,0.08981266936562646,0.07318151278428146,0.8778062008468418,0.05763563660620865,0.875437872909538,0.058378447095080305,0.008129202676306057,0.03853110969483632,0.3317719375694981,0.22360827941650252,2.110759468515518,0.28057213542696174,0.406228629811789,0.08341702952930992,0.03552936767702887,0.012326238307145741,0.01710811448605942,0.028798671078974217,0.3611898860199732,0.012669326858948875,0.3878879720769848,0.018321485657672568,0.017122458018350054,0.04121587877930149,0.006058855817242291,0.06511609603888509,0.16970317356989564,0.006458176254583051,0.19421250687801767,0.0027532338009199314,0.0021588163604008615,0.06335326770984898,0.01334869832415325,0.10386365925755406,0.47741732127627484,0.020963482996226475,0.4882876507636815,0.02375068430771596,0.0004795029918634306,0.06251645315708755,0.10445919684083288,0.0028005547803921418,0.8728198480944619,0.07310299264683977,0.2990835676200294,0.014076399679791393
