aaaaaa,aaaaad,aaaadd,aaaada,aaadda,aaaddd,aaadad,aaadaa,aaddaa,aaddad,aadddd,aaddda,aadada,aadadd,aadaad,aadaaa,addaaa,addaad,addadd,addada,adddda,addddd,adddad,adddaa,adadaa,adadad,adaddd,adadda,adaada,adaadd,adaaad,adaaaa,ddaaaa,ddaaad,ddaadd,ddaada,ddadda,ddaddd,ddadad,ddadaa,ddddaa,ddddad,dddddd,ddddda,dddada,dddadd,dddaad,dddaaa,dadaaa,dadaad,dadadd,dadada,daddda,dadddd,daddad,daddaa,daadaa,daadad,daaddd,daadda,daaada,daaadd,daaaad,daaaaa
6.194930740735424,36.04096186223068,37.596357204387225,5.549500156117456,133.71251726661052,20.470311387931766,73.37493413583698,2.3161443594107958,0.008980345466872253,0.004699874012834534,1.3092695600256814,1.381560927694876,7.485211622031727,2.2285194410629265,1.2979943787265573,0.011878476799178637,0.04373199214739387,0.028981636025092294,0.09473539334279192,0.07393134503350486,0.8807258158529205,0.04992996866384819,0.8839719441642662,0.052063594580300056,0.002806998499394298,0.021321379530786205,0.2938172429887672,0.204400583926126,2.081115087622838,0.252027180153302,0.43867288458782067,0.07926601084096738,0.037534072416722,0.011707018587218383,0.0177026725958271,0.02887723955633774,0.3623182232208816,0.011380493562541803,0.3895884072452258,0.01689192212598981,0.016636309254588606,0.042889950479204575,0.005948413169540952,0.06658780761447765,0.1753265103244083,0.006159562197869703,0.20002128884744638,0.0025883405760470514,0.0025126572722775986,0.06482412148841087,0.01103415178938665,0.09680693710900462,0.4842605134425366,0.01944796671761915,0.469012761200265,0.01690448133702122,0.0010221410627276161,0.0557668962659976,0.09425907992988256,0.00166494328070502,0.8890056641332689,0.07230096941767207,0.3131864766299385,0.013491028176708638
