aaaaaa,aaaaad,aaaadd,aaaada,aaadda,aaaddd,aaadad,aaadaa,aaddaa,aaddad,aadddd,aaddda,aadada,aadadd,aadaad,aadaaa,addaaa,addaad,addadd,addada,adddda,addddd,adddad,adddaa,adadaa,adadad,adaddd,adadda,adaada,adaadd,adaaad,adaaaa,ddaaaa,ddaaad,ddaadd,ddaada,ddadda,ddaddd,ddadad,ddadaa,ddddaa,ddddad,dddddd,ddddda,dddada,dddadd,dddaad,dddaaa,dadaaa,dadaad,dadadd,dadada,daddda,dadddd,daddad,daddaa,daadaa,daadad,daaddd,daadda,daaada,daaadd,daaaad,daaaaa
4.071993927477743,23.513415685639277,19.801406769103053,5.819404096818484,75.92596166295527,9.73916380652994,45.793142696070085,1.3680229832636417,0.04218470252954094,0.09734332712711619,1.145238688953805,1.3955219272288801,3.964029095160235,0.9868429272519418,0.8226427985570424,0.00916140050047347,0.039249845188526034,0.022171139816666553,0.09605941736183683,0.06944832605263922,0.48730598071643083,0.011479783949984928,0.5650816288157231,0.026765246968529433,0.003846367953683221,0.0017065403934304704,0.2361442045143751,0.21919904925531503,1.1828488947730402,0.11673135355665076,0.2982341888468838,0.04119408220126076,0.02822865289435595,0.004123139267552012,0.014061721926801806,0.0131406069909548,0.21349270839980586,0.00566352229543881,0.24454908875590303,0.01181855012099128,0.0071695168439331,0.028999744496954354,0.0032319093561288437,0.03890994383424389,0.10743737365418331,0.0027479939574538317,0.11852192873640757,0.0013533563066737973,0.0028087009154445673,0.041208633152267526,0.01251091540773588,0.06935480416521687,0.2646642678219177,0.004907425938271694,0.2881341510015686,0.008812246842628386,0.006815649699161242,0.009981464043239916,0.07873498126863428,0.009962749593397888,0.502801503812243,0.033325346442642054,0.19737744390218026,0.007049111191568682
