aaaaaa,aaaaad,aaaadd,aaaada,aaadda,aaaddd,aaadad,aaadaa,aaddaa,aaddad,aadddd,aaddda,aadada,aadadd,aadaad,aadaaa,addaaa,addaad,addadd,addada,adddda,addddd,adddad,adddaa,adadaa,adadad,adaddd,adadda,adaada,adaadd,adaaad,adaaaa,ddaaaa,ddaaad,ddaadd,ddaada,ddadda,ddaddd,ddadad,ddadaa,ddddaa,ddddad,dddddd,ddddda,dddada,dddadd,dddaad,dddaaa,dadaaa,dadaad,dadadd,dadada,daddda,dadddd,daddad,daddaa,daadaa,daadad,daaddd,daadda,daaada,daaadd,daaaad,daaaaa
4.744153062394889,28.19835435211134,23.119460155903525,7.157520443793217,98.2276829414603,14.036739231568504,56.63663635048778,1.840401667726016,0.007173576121631032,0.022168037475187374,1.5141838683567186,1.6879247466024687,5.385040422078789,1.515383966027975,0.9760588517720002,0.01125407985960953,0.03985651271239263,0.024705132841692626,0.10692449473562654,0.08254767896549248,0.6253688309256824,0.023354816251126686,0.7162571548049605,0.04457147285731275,0.0001816620405234023,0.001715755962331848,0.31620040770538,0.26054107476257,1.5228797284549012,0.17005257306190505,0.33897930076183047,0.058774843656280516,0.03138563647845207,0.0068331341349359,0.015166456796104412,0.018945569280840794,0.2752368966294921,0.008683332537286773,0.3119206725739786,0.01639040996852285,0.010496451012511319,0.03406707357345969,0.0037638065575267454,0.0505495633702353,0.1294027460005108,0.00479706914398847,0.15142126474104822,0.001656550965435936,0.0030377336308284575,0.05192306249719404,0.013860068002948362,0.08524519118881588,0.3449713340861764,0.009663273199902971,0.37065085461353886,0.01470352220494162,0.003380140616691319,0.0259248534685444,0.1077416098903702,0.012259538814188129,0.6507979615912253,0.04903152320745295,0.2275988828659977,0.012066536225525129
