aaaaaa,aaaaad,aaaadd,aaaada,aaadda,aaaddd,aaadad,aaadaa,aaddaa,aaddad,aadddd,aaddda,aadada,aadadd,aadaad,aadaaa,addaaa,addaad,addadd,addada,adddda,addddd,adddad,adddaa,adadaa,adadad,adaddd,adadda,adaada,adaadd,adaaad,adaaaa,ddaaaa,ddaaad,ddaadd,ddaada,ddadda,ddaddd,ddadad,ddadaa,ddddaa,ddddad,dddddd,ddddda,dddada,dddadd,dddaad,dddaaa,dadaaa,dadaad,dadadd,dadada,daddda,dadddd,daddad,daddaa,daadaa,daadad,daaddd,daadda,daaada,daaadd,daaaad,daaaaa
6.8752202456282,43.178467448826055,34.52885992371567,10.967152872089178,161.576498681369,25.725868801860965,88.66591160326097,3.139583766579032,0.007861909378491275,0.004891655499118511,2.4864652794028057,2.56229670606686,9.212206775477846,2.8688627110299754,1.4376512329556947,0.021960595115154226,0.05361185001144562,0.03752750123240134,0.1481992129153375,0.12269588583724884,1.0372166498054662,0.05927051232722276,1.1609929678274669,0.09342002868579818,0.0040129797941649515,0.028813453898413582,0.5214132199703553,0.38314485387729397,2.51565431070406,0.3229486069660768,0.48602335646211714,0.10506357484618653,0.04986104044432065,0.011196039106257492,0.023452416137183466,0.031351551284066435,0.4294599503754059,0.01351258878788528,0.486667525819387,0.02548036659414774,0.01967511928601804,0.0507740880655532,0.005309099658744925,0.08513726469106801,0.20147599593984522,0.008586842164970715,0.24579287963348515,0.0021812245396890715,0.007149484931081285,0.09554852174437513,0.017777282961777812,0.12928782554210747,0.602587570317445,0.029551290040309545,0.6001590606975908,0.029590291279229342,0.0008387948735404623,0.07032057973271157,0.18104361511143044,0.017758759055402078,1.0615434696985964,0.08966712562195862,0.33723809998645404,0.023119571668799205
