aaaaaa,aaaaad,aaaadd,aaaada,aaadda,aaaddd,aaadad,aaadaa,aaddaa,aaddad,aadddd,aaddda,aadada,aadadd,aadaad,aadaaa,addaaa,addaad,addadd,addada,adddda,addddd,adddad,adddaa,adadaa,adadad,adaddd,adadda,adaada,adaadd,adaaad,adaaaa,ddaaaa,ddaaad,ddaadd,ddaada,ddadda,ddaddd,ddadad,ddadaa,ddddaa,ddddad,dddddd,ddddda,dddada,dddadd,dddaad,dddaaa,dadaaa,dadaad,dadadd,dadada,daddda,dadddd,daddad,daddaa,daadaa,daadad,daaddd,daadda,daaada,daaadd,daaaad,daaaaa
4.640713540342032,26.67665925917638,25.298056083306978,5.220166166314838,92.37201521400286,12.920309756810784,53.35217686921974,1.6463533154370233,0.006110421072881761,0.02082505706130702,1.12674098807774,1.2820625982107543,4.984620655613101,1.3585739824884082,0.9563260761401005,0.008892676490724593,0.03749370186636682,0.022636530827859283,0.08792425541767016,0.06559196815922737,0.5996342898956604,0.02297100068023106,0.6470532278837189,0.03399106675092204,0.00025592107075616833,0.0013434476692642534,0.24159662805155835,0.1960492781576918,1.4285020152667884,0.1535687407218601,0.3347985241371016,0.05189417571436597,0.02943497194771857,0.006662157796779898,0.013379928624856692,0.01917812547903441,0.25756443149252556,0.007610196214200567,0.28866255446725897,0.013917069649938562,0.009858147727839417,0.032679987892906624,0.0038662592305348407,0.04710866794989823,0.12950249690993834,0.0033558109526525947,0.13969716723340256,0.0020135723990814492,0.0025066118192039887,0.0474033444463773,0.010726878140295848,0.07437452960975305,0.33011545548774207,0.0095297983668883,0.3360356232602603,0.010864253744641764,0.0034949592482992776,0.02365173792888879,0.082022233285978,0.005651905912177186,0.614695495226037,0.045151532972337566,0.22306956916954815,0.010184403294205682
