aaaaaa,aaaaad,aaaadd,aaaada,aaadda,aaaddd,aaadad,aaadaa,aaddaa,aaddad,aadddd,aaddda,aadada,aadadd,aadaad,aadaaa,addaaa,addaad,addadd,addada,adddda,addddd,adddad,adddaa,adadaa,adadad,adaddd,adadda,adaada,adaadd,adaaad,adaaaa,ddaaaa,ddaaad,ddaadd,ddaada,ddadda,ddaddd,ddadad,ddadaa,ddddaa,ddddad,dddddd,ddddda,dddada,dddadd,dddaad,dddaaa,dadaaa,dadaad,dadadd,dadada,daddda,dadddd,daddad,daddaa,daadaa,daadad,daaddd,daadda,daaada,daaadd,daaaad,daaaaa
4.374768332239899,26.06281635683915,25.052839647873665,4.783970435974379,96.90079352639818,15.024257857730618,53.05602037173278,1.7213351105725565,0.005680750728583798,0.0028671430739273906,1.0925844316071098,1.147407611675542,5.469827283129605,1.6549771967066365,0.9167813849767027,0.009777991182888586,0.029516886879262384,0.019442282436007402,0.07714398320546922,0.06145441016561324,0.6307671491497245,0.03525361546388623,0.6511978968065679,0.041225268186392564,0.0019284633705877658,0.01512512169108341,0.2371854712627816,0.16861908243544338,1.5169718960404457,0.18915620516445728,0.30870715592355386,0.05944861222942427,0.027829684667282372,0.00797120610042652,0.012861160643519668,0.020615083746279954,0.26394274524398925,0.008765250742787476,0.2837654084725807,0.012870490542264326,0.012690115199749542,0.029645926776720902,0.0037619590514762543,0.04960878389128345,0.1232201136405749,0.004993894535560576,0.14569005895381226,0.0016619205910202311,0.0019068691782039222,0.0472404023295466,0.009725599080798418,0.07488479207243383,0.35036562481183087,0.014399304143031658,0.34588121170653474,0.013817202425178029,0.0006945569728227765,0.04038836883515295,0.0788244936583664,0.0030171896765004147,0.6505352522598592,0.05544042219410356,0.21501702733647687,0.011854914604509898
