aaaaaa,aaaaad,aaaadd,aaaada,aaadda,aaaddd,aaadad,aaadaa,aaddaa,aaddad,aadddd,aaddda,aadada,aadadd,aadaad,aadaaa,addaaa,addaad,addadd,addada,adddda,addddd,adddad,adddaa,adadaa,adadad,adaddd,adadda,adaada,adaadd,adaaad,adaaaa,ddaaaa,ddaaad,ddaadd,ddaada,ddadda,ddaddd,ddadad,ddadaa,ddddaa,ddddad,dddddd,ddddda,dddada,dddadd,dddaad,dddaaa,dadaaa,dadaad,dadadd,dadada,daddda,dadddd,daddad,daddaa,daadaa,daadad,daaddd,daadda,daaada,daaadd,daaaad,daaaaa
7.72933097281036,47.0800950028426,45.62373330209219,8.303247976660082,178.5142955080247,28.58765147508114,95.65347705282684,3.099428602244793,0.02737811316930708,0.023354956668627906,1.944416985279321,1.9948475511785129,10.153434285820628,3.1513282710142865,1.651878287520294,0.017257951540474274,0.05310434666373202,0.036440767735876275,0.12529610231890118,0.1009516872815424,1.176112381047464,0.07534224268565824,1.1585329624937633,0.07271385417634622,0.007478336876070206,0.04133928959142262,0.4277573803016829,0.2923840460502358,2.7969735416401473,0.3628322858929796,0.5479261606071266,0.1111449761000414,0.04743614141385158,0.016412297661773587,0.023674795121774936,0.03732657161207256,0.4822266017732105,0.01666976450986174,0.5139004879889737,0.023320928823312274,0.022102824160556686,0.056007024119900856,0.008126038611507411,0.08654198499000666,0.22680084559431432,0.00859814533377406,0.260984660820824,0.0034928086139004296,0.0031752233024388405,0.08551558448978562,0.01671771260636528,0.13480031214945493,0.6359162039805487,0.026974888499255875,0.6407540396985132,0.028573641322791304,0.0007876715890303546,0.08034983920581433,0.13735672548284628,0.003726985878741112,1.1720375967833907,0.09862491787481123,0.3984312727060023,0.019401159201153317
