aaa,aad,add,ada,dda,ddd,dad,daa
283.0635640894429,28.16567508849433,1.990180307751429,0.8803055629377954,0.07670716670604465,0.08177231023400428,0.01736348812493929,0.026677029634895495
