aaa,aad,add,ada,dda,ddd,dad,daa
289.47201826368695,34.92060863034209,2.193134247827548,0.9063471420553335,0.07688014688175814,0.08520194677029334,0.016958577644520925,0.02740924707999353
