aaa,aad,add,ada,dda,ddd,dad,daa
241.7064678512926,20.114754821758613,1.6383658272998967,0.7399542985126116,0.06463020703786146,0.06689629944499587,0.014906195055489582,0.022258203520071577
