aaa,aad,add,ada,dda,ddd,dad,daa
272.059346909249,23.31428238476817,1.838052703549562,0.838091083055051,0.07439420239491511,0.07750035945984556,0.01676818562444696,0.02535427441781084
