aaa,aad,add,ada,dda,ddd,dad,daa
253.0887791748646,31.0545336447119,1.9573994875059502,0.811929374712468,0.06886500878825014,0.07509578918486283,0.015685427003516033,0.02455972801430423
