aaa,aad,add,ada,dda,ddd,dad,daa
282.57747735407145,19.72272694605319,1.8887913354058825,0.869120829151231,0.0763001822866812,0.07567419719907964,0.018470696318514973,0.026089889383568307
