aaa,aad,add,ada,dda,ddd,dad,daa
244.21313946986766,21.170564384411758,1.6711998831583623,0.7365791308670145,0.06317483044264306,0.06701270073573797,0.014601539524440278,0.022056906529745905
