aaa,aad,add,ada,dda,ddd,dad,daa
256.12625883580876,20.157454462469786,1.7126418496680025,0.7964476165353852,0.07183024886137875,0.07129842708491309,0.016540349957069603,0.023945262119001436
