aaa,aad,add,ada,dda,ddd,dad,daa
271.52436018146335,20.700702897951658,1.8384280517534684,0.8207437565514173,0.07027582341574391,0.07313098477610819,0.016932982590226783,0.024760305046341254
