aaa,aad,add,ada,dda,ddd,dad,daa
279.72922513159324,32.18987394594595,2.190993495806904,0.9005250294365432,0.07764146566888253,0.08276498519879645,0.017837908204434098,0.027785815920896847
