aaa,aad,add,ada,dda,ddd,dad,daa
265.67624001952635,30.733760002176588,1.9672708785814055,0.8550515713537516,0.07295900114840383,0.0773979743728968,0.017186620027225447,0.02548962465025787
