aaa,aad,add,ada,dda,ddd,dad,daa
235.49987160681815,21.946766843222083,1.6281248209812342,0.7204269387183244,0.06325581902239782,0.06719953418303135,0.014077872884140714,0.022047267084916774
