aaa,aad,add,ada,dda,ddd,dad,daa
260.0388606674651,16.630225714581588,1.7026405933850035,0.7923686402672829,0.07075021064443994,0.07018730708501907,0.01655986243888944,0.023740159581712033
