aaa,aad,add,ada,dda,ddd,dad,daa
242.24426284494265,20.762814539398136,1.6481341595891459,0.7523892439736729,0.06590678883633411,0.06762242368034717,0.015425591989470378,0.022716743255147383
