aaa,aad,add,ada,dda,ddd,dad,daa
237.22348251675234,17.82330002177977,1.6091520201108478,0.7000617326574017,0.06090670195292473,0.06308570121948846,0.014078174006077021,0.020906313740182026
