aaa,aad,add,ada,dda,ddd,dad,daa
231.84693276745665,21.41129518534206,1.6106751806406985,0.7104103220946172,0.06142568886658234,0.06405499222322518,0.01427368014897615,0.02118942480874477
