aaa,aad,add,ada,dda,ddd,dad,daa
268.3347435425091,16.791332804001428,1.8169768372146315,0.7784509142750923,0.06791205039622891,0.06971549919306748,0.015950291954913765,0.023000862934920884
