aaa,aad,add,ada,dda,ddd,dad,daa
264.0730315620877,25.01595460243318,1.8672573030109691,0.820699459986485,0.0715249761828363,0.07257025627581097,0.017153960509003377,0.024510835099789505
