aaa,aad,add,ada,dda,ddd,dad,daa
238.31497001681456,24.990928602061103,1.6920838788501273,0.7433199320054187,0.06358201145193063,0.06846497221382566,0.014613986861562818,0.022392428364589496
