aaa,aad,add,ada,dda,ddd,dad,daa
253.21008591389005,25.14525583378297,1.7938701278787959,0.7932591799211637,0.0692811892972844,0.07352375514601114,0.015757478458278254,0.024195554142876805
