aaa,aad,add,ada,dda,ddd,dad,daa
265.5870475655951,19.81905098259744,1.7931734706218523,0.8241905551867197,0.07177638036628421,0.07128401144014009,0.017637434787328685,0.02483783399739134
