aaa,aad,add,ada,dda,ddd,dad,daa
277.79809468252625,20.102443389675653,1.8951945119280733,0.8331645424056924,0.07099481861262805,0.07357991973230867,0.017456775041712752,0.024944277088472053
