aaa,aad,add,ada,dda,ddd,dad,daa
243.7811359110961,17.641474192248054,1.5979875758393745,0.7389266954321299,0.06621208322231281,0.06871487880113995,0.01475434156445217,0.022485185295616664
