aaa,aad,add,ada,dda,ddd,dad,daa
262.00677693951576,28.032299330790334,1.86938144765574,0.8150356112717061,0.06985454642835742,0.07565772357066552,0.015835626615403775,0.024412768246846153
