aaa,aad,add,ada,dda,ddd,dad,daa
264.8806515730478,16.879470091678346,1.7262372389719998,0.80570471157376,0.07164281757679225,0.07217704113194262,0.01668946913781787,0.024019074085440423
