aaa,aad,add,ada,dda,ddd,dad,daa
309.41254676712924,27.478204413194202,2.155043839065414,0.9558417073361074,0.08409911857706037,0.08465393830462396,0.01969282847205807,0.02859213057851235
