aaa,aad,add,ada,dda,ddd,dad,daa
255.8444987615963,19.486315179002947,1.7047323273088653,0.7828889553890588,0.06862514475168958,0.0707406848907726,0.01596673994527673,0.02368608042591076
