aaa,aad,add,ada,dda,ddd,dad,daa
257.59508040292565,18.631219884737373,1.746552524749335,0.7618939534904144,0.0662598569584279,0.06858626569782433,0.015458226555671355,0.022620259627359057
