aaa,aad,add,ada,dda,ddd,dad,daa
247.04937715733442,22.699475149539545,1.7016760547291063,0.7542602713131263,0.06488722029056848,0.06849921202982691,0.015072806128594799,0.0226612981281171
