aaa,aad,add,ada,dda,ddd,dad,daa
244.08436458852313,17.312789312375635,1.6035342069401233,0.7266391732437949,0.06370721357842866,0.06745143474265856,0.014321304196245296,0.02163559041966859
