aaa,aad,add,ada,dda,ddd,dad,daa
278.3908653844551,23.87425203938508,1.9299476160393516,0.8444884066035155,0.07179696205577107,0.07527411830452527,0.017326498308358012,0.025351088475808713
