aaa,aad,add,ada,dda,ddd,dad,daa
278.08619042497804,19.05483256952411,1.855552532719234,0.8418823707274016,0.07371497621482052,0.07504949673812172,0.017477510423668626,0.025027496153416356
