aaa,aad,add,ada,dda,ddd,dad,daa
240.9161011180123,25.270436206609595,1.7239844172229433,0.7586255918404244,0.06550394095705996,0.06921888167010172,0.014995984820628422,0.02283838930013634
