aaa,aad,add,ada,dda,ddd,dad,daa
302.0187841739935,35.19597096532766,2.3431190220651246,0.9737090104033388,0.08330833449972845,0.08856421877702626,0.019181767241055463,0.02988987590382874
