aaa,aad,add,ada,dda,ddd,dad,daa
245.11132330814638,14.662225475996753,1.629538491681429,0.7296403545930209,0.06462823285840534,0.0642128564923461,0.015200042940285133,0.021777503843453797
