aaa,aad,add,ada,dda,ddd,dad,daa
247.24572937511104,26.21136708994997,1.7505048854927443,0.7577054600899313,0.06404766751235946,0.0703494123195165,0.014333633308264409,0.022914694432402783
