aaa,aad,add,ada,dda,ddd,dad,daa
227.20201934040165,23.273008064057347,1.5914454493003063,0.6956042015550958,0.05985522773458944,0.06442397569652934,0.013534126125611511,0.02082522826041108
