aaa,aad,add,ada,dda,ddd,dad,daa
233.33543364994193,26.412511230789747,1.70023933257295,0.736575898397349,0.0622808342095668,0.0676674443540541,0.01442764860769587,0.022129636421273035
