aaaaa,aaaad,aaadd,aaada,aadda,aaddd,aadad,aadaa,addaa,addad,adddd,addda,adada,adadd,adaad,adaaa,ddaaa,ddaad,ddadd,ddada,dddda,ddddd,dddad,dddaa,dadaa,dadad,daddd,dadda,daada,daadd,daaad,daaaa
24.880314329743793,57.29077113029018,180.01965486350016,2.0003596575166207,43.03165410435847,7.005995355592072,6.464749914221465,1.5391265222015094,0.6506228633579336,0.4820718143497702,1.2828849368910953,1.7907696080090685,1.5253977356855555,0.2744293591156248,0.27875773549211186,0.02822803273834171,0.18118068413641208,0.0009052088244559622,0.015365431946293013,0.0273806567069513,0.3237785238796607,0.2671017840840541,0.1361550289300765,0.33801363851147803,0.03580358309822717,0.006664382242968246,0.1759753088622156,0.2819550695948422,0.0806715958706086,0.020160315209799502,0.09729206292966626,0.018816231756555304
