aaaaa,aaaad,aaadd,aaada,aadda,aaddd,aadad,aadaa,addaa,addad,adddd,addda,adada,adadd,adaad,adaaa,ddaaa,ddaad,ddadd,ddada,dddda,ddddd,dddad,dddaa,dadaa,dadad,daddd,dadda,daada,daadd,daaad,daaaa
22.70113480834892,59.14342769779104,167.77381982073842,2.6924446995576123,40.14314771481181,9.568458951751403,8.671051881149088,1.2953826988171315,1.0376339274174837,0.7992837037300113,1.6878940478461602,1.0920608181823415,1.8052906663097006,0.28361354561235413,0.3160366066316976,0.02005474495357057,0.16596852853492214,0.0025906641664334555,0.017216180096972587,0.02509473185317365,0.31622161891935907,0.23728130540299544,0.16415959064095972,0.39886464532360255,0.01735188787135189,0.023289102852018885,0.2288742451620116,0.22708191530746602,0.10214926576408648,0.018532345616824007,0.10046007750817627,0.020240616124313597
