aaaaa,aaaad,aaadd,aaada,aadda,aaddd,aadad,aadaa,addaa,addad,adddd,addda,adada,adadd,adaad,adaaa,ddaaa,ddaad,ddadd,ddada,dddda,ddddd,dddad,dddaa,dadaa,dadad,daddd,dadda,daada,daadd,daaad,daaaa
15.026228625842979,53.72371210472122,142.62855254322858,2.5053385475717946,35.84460930766509,9.110210866274912,8.399983030754642,1.1379868984485988,1.0442267814194448,0.9586387836163285,1.627454943428925,0.8288609631122126,1.603489705193374,0.24056059892915208,0.2905351569295948,0.014777334093594972,0.1530301705743912,0.0010949265802489175,0.02433739846487322,0.011029401234967545,0.26469494991912373,0.20466320791878784,0.1553686751739015,0.346975648452345,0.01045074963578075,0.03302020271285206,0.21929572432150587,0.17884299311910126,0.10029071054072178,0.014513973479602843,0.08559408083740412,0.018278088672864484
