aaaaa,aaaad,aaadd,aaada,aadda,aaddd,aadad,aadaa,addaa,addad,adddd,addda,adada,adadd,adaad,adaaa,ddaaa,ddaad,ddadd,ddada,dddda,ddddd,dddad,dddaa,dadaa,dadad,daddd,dadda,daada,daadd,daaad,daaaa
12.99198769894122,49.61419656301516,136.13886225371198,1.65486093726174,33.87756031679574,5.992637875309821,6.320857113943157,0.9716482066109429,0.644798947683175,0.5135780931049703,1.105606940324577,1.1683710217826249,1.3303499899042057,0.2061082205938066,0.25357959993402657,0.017486205315847932,0.12546484426918236,0.0008511065831100561,0.014954434802491716,0.018364851331128598,0.24991274459313698,0.2004321840514511,0.12171439750199961,0.2748380214267677,0.01772895609124606,0.010540527869221338,0.15500244888277365,0.20497908645426655,0.07091320528850185,0.014186050309987519,0.07836662605075688,0.015743763417923235
