aaaaa,aaaad,aaadd,aaada,aadda,aaddd,aadad,aadaa,addaa,addad,adddd,addda,adada,adadd,adaad,adaaa,ddaaa,ddaad,ddadd,ddada,dddda,ddddd,dddad,dddaa,dadaa,dadad,daddd,dadda,daada,daadd,daaad,daaaa
21.614297117367936,52.35267587289427,149.67065673742184,2.5410346036777196,34.65128543392242,8.717398782226491,8.023943777098792,1.0920115043845622,0.9141041178983887,0.6700984463553467,1.4951724059048581,0.936142892976336,1.5456676153230031,0.267710604395184,0.2882577120238738,0.016701654924965732,0.15162791370808576,0.001902118213775136,0.01761877025181642,0.01672043986566093,0.28829696087731854,0.2232328761140211,0.13457605702403652,0.33952393963434757,0.013891328199652686,0.020620782338720365,0.21099799133923083,0.18838661665705447,0.08986693140618691,0.017181055266805034,0.09069137801399997,0.018667300428067614
