aaaaa,aaaad,aaadd,aaada,aadda,aaddd,aadad,aadaa,addaa,addad,adddd,addda,adada,adadd,adaad,adaaa,ddaaa,ddaad,ddadd,ddada,dddda,ddddd,dddad,dddaa,dadaa,dadad,daddd,dadda,daada,daadd,daaad,daaaa
26.92257969301496,59.77091160007833,187.87766663581584,2.1090130975495383,45.05945645635346,7.624776534775608,6.873606385558208,1.6253603478663827,0.7083692467727827,0.5376911680223622,1.387375591610426,1.8089906137052774,1.6337126823519006,0.2878759028512378,0.29370937701361494,0.030042828517175296,0.19043020387712786,0.0011914359803140342,0.016342579544965225,0.028019812706217537,0.34073690697406744,0.27738220504077993,0.14497837384285167,0.3593123858467678,0.03702478095866707,0.008452398830593141,0.19062388561703045,0.29187876971510446,0.08805360055739389,0.02094302542070645,0.10204759899101366,0.019650189429641394
