aaaaa,aaaad,aaadd,aaada,aadda,aaddd,aadad,aadaa,addaa,addad,adddd,addda,adada,adadd,adaad,adaaa,ddaaa,ddaad,ddadd,ddada,dddda,ddddd,dddad,dddaa,dadaa,dadad,daddd,dadda,daada,daadd,daaad,daaaa
21.89702728079183,60.08694994624654,162.27445679534162,3.7470458424188102,36.66285551169247,12.04154279033544,11.718519814796293,1.2868019624055191,1.602440044541811,1.1753208384335025,2.2176258102716924,0.7291521424384164,1.939286683242414,0.34091542397182534,0.34917956012078266,0.020494894309021062,0.17992166101650572,0.003400034192651334,0.029709752818894392,0.010982979439850313,0.30774939831325504,0.22984569342637193,0.18134058944129913,0.4542601638977045,0.01052405998201641,0.058714968352214084,0.2828048445350212,0.17746414618156106,0.12332266173386083,0.019151041571835642,0.10308119641049168,0.022015907387333524
