aaaaa,aaaad,aaadd,aaada,aadda,aaddd,aadad,aadaa,addaa,addad,adddd,addda,adada,adadd,adaad,adaaa,ddaaa,ddaad,ddadd,ddada,dddda,ddddd,dddad,dddaa,dadaa,dadad,daddd,dadda,daada,daadd,daaad,daaaa
13.372542230441308,53.54357319383493,146.8811955289728,1.7925319762935272,38.177640779564506,6.952904854156148,6.611457095199138,1.198544719280689,0.7574930420952589,0.7169005629753853,1.3029367616544667,1.241337064158398,1.5126737911474681,0.20904236019491448,0.26326845069208854,0.019795017903519944,0.13603802093068834,0.002613919277613313,0.017199519076700177,0.020395670020024882,0.26153067048647477,0.20086886545765695,0.15176681976175846,0.32466027509861534,0.022427939393811443,0.017932488999182303,0.17280522287385192,0.23152027294513108,0.08345165329587784,0.014120495505579285,0.08184990710517186,0.016680010099174823
