aaaaa,aaaad,aaadd,aaada,aadda,aaddd,aadad,aadaa,addaa,addad,adddd,addda,adada,adadd,adaad,adaaa,ddaaa,ddaad,ddadd,ddada,dddda,ddddd,dddad,dddaa,dadaa,dadad,daddd,dadda,daada,daadd,daaad,daaaa
10.407928552175289,67.17040222638691,160.57703496209288,2.925352839865362,43.48650321291259,10.807684272042009,10.87262865774599,1.2967141936466682,1.4167046413235773,1.4339949329750963,2.039533075819449,0.8802437267332496,2.005980923454607,0.26513114812722866,0.35827591441461326,0.016217332745988817,0.16430984719716504,0.002148053701115871,0.035523958156488254,0.01020803230590077,0.2921892762440063,0.2174057931160302,0.20774590331109585,0.4197892833789269,0.009711152865819271,0.05488522070336268,0.25617128170971737,0.2100737556686181,0.12072518583248834,0.015548902080253363,0.09753608081797085,0.021612365465001008
