aaaaa,aaaad,aaadd,aaada,aadda,aaddd,aadad,aadaa,addaa,addad,adddd,addda,adada,adadd,adaad,adaaa,ddaaa,ddaad,ddadd,ddada,dddda,ddddd,dddad,dddaa,dadaa,dadad,daddd,dadda,daada,daadd,daaad,daaaa
18.369548920246956,50.884575106999236,147.07484410067815,1.9793740562780415,37.62119895882305,7.584149990223081,6.5664530320094645,1.268366444857034,0.7817212327128257,0.7079145917031476,1.3840213828394556,1.1513160714176458,1.5586965854028167,0.2220536845600726,0.2575589625417354,0.020047157725449485,0.14450675566520874,0.0027311342880254365,0.01515457922093809,0.022173733397506838,0.2686069259037426,0.2036864214091963,0.14390905539286675,0.33547010865671917,0.022956733138792467,0.018660289690555255,0.18305636691124816,0.22506682266920072,0.08731542253282538,0.014955154451264422,0.0828204031171175,0.016499540468167276
