aaaaa,aaaad,aaadd,aaada,aadda,aaddd,aadad,aadaa,addaa,addad,adddd,addda,adada,adadd,adaad,adaaa,ddaaa,ddaad,ddadd,ddada,dddda,ddddd,dddad,dddaa,dadaa,dadad,daddd,dadda,daada,daadd,daaad,daaaa
29.689396943288287,50.39128450592995,170.50282258441672,1.8263541254149196,38.037101882511095,6.04280615052923,5.669102587314191,1.3831397095533784,0.4906219176412607,0.25184115870623813,0.9849810960710883,1.859924362410209,1.2604142513294188,0.29024948696617525,0.2492664567964925,0.02889558884635334,0.17305929356110836,0.0009079099549596355,0.012387556990352168,0.025590399706898016,0.3120147262568055,0.274217725220747,0.1024775373399409,0.2825854207831002,0.03747521202513155,0.0041238872717439005,0.15097921059322747,0.26038111256885205,0.06630504771857626,0.021530084926048555,0.09126200648939994,0.017240012478974106
