aaaaa,aaaad,aaadd,aaada,aadda,aaddd,aadad,aadaa,addaa,addad,adddd,addda,adada,adadd,adaad,adaaa,ddaaa,ddaad,ddadd,ddada,dddda,ddddd,dddad,dddaa,dadaa,dadad,daddd,dadda,daada,daadd,daaad,daaaa
15.795205803297817,54.041186129529756,149.80639580174847,2.0418106113941423,39.42928534916941,7.640355447187027,6.985196560798172,1.2431486316799958,0.8227602711789308,0.7697242710723932,1.425172514126225,1.1889698264807786,1.6370977899384285,0.22026880105423985,0.27324362676220065,0.01997647323778119,0.14247808326774397,0.0027017695066214563,0.01686579448523224,0.021535221595216415,0.2724450597605189,0.2068893625057402,0.15373533251257646,0.3414553093138937,0.021924105962748085,0.02068555089904148,0.18816551849701457,0.23343368586891317,0.09135111251879123,0.014704674154193428,0.08485320597232206,0.017056228778253763
