aaaaa,aaaad,aaadd,aaada,aadda,aaddd,aadad,aadaa,addaa,addad,adddd,addda,adada,adadd,adaad,adaaa,ddaaa,ddaad,ddadd,ddada,dddda,ddddd,dddad,dddaa,dadaa,dadad,daddd,dadda,daada,daadd,daaad,daaaa
24.431042724788664,53.75125919995397,166.6374534935146,1.9281123967390057,39.67077347962813,7.082534741858023,6.505938036460509,1.3629698756588693,0.6660663231746127,0.4804108066183213,1.2627096813199796,1.521407943759401,1.4900255893344416,0.26337093650555865,0.2719206962594955,0.025903364730831636,0.16844358848326635,0.0010279977789565747,0.014803021094413518,0.02410994824804869,0.30775078739829054,0.24975047297829162,0.12817132440053783,0.32179423847703426,0.029115167877225415,0.007955043548908403,0.1773528825027845,0.25204750947375426,0.0811221072475335,0.018801141504921695,0.09247689048934155,0.017964359116365645
