aaaaa,aaaad,aaadd,aaada,aadda,aaddd,aadad,aadaa,addaa,addad,adddd,addda,adada,adadd,adaad,adaaa,ddaaa,ddaad,ddadd,ddada,dddda,ddddd,dddad,dddaa,dadaa,dadad,daddd,dadda,daada,daadd,daaad,daaaa
23.45815189264596,50.50356384582499,166.17897417420176,1.8769437032527199,34.15274548393858,5.562225239143051,5.5307617845580666,1.2166605314759364,0.41196983950587135,0.19384201151764804,0.8176326753189798,1.8559821929802902,1.0497142717975012,0.2904464009612436,0.24943593490140026,0.026361498425869007,0.157726490450523,0.0010374462626159301,0.012853469877188795,0.022686041576165224,0.2944442310103326,0.2708465339574302,0.09446928662685727,0.25557689810687634,0.035671241196824535,0.0031663664659564187,0.13657135023709902,0.24370251862151926,0.05480335176381357,0.021384350497344894,0.0890392047459825,0.016742074470745105
