aaaaa,aaaad,aaadd,aaada,aadda,aaddd,aadad,aadaa,addaa,addad,adddd,addda,adada,adadd,adaad,adaaa,ddaaa,ddaad,ddadd,ddada,dddda,ddddd,dddad,dddaa,dadaa,dadad,daddd,dadda,daada,daadd,daaad,daaaa
24.388916428296888,61.62759849522478,183.2809115425069,2.1011351143482444,40.111868520626395,8.342975101986074,8.03829055300012,1.3039823106823991,0.7859498651656198,0.51362470604778,1.3800778267075522,1.4855356134893396,1.5501955498598163,0.3122163466802821,0.3202593793083531,0.026285286204404772,0.17590993541209143,0.001718906563199275,0.017245881164685024,0.025265261064016928,0.3386464061924368,0.27888685337229824,0.1427844620232929,0.3589922865740928,0.024578792067207825,0.010465976398682818,0.20752373904293694,0.2512349079960312,0.08786963365770371,0.02120767193993884,0.10557340851481643,0.02067833378932429
