aaaaa,aaaad,aaadd,aaada,aadda,aaddd,aadad,aadaa,addaa,addad,adddd,addda,adada,adadd,adaad,adaaa,ddaaa,ddaad,ddadd,ddada,dddda,ddddd,dddad,dddaa,dadaa,dadad,daddd,dadda,daada,daadd,daaad,daaaa
18.75916143353148,47.80951928603207,141.92117672728483,1.6840803582676669,32.75990536511121,6.51773916588207,6.112588964839087,1.0915188956961799,0.6407956771908188,0.4664536334578507,1.1266942211934394,1.1666546940162548,1.2759167047074131,0.2298601493960032,0.2442983402785634,0.02144377941125609,0.13785072163594,0.001869156331137322,0.01393640895367868,0.01943719382428856,0.26040689797340555,0.2106344872810754,0.11802546899098378,0.28883291942425265,0.020992622812510325,0.010389983847829435,0.16268812595225735,0.20253154204863674,0.07228039819256077,0.015705992732277956,0.08072349850210962,0.01590331894604462
