aaaaa,aaaad,aaadd,aaada,aadda,aaddd,aadad,aadaa,addaa,addad,adddd,addda,adada,adadd,adaad,adaaa,ddaaa,ddaad,ddadd,ddada,dddda,ddddd,dddad,dddaa,dadaa,dadad,daddd,dadda,daada,daadd,daaad,daaaa
31.637283409178455,47.782827940504674,164.28056369320902,1.7312610506191803,35.6340190682732,6.1800556798397475,5.625844740900287,1.279383587855309,0.49887188284577244,0.23082999870190826,0.9758864562782693,1.679735273247102,1.2294913604826965,0.29026981331398355,0.24348546281263067,0.027964424629119983,0.1678809710022601,0.0014354718144516808,0.011323670844729633,0.02508705549725694,0.30219106644182925,0.2721512618657462,0.0970786888518454,0.2719969521379135,0.03279592379581782,0.0038493631956756143,0.153114494429906,0.24095232938047537,0.06510724277150666,0.02152140317041179,0.09017313627072882,0.016845426424069342
