aaaaa,aaaad,aaadd,aaada,aadda,aaddd,aadad,aadaa,addaa,addad,adddd,addda,adada,adadd,adaad,adaaa,ddaaa,ddaad,ddadd,ddada,dddda,ddddd,dddad,dddaa,dadaa,dadad,daddd,dadda,daada,daadd,daaad,daaaa
22.681661500831805,56.34917567029979,170.31274184321472,2.034862811640998,42.71303748927249,7.553137505485772,6.717735527122546,1.4810230838558687,0.7493047104002338,0.6337047523243751,1.4038704654518575,1.5301965994978002,1.6338322320760827,0.25258994323699246,0.27952860306816035,0.02715912757884751,0.17073643374839728,0.002124091452061624,0.016804459277105437,0.023955442529630052,0.31018592227043307,0.24449909169923764,0.14699747479434444,0.34894306471153314,0.03165035620120396,0.013009578092073017,0.1890040019473829,0.265910187869428,0.08983045706844246,0.017911226162755728,0.09317788268887532,0.018305365684761876
