aaaaa,aaaad,aaadd,aaada,aadda,aaddd,aadad,aadaa,addaa,addad,adddd,addda,adada,adadd,adaad,adaaa,ddaaa,ddaad,ddadd,ddada,dddda,ddddd,dddad,dddaa,dadaa,dadad,daddd,dadda,daada,daadd,daaad,daaaa
17.209209674731103,60.63064854133727,171.80623076296146,2.112445926487104,46.93197298837074,8.084010265797817,7.233103029168256,1.4323821512086032,0.868923953956461,0.8758447444826668,1.585572224646004,1.5276350941731145,1.8447806098352284,0.23340716364347003,0.2972348651399367,0.02440767130769781,0.16391944641836417,0.001953382263612593,0.01750740480940013,0.028377235221639596,0.30342216584102427,0.23715242858769395,0.18363621034571376,0.3753857835462562,0.02496378395273013,0.01545955518089541,0.20329600160701808,0.27502502181115107,0.09078360998998652,0.01719478735850388,0.09789863133845061,0.01961988310486317
