aaaaa,aaaad,aaadd,aaada,aadda,aaddd,aadad,aadaa,addaa,addad,adddd,addda,adada,adadd,adaad,adaaa,ddaaa,ddaad,ddadd,ddada,dddda,ddddd,dddad,dddaa,dadaa,dadad,daddd,dadda,daada,daadd,daaad,daaaa
19.643641154975057,54.23181623426946,164.10211605641643,1.7486516887698889,38.347366015912236,6.191324638382478,6.321394950982852,1.187036129890644,0.5828663449995898,0.38449504740896323,1.0776587543097482,1.6533694129653647,1.332366400487599,0.2588914423871524,0.27205974532591953,0.02356264843320063,0.15772760822448517,0.0007059017663944122,0.01543651498796663,0.0227220506170643,0.2953093776945668,0.2528984754797183,0.12122085813640836,0.29341445551370104,0.027738299183399196,0.004886365768508443,0.16013138946974476,0.2504151899610314,0.06972435538495486,0.018774794744231497,0.09122990994536789,0.017618889355311425
