aaaaa,aaaad,aaadd,aaada,aadda,aaddd,aadad,aadaa,addaa,addad,adddd,addda,adada,adadd,adaad,adaaa,ddaaa,ddaad,ddadd,ddada,dddda,ddddd,dddad,dddaa,dadaa,dadad,daddd,dadda,daada,daadd,daaad,daaaa
17.794595778399547,49.009153861651704,137.81605502327102,2.319033930636922,35.062226723438904,8.838543625892026,7.275878024940574,1.2104914245360894,0.9148418879152947,0.9043602532678289,1.533977636883302,0.8491243261512811,1.5327714147818274,0.22744145456173467,0.2633947544322143,0.01482417360902725,0.1542386601366105,0.0009615437780271863,0.02091275465885712,0.012075477084902862,0.2559343151431502,0.19625962262252408,0.1448488873176939,0.33096893567622515,0.012769634347928339,0.02675478046255434,0.20526857666134715,0.18084214809229782,0.09627512913946547,0.013938622593941442,0.08055581502076437,0.016852726176030345
