aaaaa,aaaad,aaadd,aaada,aadda,aaddd,aadad,aadaa,addaa,addad,adddd,addda,adada,adadd,adaad,adaaa,ddaaa,ddaad,ddadd,ddada,dddda,ddddd,dddad,dddaa,dadaa,dadad,daddd,dadda,daada,daadd,daaad,daaaa
22.367867699528542,51.07472071164763,147.47326578170794,2.722268565879415,36.94310389457759,9.791135686765031,7.769999027819828,1.2991763591708736,0.9760868004357152,0.9410829581655321,1.6713366198200363,0.8792502768573807,1.6528989309974622,0.2525473373636946,0.2798986417297766,0.016578015395485902,0.16912041579450326,0.0009400091486601369,0.021263696620455557,0.01312187076677444,0.27983324138784377,0.21374387257276017,0.14860368175232724,0.3526959403823875,0.01370738853023153,0.027879315617698106,0.22520579692408305,0.1895063579169292,0.10510772574682412,0.015313587828012962,0.0864028900754287,0.0181276655016456
