aaaaa,aaaad,aaadd,aaada,aadda,aaddd,aadad,aadaa,addaa,addad,adddd,addda,adada,adadd,adaad,adaaa,ddaaa,ddaad,ddadd,ddada,dddda,ddddd,dddad,dddaa,dadaa,dadad,daddd,dadda,daada,daadd,daaad,daaaa
18.858923266605267,53.11837599920174,144.0787554534859,3.0417539194668937,34.571210123095206,9.932829745454614,9.045641788294919,1.1402367080342068,1.1517872047503879,0.9561117265555655,1.758686496536144,0.7409550571338185,1.6478959562019628,0.26903795952607135,0.2989055618480656,0.01621119138967632,0.16029853180493722,0.0012016697103269657,0.02550447842749416,0.009854533277864255,0.2776000593247964,0.20996635018627924,0.1511254439395192,0.35770671154699635,0.00956852285256928,0.036539144178473065,0.2351516972274253,0.1704677621139524,0.10538679922477057,0.015792543403001725,0.08872527862220476,0.01894430895541776
