aaaaa,aaaad,aaadd,aaada,aadda,aaddd,aadad,aadaa,addaa,addad,adddd,addda,adada,adadd,adaad,adaaa,ddaaa,ddaad,ddadd,ddada,dddda,ddddd,dddad,dddaa,dadaa,dadad,daddd,dadda,daada,daadd,daaad,daaaa
21.909413210908067,51.840853184767155,160.50719585167278,1.7927256117682884,38.349458542714906,6.4817374386823925,6.0390166873838815,1.3317005638628454,0.6106639424330651,0.45107620588074093,1.1733479634125834,1.5353672543555712,1.3937569507324474,0.2475003807832302,0.2571956608549533,0.0246905263253413,0.16067309376659764,0.0008822365034093096,0.014174535840205333,0.023814206894553776,0.2909961775561245,0.2385546516662514,0.12378476748499882,0.3055853763209871,0.02961586497221061,0.006725098130178269,0.1627540392904387,0.24765471791974927,0.07439853459771215,0.01794991129932883,0.0880233121193037,0.017030690210044934
