aaaaa,aaaad,aaadd,aaada,aadda,aaddd,aadad,aadaa,addaa,addad,adddd,addda,adada,adadd,adaad,adaaa,ddaaa,ddaad,ddadd,ddada,dddda,ddddd,dddad,dddaa,dadaa,dadad,daddd,dadda,daada,daadd,daaad,daaaa
84.21771097942752,67.88907166991252,144.86573075699724,26.52652276114885,8.831726634418857,10.822580245723909,10.360948912737431,2.9758906172828334,0.28526895173237177,0.1761207184564229,0.368113823686052,0.3982690935428158,1.0680440734298213,0.5092161055142995,0.1741591228349487,0.12053629088215943,0.22369815194080353,0.19199961962962797,0.01920202588860179,0.040754952742617985,0.0256257491138834,0.041217367306089554,0.05242512596327589,0.22635495197786426,0.12481196247077639,0.04394478364056784,0.016274201834289716,0.008909757740922557,0.09464177827640485,0.05419206190879391,0.0005583683951568496,0.015129204062248934
