aaaaa,aaaad,aaadd,aaada,aadda,aaddd,aadad,aadaa,addaa,addad,adddd,addda,adada,adadd,adaad,adaaa,ddaaa,ddaad,ddadd,ddada,dddda,ddddd,dddad,dddaa,dadaa,dadad,daddd,dadda,daada,daadd,daaad,daaaa
83.27538832666475,62.47902270651308,135.4827492469304,25.138221641810404,7.710950009492104,10.227751423821942,9.481333619719557,2.8170841394230743,0.2752654677305504,0.21596948436816069,0.3188580678832266,0.41410813554519,0.9920447554101278,0.4745799809350692,0.16316370853741152,0.11949584587961574,0.20926819677659095,0.18343350029942251,0.01859453207501485,0.03932283927605658,0.02588595617051809,0.036887885911457585,0.05114671420239592,0.21694428313788464,0.11869233924841276,0.041916201964975815,0.01616197946182607,0.008018660208882564,0.0898884125240845,0.05145478646099957,0.0006223853195668581,0.014174255374757734
