aaaaa,aaaad,aaadd,aaada,aadda,aaddd,aadad,aadaa,addaa,addad,adddd,addda,adada,adadd,adaad,adaaa,ddaaa,ddaad,ddadd,ddada,dddda,ddddd,dddad,dddaa,dadaa,dadad,daddd,dadda,daada,daadd,daaad,daaaa
62.59687563172523,55.865662129288616,123.21732295743574,22.956077327179525,6.455688369198926,8.178894984418296,8.412014240269599,2.4884272411753896,0.1875954452684363,0.13237356825851654,0.2303724760054279,0.3772542285166645,0.8639131019603234,0.42099902121163213,0.14952336019923856,0.09630836529450347,0.18690336813757644,0.15587455428985997,0.01394549800123948,0.02930809105543105,0.022168757598352736,0.03299007029543022,0.040561960022293196,0.1969947897703127,0.09659330633506782,0.03325004755559339,0.00861022662203858,0.00666253089182406,0.07666416705289018,0.045987227293461476,0.0005586765039769406,0.012307395732788443
