aaaaa,aaaad,aaadd,aaada,aadda,aaddd,aadad,aadaa,addaa,addad,adddd,addda,adada,adadd,adaad,adaaa,ddaaa,ddaad,ddadd,ddada,dddda,ddddd,dddad,dddaa,dadaa,dadad,daddd,dadda,daada,daadd,daaad,daaaa
68.90228230034006,56.90027651543352,124.30047301677308,25.176095860362796,8.133490588587078,10.193172049283284,8.721886527580384,2.728134995522837,0.288219987950773,0.29611838692307657,0.3529163789583358,0.3790229722467486,0.9912349175531716,0.45891719393478814,0.1587928445953724,0.10493063746526946,0.19201954226719647,0.16630963699178158,0.016409955472723264,0.02632699753815169,0.025827171043753983,0.030332415386725976,0.05277941638246397,0.203344050431438,0.11742399414979367,0.038860259599083576,0.025193989199487368,0.008976606893707679,0.08690819203242242,0.05347099976016253,0.0010203684596830026,0.01303836276329575
