aaaaa,aaaad,aaadd,aaada,aadda,aaddd,aadad,aadaa,addaa,addad,adddd,addda,adada,adadd,adaad,adaaa,ddaaa,ddaad,ddadd,ddada,dddda,ddddd,dddad,dddaa,dadaa,dadad,daddd,dadda,daada,daadd,daaad,daaaa
62.71976181957717,49.54250978294252,122.45981617400277,24.579145377358966,4.758849141339492,7.519650099538237,7.734719941845266,2.5011447404462714,0.1395053848206575,0.20046450576938346,0.14083375133817677,0.6225530382754498,0.8028483664730343,0.40269989270582074,0.1460520418916518,0.10199561941535423,0.18289342625689728,0.1523592640931805,0.013017363847323007,0.026071282549388064,0.02910922698687519,0.026288310430097647,0.04123756812562919,0.2174460753109347,0.08977069356048162,0.031640533041598966,0.007210154137730582,0.010429002972270769,0.07798536206446345,0.04768070858361179,0.000993014799669285,0.01181298990733245
