aaaaa,aaaad,aaadd,aaada,aadda,aaddd,aadad,aadaa,addaa,addad,adddd,addda,adada,adadd,adaad,adaaa,ddaaa,ddaad,ddadd,ddada,dddda,ddddd,dddad,dddaa,dadaa,dadad,daddd,dadda,daada,daadd,daaad,daaaa
70.40515952320789,52.94415744322494,130.176931102057,27.951665320663682,6.395393543646578,9.906859144667935,8.462780180656575,2.867193177114242,0.2332330959177709,0.3859165580788893,0.2303210557455475,0.5971659416463341,0.9563842957907516,0.4578909586945746,0.16683316632075162,0.11126376915703504,0.19535700626484034,0.17200085053166556,0.01498343194596122,0.02993226480321581,0.033180637932025955,0.027338544561603003,0.051843717396509705,0.2240464550910224,0.1144021518219028,0.040916051524736055,0.020243187958934948,0.008773983819965163,0.09564852970355053,0.0554069735430701,0.0016063121949011837,0.012435601132503867
