aaaaa,aaaad,aaadd,aaada,aadda,aaddd,aadad,aadaa,addaa,addad,adddd,addda,adada,adadd,adaad,adaaa,ddaaa,ddaad,ddadd,ddada,dddda,ddddd,dddad,dddaa,dadaa,dadad,daddd,dadda,daada,daadd,daaad,daaaa
96.81605135009812,59.763278695215504,130.02314732360415,22.58284228703151,7.70556585170046,10.233336360268,9.718735839295,2.5489938941996195,0.30511188519883353,0.17013765546468737,0.39821379315965916,0.37654962393838565,0.9875062889571341,0.4636286515718038,0.16091878639025184,0.12112299511802306,0.20682719635796692,0.18282175693131672,0.02275057806300732,0.04302161934606773,0.02207405801673857,0.040598368369787224,0.052901992161332914,0.19940599665592204,0.116701602028472,0.04394464127247751,0.017396068239301243,0.008364958440895867,0.08592571497643536,0.04812850022327538,0.00031881816716434683,0.014274651245779178
