aaaaa,aaaad,aaadd,aaada,aadda,aaddd,aadad,aadaa,addaa,addad,adddd,addda,adada,adadd,adaad,adaaa,ddaaa,ddaad,ddadd,ddada,dddda,ddddd,dddad,dddaa,dadaa,dadad,daddd,dadda,daada,daadd,daaad,daaaa
79.19266943566008,61.86410252868458,137.16835094984046,26.93867246651859,8.41593579926653,10.737005255557342,9.653272533176033,2.924564222428571,0.2905851450165462,0.2624368406389743,0.36474151807492894,0.424690388350311,1.058906695034335,0.49569741400479167,0.17345278806690675,0.11556828908056539,0.21086422737756505,0.18585320741046665,0.018046452738993125,0.03609514477482777,0.026891007656919163,0.0357399073584313,0.05378612952913357,0.21765272252649243,0.1246632877814508,0.04150518369465811,0.021272756716928992,0.00898306852807701,0.09665583923733428,0.05581322029945446,0.0008179022857507747,0.013757188111576722
