aaaa,aaad,aadd,aada,adda,addd,adad,adaa,ddaa,ddad,dddd,ddda,dada,dadd,daad,daaa
239.06947068458084,46.73902455272383,3.3257677046028604,9.143245731245685,1.0424738766106891,1.0493409943873675,0.6944372932307629,0.02918450770769482,0.11307054276464987,0.03112710088781767,0.515997451947093,0.06296985434793803,0.06298939435950243,0.09150632374420935,0.010115844125952412,0.004427149659228332
