aaaa,aaad,aadd,aada,adda,addd,adad,adaa,ddaa,ddad,dddd,ddda,dada,dadd,daad,daaa
277.88641104354565,52.27145881000363,6.788951051098343,12.71259038433096,1.710626047331041,1.0106012785370235,0.7211966414552499,0.022377529046162893,0.12621328794288,0.04221155004026247,0.5759693802087116,0.08010465088933638,0.06431039804227108,0.1005356960133186,0.011385763292946225,0.0038072675580696287
