aaaa,aaad,aadd,aada,adda,addd,adad,adaa,ddaa,ddad,dddd,ddda,dada,dadd,daad,daaa
239.33342527208433,42.58264631367833,5.067066699374255,9.608116445291857,1.3458399000255075,0.8618692725139678,0.5746253516200162,0.01959182018289811,0.12221370732803008,0.02965598218767191,0.5016806967697025,0.06184285939161921,0.058067255938131966,0.07475903933657044,0.010560989429187009,0.003274755448513901
