aaaa,aaad,aadd,aada,adda,addd,adad,adaa,ddaa,ddad,dddd,ddda,dada,dadd,daad,daaa
271.7211925458899,56.47694822040564,3.6606434166742274,10.791585101278516,1.2330900099491444,1.2938749630299908,0.8562094091798312,0.036703240606100675,0.1274692780116173,0.03781634966349009,0.587040782916752,0.07600898446238968,0.07667952563635502,0.11627511104775709,0.01182381570793889,0.005388727816558628
