aaaa,aaad,aadd,aada,adda,addd,adad,adaa,ddaa,ddad,dddd,ddda,dada,dadd,daad,daaa
252.4158505236562,46.13498686075675,6.158586138622573,11.12951371491289,1.6362489714227697,0.8988907008884087,0.6190260142344737,0.018885720238540293,0.12958350217127992,0.033500751864863974,0.5217833202594488,0.07047503492826186,0.06169890271729612,0.0810955692870683,0.011224806962171843,0.003229158486925371
