aaaa,aaad,aadd,aada,adda,addd,adad,adaa,ddaa,ddad,dddd,ddda,dada,dadd,daad,daaa
238.8707831597694,44.378520867873526,5.298356782310985,10.356074361679799,1.4440744626394442,0.8741030820880998,0.6125963109268275,0.019273173666554688,0.11877449213564653,0.03201442454155068,0.49900733505945405,0.06636405614947638,0.05803699681581093,0.08044855896213746,0.010524896524035151,0.0032883084178643037
