aaaa,aaad,aadd,aada,adda,addd,adad,adaa,ddaa,ddad,dddd,ddda,dada,dadd,daad,daaa
252.23643106089358,54.38876219906416,3.643146256181105,10.717038400609521,1.2870108213467337,1.2318446458079868,0.8261430373362687,0.0332969511370332,0.11680391379744198,0.03769028243597289,0.5381404981770362,0.07636679090058396,0.07298907235231843,0.11531912333260902,0.01122783911911861,0.004931893224179487
