aaaa,aaad,aadd,aada,adda,addd,adad,adaa,ddaa,ddad,dddd,ddda,dada,dadd,daad,daaa
238.51222025445028,49.58918592539988,3.0203731358268895,9.046659522498302,1.1156431631313988,1.23586044882722,0.740628379478301,0.033235401171005666,0.12658583280788704,0.032384441475060435,0.5202493651860373,0.06687601768146194,0.07732801366969352,0.10505495836964585,0.01120374117362342,0.005037732793415234
