aaaa,aaad,aadd,aada,adda,addd,adad,adaa,ddaa,ddad,dddd,ddda,dada,dadd,daad,daaa
282.50652564757456,61.23781190845921,3.957520682835449,11.515667582734142,1.5388164503335584,1.5269986210724695,0.9165017947390057,0.04019154567401791,0.14943438772034243,0.0412587329744814,0.6100199146967912,0.08672161911167987,0.09474296953610799,0.13475129914538614,0.013801348386048334,0.005978565232425636
