aaaa,aaad,aadd,aada,adda,addd,adad,adaa,ddaa,ddad,dddd,ddda,dada,dadd,daad,daaa
211.17523968213513,46.2895435811272,3.187855987391023,9.305691992859533,1.211872729082836,1.0734776479647643,0.6928892212705473,0.027024778857677387,0.10231859139865475,0.03363381089605994,0.4471649834065363,0.06902337893058148,0.06658122739400585,0.10319803173237935,0.009764266652523699,0.004197135230749252
