aaaa,aaad,aadd,aada,adda,addd,adad,adaa,ddaa,ddad,dddd,ddda,dada,dadd,daad,daaa
222.94025126701578,41.36954200643308,4.339362140005568,9.271809440495852,1.3187855084886364,0.8369091003137901,0.5683944427435805,0.018045969551499737,0.11908245473835521,0.02739470970947119,0.465971644942356,0.05922472384179425,0.05767716020225511,0.07075387880002568,0.0102440718354625,0.0031391239024905503
