aaaa,aaad,aadd,aada,adda,addd,adad,adaa,ddaa,ddad,dddd,ddda,dada,dadd,daad,daaa
213.79337788364657,41.76046889209926,3.959928319441903,9.12692611998913,1.1244657653756587,0.8514059753454163,0.6100077963335375,0.021884068421125627,0.0958680420362308,0.029965787938871218,0.4506826034230124,0.06038225795292416,0.05156309225577932,0.08092952256887335,0.008849292669870347,0.003397737710700422
