aaaa,aaad,aadd,aada,adda,addd,adad,adaa,ddaa,ddad,dddd,ddda,dada,dadd,daad,daaa
247.53235340685688,51.645315607929604,4.300257849522513,11.78686204871524,1.6025487681151296,1.1015340754650664,0.7597960922625274,0.02234363003660765,0.12369761768449203,0.03729056071394957,0.5172046925812296,0.07937335743193888,0.06836027901005638,0.10228826890275484,0.011612005437002306,0.004063124072961366
