aaaa,aaad,aadd,aada,adda,addd,adad,adaa,ddaa,ddad,dddd,ddda,dada,dadd,daad,daaa
252.8409421411269,48.666638575705825,5.1553463778361355,11.067282047847614,1.4000173555129096,0.9737912066989071,0.7020059166482933,0.024248918925261573,0.11190589659098027,0.03656292580011149,0.5282463674578577,0.07288491973172855,0.05947840900151386,0.09518684003724921,0.01025404571737293,0.003858855118147839
