aaaa,aaad,aadd,aada,adda,addd,adad,adaa,ddaa,ddad,dddd,ddda,dada,dadd,daad,daaa
259.5864204038615,52.81900718453276,3.832414363984924,10.501276967800672,1.1827544349462433,1.151823162478011,0.7953293326585323,0.03332419119598055,0.11453100002701112,0.036784285452621315,0.5545793338931994,0.07261897109921592,0.06767762986937728,0.10778489003404043,0.010627362646038948,0.004859962173638364
