aaa,aad,add,ada,dda,ddd,dad,daa
319.1604427394411,9.63812324198806,4.210361955642419,0.26505940589441634,0.21873249553195004,0.03327300116334193,0.05722900912805291,0.007350558788493372
