aaa,aad,add,ada,dda,ddd,dad,daa
300.079998276409,10.375318497416307,4.236377459251712,0.24347049520520467,0.2006087160775225,0.03153115401623177,0.055482218271031176,0.007898528551549005
