aaa,aad,add,ada,dda,ddd,dad,daa
278.59684559346715,9.631825221142728,3.490826117470594,0.21592915637365692,0.18950877940236197,0.0325581812402402,0.05104353704012469,0.007513081143169997
