aaa,aad,add,ada,dda,ddd,dad,daa
321.9050023738148,7.483034676545341,3.142768706031225,0.2547700090324252,0.22902920583865388,0.038233659097458024,0.057662418130955684,0.007434181859726748
