aaa,aad,add,ada,dda,ddd,dad,daa
267.5299270041749,5.9865983024751905,3.0937018667657434,0.21747458366364894,0.18114907520239243,0.027458146939779587,0.047289914064681894,0.005617333705881519
