aaa,aad,add,ada,dda,ddd,dad,daa
290.9841850693743,4.8935239104287405,2.949312591292094,0.22962839716569622,0.19654106134860785,0.030544919324943142,0.05150203895405743,0.005815231639562183
