aaa,aad,add,ada,dda,ddd,dad,daa
331.30653423599114,12.014640837643245,4.6204831267377395,0.2740407591305239,0.2287745955033062,0.0362035980610422,0.061550129741690475,0.008904204687636872
