aaa,aad,add,ada,dda,ddd,dad,daa
295.37100567379986,8.891325106867516,4.129027311640795,0.244566813332895,0.19218126375695163,0.028793308464487712,0.05388602287022465,0.00706369213189669
