aaa,aad,add,ada,dda,ddd,dad,daa
277.6410697896305,9.883576754455534,3.694335165138692,0.2222082782405921,0.19232541986618587,0.03179184158186551,0.05167466804692055,0.007642531299877043
