aaa,aad,add,ada,dda,ddd,dad,daa
292.873574679701,6.669534230627564,3.0667196331821094,0.24078189710102108,0.2086865114426885,0.03266691399124265,0.051555862980888545,0.00621696614067881
