aaa,aad,add,ada,dda,ddd,dad,daa
273.7364468756214,5.382540101275558,2.8684639165744383,0.22098953491733597,0.18652800410378445,0.02893801407603213,0.04914359350402683,0.005882406349428767
