aaa,aad,add,ada,dda,ddd,dad,daa
296.63106597521823,6.986081456589835,3.4100362415543954,0.23787205197922567,0.20323707639433403,0.0319380944713447,0.05343411370351986,0.0068821875907924745
