aaa,aad,add,ada,dda,ddd,dad,daa
275.93357663372234,11.689191465842365,3.8454928619386513,0.2197349727743507,0.19228508570662972,0.03373170933114242,0.05269939297242226,0.008391062601621705
