aaa,aad,add,ada,dda,ddd,dad,daa
295.669533143578,11.910090169831422,4.106752859083838,0.24176800089243564,0.20982878796990892,0.035072848308792745,0.05525803477349545,0.008408810551556215
