aaa,aad,add,ada,dda,ddd,dad,daa
259.9029698660488,11.259551378858546,3.8115158258832573,0.21248361539688096,0.18181878094610612,0.030361663299611992,0.049336460786678374,0.007749932193435066
