aaa,aad,add,ada,dda,ddd,dad,daa
275.3024170914902,6.50313557748735,3.2158634769773435,0.22181344269422842,0.1835783460758697,0.027983210810207798,0.04972472696314244,0.006105447540949935
