aaa,aad,add,ada,dda,ddd,dad,daa
265.739237454035,4.336200852992163,2.5753569199567066,0.2139080310091984,0.18140009087751718,0.028100805724667388,0.046552346247842186,0.005053329815503921
