aaa,aad,add,ada,dda,ddd,dad,daa
283.6452820633109,8.905319028499338,3.552355592771207,0.22022189425498997,0.1910840021757053,0.031597916823637134,0.05221857624128314,0.0073033704558946415
