aaaaaa,aaaaad,aaaadd,aaaada,aaadda,aaaddd,aaadad,aaadaa,aaddaa,aaddad,aadddd,aaddda,aadada,aadadd,aadaad,aadaaa,addaaa,addaad,addadd,addada,adddda,addddd,adddad,adddaa,adadaa,adadad,adaddd,adadda,adaada,adaadd,adaaad,adaaaa,ddaaaa,ddaaad,ddaadd,ddaada,ddadda,ddaddd,ddadad,ddadaa,ddddaa,ddddad,dddddd,ddddda,dddada,dddadd,dddaad,dddaaa,dadaaa,dadaad,dadadd,dadada,daddda,dadddd,daddad,daddaa,daadaa,daadad,daaddd,daadda,daaada,daaadd,daaaad,daaaaa
10.567244958535868,142.81630382065947,0.6831558943348298,137.96291192744795,1.2567817255996678,3.9601117763605966,0.3546845385037124,2.45565907620403,8.066309645978652,28.480201263721792,0.0725159833770335,12.712574256474205,0.7222610769875552,0.11947564916993555,2.9224769657407164,2.0428267161895466,0.4996709340051165,1.7844503045111089,1.0684269409236098,4.456662629843422,0.021880885792053356,0.8028460366766241,0.7212424934832825,0.4029083740879205,1.2375151993631146,5.302364129693279,0.0006509268555321643,3.59758272682095,0.1387463071596166,0.06582943645732971,0.21057776744771153,0.07332691761969178,0.011913335541912371,0.004803499808823261,0.00017371844058278608,0.02027237810890169,0.12366782987165639,0.013845755158276844,0.10120071348247334,0.042600509544007056,0.04153502850784522,0.10602711207983681,0.06123097182135201,0.02245120056181473,0.00319293296738092,0.0030082155075012835,0.19167875173019794,0.20632014855565514,0.10836242032455567,0.3285899184929808,0.25738548285611035,0.9310203404816328,0.018293179513343926,0.09922064190028158,0.1930935550403682,0.057834044178363415,0.26330698225363014,1.1727620506048162,2.234110573256781e-06,0.8112475912061068,0.027235298394175843,2.3176976519478662e-05,0.0471486050974365,0.0017917550844649096
