aaaaaa,aaaaad,aaaadd,aaaada,aaadda,aaaddd,aaadad,aaadaa,aaddaa,aaddad,aadddd,aaddda,aadada,aadadd,aadaad,aadaaa,addaaa,addaad,addadd,addada,adddda,addddd,adddad,adddaa,adadaa,adadad,adaddd,adadda,adaada,adaadd,adaaad,adaaaa,ddaaaa,ddaaad,ddaadd,ddaada,ddadda,ddaddd,ddadad,ddadaa,ddddaa,ddddad,dddddd,ddddda,dddada,dddadd,dddaad,dddaaa,dadaaa,dadaad,dadadd,dadada,daddda,dadddd,daddad,daddaa,daadaa,daadad,daaddd,daadda,daaada,daaadd,daaaad,daaaaa
18.137189129298775,128.13440023686053,3.9018065733591243,121.37223446603784,0.7665499802869465,2.968410660396847,1.523557064108305,2.96731323457973,5.689061944086367,21.737197552906615,0.09996482460377898,10.53599013002225,0.012686322643956596,0.7763196872930743,2.5374261815788572,1.0929200847475995,0.19511308724409254,1.2295918922295446,0.7578020465925972,3.9475049227527275,0.35406138930756137,0.16940853591609784,0.4416177115286817,0.5824050480643393,0.752367939436053,3.9933570514702716,0.016221238152422497,2.951596080142103,0.006436339739470436,0.000863442168811452,0.27216372363353303,0.0796386067723899,0.011481119610770758,0.007678106088850841,1.4653398859633195e-05,0.0106946564377875,0.08154046674122892,0.004124729197354743,0.10079869826610677,0.048252599117709793,0.03388040053884542,0.08799304955581826,0.040431807678881174,0.010761839883269649,0.009977391864482807,0.0005219347294351321,0.10728448582883009,0.10792281716143359,0.05017898930898918,0.2402686480184078,0.19290404204232298,0.8432228833990031,0.10122040853205641,0.011944034986069036,0.11666638118097192,0.09538446596662628,0.1691435635822039,0.8983687774672285,0.0014027265667987253,0.6784933160396557,0.0014922224397379653,0.007313445334039679,0.05767025320617317,0.0036564890869002346
