aaaaaa,aaaaad,aaaadd,aaaada,aaadda,aaaddd,aaadad,aaadaa,aaddaa,aaddad,aadddd,aaddda,aadada,aadadd,aadaad,aadaaa,addaaa,addaad,addadd,addada,adddda,addddd,adddad,adddaa,adadaa,adadad,adaddd,adadda,adaada,adaadd,adaaad,adaaaa,ddaaaa,ddaaad,ddaadd,ddaada,ddadda,ddaddd,ddadad,ddadaa,ddddaa,ddddad,dddddd,ddddda,dddada,dddadd,dddaad,dddaaa,dadaaa,dadaad,dadadd,dadada,daddda,dadddd,daddad,daddaa,daadaa,daadad,daaddd,daadda,daaada,daaadd,daaaad,daaaaa
12.548274391908842,124.20783285144934,1.7165241266506082,118.52932489770578,0.7497215232403173,3.556075111239353,0.38346196006741784,1.8090429672672605,6.872833670658523,24.228991180530677,0.04498758293135917,11.304560593149457,0.6249761284548171,0.06658320386211442,3.034198357812624,1.9004152951882014,0.4422089497913448,1.6584285512541703,0.8314704488948326,3.8306097022488785,0.01151909941640002,0.7639969235405093,0.7421213829106011,0.2823298396573066,1.0355040100448214,4.544827802354111,0.0007788628199492562,3.178213946034143,0.11071994964237669,0.06620596596642085,0.23406346930666877,0.06173162616544157,0.009802366963742683,0.00451925830169644,6.184479883594622e-05,0.015445397782709471,0.11284060323585081,0.013751865067093388,0.08233759814203416,0.033756505959169666,0.034765743465939025,0.08914849396509544,0.04829496899357552,0.017436335065073336,0.004055407209154626,0.004207102595099389,0.17852580636671897,0.18959018021340415,0.09653159172831961,0.30682849118969646,0.20178252454541576,0.7982948938335578,0.011531035566836071,0.09631371726922283,0.1953164670181369,0.03758825468730337,0.22067258377030485,1.002958194121176,4.087238830837604e-06,0.7152112542011715,0.021419339503109532,0.00012205273796905714,0.05207902260417037,0.0015547128152956044
