aaaaaa,aaaaad,aaaadd,aaaada,aaadda,aaaddd,aaadad,aaadaa,aaddaa,aaddad,aadddd,aaddda,aadada,aadadd,aadaad,aadaaa,addaaa,addaad,addadd,addada,adddda,addddd,adddad,adddaa,adadaa,adadad,adaddd,adadda,adaada,adaadd,adaaad,adaaaa,ddaaaa,ddaaad,ddaadd,ddaada,ddadda,ddaddd,ddadad,ddadaa,ddddaa,ddddad,dddddd,ddddda,dddada,dddadd,dddaad,dddaaa,dadaaa,dadaad,dadadd,dadada,daddda,dadddd,daddad,daddaa,daadaa,daadad,daaddd,daadda,daaada,daaadd,daaaad,daaaaa
19.459699107295474,146.16698958036415,3.5868611378829187,141.4272000598643,0.7350797578202104,3.31827267721744,2.99178375612262,4.7852914842313705,6.342523877220648,24.31246986121984,0.2979687010615114,10.350089733328266,0.140105987604389,1.4379926250429658,2.8231731023871314,1.215353250793519,0.1335258474950561,1.1275317844116517,1.0731917962123345,4.932115008452723,0.6521452063224917,0.07209148562342892,0.2712585803210687,0.9882038487985436,0.833958049629936,4.430437117969795,0.033400947493347835,3.1053732307513213,0.012793573783416235,0.0028542685564458326,0.293365287218806,0.10723028121100467,0.014732399889033793,0.010510082412339736,0.00017093497365836232,0.01517295422041205,0.08295274106387346,0.0028985161800327472,0.13899788710269298,0.07410839319827174,0.04394995572778203,0.1071001121533789,0.06425341526971619,0.02210519943569759,0.020673204915657925,0.003558608859174293,0.12205996520591464,0.12162151107858117,0.040107869551997,0.23335161032173576,0.2783539765971837,1.0808617519782142,0.16364507147190693,0.0023259915925389293,0.06964620733083982,0.1783379147422373,0.1954632247331034,1.005659736669078,0.0026257996190347486,0.7256033662070477,0.002711582186671077,0.015422691933683952,0.06048908525242287,0.0075379698163739175
