aaaaaa,aaaaad,aaaadd,aaaada,aaadda,aaaddd,aaadad,aaadaa,aaddaa,aaddad,aadddd,aaddda,aadada,aadadd,aadaad,aadaaa,addaaa,addaad,addadd,addada,adddda,addddd,adddad,adddaa,adadaa,adadad,adaddd,adadda,adaada,adaadd,adaaad,adaaaa,ddaaaa,ddaaad,ddaadd,ddaada,ddadda,ddaddd,ddadad,ddadaa,ddddaa,ddddad,dddddd,ddddda,dddada,dddadd,dddaad,dddaaa,dadaaa,dadaad,dadadd,dadada,daddda,dadddd,daddad,daddaa,daadaa,daadad,daaddd,daadda,daaada,daaadd,daaaad,daaaaa
13.982869193802145,124.07918475941334,2.2339577339151115,117.86215426026045,1.0813951845933825,2.9726698646300598,0.7131029616954604,2.399522453875453,6.117933318773581,22.684074159864537,0.06673294826200973,10.84426396107032,0.11547643501270397,0.4271876384529947,2.2925678988004825,1.2033125515058076,0.2826581192707811,1.339547676434684,0.7652064951891419,3.7469723783577833,0.18610837534976324,0.3203004572658871,0.5383784592582703,0.45350926597440383,0.858792480893521,4.18186250719999,0.007753181670886651,2.987642562858442,0.034971640360762765,0.012690353810720749,0.22096611398939328,0.07202909957740837,0.011298196356053105,0.006359396419102111,4.491669618066823e-05,0.011219471331989759,0.08639635430323171,0.005800668217913846,0.08792104040791425,0.03925123175811554,0.03512801089379321,0.0895964585742092,0.038126497992084576,0.01047688822361955,0.004469394608280324,3.18652410552494e-05,0.11437516430001422,0.11821985266851041,0.06670032001066795,0.2555262898098853,0.1902405201235815,0.7926358902971449,0.06232135765946137,0.03116564788928267,0.14311083907688085,0.07004041098822149,0.1882567064089888,0.9338735259853218,0.0006369736323453585,0.6797553231378899,0.0072366718834436525,0.002345456683617713,0.048048091746640945,0.002518167734255509
