aaaaaa,aaaaad,aaaadd,aaaada,aaadda,aaaddd,aaadad,aaadaa,aaddaa,aaddad,aadddd,aaddda,aadada,aadadd,aadaad,aadaaa,addaaa,addaad,addadd,addada,adddda,addddd,adddad,adddaa,adadaa,adadad,adaddd,adadda,adaada,adaadd,adaaad,adaaaa,ddaaaa,ddaaad,ddaadd,ddaada,ddadda,ddaddd,ddadad,ddadaa,ddddaa,ddddad,dddddd,ddddda,dddada,dddadd,dddaad,dddaaa,dadaaa,dadaad,dadadd,dadada,daddda,dadddd,daddad,daddaa,daadaa,daadad,daaddd,daadda,daaada,daaadd,daaaad,daaaaa
12.471465739870945,116.38697615723645,1.6528721472153114,113.14829647482125,0.8633363637881284,2.5220830585802196,2.0918788411656255,4.053525683915438,5.05509001303876,19.574654342939727,0.22063341263296143,8.414457123419197,0.0843486249203825,1.1571809805807525,1.9423817370284142,0.9460928466496413,0.11835842217937922,0.8905299426996051,0.8835874150619742,3.85681032506849,0.5360229203892026,0.05194870903208941,0.18532886781746602,0.847609790338025,0.6826507352040789,3.5618016317079517,0.021584721594479522,2.4971540934600425,0.009076630843073969,0.0022211092859272777,0.19478685600383008,0.08740276643775234,0.011920210759944065,0.007507982885929497,0.00010525011932844565,0.012697188691966494,0.06268174546920859,0.001912554952581941,0.11263240372572138,0.06062969374073837,0.03427931777942678,0.08471281440575137,0.0504782750945265,0.016884424392743895,0.016136221129955705,0.003185654450389123,0.09271521275882913,0.09461106570394193,0.03493497033200624,0.18318304373001124,0.2283222779745768,0.8433945207659101,0.13528082691763096,0.0014268034553640125,0.048680312969114875,0.15416077345428497,0.15880458291977348,0.8080215300137403,0.0015388368255340847,0.5833400033967833,0.00197680656450682,0.012356727705845855,0.03971241183377025,0.0062426969748033065
