aaaaaa,aaaaad,aaaadd,aaaada,aaadda,aaaddd,aaadad,aaadaa,aaddaa,aaddad,aadddd,aaddda,aadada,aadadd,aadaad,aadaaa,addaaa,addaad,addadd,addada,adddda,addddd,adddad,adddaa,adadaa,adadad,adaddd,adadda,adaada,adaadd,adaaad,adaaaa,ddaaaa,ddaaad,ddaadd,ddaada,ddadda,ddaddd,ddadad,ddadaa,ddddaa,ddddad,dddddd,ddddda,dddada,dddadd,dddaad,dddaaa,dadaaa,dadaad,dadadd,dadada,daddda,dadddd,daddad,daddaa,daadaa,daadad,daaddd,daadda,daaada,daaadd,daaaad,daaaaa
14.487035943762148,137.71251719403227,1.9868118420997236,132.74142230452608,1.1117725628498276,2.887160594640319,2.2955862523193438,4.61730349034147,5.60949066565666,22.36234197593574,0.15504047527337927,10.675122523526749,0.07506630615541224,1.3311033221955038,2.206269126882016,1.0528438589111464,0.16025230600343726,1.1181650770854714,0.9441955319471989,4.3268082953295774,0.6130341538109466,0.062003073106110994,0.24121252988911918,0.9456350811456189,0.760141946130462,4.102394074684993,0.018716431763756678,3.033497234028704,0.0075329545388342235,0.002260978701940845,0.2352583501797068,0.09470935269279997,0.01251830956983299,0.0074437363695109395,9.871617868434126e-05,0.015128328277721422,0.0737810361412856,0.0019584264816777056,0.133342633637775,0.0694560862247916,0.03268818972921956,0.09026655226919104,0.05252586255549111,0.015046172051132196,0.018735460572735008,0.0038703099253060876,0.10321540656580165,0.10670790938358966,0.04477154803664123,0.22273231280577416,0.24046189131962817,0.9293991478265241,0.16109410042836939,0.0015168082802802403,0.06717933721507688,0.1676865030785152,0.17188169334569475,0.928286002301494,0.001324044562058504,0.7092430586578083,0.0017151037629026178,0.015088412109206755,0.04749961891819861,0.00603462190507056
