aaaaaa,aaaaad,aaaadd,aaaada,aaadda,aaaddd,aaadad,aaadaa,aaddaa,aaddad,aadddd,aaddda,aadada,aadadd,aadaad,aadaaa,addaaa,addaad,addadd,addada,adddda,addddd,adddad,adddaa,adadaa,adadad,adaddd,adadda,adaada,adaadd,adaaad,adaaaa,ddaaaa,ddaaad,ddaadd,ddaada,ddadda,ddaddd,ddadad,ddadaa,ddddaa,ddddad,dddddd,ddddda,dddada,dddadd,dddaad,dddaaa,dadaaa,dadaad,dadadd,dadada,daddda,dadddd,daddad,daddaa,daadaa,daadad,daaddd,daadda,daaada,daaadd,daaaad,daaaaa
18.12620354508438,134.50850137703662,3.416186904887725,129.68822654475915,0.7460658479515577,3.059118102074442,2.4049541783102777,4.087574471821391,5.987519287145293,22.727507875188245,0.243008401899213,9.789101274369921,0.08630006465870796,1.1882855843767521,2.5932356598731037,1.1171888171100504,0.13819867847132708,1.0832797726044472,0.957426264624841,4.4778898390163375,0.5494820966210675,0.08824373665656335,0.2950378888460369,0.840962494533056,0.7889231465270681,4.151785599785645,0.02904155771193993,2.904736819000063,0.009105247590874522,0.0009199260942714013,0.2695004020066148,0.0960540962213278,0.01417153334897535,0.009508025489997114,3.1536151001902366e-05,0.013305931143849854,0.07879620135791666,0.002768995728843911,0.12268326279991798,0.06275381093517075,0.04083637569272513,0.10090365787997893,0.055746236227322624,0.0177225769522601,0.01631935559426472,0.0025413480250955846,0.11059009417578003,0.11237997975168103,0.04131033676566906,0.2207442715598981,0.2504530237756181,0.9747269512174953,0.14165715140996843,0.004230723333391424,0.07680193408254246,0.15118524443769055,0.18196263617852454,0.9453683451483594,0.002566009985918331,0.6800821354061144,0.0019806271577569663,0.012660454833495335,0.055024872746407494,0.006011390230027268
