aaaaaa,aaaaad,aaaadd,aaaada,aaadda,aaaddd,aaadad,aaadaa,aaddaa,aaddad,aadddd,aaddda,aadada,aadadd,aadaad,aadaaa,addaaa,addaad,addadd,addada,adddda,addddd,adddad,adddaa,adadaa,adadad,adaddd,adadda,adaada,adaadd,adaaad,adaaaa,ddaaaa,ddaaad,ddaadd,ddaada,ddadda,ddaddd,ddadad,ddadaa,ddddaa,ddddad,dddddd,ddddda,dddada,dddadd,dddaad,dddaaa,dadaaa,dadaad,dadadd,dadada,daddda,dadddd,daddad,daddaa,daadaa,daadad,daaddd,daadda,daaada,daaadd,daaaad,daaaaa
13.063711951481086,114.88386354795807,2.0525852122915076,110.09476763656988,0.8330220332195825,2.6642456361480846,1.3079069497784557,2.978325034412699,5.177668004519021,19.810303109596262,0.11120109271002775,9.22440894852927,0.017815211175912855,0.7204698190351564,2.0779321753664206,1.014872020081848,0.1789278364172018,1.0565511881467287,0.7658945081168796,3.606465109839323,0.3195155006624402,0.15004915513092754,0.3325866481262645,0.5862371334737765,0.7051402667130385,3.6266116608045826,0.01222843065242354,2.620645860635974,0.009061992644715144,0.000699958506566562,0.20828943974994024,0.07263910940185425,0.010208450468233984,0.0061982048938893945,2.4608597032818788e-05,0.011783672649846054,0.07214727777222414,0.003752158881510792,0.09598173651498253,0.04739188686214488,0.03081657202002025,0.0795289367183668,0.042104716266752336,0.01254468073702878,0.008990469419957956,0.0006336426175577214,0.09976272597696102,0.10160063476160168,0.045068658189017965,0.20693495213667923,0.19173568867809887,0.7728012647695488,0.09081335986603853,0.010374667425843042,0.08853622337457352,0.09759848693886039,0.15889514305155747,0.813145671016986,0.0008686981216604905,0.6017296333658452,0.0019464265168585297,0.00643048967184938,0.044359726965560335,0.0036760980312010873
