aaaaaa,aaaaad,aaaadd,aaaada,aaadda,aaaddd,aaadad,aaadaa,aaddaa,aaddad,aadddd,aaddda,aadada,aadadd,aadaad,aadaaa,addaaa,addaad,addadd,addada,adddda,addddd,adddad,adddaa,adadaa,adadad,adaddd,adadda,adaada,adaadd,adaaad,adaaaa,ddaaaa,ddaaad,ddaadd,ddaada,ddadda,ddaddd,ddadad,ddadaa,ddddaa,ddddad,dddddd,ddddda,dddada,dddadd,dddaad,dddaaa,dadaaa,dadaad,dadadd,dadada,daddda,dadddd,daddad,daddaa,daadaa,daadad,daaddd,daadda,daaada,daaadd,daaaad,daaaaa
13.387429588942323,119.43725970965818,1.7693261195964018,117.61290291859179,0.6437466360779582,2.762329437371694,2.536724141104879,4.303343269668681,5.576777996197029,20.601546798139665,0.3359053330728819,7.829534020232176,0.11369319509157096,1.154996769919082,2.271996404659488,1.0728204196467301,0.10714482789906665,0.8593554880941222,1.0333374034829859,4.260866383627882,0.5252176536869596,0.06465338380742776,0.1750494561262764,0.8839956362954733,0.7493288634625439,3.74429256604476,0.02913951938250744,2.457543824875062,0.011597883180851247,0.001980076612384537,0.2160447266201447,0.08821710620831064,0.011501929401317624,0.006690901768449667,0.0008970234482060379,0.018436272288184022,0.07257469248321978,0.0030247141001209575,0.1259105942986431,0.06762985650181752,0.03702473611902275,0.0905052685012614,0.07008434774873766,0.027794616682849816,0.01638572280700401,0.00366876382276794,0.1105151960125396,0.1152718779675895,0.03164316369156468,0.17187102316864403,0.2638330747396242,0.9209077757917835,0.13577164596471716,0.0024906723272449167,0.048030735611857854,0.1620847969324197,0.17133051155105203,0.8533876961412197,0.0027147690928398,0.5799311450711387,0.002522232530806511,0.01287531380873235,0.04290492752002263,0.006120826462728198
