aaaaaa,aaaaad,aaaadd,aaaada,aaadda,aaaddd,aaadad,aaadaa,aaddaa,aaddad,aadddd,aaddda,aadada,aadadd,aadaad,aadaaa,addaaa,addaad,addadd,addada,adddda,addddd,adddad,adddaa,adadaa,adadad,adaddd,adadda,adaada,adaadd,adaaad,adaaaa,ddaaaa,ddaaad,ddaadd,ddaada,ddadda,ddaddd,ddadad,ddadaa,ddddaa,ddddad,dddddd,ddddda,dddada,dddadd,dddaad,dddaaa,dadaaa,dadaad,dadadd,dadada,daddda,dadddd,daddad,daddaa,daadaa,daadad,daaddd,daadda,daaada,daaadd,daaaad,daaaaa
17.129614973987124,111.02539339667194,3.773951202252702,106.95926960074226,0.4475738029027377,2.5508404944342726,2.450832115211248,3.489696696801279,4.780125741273479,18.261745587922302,0.23835542097679482,7.7747007550013505,0.13786413339217354,1.113019310986143,2.3277063363378208,0.9238975087038296,0.08786652860005983,0.8458060933951136,0.776528145749637,3.7569312441179825,0.5136986650434516,0.049608685647782015,0.2317792199659045,0.712946555117954,0.61070434925314,3.322469359529372,0.030845951508251118,2.3376319246526065,0.01237845858888701,0.0029401416922916726,0.25218238462108944,0.07984066851906928,0.010596390673370912,0.008080635135980589,0.00019619190841374637,0.011516868144389222,0.06514503686089188,0.002652114304080102,0.10555618488441497,0.05723933339526407,0.03338565452160529,0.0799738304346168,0.048939895351849845,0.01748647374279675,0.016908361024873742,0.002846248786332168,0.0951826050327478,0.09319471930580425,0.027178982527295836,0.17584964826304125,0.20292346628591565,0.8243253795220984,0.1275070999250761,0.0013485172069188159,0.058452289351778174,0.1277829238212434,0.1444100985178659,0.7547212778377514,0.0025927111793072684,0.5462689915170859,0.002536020844681252,0.012391355369607627,0.05194686460909249,0.005552899822783174
