aaaaaa,aaaaad,aaaadd,aaaada,aaadda,aaaddd,aaadad,aaadaa,aaddaa,aaddad,aadddd,aaddda,aadada,aadadd,aadaad,aadaaa,addaaa,addaad,addadd,addada,adddda,addddd,adddad,adddaa,adadaa,adadad,adaddd,adadda,adaada,adaadd,adaaad,adaaaa,ddaaaa,ddaaad,ddaadd,ddaada,ddadda,ddaddd,ddadad,ddadaa,ddddaa,ddddad,dddddd,ddddda,dddada,dddadd,dddaad,dddaaa,dadaaa,dadaad,dadadd,dadada,daddda,dadddd,daddad,daddaa,daadaa,daadad,daaddd,daadda,daaada,daaadd,daaaad,daaaaa
13.325585299970498,138.2937556940419,1.361358015101468,135.8127033593292,0.9877711667082033,3.2222948532921425,2.152818183393702,4.5669070032492,6.56883776610124,24.45115733248311,0.3040261837473426,9.712517628721693,0.05017679226300107,1.0939958006536883,2.445870660782044,1.2875275539324362,0.1633764708159094,1.0798028043213996,1.1669540437107195,4.766419441597636,0.4873475231000861,0.12665778628385985,0.253319528863332,0.9185419853986023,0.906872349008368,4.441301802285303,0.023460455683986026,2.951475074903366,0.011554935818457053,2.374307355018959e-05,0.22375292095589827,0.09640629351527372,0.012467633322899513,0.007053415868385628,0.0008907169025652417,0.02073567784079948,0.08549484258884472,0.0044014950090031325,0.13551729987212727,0.07229747668590403,0.0418900012344037,0.101842100096247,0.07455202742490881,0.02908659144040618,0.014685384570207315,0.0022695052243865525,0.13146603834438628,0.13525839617008747,0.043572121144624706,0.21390810763463772,0.29113590733494293,1.0279116541111233,0.13060363660346774,0.0071281876874820915,0.0685558669314664,0.1617828065510768,0.20644651591150306,0.9994720777431411,0.0018513556376660977,0.6848312784397456,0.0025891685929313978,0.01042017543586434,0.04629159078401871,0.006129245450664974
