aaaaaa,aaaaad,aaaadd,aaaada,aaadda,aaaddd,aaadad,aaadaa,aaddaa,aaddad,aadddd,aaddda,aadada,aadadd,aadaad,aadaaa,addaaa,addaad,addadd,addada,adddda,addddd,adddad,adddaa,adadaa,adadad,adaddd,adadda,adaada,adaadd,adaaad,adaaaa,ddaaaa,ddaaad,ddaadd,ddaada,ddadda,ddaddd,ddadad,ddadaa,ddddaa,ddddad,dddddd,ddddda,dddada,dddadd,dddaad,dddaaa,dadaaa,dadaad,dadadd,dadada,daddda,dadddd,daddad,daddaa,daadaa,daadad,daaddd,daadda,daaada,daaadd,daaaad,daaaaa
16.42311057199167,124.8346862468181,3.2580150682274263,118.8277869292593,0.6964548005706139,2.80379898370214,2.0776858517892696,3.6071477693633884,4.977906592490105,19.896754723414556,0.11288707411437826,9.890045609382733,0.05592645547348045,1.08232043075777,2.3421209691272837,0.9964177762066141,0.14914097713752825,1.0821378327734925,0.7690833866467841,3.869072726058459,0.4852140798437158,0.07987964651287863,0.298670843006433,0.7197360992934225,0.6463420520042692,3.640971626500454,0.016424039091748888,2.8010502562381743,0.004898853461806765,0.001229442755598475,0.2547006928569968,0.08207426577956202,0.010753495508768562,0.007158283471314766,1.0652478672456231e-05,0.011508220296663084,0.07212014528908216,0.002615922437015437,0.11103165819906224,0.0559745721761993,0.0292716641683218,0.08036849778335127,0.042548346256967885,0.011412193771097763,0.014893293268620461,0.002215613923007158,0.09848586544606404,0.09947285030687945,0.040768587968725074,0.21433693111316393,0.19757971032484284,0.8314683280513799,0.1300585868054752,0.003054392052281454,0.08008171440081063,0.12430597707203872,0.14713753121507808,0.823778215849801,0.001210517395863301,0.6502446839907698,0.0011076937980946523,0.012528257086938308,0.05272244850954774,0.004600871230648694
