aaaaaa,aaaaad,aaaadd,aaaada,aaadda,aaaddd,aaadad,aaadaa,aaddaa,aaddad,aadddd,aaddda,aadada,aadadd,aadaad,aadaaa,addaaa,addaad,addadd,addada,adddda,addddd,adddad,adddaa,adadaa,adadad,adaddd,adadda,adaada,adaadd,adaaad,adaaaa,ddaaaa,ddaaad,ddaadd,ddaada,ddadda,ddaddd,ddadad,ddadaa,ddddaa,ddddad,dddddd,ddddda,dddada,dddadd,dddaad,dddaaa,dadaaa,dadaad,dadadd,dadada,daddda,dadddd,daddad,daddaa,daadaa,daadad,daaddd,daadda,daaada,daaadd,daaaad,daaaaa
18.122641280781213,118.18263178852825,4.1547951705065165,112.84483112525199,0.6100917916505766,2.295259391794532,3.1301301379715967,4.26213962138591,4.349407803499755,17.704089517239044,0.1426916174275611,8.933949829217612,0.2407013243990418,1.456621674845687,2.2514766561387125,0.8366270635869155,0.07983435505709419,0.8954888711664439,0.7120156766822267,3.7258753629501813,0.7223248639630334,0.008155688856777536,0.1770669182286249,0.878500144961343,0.5333052530941991,3.2235991766211067,0.026202132305556736,2.5468058180592252,0.02119713482535055,0.012443916923127888,0.2674194599362819,0.08542200404899393,0.007319753835723798,0.004968134622456534,0.00019246026997135697,0.01235702956448505,0.06388416970907351,0.0018690078636523538,0.12184386096576792,0.06639405038077173,0.02002257613750912,0.062018221488664954,0.04724713963721392,0.015279144024675922,0.026930302898574888,0.007768278421432997,0.09030487629476441,0.09048959431097439,0.024108556431885343,0.17763018546421538,0.17842008179554822,0.7886568259440464,0.18039636299982095,0.0007178262861046102,0.050655965023217286,0.1542135918183947,0.11812658544621858,0.7200508295452098,0.0036375765539748204,0.5765158592427956,0.0045331387122233445,0.021578607614262845,0.057934909495350434,0.004867025966971009
