aaaaaa,aaaaad,aaaadd,aaaada,aaadda,aaaddd,aaadad,aaadaa,aaddaa,aaddad,aadddd,aaddda,aadada,aadadd,aadaad,aadaaa,addaaa,addaad,addadd,addada,adddda,addddd,adddad,adddaa,adadaa,adadad,adaddd,adadda,adaada,adaadd,adaaad,adaaaa,ddaaaa,ddaaad,ddaadd,ddaada,ddadda,ddaddd,ddadad,ddadaa,ddddaa,ddddad,dddddd,ddddda,dddada,dddadd,dddaad,dddaaa,dadaaa,dadaad,dadadd,dadada,daddda,dadddd,daddad,daddaa,daadaa,daadad,daaddd,daadda,daaada,daaadd,daaaad,daaaaa
14.960417060175082,115.60545123883162,2.9575149579749214,109.24338048211567,0.6792977138970124,3.007847863262498,0.6758936359281988,1.914370170039295,5.783883239675904,21.13111818570568,0.048743332290857845,10.275154543312427,0.15817522336320153,0.26335574721868504,2.5720455171308028,1.3109766856283176,0.2955535469784115,1.367167846979484,0.6843497846756461,3.507487599021151,0.0915756874116948,0.4141652330637808,0.6001968314736911,0.3324043139137921,0.8148811540573936,3.928309792102507,0.005303485557071336,2.8429340412926196,0.037912740876078405,0.022516294958244715,0.24163229265564928,0.06214747702823085,0.009912262954389364,0.005814289650723472,1.1489091320442988e-05,0.010746904316842276,0.08941383967374701,0.007788672172414322,0.078560836958805,0.03384462421967705,0.0319172638184642,0.08138121928853333,0.03631031642123112,0.01128255193264038,0.003097104156218361,0.0005757952371706431,0.1250124544957658,0.1288743922280927,0.06792521793356798,0.25828714595429675,0.17002255521242232,0.7388943338764028,0.036682690405926505,0.044812469797771044,0.15705603386876707,0.04804411990953238,0.17786226065013333,0.8739661201866303,0.0003884509782941389,0.643163624962409,0.007578286748518936,0.0008799258849250304,0.0531785382804373,0.0017047944349045795
