aaaaaa,aaaaad,aaaadd,aaaada,aaadda,aaaddd,aaadad,aaadaa,aaddaa,aaddad,aadddd,aaddda,aadada,aadadd,aadaad,aadaaa,addaaa,addaad,addadd,addada,adddda,addddd,adddad,adddaa,adadaa,adadad,adaddd,adadda,adaada,adaadd,adaaad,adaaaa,ddaaaa,ddaaad,ddaadd,ddaada,ddadda,ddaddd,ddadad,ddadaa,ddddaa,ddddad,dddddd,ddddda,dddada,dddadd,dddaad,dddaaa,dadaaa,dadaad,dadadd,dadada,daddda,dadddd,daddad,daddaa,daadaa,daadad,daaddd,daadda,daaada,daaadd,daaaad,daaaaa
13.344574184326081,113.52929503732354,2.228469985266945,108.72958648263786,0.7116969703261884,2.64463278512265,1.5437241043060892,3.116690538423619,4.878428631523095,18.987519646224975,0.11197680887858259,8.995979872277239,0.017568334956029497,0.8113944209449838,2.100221975066913,0.9875428444575355,0.1599647643940164,1.0156015260160107,0.7512512343725707,3.5719650971893766,0.35139866341306714,0.12008901627195706,0.2978603193075141,0.6121469203670933,0.6557891294675828,3.474761771846397,0.012557751219968475,2.566588076899801,0.0053159687641704655,1.5271417091881757e-05,0.21436624361204018,0.0724149417595027,0.00981502494259569,0.006198115450259996,5.433867367075253e-05,0.011722239651153932,0.06968351977693499,0.0034142361960580766,0.09839102585979222,0.049492512442024336,0.02889826753154842,0.07588806910847666,0.042160897417585226,0.012673471702278206,0.010509582817029569,0.001046620023822345,0.09785684798959468,0.09905405871484782,0.04109518133038221,0.20003811976892916,0.1889025857361786,0.7672450148386255,0.09746705585297777,0.007153276974083633,0.07922875353105295,0.10319047996703164,0.14875687548734265,0.7801727030898039,0.0008273881460763948,0.5908374607917596,0.0011847465233951525,0.007971864773098114,0.04538873753570615,0.0038633776464390155
