aaaaaa,aaaaad,aaaadd,aaaada,aaadda,aaaddd,aaadad,aaadaa,aaddaa,aaddad,aadddd,aaddda,aadada,aadadd,aadaad,aadaaa,addaaa,addaad,addadd,addada,adddda,addddd,adddad,adddaa,adadaa,adadad,adaddd,adadda,adaada,adaadd,adaaad,adaaaa,ddaaaa,ddaaad,ddaadd,ddaada,ddadda,ddaddd,ddadad,ddadaa,ddddaa,ddddad,dddddd,ddddda,dddada,dddadd,dddaad,dddaaa,dadaaa,dadaad,dadadd,dadada,daddda,dadddd,daddad,daddaa,daadaa,daadad,daaddd,daadda,daaada,daaadd,daaaad,daaaaa
11.857754829366892,122.61126061628083,1.264819243942073,119.47509251491248,0.8295288212534502,3.330904229839078,0.7391884116985169,2.490251100516229,6.899060838978369,24.03179091788676,0.16042704940604707,9.801701751123403,0.24181392004034158,0.2645673239905781,2.6510572736199456,1.590468040197022,0.27859630253228906,1.2763623053093391,1.0014738635504759,4.1620385636049155,0.08357206564430816,0.4788736676027784,0.5217419313661537,0.4250964611998678,1.0049209575960791,4.423168898880575,0.007937467097134167,2.8792110991978768,0.05646156448209784,0.02787517233580008,0.21257126343794308,0.06645596970262184,0.010950728350431788,0.005572431372178345,0.0005168685043422986,0.018766840456198086,0.0997382170881352,0.010100463342695912,0.0950450108567504,0.0436311288828138,0.04153304323251293,0.09648396442345211,0.06190564478398314,0.02693284726430731,0.0031317944323117635,0.0005907633275692155,0.15601480579186572,0.16305412144194464,0.0640581213273784,0.24210619298899028,0.24298357207731391,0.8831853277775905,0.0337760049698204,0.05398780087011524,0.136775568611607,0.06478198869513448,0.2209096131243961,0.9824948966971675,0.0005701324271611712,0.6533984114374937,0.011057447388790526,0.0005146751022899525,0.046909297461322726,0.002139118481686722
