aaaaaa,aaaaad,aaaadd,aaaada,aaadda,aaaddd,aaadad,aaadaa,aaddaa,aaddad,aadddd,aaddda,aadada,aadadd,aadaad,aadaaa,addaaa,addaad,addadd,addada,adddda,addddd,adddad,adddaa,adadaa,adadad,adaddd,adadda,adaada,adaadd,adaaad,adaaaa,ddaaaa,ddaaad,ddaadd,ddaada,ddadda,ddaddd,ddadad,ddadaa,ddddaa,ddddad,dddddd,ddddda,dddada,dddadd,dddaad,dddaaa,dadaaa,dadaad,dadadd,dadada,daddda,dadddd,daddad,daddaa,daadaa,daadad,daaddd,daadda,daaada,daaadd,daaaad,daaaaa
16.212490791716476,140.0545930005981,2.9090197954560653,131.69881776034413,0.9275830450417427,3.7129813882891796,0.5323224972656223,2.072943638372757,7.054432791352143,25.9221268705695,0.024922616788786198,13.16756353234266,0.38239364281890614,0.194362862473904,3.0676695792346775,1.7040464744814896,0.46166336812998343,1.8374887882084678,0.7831740759169782,4.0551093966896685,0.056443978721696306,0.6392411150190328,0.7994870278347351,0.3508235659910985,1.0278527015347514,4.847645234542002,0.0016427912997377808,3.5783748394575774,0.07803170351369579,0.0442320031017347,0.2729331654367458,0.07296071941809466,0.01127612773594545,0.00624502591563136,6.761538551087399e-05,0.012224525040373822,0.11332841957656925,0.01082117654761505,0.090033567927985,0.03700547901213595,0.03543671598791028,0.09520559822332816,0.03970574814226345,0.0108593731566943,0.002886011185523289,0.002002336335591633,0.15932127923786496,0.165185659410586,0.10104594373251181,0.3433857008784856,0.19213233158664375,0.8502036971118596,0.029754685570190047,0.07346525758667861,0.21046342471948223,0.048185614651781596,0.22112470617756919,1.0734347049586768,5.252814465098483e-05,0.8042591674487024,0.015110237565856091,0.0001762777232400336,0.061580876394579986,0.0018301277556752973
