aaaaaa,aaaaad,aaaadd,aaaada,aaadda,aaaddd,aaadad,aaadaa,aaddaa,aaddad,aadddd,aaddda,aadada,aadadd,aadaad,aadaaa,addaaa,addaad,addadd,addada,adddda,addddd,adddad,adddaa,adadaa,adadad,adaddd,adadda,adaada,adaadd,adaaad,adaaaa,ddaaaa,ddaaad,ddaadd,ddaada,ddadda,ddaddd,ddadad,ddadaa,ddddaa,ddddad,dddddd,ddddda,dddada,dddadd,dddaad,dddaaa,dadaaa,dadaad,dadadd,dadada,daddda,dadddd,daddad,daddaa,daadaa,daadad,daaddd,daadda,daaada,daaadd,daaaad,daaaaa
9.582537536033197,111.57417347348242,0.8204997333976475,108.78995558547089,1.0339479100889521,2.4388585764946744,1.544300718556783,3.734993372670593,4.9607470563945135,19.179905389978206,0.16890429759603243,8.3789982926971,0.03720350287252497,0.9336261887241601,1.7256386159594488,0.949849778818786,0.14490340634381138,0.8960507811280523,0.8679830660659348,3.6250668393682277,0.42749394798979073,0.08093160509701458,0.19507584394664004,0.7624835079650932,0.68689852692648,3.48534328266178,0.013501084526028093,2.4486031333551526,0.009123985163224404,0.0002899918073136716,0.16250640178884446,0.07791127220883592,0.010006646124235085,0.005352790727356952,0.00026728821838100763,0.014581975030053018,0.06378504878690124,0.0024765060292133746,0.10733705894281168,0.0563120625252743,0.030013857715215666,0.07809617495858016,0.05032123347669935,0.01668764006010364,0.01231902963289225,0.0021571299979923084,0.09364135031964507,0.09751599022702707,0.03826110617034215,0.17730854436050328,0.21728169208233875,0.7808747176023896,0.11469513028446832,0.003579076771946353,0.053763489770295485,0.13458157384434985,0.15581474506297036,0.7852881670118713,0.0008944138445892685,0.5681185962525679,0.0020525639312502595,0.009469197932221557,0.03350942119990437,0.00498677087767942
