aaaaaa,aaaaad,aaaadd,aaaada,aaadda,aaaddd,aaadad,aaadaa,aaddaa,aaddad,aadddd,aaddda,aadada,aadadd,aadaad,aadaaa,addaaa,addaad,addadd,addada,adddda,addddd,adddad,adddaa,adadaa,adadad,adaddd,adadda,adaada,adaadd,adaaad,adaaaa,ddaaaa,ddaaad,ddaadd,ddaada,ddadda,ddaddd,ddadad,ddadaa,ddddaa,ddddad,dddddd,ddddda,dddada,dddadd,dddaad,dddaaa,dadaaa,dadaad,dadadd,dadada,daddda,dadddd,daddad,daddaa,daadaa,daadad,daaddd,daadda,daaada,daaadd,daaaad,daaaaa
10.055033906385399,110.26628827104304,1.0236336335320912,107.00590813494168,0.6547750139186932,3.1142011546926947,0.6164590528702616,2.1531535851398473,6.017780713800679,21.280692795939363,0.10309281434237175,9.122521851829537,0.2950664555801263,0.17995743699502492,2.4917366692385645,1.5531750218647056,0.294001778759372,1.2458277480183564,0.8673681349356487,3.6392043333330544,0.04058415511337339,0.5028268094862083,0.49094522709475746,0.35187596348554867,0.8924381671343673,3.9404979566104026,0.003075876324065824,2.6580150150917516,0.06052671676762179,0.0325231116724871,0.19206825827263221,0.057546653713640566,0.008974903936599526,0.004358502386005594,0.0005147677244561402,0.01695610530331103,0.09305435651345759,0.010515144863469997,0.08465444325049369,0.03860419979239786,0.0335546398940655,0.08111552655818215,0.053859132588482815,0.02272342825038149,0.002837027653251604,0.0010841543378600897,0.1512462667527355,0.15861928017755048,0.06533172963241315,0.2338124843672673,0.2095703701001649,0.7691867093191722,0.02089547068140825,0.05843910025402568,0.12863289969162872,0.052094121500461846,0.1948281973099339,0.8716350581779005,0.00010871210420217122,0.6000580568964925,0.011526591812017222,0.00016543290497527893,0.042839993115952386,0.0016704128297916692
