aaaaaa,aaaaad,aaaadd,aaaada,aaadda,aaaddd,aaadad,aaadaa,aaddaa,aaddad,aadddd,aaddda,aadada,aadadd,aadaad,aadaaa,addaaa,addaad,addadd,addada,adddda,addddd,adddad,adddaa,adadaa,adadad,adaddd,adadda,adaada,adaadd,adaaad,adaaaa,ddaaaa,ddaaad,ddaadd,ddaada,ddadda,ddaddd,ddadad,ddadaa,ddddaa,ddddad,dddddd,ddddda,dddada,dddadd,dddaad,dddaaa,dadaaa,dadaad,dadadd,dadada,daddda,dadddd,daddad,daddaa,daadaa,daadad,daaddd,daadda,daaada,daaadd,daaaad,daaaaa
8.170657577360656,113.94485727542455,0.43375556686492966,111.22390223362318,1.1544259260628011,2.6383773316380763,1.1410520875980565,3.5050077146455987,5.256658491689383,20.16192360380371,0.13851242481089604,8.877683378714664,0.04135457372243762,0.7436742326220938,1.7209378998700038,1.0564256860319021,0.1899531217496873,0.9841495242216954,0.9056889342265136,3.6599901392471796,0.3174022701594847,0.1478740409356519,0.23987385191008123,0.6919597980495441,0.751135374267161,3.6750045808177125,0.007871211134159003,2.572781728071825,0.017733482776858326,0.0006896733322940468,0.15019727420331389,0.07406188800270816,0.01024107606050266,0.004848506053818223,0.0002734130139838518,0.01586054455047069,0.06996867787524716,0.0036517568265592966,0.10454724176678577,0.053251281473001594,0.030764926841486472,0.07984706964633419,0.05133631630246657,0.01716391815966942,0.008532134238086962,0.0009989049363652448,0.10291467110991014,0.10886237058814349,0.04716335450423132,0.19085148160139226,0.2238626864668259,0.7827847831011294,0.0910233813294598,0.010392353687170617,0.0661275089909188,0.1191315740951353,0.16763953349376357,0.8235112569087971,0.0003953122019389592,0.5927537464222057,0.0037500160357856003,0.006445844842526108,0.03141657648989927,0.003990915869277717
