aaaaaa,aaaaad,aaaadd,aaaada,aaadda,aaaddd,aaadad,aaadaa,aaddaa,aaddad,aadddd,aaddda,aadada,aadadd,aadaad,aadaaa,addaaa,addaad,addadd,addada,adddda,addddd,adddad,adddaa,adadaa,adadad,adaddd,adadda,adaada,adaadd,adaaad,adaaaa,ddaaaa,ddaaad,ddaadd,ddaada,ddadda,ddaddd,ddadad,ddadaa,ddddaa,ddddad,dddddd,ddddda,dddada,dddadd,dddaad,dddaaa,dadaaa,dadaad,dadadd,dadada,daddda,dadddd,daddad,daddaa,daadaa,daadad,daaddd,daadda,daaada,daaadd,daaaad,daaaaa
12.379067524842005,136.41401447292193,1.4494630307445178,129.97858789498423,0.9440706429911397,3.8352215950404345,0.3882276131445556,2.087130011508744,7.328181481961179,26.315280121081695,0.03476206558866116,12.621232771981504,0.6605397557280984,0.09331933723768746,3.0722417606066394,1.978658410384446,0.5137112116080392,1.8434998282418718,0.887581950449152,4.081456891661368,0.016523010832383972,0.7993449435220662,0.765313876363345,0.3360884999696764,1.1163179937634484,4.938509911169788,0.00022364072088575966,3.508713522035121,0.12190468527426697,0.06690323018811428,0.2361048913736819,0.06836272631223408,0.01050072047546698,0.004725633127696758,3.045617445936872e-05,0.016238599621872112,0.12041492350781634,0.013853873302583242,0.09176150298702944,0.037687510593661176,0.03537971023452785,0.0947321865800395,0.049900373077425994,0.01615122733863011,0.0034461876051736693,0.0037822656166110265,0.18556164297235803,0.19712182748110507,0.11058363891699179,0.34053209328351053,0.2141925292617657,0.8500353210034367,0.015087921805481996,0.09911156216045072,0.2037590771357497,0.04563032990290953,0.23669758048311795,1.0885424879539967,1.1653589457142975e-05,0.7891972417582492,0.023299105126700543,4.829340766763627e-05,0.053029728197990886,0.0016815802748675031
