aaaaaa,aaaaad,aaaadd,aaaada,aaadda,aaaddd,aaadad,aaadaa,aaddaa,aaddad,aadddd,aaddda,aadada,aadadd,aadaad,aadaaa,addaaa,addaad,addadd,addada,adddda,addddd,adddad,adddaa,adadaa,adadad,adaddd,adadda,adaada,adaadd,adaaad,adaaaa,ddaaaa,ddaaad,ddaadd,ddaada,ddadda,ddaddd,ddadad,ddadaa,ddddaa,ddddad,dddddd,ddddda,dddada,dddadd,dddaad,dddaaa,dadaaa,dadaad,dadadd,dadada,daddda,dadddd,daddad,daddaa,daadaa,daadad,daaddd,daadda,daaada,daaadd,daaaad,daaaaa
11.5081953254071,121.49789152259788,1.3199825697908785,116.98800948184395,0.8966293618696037,3.175421192963923,0.7357712994269442,2.518744260138538,6.219229383918938,22.64600741769625,0.09140721158757255,10.207584887441518,0.17636888499042092,0.33633172726535165,2.4121341735851605,1.4081180654663494,0.2954062676468563,1.3163987514448887,0.8714999643023073,3.8477553851172814,0.11422201727763369,0.401226243270132,0.49286983959826514,0.4454319810090203,0.9001977138351227,4.183769923515887,0.00494247495866784,2.907560273743258,0.04544605220800932,0.01929793475370664,0.20480899697419225,0.06718913371949399,0.010691763273745243,0.0052100607127390725,0.0001186540896171208,0.015705472722417377,0.0922089449797516,0.007817187609843027,0.09361421132203346,0.04233484726880219,0.03482604955246566,0.08821517177992783,0.049996032656384165,0.017460997242779677,0.003255525545762591,0.00017746719323265638,0.13606579201944818,0.1438867119016503,0.06823947259094072,0.24702050056316344,0.21483983043192484,0.8115633548486819,0.043680577784145316,0.04285495909586793,0.13146625150415217,0.0693584740387733,0.19538300168188658,0.9317518217394395,0.0003041229054796877,0.6625013368244922,0.009135284169213139,0.001409499501598106,0.044203418425885786,0.0020774406695079797
