aaaaaa,aaaaad,aaaadd,aaaada,aaadda,aaaddd,aaadad,aaadaa,aaddaa,aaddad,aadddd,aaddda,aadada,aadadd,aadaad,aadaaa,addaaa,addaad,addadd,addada,adddda,addddd,adddad,adddaa,adadaa,adadad,adaddd,adadda,adaada,adaadd,adaaad,adaaaa,ddaaaa,ddaaad,ddaadd,ddaada,ddadda,ddaddd,ddadad,ddadaa,ddddaa,ddddad,dddddd,ddddda,dddada,dddadd,dddaad,dddaaa,dadaaa,dadaad,dadadd,dadada,daddda,dadddd,daddad,daddaa,daadaa,daadad,daaddd,daadda,daaada,daaadd,daaaad,daaaaa
13.385442633356394,137.6776349723681,2.480806485578947,125.13542644665273,1.0786139129158705,3.7769189388093825,0.059435351804002313,1.1896903457808614,6.75916529025448,25.69817363982691,0.042762663705009064,15.91069453334275,1.3082850570340558,4.182848905632342e-05,3.124221399508533,2.047231096809217,1.0682912681063093,2.832349928828005,0.4762313844823012,3.167066641488146,0.03483734492159565,1.2443923085188056,1.1109941230438551,0.195479167454756,1.1166350547622779,5.025688024135846,0.00846297837275109,4.02622100074967,0.23381267663943953,0.1460911328533362,0.24836628686532475,0.06867561900974052,0.008652711107612314,0.003792676026010287,0.000913526276853705,0.008108446308935889,0.12621758815408984,0.015468962193667031,0.07115346639146432,0.02531471656351251,0.0203939753716486,0.07178801481930755,0.01896315021214446,0.0008158495158817309,0.003687476036097232,0.010144656709818524,0.18234037319287066,0.1923357657240146,0.21122180376868663,0.515500775552942,0.11381023375583396,0.6475916201378339,0.007483179746921814,0.1597865641478689,0.29258677867369237,0.02043700658576334,0.22889461503631858,1.0827473358239201,0.001866961289103912,0.8777287382197214,0.042295293549449185,0.003212478356101327,0.061210237473689574,0.0016140883666393045
