aaaaaa,aaaaad,aaaadd,aaaada,aaadda,aaaddd,aaadad,aaadaa,aaddaa,aaddad,aadddd,aaddda,aadada,aadadd,aadaad,aadaaa,addaaa,addaad,addadd,addada,adddda,addddd,adddad,adddaa,adadaa,adadad,adaddd,adadda,adaada,adaadd,adaaad,adaaaa,ddaaaa,ddaaad,ddaadd,ddaada,ddadda,ddaddd,ddadad,ddadaa,ddddaa,ddddad,dddddd,ddddda,dddada,dddadd,dddaad,dddaaa,dadaaa,dadaad,dadadd,dadada,daddda,dadddd,daddad,daddaa,daadaa,daadad,daaddd,daadda,daaada,daaadd,daaaad,daaaaa
15.297775132991879,123.92328809778195,3.1688720476747783,115.19496042069233,0.7651568169797458,3.2660554472669547,0.46922866514332096,1.7169293899985847,5.89560813503218,22.21439241019707,0.005322224323692512,12.127709933278952,0.3091944029615428,0.17660161901090474,2.7212970176403553,1.447484119467019,0.4428233228735967,1.7220001746531273,0.6030484403188614,3.4122724786984886,0.052727461813614054,0.5572769980014555,0.7368659010149029,0.29430728254401917,0.8556535895581423,4.180251485773337,0.0006524728064327288,3.2256332245867774,0.06348590304785548,0.03811074086395941,0.25395803555399615,0.06431354806333707,0.009543612000369643,0.00539441551526225,0.00027224410289550244,0.00881745510709753,0.09871182384869319,0.00921457035953845,0.07623335405454727,0.030828675932743573,0.02792778860179907,0.07865339061998788,0.028292298379088244,0.006028935881733597,0.0023454065357987183,0.0017340768782816646,0.1340239883069448,0.13858738900725173,0.09636975670327655,0.32136191012612786,0.1484751467089323,0.7114417802420051,0.027216094306768357,0.06322701193919034,0.19448879222120463,0.03892605864513884,0.18304963843563368,0.9222757319946738,1.0072583605738504e-06,0.723164912635584,0.012063867642410603,0.00023499597514821892,0.057086658693336643,0.001565079923079788
