aaaaaa,aaaaad,aaaadd,aaaada,aaadda,aaaddd,aaadad,aaadaa,aaddaa,aaddad,aadddd,aaddda,aadada,aadadd,aadaad,aadaaa,addaaa,addaad,addadd,addada,adddda,addddd,adddad,adddaa,adadaa,adadad,adaddd,adadda,adaada,adaadd,adaaad,adaaaa,ddaaaa,ddaaad,ddaadd,ddaada,ddadda,ddaddd,ddadad,ddadaa,ddddaa,ddddad,dddddd,ddddda,dddada,dddadd,dddaad,dddaaa,dadaaa,dadaad,dadadd,dadada,daddda,dadddd,daddad,daddaa,daadaa,daadad,daaddd,daadda,daaada,daaadd,daaaad,daaaaa
8.799393105234133,117.91855177448711,0.6447913009902851,113.03594877264922,1.3421807942267685,2.6370580622287414,0.9507125370900966,3.300600589767683,4.9089807673771935,19.84089173635713,0.05484200865548328,10.169909957572129,0.037246053625576564,0.7789822408801343,1.6402759071659558,0.9781497901229546,0.22776086295684297,1.1033307295502497,0.7747984462309809,3.456776486837333,0.34169207258102835,0.1398043119661922,0.2919595392189212,0.65790654023033,0.6944661773084067,3.6318845013107977,0.004006057109536474,2.7846485578733233,0.01685037380039245,0.00030347609500295993,0.1559426301620169,0.0745711552330185,0.010365860491362192,0.005103735413705422,1.8741646974918525e-06,0.01196209287207792,0.06826210224338498,0.0027692458266198286,0.09924204243339997,0.0482554906912631,0.02670882388808234,0.0758385261317135,0.037077356135615275,0.008663869501253309,0.008779513693812309,0.0009057120128882256,0.09142563006697987,0.09655000728874437,0.055312716521167274,0.21326950596554572,0.1929178373104146,0.737318953799061,0.09912620587136499,0.009110812425920595,0.08086069853919774,0.11124921342674687,0.15330877460919065,0.8138166571448295,0.00010574335355521388,0.6403186968447238,0.003569338266691688,0.0073807697700779985,0.03309636306718331,0.0037161921402037975
