aaaaaa,aaaaad,aaaadd,aaaada,aaadda,aaaddd,aaadad,aaadaa,aaddaa,aaddad,aadddd,aaddda,aadada,aadadd,aadaad,aadaaa,addaaa,addaad,addadd,addada,adddda,addddd,adddad,adddaa,adadaa,adadad,adaddd,adadda,adaada,adaadd,adaaad,adaaaa,ddaaaa,ddaaad,ddaadd,ddaada,ddadda,ddaddd,ddadad,ddadaa,ddddaa,ddddad,dddddd,ddddda,dddada,dddadd,dddaad,dddaaa,dadaaa,dadaad,dadadd,dadada,daddda,dadddd,daddad,daddaa,daadaa,daadad,daaddd,daadda,daaada,daaadd,daaaad,daaaaa
12.123802448568437,111.73104957369378,1.5895365135470443,108.97394834015509,0.8590552980658661,2.384579183050125,2.056595847387706,3.963693442010996,5.005057007747193,19.096383803946896,0.2476795985506768,7.889594785205158,0.09478931482551359,1.1290742101539577,1.86081484065987,0.906551977557662,0.10859163355725882,0.8361859561746395,0.8722914628695565,3.759268176015144,0.5374238500574656,0.046035757872780095,0.1702948127089874,0.8418617273422522,0.6774672617216827,3.472713865003066,0.024335802831406596,2.368117640424659,0.010223138388605703,0.002238796968533614,0.18530790195033714,0.08666743511931954,0.011543424819748514,0.007280477920824617,0.00014626815368571228,0.01265044307910042,0.0602388320584545,0.0017882351873140163,0.10974348438097069,0.059627426056502085,0.034333914886852036,0.08355804974915015,0.051296478832727456,0.017824138385285827,0.016252403977203157,0.0033133619792862024,0.08936713086801855,0.09114516063162217,0.03233180115817557,0.1723481662859157,0.22510092245717067,0.8224383481012972,0.13470765425935266,0.0011168753561383992,0.044863517531767726,0.15385221721609563,0.15757650859652345,0.7879402387687146,0.0019345083432556571,0.5536158337790812,0.0022092796185162046,0.011966504607445425,0.037706702171940915,0.0064455264245307405
