aaaaaa,aaaaad,aaaadd,aaaada,aaadda,aaaddd,aaadad,aaadaa,aaddaa,aaddad,aadddd,aaddda,aadada,aadadd,aadaad,aadaaa,addaaa,addaad,addadd,addada,adddda,addddd,adddad,adddaa,adadaa,adadad,adaddd,adadda,adaada,adaadd,adaaad,adaaaa,ddaaaa,ddaaad,ddaadd,ddaada,ddadda,ddaddd,ddadad,ddadaa,ddddaa,ddddad,dddddd,ddddda,dddada,dddadd,dddaad,dddaaa,dadaaa,dadaad,dadadd,dadada,daddda,dadddd,daddad,daddaa,daadaa,daadad,daaddd,daadda,daaada,daaadd,daaaad,daaaaa
12.06947169367252,104.80661939462873,1.8328373895028562,101.2620679018739,0.7363881009486706,2.3887673077953573,1.455466880187714,3.015675374915358,4.833144808851378,18.188770851914647,0.15272567621697083,7.922621708142818,0.0267209014410127,0.7593513103628516,1.9080381148420984,0.9114906716094565,0.13621805043777,0.8919799287854727,0.7547351957989153,3.4224820113643997,0.3504671497807486,0.10474960212741148,0.2549329085197901,0.6067889760561836,0.6524668054743485,3.320412796622572,0.016238883970211476,2.3140937028670567,0.007020794967955752,1.8570200562853614e-05,0.1899934958085911,0.07013363136590846,0.009688670457067143,0.005682938747418686,0.00010744395085130628,0.012204199638233444,0.06486264735742929,0.003007427216271403,0.09410954977154616,0.04752306407113562,0.029687797361234974,0.07542433288182658,0.04469142284575771,0.014524312569508407,0.009919839357822936,0.0012193554850690597,0.09080256409955675,0.09369592537310477,0.036447187685324844,0.17481299348946464,0.1912741976230568,0.7331093396687813,0.09638844929495,0.006366028332408278,0.06887861797024844,0.10491550192158887,0.14705309084237822,0.7498798620268826,0.001433286096231767,0.5368565566676783,0.00166367955866831,0.0075845976989916,0.03917303540223361,0.003854370076198249
