aaaaaa,aaaaad,aaaadd,aaaada,aaadda,aaaddd,aaadad,aaadaa,aaddaa,aaddad,aadddd,aaddda,aadada,aadadd,aadaad,aadaaa,addaaa,addaad,addadd,addada,adddda,addddd,adddad,adddaa,adadaa,adadad,adaddd,adadda,adaada,adaadd,adaaad,adaaaa,ddaaaa,ddaaad,ddaadd,ddaada,ddadda,ddaddd,ddadad,ddadaa,ddddaa,ddddad,dddddd,ddddda,dddada,dddadd,dddaad,dddaaa,dadaaa,dadaad,dadadd,dadada,daddda,dadddd,daddad,daddaa,daadaa,daadad,daaddd,daadda,daaada,daaadd,daaaad,daaaaa
13.490014835504402,119.55371271019088,2.078015950264782,115.15056806357161,0.8272333874021521,2.5315028690509176,2.2363244203204067,4.072020476019263,4.761000934829662,19.104414314057376,0.14406250202100815,9.140314591979038,0.08964854490062882,1.221696898348964,2.00502366334921,0.9179198084945647,0.12712788922894286,0.9570417939870238,0.813175342452379,3.785886420044433,0.5527642222695177,0.04576648577818524,0.20122588526504262,0.8317458271459763,0.6381773594129038,3.502947330997127,0.017870328865803364,2.6107700423767493,0.007163748543044886,0.003073961781532422,0.21772199909677342,0.08277657491930332,0.010534113944592185,0.006799788026541634,0.00014787176908329886,0.012956584973142525,0.06325708448358622,0.0018023502534162466,0.1168307121092602,0.06252926491527841,0.02832861234919511,0.07656620488078905,0.04600372605615878,0.014001242439243942,0.017759190542242384,0.0036458700488271076,0.09118706829072504,0.09229871260009484,0.03561455642431555,0.19299734432901605,0.2063218713631673,0.81762222135791,0.1423518904804735,0.0007137920843340896,0.05487680275500452,0.14661339316352295,0.1466281473517296,0.7898795596920891,0.0011300648279630105,0.6081609639914467,0.001602641604989149,0.013817842888894155,0.04455201662758169,0.0056044767005898905
