aaaaaa,aaaaad,aaaadd,aaaada,aaadda,aaaddd,aaadad,aaadaa,aaddaa,aaddad,aadddd,aaddda,aadada,aadadd,aadaad,aadaaa,addaaa,addaad,addadd,addada,adddda,addddd,adddad,adddaa,adadaa,adadad,adaddd,adadda,adaada,adaadd,adaaad,adaaaa,ddaaaa,ddaaad,ddaadd,ddaada,ddadda,ddaddd,ddadad,ddadaa,ddddaa,ddddad,dddddd,ddddda,dddada,dddadd,dddaad,dddaaa,dadaaa,dadaad,dadadd,dadada,daddda,dadddd,daddad,daddaa,daadaa,daadad,daaddd,daadda,daaada,daaadd,daaaad,daaaaa
17.34090838589721,114.95039699045405,4.34187748401114,107.80380582390468,0.5744100182757962,2.119043199948407,3.725240996405251,4.7379299270864195,3.2450664091378023,14.741182488581783,0.061767320704800475,9.297900948496341,0.4482238735830268,1.8972856079124882,2.040274293041209,0.7066158438856696,0.07094141106705491,0.866082901873838,0.569469539992003,3.324588597284836,0.9096818278271182,0.0023827616188209786,0.11613867805258507,0.957075116427866,0.38026996703511584,2.7020431864351675,0.015357820374138275,2.5547354849120385,0.04257841972906747,0.03272043041527843,0.2620866236810656,0.08385938000265439,0.009903231659125091,0.007531173921279442,0.00011752764531102814,0.006973202513994328,0.04600355450260034,0.00011144446007600062,0.11971328142175056,0.06518349939898167,0.019899980244739525,0.0594476746507283,0.028144525052446558,0.00693043974136767,0.028478381751007354,0.008796642372266182,0.06559949012158062,0.0657561314503361,0.02598827496466521,0.18274726315875775,0.15740952849878626,0.7304321345976496,0.21668425141992356,0.006922912622778848,0.03085509158665717,0.1787161036344279,0.09174719206939391,0.6228252497701589,0.0006112806975166184,0.6046216267128314,0.007971905737032397,0.029000959922980796,0.05155053339854691,0.006358918790492897
