aaaaaa,aaaaad,aaaadd,aaaada,aaadda,aaaddd,aaadad,aaadaa,aaddaa,aaddad,aadddd,aaddda,aadada,aadadd,aadaad,aadaaa,addaaa,addaad,addadd,addada,adddda,addddd,adddad,adddaa,adadaa,adadad,adaddd,adadda,adaada,adaadd,adaaad,adaaaa,ddaaaa,ddaaad,ddaadd,ddaada,ddadda,ddaddd,ddadad,ddadaa,ddddaa,ddddad,dddddd,ddddda,dddada,dddadd,dddaad,dddaaa,dadaaa,dadaad,dadadd,dadada,daddda,dadddd,daddad,daddaa,daadaa,daadad,daaddd,daadda,daaada,daaadd,daaaad,daaaaa
9.22277563783734,115.80329852200299,0.5387180665174295,114.93628605640154,0.8414991689115043,3.001588488458148,1.2618799629726831,3.402944336421622,6.212368396571156,22.0354398666911,0.2699558507960177,8.164146863499266,0.06226532988408812,0.5688039298507507,2.1820679079932703,1.3218149229074947,0.18201368624962547,0.9710272457733696,1.0986576940237076,4.147855287691061,0.22371158069723918,0.24581371751223785,0.27697032958314505,0.6354440095130135,0.8955744432123501,4.010979083162176,0.013509414512179357,2.522671696960213,0.024268027750609916,0.0053051889921077134,0.17269605340856053,0.0716543195510864,0.010563545816698595,0.00515629014600837,0.0013825050515372667,0.021668093678849514,0.08402977668459735,0.006725984076843571,0.10954738237463879,0.0558925400900423,0.039320801614919125,0.09115705030018842,0.07320210240676077,0.03268669623550087,0.006118439609896993,0.00025607023199835174,0.13491164628319596,0.1414248766878222,0.04488933920886332,0.18741816374180148,0.2682588250686169,0.8877947960627978,0.06737871366275877,0.022890062470534902,0.07464595142966786,0.10808984609595003,0.19989657225432889,0.8971293400664155,0.0010136319605388746,0.5812410437679566,0.004965932662881858,0.0036232035843927536,0.03653357476163563,0.003513907457976625
