aaaaaa,aaaaad,aaaadd,aaaada,aaadda,aaaddd,aaadad,aaadaa,aaddaa,aaddad,aadddd,aaddda,aadada,aadadd,aadaad,aadaaa,addaaa,addaad,addadd,addada,adddda,addddd,adddad,adddaa,adadaa,adadad,adaddd,adadda,adaada,adaadd,adaaad,adaaaa,ddaaaa,ddaaad,ddaadd,ddaada,ddadda,ddaddd,ddadad,ddadaa,ddddaa,ddddad,dddddd,ddddda,dddada,dddadd,dddaad,dddaaa,dadaaa,dadaad,dadadd,dadada,daddda,dadddd,daddad,daddaa,daadaa,daadad,daaddd,daadda,daaada,daaadd,daaaad,daaaaa
9.923880954799632,115.96759718891393,0.8486826648820796,112.93339193837333,1.0870320192365694,2.577083348702198,1.4660796116842272,3.72454421803205,5.2481877903936125,20.121152899009445,0.16141669170170161,8.816436781844558,0.0329574679249614,0.8935205665019036,1.811260888278733,1.0016272060259939,0.16127872436828056,0.9570072745990432,0.8937109356602232,3.7500616717704074,0.40730320809062937,0.10276058677958214,0.2239870081244027,0.7540950952523684,0.72881491829244,3.665811519255625,0.012776906721215172,2.570436317847225,0.010801668576652445,1.1218276557268868e-05,0.16918840663117132,0.07917175660004507,0.01077063054316414,0.005347589650463623,0.00018974786861336067,0.015243345480466415,0.06838787684989159,0.0028246933272569256,0.10945602951233398,0.056063020317474205,0.03125369610678004,0.0818754817595612,0.0516878518568533,0.01669214791503905,0.011126572451291675,0.001868125594295453,0.09777893747893121,0.10379825338013296,0.042741158540028114,0.18642810384597824,0.22534652069969613,0.8019773951765113,0.11221241156388813,0.005729199127781722,0.06230056186048695,0.13294139220529,0.1631391679664665,0.8280512304640623,0.0009402089755241683,0.5976324755527738,0.0025381914024778674,0.009114003505475771,0.03428941788740183,0.004532504611421061
