aaaaaa,aaaaad,aaaadd,aaaada,aaadda,aaaddd,aaadad,aaadaa,aaddaa,aaddad,aadddd,aaddda,aadada,aadadd,aadaad,aadaaa,addaaa,addaad,addadd,addada,adddda,addddd,adddad,adddaa,adadaa,adadad,adaddd,adadda,adaada,adaadd,adaaad,adaaaa,ddaaaa,ddaaad,ddaadd,ddaada,ddadda,ddaddd,ddadad,ddadaa,ddddaa,ddddad,dddddd,ddddda,dddada,dddadd,dddaad,dddaaa,dadaaa,dadaad,dadadd,dadada,daddda,dadddd,daddad,daddaa,daadaa,daadad,daaddd,daadda,daaada,daaadd,daaaad,daaaaa
17.22834649938016,126.25926588419694,3.2223496958337816,122.76479050342765,0.45910777105833045,3.102145406138371,2.6218350450078525,3.924746190124056,5.73399222518961,21.2876810926429,0.28347609882396807,8.626822733019841,0.08614767548959462,1.0791880795133704,2.735055256590331,1.167154275770862,0.12078106812341656,0.9895377244286309,0.99227623353478,4.433469454048184,0.45895037721558424,0.10205548446028749,0.26191241004875654,0.7755992901531564,0.7620867749473723,3.908822392950742,0.02687671717170116,2.675475717941641,0.00858475038499026,0.0005792533809581365,0.2703908827417671,0.086615480884603,0.0131888461699032,0.008821941914408004,0.00034728337956223005,0.015481862252479512,0.07928613859742101,0.0037091246464528117,0.12059091204760534,0.062234026596021765,0.03983215327331072,0.09566010866506862,0.06348025476960639,0.023964570816631624,0.013993703434412431,0.0021184580964052177,0.11833632243775105,0.12110351720927735,0.036229813364255764,0.20035428312049872,0.2576406979915928,0.9630916492256746,0.11935359962427657,0.006203010953991868,0.06766467529823267,0.14050951696471678,0.17584240040981686,0.8915310824557057,0.002227153760641655,0.6294780723204535,0.0018522534806827507,0.011196197377782394,0.054335882928036004,0.005350235446687001
