aaaaaa,aaaaad,aaaadd,aaaada,aaadda,aaaddd,aaadad,aaadaa,aaddaa,aaddad,aadddd,aaddda,aadada,aadadd,aadaad,aadaaa,addaaa,addaad,addadd,addada,adddda,addddd,adddad,adddaa,adadaa,adadad,adaddd,adadda,adaada,adaadd,adaaad,adaaaa,ddaaaa,ddaaad,ddaadd,ddaada,ddadda,ddaddd,ddadad,ddadaa,ddddaa,ddddad,dddddd,ddddda,dddada,dddadd,dddaad,dddaaa,dadaaa,dadaad,dadadd,dadada,daddda,dadddd,daddad,daddaa,daadaa,daadad,daaddd,daadda,daaada,daaadd,daaaad,daaaaa
13.067917617783824,111.12272794433463,1.8733264838146357,108.73765108256224,0.6855064172040317,2.704047814620856,1.5199842245288129,3.0928722589098165,5.759678742497111,20.513547279507865,0.2560864269936545,7.847301870243735,0.029036287426135263,0.6772129976880777,2.2283802449142964,1.0986961674143096,0.14108091407971896,0.9183974293144995,0.9182619592262551,3.907640430588297,0.30990331715193425,0.16291528706547379,0.29196136941782624,0.6083469940468357,0.7887434292883218,3.732374188669376,0.022700767287441644,2.389182148869034,0.01096672853409298,0.001345962216195695,0.20778749270129776,0.0732621149521538,0.010426592987541006,0.006363230499586258,0.0005815218781389147,0.01591407250180734,0.07562451038935498,0.004996867311472721,0.10010508155822705,0.051761912447325635,0.038268095032736205,0.0872443843548501,0.05949456253173934,0.02464796283569913,0.008771384990988215,0.0006234807420356091,0.11309512239257634,0.11481502468786729,0.036809319596404724,0.18094481700775034,0.22835842354884894,0.8404544794346125,0.08592895607474092,0.01257628751198323,0.07702402998136003,0.10341876691597819,0.17915116811813608,0.8380592701629288,0.002101335910966778,0.5513501931421277,0.0024316164635721713,0.005406083724453979,0.04375275765926276,0.004059499861783604
