aaaaaa,aaaaad,aaaadd,aaaada,aaadda,aaaddd,aaadad,aaadaa,aaddaa,aaddad,aadddd,aaddda,aadada,aadadd,aadaad,aadaaa,addaaa,addaad,addadd,addada,adddda,addddd,adddad,adddaa,adadaa,adadad,adaddd,adadda,adaada,adaadd,adaaad,adaaaa,ddaaaa,ddaaad,ddaadd,ddaada,ddadda,ddaddd,ddadad,ddadaa,ddddaa,ddddad,dddddd,ddddda,dddada,dddadd,dddaad,dddaaa,dadaaa,dadaad,dadadd,dadada,daddda,dadddd,daddad,daddaa,daadaa,daadad,daaddd,daadda,daaada,daaadd,daaaad,daaaaa
15.90189006002565,125.20083394861592,2.7961064633432504,120.87354566527313,0.7142378974351202,2.8019088573024447,2.401845084847539,4.083140620309371,5.352760175188583,20.70041367014552,0.2207082689287364,9.092752588994934,0.10308826222241077,1.2168373844673623,2.323173199921525,1.018443122295142,0.12239927071431286,0.9828299569605383,0.8974001178036887,4.140511693374019,0.5560028136276636,0.061539412029768675,0.2349189686995015,0.8425991383390683,0.7056102392987244,3.778992392109216,0.025228097268214397,2.6954595860848776,0.009439952693055004,0.002356879049473931,0.24112827126987432,0.09093381086181286,0.012933843856688694,0.008530851957413986,4.894927047133931e-05,0.012697708378101198,0.07051606857460123,0.0021351527160927137,0.11868179068382652,0.06149271972376555,0.03588167690126907,0.09113713851624325,0.052251339261420365,0.01641934778927409,0.01686233568969035,0.003148866911134879,0.10037034793843051,0.10248368907151682,0.03715545308643443,0.20086725835306637,0.23508095795189313,0.902412969270852,0.14181649663632273,0.0021318054382841404,0.06168173106976505,0.15329210673468147,0.16308637148303268,0.8617244296523714,0.002081095749653587,0.6327549667497913,0.001980408498985322,0.013663068811370336,0.04883465321810551,0.005981831712542596
