aaa,aad,add,ada,dda,ddd,dad,daa
338.6648548483462,19.30766190488959,1.1465136168618555,0.7339253971683094,0.0822605253382423,0.06178211130035039,0.051533842175968736,0.03750487475309129
