aaa,aad,add,ada,dda,ddd,dad,daa
325.30382685904203,19.17154081506092,1.0836602526430077,0.6953330606414397,0.07950932644159522,0.05910674546029539,0.04882106038642611,0.03558249118437809
