aaa,aad,add,ada,dda,ddd,dad,daa
322.9785909392086,16.73804164290088,1.1670331112218923,0.6753693418700683,0.10237679139197198,0.05929629465267802,0.05412110919110298,0.03748545905218253
