aaa,aad,add,ada,dda,ddd,dad,daa
362.20452366651193,25.102785603327746,1.3740138805927367,0.8058760498195303,0.07068683442601251,0.06470049870456046,0.05189754291074481,0.0385436521611649
