aaa,aad,add,ada,dda,ddd,dad,daa
309.14583406483723,15.93082250280403,1.219287457785718,0.6803390390392392,0.08325397626622545,0.05929102329196677,0.05064397565778627,0.036018685254358404
