aaa,aad,add,ada,dda,ddd,dad,daa
365.16388543535567,22.211919551375868,1.693512813129931,0.8155769309621517,0.10089715443314644,0.0690827989426246,0.059302628543696,0.04327831733220803
