aaa,aad,add,ada,dda,ddd,dad,daa
311.75698509813884,18.58689277943432,1.3032718532959082,0.690015347350029,0.07944296923322539,0.05799899979311826,0.048742422850094766,0.035676286385545077
