aaa,aad,add,ada,dda,ddd,dad,daa
296.668096285507,14.46839113006185,1.0197326323974691,0.6550395131817046,0.0526797904021232,0.05927098763763381,0.0419458829803289,0.03152012272636268
