aaa,aad,add,ada,dda,ddd,dad,daa
334.6665889973869,21.431385298534607,1.1880960119363682,0.7342138387819394,0.07179020943360159,0.06020812458767042,0.04895621611812925,0.03612099040117955
