aaa,aad,add,ada,dda,ddd,dad,daa
321.66848663340613,17.840591246265433,1.2232632120497549,0.7037721780424329,0.08841211169917979,0.059258017788021235,0.05157560446821221,0.03686041995295608
