aaa,aad,add,ada,dda,ddd,dad,daa
285.66654813291785,18.66518192172359,1.0526512933225352,0.6290599954083301,0.0641012826468478,0.050854228813192896,0.04227599563170005,0.03109639497849262
