aaa,aad,add,ada,dda,ddd,dad,daa
313.84570162819705,23.396105641519412,1.0522851487829723,0.6780426365748234,0.06399594094726735,0.05508306250978033,0.04554527899355619,0.03267980563005389
