aaa,aad,add,ada,dda,ddd,dad,daa
320.38279949600354,17.458870409354784,1.3414613806063052,0.7116231710588847,0.08864652456338407,0.06114063809558425,0.05296376801390529,0.03782433374600796
