aaa,aad,add,ada,dda,ddd,dad,daa
291.49017474473345,22.12622803935305,1.0073324577741558,0.6280341181738257,0.06955983391373238,0.04920961792369103,0.04387570426706375,0.03141176801942374
