aaa,aad,add,ada,dda,ddd,dad,daa
337.6417272832691,18.332718960876708,1.3697829845072524,0.7479847565300505,0.08793036491631184,0.06395815131927485,0.05407782921226163,0.03874529875961269
