aaa,aad,add,ada,dda,ddd,dad,daa
364.65263386081006,24.189682604058493,1.4297114679766552,0.7928731946096131,0.09525459530555114,0.06444102232597117,0.055764498688565645,0.040890985852903676
