aaa,aad,add,ada,dda,ddd,dad,daa
322.1155879035825,21.71608067752844,1.1997153651916483,0.7156042842132266,0.07081179004859868,0.056643594660693505,0.04793275130424957,0.03518113523759702
