aaa,aad,add,ada,dda,ddd,dad,daa
326.57859152253786,20.370902659369175,1.1367104496204004,0.7192895010793602,0.06804006902536991,0.059207986965078487,0.047659575280214125,0.03522270113381969
