aaa,aad,add,ada,dda,ddd,dad,daa
289.5112586913891,15.348525735170758,0.9041244805303137,0.6300472183867082,0.058813852023094956,0.05500934199891043,0.04239641545490094,0.031272268382137265
