aaa,aad,add,ada,dda,ddd,dad,daa
319.69732513027304,19.51957426929815,1.2438509176909487,0.6955532382904789,0.09171803371924135,0.05712778595839488,0.05142148329991978,0.036995391737295914
