aaa,aad,add,ada,dda,ddd,dad,daa
288.80430012467633,14.527504228747183,1.0163959394462747,0.6381486110736011,0.0702476564024006,0.054385496312105736,0.0451954078118458,0.031927437986047184
