aaa,aad,add,ada,dda,ddd,dad,daa
293.1756488440915,19.575639326510686,0.9131784859145253,0.6237502471489922,0.06576728465963082,0.05234882271684983,0.04285863389737339,0.030853992304051035
