aaa,aad,add,ada,dda,ddd,dad,daa
369.8835260238627,25.02318235259143,1.423073901501906,0.8054311259448552,0.09940472747314005,0.06412958577234468,0.05729990963364373,0.0418281072122684
