aaa,aad,add,ada,dda,ddd,dad,daa
317.5437657202397,14.789615955511959,1.424355173977671,0.7185171242577884,0.07697939119854132,0.06617146313854437,0.05294486236640937,0.03735353825411642
