aaa,aad,add,ada,dda,ddd,dad,daa
343.1757375429504,19.17002653830307,1.524057501286489,0.7611956649734807,0.0952009493240264,0.06613495294635215,0.0564123052362059,0.040585919150600135
