aaa,aad,add,ada,dda,ddd,dad,daa
320.9744399748536,19.691667850911987,1.0795506167174964,0.6931913702452309,0.07510766631259846,0.057777664399956984,0.04783618015916519,0.03506168446970948
