aaa,aad,add,ada,dda,ddd,dad,daa
322.3311351676408,22.37695802006546,1.271184908299082,0.7268582403702694,0.06555146464194637,0.05693752450066186,0.047309164947597945,0.03517701419525854
