aaa,aad,add,ada,dda,ddd,dad,daa
344.88379650758515,18.387723605766478,1.1121484326330635,0.7360544344657679,0.09101858583342834,0.06360414049456473,0.0541303143151959,0.03886345365336985
