aaaaaa,aaaaad,aaaadd,aaaada,aaadda,aaaddd,aaadad,aaadaa,aaddaa,aaddad,aadddd,aaddda,aadada,aadadd,aadaad,aadaaa,addaaa,addaad,addadd,addada,adddda,addddd,adddad,adddaa,adadaa,adadad,adaddd,adadda,adaada,adaadd,adaaad,adaaaa,ddaaaa,ddaaad,ddaadd,ddaada,ddadda,ddaddd,ddadad,ddadaa,ddddaa,ddddad,dddddd,ddddda,dddada,dddadd,dddaad,dddaaa,dadaaa,dadaad,dadadd,dadada,daddda,dadddd,daddad,daddaa,daadaa,daadad,daaddd,daadda,daaada,daaadd,daaaad,daaaaa
0.4118699027806743,40.36638383712011,0.3216082347583646,41.26202800161541,8.989508651145677,6.062501707177355,9.024981948304845,6.0558940227138285,5.532254668483596,9.845520555841341,5.859111834982949,10.308040298653724,1.7249745661964464,0.5906193756224469,1.6345823735962182,0.5318375036103126,0.02406879450285754,0.40687945836239714,0.036661902899299194,0.4583138466732755,0.0019153962114489274,1.5019908544456184,0.007421833897384372,1.393308992508413,0.5476918389459252,2.0519505208953404,0.6142590669827417,2.187790372433283,0.1373320965201623,0.024316986350362915,0.11832717489091366,0.015970047787842025,0.1262205379494907,0.015004567896771159,0.115483006366542,0.011256421524050106,0.22200525073422725,0.004215887315945919,0.2369641810112361,0.0023391819401468346,0.1008701652588367,0.050835060112587586,0.09352133747048959,0.04530496026482129,0.014863759277197715,0.0863908696476534,0.017877349984433192,0.09396743098467948,0.017476102080924538,0.1320567045029086,0.023812427565981047,0.1497234553389534,2.102878697968366e-05,0.46947076798705295,0.000420927521033555,0.4338268425631959,0.2085965730304882,0.4198919332136624,0.23277094242214813,0.45602097079191717,0.10743438001107314,0.00010946061705468563,0.09637057932174102,7.125909834664236e-05
