aaaaaa,aaaaad,aaaadd,aaaada,aaadda,aaaddd,aaadad,aaadaa,aaddaa,aaddad,aadddd,aaddda,aadada,aadadd,aadaad,aadaaa,addaaa,addaad,addadd,addada,adddda,addddd,adddad,adddaa,adadaa,adadad,adaddd,adadda,adaada,adaadd,adaaad,adaaaa,ddaaaa,ddaaad,ddaadd,ddaada,ddadda,ddaddd,ddadad,ddadaa,ddddaa,ddddad,dddddd,ddddda,dddada,dddadd,dddaad,dddaaa,dadaaa,dadaad,dadadd,dadada,daddda,dadddd,daddad,daddaa,daadaa,daadad,daaddd,daadda,daaada,daaadd,daaaad,daaaaa
0.44098666248185303,41.24829348876942,0.583207498438206,39.92945978624718,15.984351359337373,2.9069570367556086,14.348107142702784,3.682659981273408,6.535609014570962,8.707387018432208,7.536181073439008,9.880218001022234,2.818653275252595,0.7493252254625177,2.2883628819453916,0.48408168749172814,0.047219881583740186,0.3267028241564738,0.08806500552992542,0.42694855126606956,0.007970562299535558,0.9877666233190336,0.02720740399914405,0.8387207537032143,0.6873050174545097,1.6521644784663,0.8826255481674075,1.9553617830849788,0.3246557722029628,0.03725374713136115,0.219770129803111,0.00801028921210084,0.1395167980678328,0.016788203320582614,0.11963812118835487,0.010226423392191625,0.2621533495763567,0.0003828244058245655,0.2889166305288486,4.555029849891884e-05,0.09836197789990003,0.04889231288471434,0.08579376691629986,0.03987444921740767,0.010831107661689824,0.07029259275100114,0.015906779496945585,0.08287821169551886,0.02609516522744927,0.12952677100009302,0.041413948895089044,0.16247609791266673,0.0015425328718960268,0.3344849873734651,0.006296143296222542,0.2884254362294223,0.2575693897354199,0.3702800675065672,0.31686693461536297,0.4425402550206693,0.16736441220461767,0.0015662005330845097,0.12870915086642704,0.00014741933857910633
