aaaaaa,aaaaad,aaaadd,aaaada,aaadda,aaaddd,aaadad,aaadaa,aaddaa,aaddad,aadddd,aaddda,aadada,aadadd,aadaad,aadaaa,addaaa,addaad,addadd,addada,adddda,addddd,adddad,adddaa,adadaa,adadad,adaddd,adadda,adaada,adaadd,adaaad,adaaaa,ddaaaa,ddaaad,ddaadd,ddaada,ddadda,ddaddd,ddadad,ddadaa,ddddaa,ddddad,dddddd,ddddda,dddada,dddadd,dddaad,dddaaa,dadaaa,dadaad,dadadd,dadada,daddda,dadddd,daddad,daddaa,daadaa,daadad,daaddd,daadda,daaada,daaadd,daaaad,daaaaa
0.3713873703137897,36.56378251273762,0.38758778954142453,36.35575144418587,10.358097645421672,4.167587153586831,9.821231260440841,4.537150307606249,5.293417738816303,8.396576734870266,5.811136582100811,9.068967629627956,1.9210124211755033,0.5921344858018766,1.6904366705899458,0.46207911090873305,0.02572908153687793,0.32295662663835817,0.044310468927453835,0.38548926468216527,0.002682441025064019,1.1636446806163614,0.010708978676885706,1.0496882814832618,0.5313853823661131,1.6781486642839012,0.6308679341463488,1.8588473355348183,0.18860957505165607,0.028930328571557366,0.1447135250641419,0.012895605138645724,0.11476293325936121,0.013140059579499005,0.10544327567694321,0.009947153991415707,0.21514944105686631,0.0016939185696613877,0.22784982655371486,0.0007190399985388579,0.08755268179514043,0.04360275014175081,0.08230272893382465,0.039626377835637695,0.012669026979465666,0.07351760689768193,0.01497705432442947,0.07935813971295899,0.019227580154473674,0.11886992389288116,0.02612579134997597,0.13617795364344007,0.00018303433063474977,0.36767948618887486,0.0013803566850918473,0.3381004102788585,0.20475814738447146,0.3595302651338946,0.23502925942447492,0.4010689048635581,0.11472888565568827,0.00035885374128131743,0.09738219706842911,8.318238743351092e-05
