aaaaaa,aaaaad,aaaadd,aaaada,aaadda,aaaddd,aaadad,aaadaa,aaddaa,aaddad,aadddd,aaddda,aadada,aadadd,aadaad,aadaaa,addaaa,addaad,addadd,addada,adddda,addddd,adddad,adddaa,adadaa,adadad,adaddd,adadda,adaada,adaadd,adaaad,adaaaa,ddaaaa,ddaaad,ddaadd,ddaada,ddadda,ddaddd,ddadad,ddadaa,ddddaa,ddddad,dddddd,ddddda,dddada,dddadd,dddaad,dddaaa,dadaaa,dadaad,dadadd,dadada,daddda,dadddd,daddad,daddaa,daadaa,daadad,daaddd,daadda,daaada,daaadd,daaaad,daaaaa
0.4930388284839018,44.95032695492899,0.65674886994398,43.45874986773194,18.850806050667142,2.7178572577976,16.738032224677095,3.621659268125543,7.319721857044899,9.28955598823446,8.56817614531278,10.714456469155014,3.284532646996357,0.8405440504909902,2.6163765052536223,0.5158649612862721,0.058110035454076524,0.34642720330018795,0.11058791567945063,0.46577178393552987,0.010793299823152806,0.9878267645022623,0.03586113574595584,0.8208486493650573,0.781860050066871,1.7393587708620657,1.0233275925223488,2.098964549029612,0.39020025623708604,0.041294524304500764,0.2579704620871477,0.007041683045066729,0.15084582147208841,0.017327723596366522,0.12980176003463276,0.010548221094035788,0.29967666812659144,4.6484171600699244e-05,0.3269790039641356,0.000338549455113637,0.10660959895566331,0.0528021930170848,0.09301720879529336,0.043075123471234,0.010956771765907255,0.0733540528730081,0.016653253186029997,0.08757468150825802,0.03019004173464087,0.14077833850447066,0.04871766879624125,0.17927452696551233,0.0024832097271145766,0.3408693621722207,0.008595154424334736,0.29130354824726373,0.2871701885394901,0.39108845746258264,0.36132250121841375,0.4787803991411522,0.19764509728278815,0.0024807511080728786,0.14746622052223507,0.00014833513854122454
