aaaaaa,aaaaad,aaaadd,aaaada,aaadda,aaaddd,aaadad,aaadaa,aaddaa,aaddad,aadddd,aaddda,aadada,aadadd,aadaad,aadaaa,addaaa,addaad,addadd,addada,adddda,addddd,adddad,adddaa,adadaa,adadad,adaddd,adadda,adaada,adaadd,adaaad,adaaaa,ddaaaa,ddaaad,ddaadd,ddaada,ddadda,ddaddd,ddadad,ddadaa,ddddaa,ddddad,dddddd,ddddda,dddada,dddadd,dddaad,dddaaa,dadaaa,dadaad,dadadd,dadada,daddda,dadddd,daddad,daddaa,daadaa,daadad,daaddd,daadda,daaada,daaadd,daaaad,daaaaa
0.4712413487824852,46.09517694892458,0.36553881521373116,47.14608126271653,10.064359731846814,7.054872745574182,10.12804934242021,7.027766798732565,6.2834064724056296,11.29297681124341,6.643590195220061,11.806433506672393,1.9491005156741317,0.6761415002476835,1.8532458389585815,0.612796685086877,0.026121819271865424,0.46391063404605964,0.03981253953645756,0.5213065448544497,0.002467124663746227,1.724161947127843,0.008917397839155086,1.6010168581501278,0.624233593569396,2.3658400919428355,0.6979540372653457,2.517541812623958,0.1547975484480796,0.028463630279379617,0.1341000844213051,0.019118505916234183,0.1458715129390037,0.01796434795191548,0.13393739930576304,0.013701419360554254,0.2469627528425319,0.005757188291858911,0.2631070393804924,0.003465517184328219,0.11223680327490601,0.0561753029388444,0.10396749097402148,0.049972013797712024,0.018750269741773285,0.10351546065005057,0.022215722289168304,0.11205577780191593,0.01871481548318736,0.14790736126828208,0.0254929047973643,0.16727125136808285,0.00013488166711116305,0.5492112209118676,0.0002061150103069437,0.5092031419266487,0.23511167970660424,0.4793624665143584,0.2613813962402652,0.51899501353605,0.12041436989405127,8.41516509744934e-05,0.10864212303536705,9.825747528447466e-05
