aaaaaa,aaaaad,aaaadd,aaaada,aaadda,aaaddd,aaadad,aaadaa,aaddaa,aaddad,aadddd,aaddda,aadada,aadadd,aadaad,aadaaa,addaaa,addaad,addadd,addada,adddda,addddd,adddad,adddaa,adadaa,adadad,adaddd,adadda,adaada,adaadd,adaaad,adaaaa,ddaaaa,ddaaad,ddaadd,ddaada,ddadda,ddaddd,ddadad,ddadaa,ddddaa,ddddad,dddddd,ddddda,dddada,dddadd,dddaad,dddaaa,dadaaa,dadaad,dadadd,dadada,daddda,dadddd,daddad,daddaa,daadaa,daadad,daaddd,daadda,daaada,daaadd,daaaad,daaaaa
0.4625120580669087,41.03834730475323,0.7668852420276115,38.518504309873016,14.972014599928599,3.176406340051031,13.176488353278254,4.103959530457783,5.885266219407308,8.50033193143042,6.785514843840624,9.600393019609722,2.7189005737551732,0.7927437736319342,2.163403334164932,0.5017348571346625,0.04092174900561961,0.3289996761252,0.0759970682577213,0.421852896172718,0.006676556895320846,1.072941692741199,0.022249250101521848,0.9328557965414286,0.6057316543559661,1.6522411969936746,0.7712587697144494,1.9266024951274643,0.3027355898961285,0.04034569536348103,0.2017347521444012,0.00942837392596583,0.13103424894450919,0.01627626944923079,0.11982130727448656,0.012294447793737647,0.24817794307178662,0.0007795658089145589,0.2620345188256272,0.0001779152845020178,0.09136488496745457,0.04657393904623058,0.08557388627252746,0.042156208486942764,0.012333757510945348,0.07859987914037567,0.01498532146907432,0.08553746245089433,0.02280546434887093,0.12288962668598365,0.032697665793383325,0.14566918605152077,0.0007378598498751173,0.36055654520185937,0.0028785853592125108,0.3279562860257375,0.22846528532000204,0.3580236936278209,0.2717706518914073,0.41358751890106477,0.163524320291003,0.0018053471236120816,0.12972117835355662,1.0124928454595822e-05
