aaaaaa,aaaaad,aaaadd,aaaada,aaadda,aaaddd,aaadad,aaadaa,aaddaa,aaddad,aadddd,aaddda,aadada,aadadd,aadaad,aadaaa,addaaa,addaad,addadd,addada,adddda,addddd,adddad,adddaa,adadaa,adadad,adaddd,adadda,adaada,adaadd,adaaad,adaaaa,ddaaaa,ddaaad,ddaadd,ddaada,ddadda,ddaddd,ddadad,ddadaa,ddddaa,ddddad,dddddd,ddddda,dddada,dddadd,dddaad,dddaaa,dadaaa,dadaad,dadadd,dadada,daddda,dadddd,daddad,daddaa,daadaa,daadad,daaddd,daadda,daaada,daaadd,daaaad,daaaaa
0.5288434842202507,49.56083423366918,0.35899646680832864,51.3207296209283,18.15088492171999,4.033562591031331,17.38714611630027,4.423109941744301,8.572935618777116,11.204376872329258,9.783730137401184,12.611053181303726,3.1513499491714896,0.7820302874158737,2.7313882135024645,0.5743218740491297,0.06319649500336481,0.4274631440813691,0.11226580040752897,0.5476219616868263,0.01063011112394642,1.197179303377251,0.036686611493351715,1.0063618227640192,0.9335913958113988,2.1538398903098055,1.1642064536759382,2.506071384702713,0.3385261016675081,0.031230723521970313,0.2556529673959248,0.009569833879510973,0.166448139786856,0.017077161462132194,0.14634476880399588,0.010895945592564255,0.33936081292934106,9.786477393503739e-05,0.36643523378519816,0.0001898688919558382,0.12336680063326774,0.05851195670089491,0.11339098146194782,0.05136368125651984,0.01442186231479234,0.08372315395301871,0.01877650572776771,0.0942750602401368,0.03429177915986651,0.16861376848810833,0.05047030591671985,0.20376555743321423,0.002157863874524132,0.40552361157947603,0.007807245535005623,0.3523542199690788,0.3329565036893397,0.4736100317819553,0.4036582427721944,0.5594045687284711,0.19088497526363918,0.001250498274759094,0.1576012917345117,3.774932215848235e-05
