aaaaaa,aaaaad,aaaadd,aaaada,aaadda,aaaddd,aaadad,aaadaa,aaddaa,aaddad,aadddd,aaddda,aadada,aadadd,aadaad,aadaaa,addaaa,addaad,addadd,addada,adddda,addddd,adddad,adddaa,adadaa,adadad,adaddd,adadda,adaada,adaadd,adaaad,adaaaa,ddaaaa,ddaaad,ddaadd,ddaada,ddadda,ddaddd,ddadad,ddadaa,ddddaa,ddddad,dddddd,ddddda,dddada,dddadd,dddaad,dddaaa,dadaaa,dadaad,dadadd,dadada,daddda,dadddd,daddad,daddaa,daadaa,daadad,daaddd,daadda,daaada,daaadd,daaaad,daaaaa
0.39754465954813684,41.012997772608045,0.3904612570189824,41.026694309306926,9.77791409255614,5.627253078322632,9.473262775181713,5.8847745200224,5.539486870606278,9.711325307293006,5.930722598994837,10.255186638756323,1.8574150799564246,0.6311624443895436,1.696447501693273,0.5324454476651137,0.024901857254712525,0.39593637334870996,0.03899185517383855,0.45115971816417216,0.0020498529520061605,1.4715588959086234,0.007640479109890042,1.3645825066721269,0.5378430430458385,1.9898394135607749,0.612221875878996,2.1393701065359023,0.16235011785199796,0.02982040619572882,0.13256976299279566,0.017131377235157032,0.125613093407337,0.014919758659308328,0.11720768832097725,0.011909966861891946,0.22721897504552963,0.0035092015468416427,0.2386343684433634,0.0021586140041528782,0.09800857312276058,0.04944459805128722,0.09180562069518287,0.04471669587685035,0.015311304414692155,0.08848703543173111,0.0179833261681719,0.09527110380648765,0.02194634088529779,0.14128518261005563,0.028505247514482007,0.15840580921898328,0.00016270847160783058,0.44182131588898493,0.0011874118607732686,0.41160115704264305,0.21655891529158589,0.4233035691966764,0.24061676838753845,0.45880378521516274,0.11013852607890869,6.722271832434888e-05,0.09736097137280307,0.00017466947212671938
