aaaaaa,aaaaad,aaaadd,aaaada,aaadda,aaaddd,aaadad,aaadaa,aaddaa,aaddad,aadddd,aaddda,aadada,aadadd,aadaad,aadaaa,addaaa,addaad,addadd,addada,adddda,addddd,adddad,adddaa,adadaa,adadad,adaddd,adadda,adaada,adaadd,adaaad,adaaaa,ddaaaa,ddaaad,ddaadd,ddaada,ddadda,ddaddd,ddadad,ddadaa,ddddaa,ddddad,dddddd,ddddda,dddada,dddadd,dddaad,dddaaa,dadaaa,dadaad,dadadd,dadada,daddda,dadddd,daddad,daddaa,daadaa,daadad,daaddd,daadda,daaada,daaadd,daaaad,daaaaa
0.5336462517315835,49.91894207130681,0.5285470590172051,49.904218994125905,16.057816481468063,4.862626722994645,15.10679017626826,5.429608620405402,7.640483162018481,11.214639819632689,8.55565881747449,12.348445811375047,2.9065668660838853,0.8290425683471252,2.5143854306327054,0.6193507388720785,0.04549100872032234,0.43142249276894434,0.07925263521904558,0.5297390255431222,0.006078592028914512,1.4211767479103037,0.022324229418714755,1.2497199014236557,0.7904088037144205,2.204470097938952,0.9706816374619017,2.5086843004635186,0.30050543745522657,0.038558988350067915,0.2228066982361603,0.013748499338250357,0.16357601999119792,0.018909184385236717,0.14835737671287796,0.013757330913820746,0.3056985592053459,0.0014090805982647056,0.3270363186125051,0.00031052570069162356,0.11885801904995806,0.05818027457501649,0.1092267728923028,0.0511289081092835,0.016509004610109762,0.0954625924208872,0.02066784842183581,0.10567160289284637,0.029056138033327572,0.16295159687962535,0.040318624140074893,0.18960091412799837,0.0007559610268828347,0.4623669223276818,0.003547466378938585,0.41794208866572313,0.3022620687941151,0.48497049582890384,0.35061398907823427,0.5480388135847637,0.16956443703035626,0.00060932686024042,0.1441011831700576,8.274286244141962e-05
