aaaaaa,aaaaad,aaaadd,aaaada,aaadda,aaaddd,aaadad,aaadaa,aaddaa,aaddad,aadddd,aaddda,aadada,aadadd,aadaad,aadaaa,addaaa,addaad,addadd,addada,adddda,addddd,adddad,adddaa,adadaa,adadad,adaddd,adadda,adaada,adaadd,adaaad,adaaaa,ddaaaa,ddaaad,ddaadd,ddaada,ddadda,ddaddd,ddadad,ddadaa,ddddaa,ddddad,dddddd,ddddda,dddada,dddadd,dddaad,dddaaa,dadaaa,dadaad,dadadd,dadada,daddda,dadddd,daddad,daddaa,daadaa,daadad,daaddd,daadda,daaada,daaadd,daaaad,daaaaa
0.7286165395108641,67.47562324100221,1.1158479979058926,64.10548916143884,26.68317114138336,4.5289034927648695,23.564510753237247,5.974991474747441,10.446960903178342,13.954862488343974,12.100626033398257,15.89487768284881,4.720991541049106,1.2730561605712267,3.7648188758226366,0.7939371756531981,0.07651648665199035,0.5231540299561772,0.14349576122236543,0.6864899211900619,0.013142370535267348,1.6006076876225632,0.04386144482272064,1.3625866697846252,1.09253748356926,2.6417936002327798,1.4095301354762297,3.1350709363500915,0.5518996534721613,0.06546486222755632,0.3664321935715826,0.013235746021585991,0.2257027232760525,0.027607522554059953,0.19553375154612568,0.017482309877457056,0.425191841469647,0.0006098927356939981,0.46544917482387865,4.2515588192966374e-05,0.15785534752189223,0.07931815722489428,0.1381888772407799,0.06510152701094969,0.017431077854656328,0.11587643935761761,0.02543564216554631,0.13599671821540735,0.042482710054230426,0.20859695896586336,0.06702975758958801,0.2612062014205818,0.00262696667994021,0.5416446071149338,0.010064616620725799,0.46967018543009026,0.41253954662779285,0.5930471789090098,0.508142513858681,0.7095734962795148,0.2798569195446363,0.002948545834836728,0.21253769386807758,0.0002390171768974881
