aaaaaa,aaaaad,aaaadd,aaaada,aaadda,aaaddd,aaadad,aaadaa,aaddaa,aaddad,aadddd,aaddda,aadada,aadadd,aadaad,aadaaa,addaaa,addaad,addadd,addada,adddda,addddd,adddad,adddaa,adadaa,adadad,adaddd,adadda,adaada,adaadd,adaaad,adaaaa,ddaaaa,ddaaad,ddaadd,ddaada,ddadda,ddaddd,ddadad,ddadaa,ddddaa,ddddad,dddddd,ddddda,dddada,dddadd,dddaad,dddaaa,dadaaa,dadaad,dadadd,dadada,daddda,dadddd,daddad,daddaa,daadaa,daadad,daaddd,daadda,daaada,daaadd,daaaad,daaaaa
0.7217177987495221,62.70187336764743,0.2842537906805997,67.73742455891377,22.443087839745854,5.5742176364390215,22.451196202135343,5.591755269910225,11.497260633911564,14.68662472093912,13.14701672915917,16.579587307627804,3.9667021634400155,0.9432179053067696,3.5717786539136926,0.7483661132856269,0.0827809806872648,0.5542571356428151,0.15200557235840376,0.7215453793109043,0.012463008015250573,1.5273002489580092,0.05125996424631819,1.2504925645947194,1.2661927748999233,2.8165877077949992,1.581112940625298,3.288468639498126,0.41957756216137226,0.03489639728014606,0.33594050525899005,0.013386374330663715,0.22526010611104932,0.023682547938664665,0.2025413446789479,0.0164784836326796,0.4384272914188665,0.00017575833074274396,0.46511691790310195,5.774244561654203e-05,0.15900792478783857,0.07271075634954223,0.14441583101771868,0.06253957152162436,0.02032309730451696,0.10740731265006877,0.026676324161500203,0.12203383062303606,0.04264999631688513,0.21607535769088113,0.06157738100697685,0.2579640990241458,0.0022214110617198627,0.525445931391984,0.00889561744128837,0.457305976056817,0.44810211202252126,0.6242002677574292,0.5267458658954902,0.7191002020053326,0.23853329262304543,0.0012077520149944105,0.2158582924471667,8.937623207411683e-05
