aaaaaa,aaaaad,aaaadd,aaaada,aaadda,aaaddd,aaadad,aaadaa,aaddaa,aaddad,aadddd,aaddda,aadada,aadadd,aadaad,aadaaa,addaaa,addaad,addadd,addada,adddda,addddd,adddad,adddaa,adadaa,adadad,adaddd,adadda,adaada,adaadd,adaaad,adaaaa,ddaaaa,ddaaad,ddaadd,ddaada,ddadda,ddaddd,ddadad,ddadaa,ddddaa,ddddad,dddddd,ddddda,dddada,dddadd,dddaad,dddaaa,dadaaa,dadaad,dadadd,dadada,daddda,dadddd,daddad,daddaa,daadaa,daadad,daaddd,daadda,daaada,daaadd,daaaad,daaaaa
0.7752593574113387,74.57390749715462,0.16802481675350675,82.83567786565231,26.62423075347159,6.587278173516402,27.46412133894889,6.203362685980168,14.426416461439697,17.97734246923551,16.35737492417297,20.16742318981828,4.510364567358896,0.9928734851952946,4.242295357265149,0.8606635587283952,0.12309374501129776,0.7139138502481869,0.20507084002494014,0.9022990438603744,0.02231836127999157,1.7008842323320732,0.07516566640567238,1.383960606665753,1.5687238282066265,3.3677717489647274,1.96886870537343,3.956035143329261,0.4910035848992657,0.037182917612619375,0.41131571430969244,0.016979896716029598,0.2770114669970159,0.02941317235852701,0.24877860858738388,0.02043477796998157,0.5196367653998828,0.0003068433253459105,0.5627683312446105,0.00016537547388454816,0.19319780639250628,0.08685159445670255,0.1833908527294041,0.0798181653206477,0.023777498781707592,0.12245031663323382,0.02867258332771406,0.13391433083215593,0.05085988096390444,0.25821930319063163,0.07119817450362559,0.3035806449470861,0.002352338986610113,0.6211962442761013,0.010334189469451005,0.5379513857221598,0.5537524310269191,0.7544021278283037,0.6589222628447624,0.8795038548569752,0.2788635150470789,0.0011578532266775326,0.25516757465442313,9.063789584145265e-05
