aaaaaa,aaaaad,aaaadd,aaaada,aaadda,aaaddd,aaadad,aaadaa,aaddaa,aaddad,aadddd,aaddda,aadada,aadadd,aadaad,aadaaa,addaaa,addaad,addadd,addada,adddda,addddd,adddad,adddaa,adadaa,adadad,adaddd,adadda,adaada,adaadd,adaaad,adaaaa,ddaaaa,ddaaad,ddaadd,ddaada,ddadda,ddaddd,ddadad,ddadaa,ddddaa,ddddad,dddddd,ddddda,dddada,dddadd,dddaad,dddaaa,dadaaa,dadaad,dadadd,dadada,daddda,dadddd,daddad,daddaa,daadaa,daadad,daaddd,daadda,daaada,daaadd,daaaad,daaaaa
0.4280498161604071,41.889253015315084,0.3326417285126229,42.837936440374854,9.477136003061526,6.202606930734461,9.507299750911242,6.201262394899699,5.788673041034886,10.20000253600229,6.1409331768777475,10.694827317725846,1.8111676231944733,0.6130949239670151,1.7134341008750191,0.5502133846372332,0.02559129398681913,0.42033752268314367,0.03906726156175263,0.47449681968058577,0.00207692874434606,1.5421493488118942,0.008031252585476488,1.4279443057843086,0.574440170455256,2.119927090836688,0.6459484699076509,2.264409872573076,0.1459705049026974,0.02529612757859728,0.12539508639953015,0.01640723626102192,0.1314901363066231,0.015575866832122268,0.1200190890922109,0.011591495969350893,0.2318481790380275,0.004180474790033692,0.2477655964935409,0.0022506164879170783,0.10482364699370696,0.05270633668880025,0.09695458129447732,0.04680728123549476,0.015333672939235711,0.0889740848024867,0.018498421047637503,0.09691026903394523,0.01850003942554715,0.13750221339450427,0.025340245017468184,0.1563664026691446,8.620143150737978e-06,0.48208660971966755,0.0005396838880598652,0.4445220724270919,0.21861296273261865,0.43513036059517773,0.24488738659129655,0.4740696013981114,0.11264274667936675,0.00012411858594336945,0.10055320865600069,8.045648346121867e-05
