aaaaaa,aaaaad,aaaadd,aaaada,aaadda,aaaddd,aaadad,aaadaa,aaddaa,aaddad,aadddd,aaddda,aadada,aadadd,aadaad,aadaaa,addaaa,addaad,addadd,addada,adddda,addddd,adddad,adddaa,adadaa,adadad,adaddd,adadda,adaada,adaadd,adaaad,adaaaa,ddaaaa,ddaaad,ddaadd,ddaada,ddadda,ddaddd,ddadad,ddadaa,ddddaa,ddddad,dddddd,ddddda,dddada,dddadd,dddaad,dddaaa,dadaaa,dadaad,dadadd,dadada,daddda,dadddd,daddad,daddaa,daadaa,daadad,daaddd,daadda,daaada,daaadd,daaaad,daaaaa
0.36997555215814226,38.22941175069885,0.2044861924736359,40.13359074167536,10.46762275057288,4.707021430152204,10.665280637818107,4.592896906329353,6.251026160359339,9.35012060648027,6.757904473150829,9.99166732270121,1.891983905665645,0.5250715848312499,1.784726814235424,0.4641553691461798,0.03136662770569799,0.3579688392808475,0.05255933429470619,0.4262304375551858,0.0033862459550833015,1.1860262030527804,0.014267090368926844,1.0514103923032472,0.6548953577151561,1.8682012117828595,0.7583002265986521,2.047573552610497,0.1746966942553909,0.02078787988166953,0.14997649023920015,0.012302516936035192,0.12644455982619784,0.013123337687712398,0.11661765024844696,0.0099278712032669,0.23816136317570785,0.0014046533970843993,0.25233299335879716,0.0004994276622018008,0.09854404361009393,0.04652997556803743,0.09155859703764886,0.04147742683318932,0.013383247865014847,0.07158902648452492,0.0163635751346833,0.07868738693652891,0.023690515623972327,0.13725131502923607,0.030590796378321246,0.15420925436867844,0.0005526579861911275,0.37170628821740614,0.0024686535690389214,0.3390295614922392,0.24799881831581402,0.4098679938713085,0.2742049402807419,0.44516993748125194,0.10905403830673194,1.6463892931429265e-05,0.10244758860549204,5.586460018857784e-05
