aaaaaa,aaaaad,aaaadd,aaaada,aaadda,aaaddd,aaadad,aaadaa,aaddaa,aaddad,aadddd,aaddda,aadada,aadadd,aadaad,aadaaa,addaaa,addaad,addadd,addada,adddda,addddd,adddad,adddaa,adadaa,adadad,adaddd,adadda,adaada,adaadd,adaaad,adaaaa,ddaaaa,ddaaad,ddaadd,ddaada,ddadda,ddaddd,ddadad,ddadaa,ddddaa,ddddad,dddddd,ddddda,dddada,dddadd,dddaad,dddaaa,dadaaa,dadaad,dadadd,dadada,daddda,dadddd,daddad,daddaa,daadaa,daadad,daaddd,daadda,daaada,daaadd,daaaad,daaaaa
0.5078396434677074,46.48421088176964,0.4601181946870644,46.89895770917229,18.723136252156493,3.1281563933402325,17.301402791652386,3.7641753839790724,7.924469566802074,10.026247239719797,9.180809953570147,11.459309873789826,3.235318959955274,0.8009776940674352,2.6921194708211726,0.5376570717244491,0.0650821138538855,0.38342812532439213,0.11666718546647956,0.5013937058190232,0.01231698210362187,1.031243762509617,0.039157928741515816,0.8577957360200722,0.8657953678222328,1.9020370038125498,1.1048916135824276,2.257149075110263,0.36551032371928077,0.03392930893174614,0.2607067520459646,0.007684748048204727,0.1551271021722282,0.016326555500830196,0.1360614668665111,0.010394158353483519,0.3210911216197067,5.333153992879545e-06,0.3466728564307685,0.00042695385874235136,0.11475430610251848,0.05578401596202828,0.10221348738185065,0.0468368642224449,0.011711323746549216,0.07486681168744104,0.016768910657223315,0.08738911074653163,0.031612591171338876,0.15035343359892656,0.048994580501313015,0.18709596784712257,0.002345305588351092,0.36113945494712857,0.008273211814982754,0.3104429140789964,0.30201866542065414,0.4136294948673094,0.3743259309891887,0.49950804108395763,0.20133199686661485,0.002539743346908028,0.15967940590042298,1.5967199345523476e-06
