aaaaaa,aaaaad,aaaadd,aaaada,aaadda,aaaddd,aaadad,aaadaa,aaddaa,aaddad,aadddd,aaddda,aadada,aadadd,aadaad,aadaaa,addaaa,addaad,addadd,addada,adddda,addddd,adddad,adddaa,adadaa,adadad,adaddd,adadda,adaada,adaadd,adaaad,adaaaa,ddaaaa,ddaaad,ddaadd,ddaada,ddadda,ddaddd,ddadad,ddadaa,ddddaa,ddddad,dddddd,ddddda,dddada,dddadd,dddaad,dddaaa,dadaaa,dadaad,dadadd,dadada,daddda,dadddd,daddad,daddaa,daadaa,daadad,daaddd,daadda,daaada,daaadd,daaaad,daaaaa
0.42346079872987474,39.005640553503255,0.7778115990734397,36.11933159151088,12.679478054429685,3.5415244535130412,11.05890315486756,4.500938983120616,5.1254165660785445,8.15242944777538,5.868172854312433,9.107527782544791,2.369728496083457,0.7570091930640327,1.8823920421321212,0.48796409218528347,0.031895565162267395,0.32295360796731515,0.05717252629937685,0.39871166486203186,0.004457833192807445,1.1447219902263752,0.014849914257644864,1.0245325609891263,0.5110615446522615,1.6220620480035746,0.6462837391540911,1.8644261042892487,0.25100379877692913,0.03960157639636047,0.16512547217442064,0.010312302511374735,0.11701584414143382,0.014693956581306815,0.10683237502119917,0.011045668979178925,0.22420431758594336,0.0013597219077403281,0.23754807849535614,0.0004880060912535669,0.08055365905409047,0.041360859262105115,0.07440930040610527,0.03669220347150322,0.01454759833482834,0.08567215924040263,0.01754573958198076,0.09322487935219223,0.019417111309359712,0.11488122835971504,0.02852732850094668,0.13678654083742128,0.0002010987377836616,0.37573585035092466,0.0016809431205014663,0.34199610001220226,0.19729083400430644,0.34376795741379895,0.23695987232430457,0.3974098121290335,0.14265171405155147,0.001325938526225025,0.11039851907587493,0.00011014233326261206
