aaaaaa,aaaaad,aaaadd,aaaada,aaadda,aaaddd,aaadad,aaadaa,aaddaa,aaddad,aadddd,aaddda,aadada,aadadd,aadaad,aadaaa,addaaa,addaad,addadd,addada,adddda,addddd,adddad,adddaa,adadaa,adadad,adaddd,adadda,adaada,adaadd,adaaad,adaaaa,ddaaaa,ddaaad,ddaadd,ddaada,ddadda,ddaddd,ddadad,ddadaa,ddddaa,ddddad,dddddd,ddddda,dddada,dddadd,dddaad,dddaaa,dadaaa,dadaad,dadadd,dadada,daddda,dadddd,daddad,daddaa,daadaa,daadad,daaddd,daadda,daaada,daaadd,daaaad,daaaaa
0.4837415485354681,43.462359284334426,0.5353015613767305,42.9364255528935,17.66121294004118,2.8514410662728733,16.010891009725086,3.5859630809233987,7.192456479185569,9.19954941463665,8.38612396862124,10.567681659873921,3.0741917993074837,0.7804894807314288,2.4986722457472053,0.500019950606094,0.057368941067243814,0.3483375883864304,0.1050378296108964,0.4585330324460582,0.010577134929492032,0.9762215978283562,0.03441628555895356,0.8153969050406632,0.775361290106914,1.7394646093135768,0.9977679842456572,2.0728879008797554,0.3537292577776813,0.03556656094979595,0.24539278108322193,0.007517520857300644,0.1424967204709878,0.015146521629728772,0.12615368398701884,0.00999104843804472,0.29729235154509387,7.000693494289337e-06,0.3185551932597764,0.00030066004517207556,0.10253942256400292,0.04985535255019463,0.09476760644620474,0.044184597688046945,0.01179099353990676,0.07344399670871048,0.01519767732650329,0.08202813789335121,0.030413685283087067,0.14126486878344524,0.04670743503073223,0.1753884485682363,0.0025170019608341254,0.3337106675129681,0.00809218038561114,0.2880160256301344,0.28102215246314144,0.3871681315733853,0.3516321773789323,0.471186075179697,0.1854651327370689,0.0020329130022272,0.14190796434598033,0.00010565743034933303
