aaaaaa,aaaaad,aaaadd,aaaada,aaadda,aaaddd,aaadad,aaadaa,aaddaa,aaddad,aadddd,aaddda,aadada,aadadd,aadaad,aadaaa,addaaa,addaad,addadd,addada,adddda,addddd,adddad,adddaa,adadaa,adadad,adaddd,adadda,adaada,adaadd,adaaad,adaaaa,ddaaaa,ddaaad,ddaadd,ddaada,ddadda,ddaddd,ddadad,ddadaa,ddddaa,ddddad,dddddd,ddddda,dddada,dddadd,dddaad,dddaaa,dadaaa,dadaad,dadadd,dadada,daddda,dadddd,daddad,daddaa,daadaa,daadad,daaddd,daadda,daaada,daaadd,daaaad,daaaaa
0.7366322228925561,75.402292271031,0.00725236223052157,92.40630452285978,19.903616565371383,10.868009938118721,25.892959021801516,7.151194247164863,17.328161288175618,21.685562892639634,18.404841359109042,22.931312770219634,3.414940297113336,0.6002087107871252,4.075321832635187,0.8854307801688786,0.11097139256902215,0.8037623855065567,0.17210084834074593,0.9626353307587794,0.009006435158756966,2.0551306633027475,0.060733276263298795,1.6359674389573553,2.015476940544835,4.244072587445848,2.2703499659244604,4.623704091491607,0.2823870596142327,0.006153297045464222,0.35009154974020346,0.018370318337570628,0.30641023164755715,0.02943322144608495,0.26155357901519993,0.016500493723227736,0.5388043411495602,0.0012973044687160332,0.6244583785601238,0.0004487749672606877,0.2434340529262832,0.10599073028918701,0.20542715692260016,0.08096873577256142,0.0228897753778606,0.10843959379387602,0.03703838669085708,0.1378816333535503,0.06070152081232684,0.3136331359938118,0.09592638141641496,0.3904443049778525,0.0022617541747634146,0.6793482065448535,0.01874077177285907,0.5378244050405916,0.6718582108515319,0.9335459436767347,0.7696884431635579,1.0515888041298165,0.20827672245754583,0.00035018990981992935,0.22493184603733835,1.0426300900542384e-05
