aaaaaa,aaaaad,aaaadd,aaaada,aaadda,aaaddd,aaadad,aaadaa,aaddaa,aaddad,aadddd,aaddda,aadada,aadadd,aadaad,aadaaa,addaaa,addaad,addadd,addada,adddda,addddd,adddad,adddaa,adadaa,adadad,adaddd,adadda,adaada,adaadd,adaaad,adaaaa,ddaaaa,ddaaad,ddaadd,ddaada,ddadda,ddaddd,ddadad,ddadaa,ddddaa,ddddad,dddddd,ddddda,dddada,dddadd,dddaad,dddaaa,dadaaa,dadaad,dadadd,dadada,daddda,dadddd,daddad,daddaa,daadaa,daadad,daaddd,daadda,daaada,daaadd,daaaad,daaaaa
0.4430284704980972,43.451446569436655,0.29501758400298367,45.02191180888153,11.419193951525992,5.578306351417324,11.503074673907731,5.540554078842331,6.674263750671973,10.527496040863884,7.187084909357314,11.197179727704478,2.082890073260687,0.6165100929760429,1.9505242154725686,0.5393096336357953,0.035547448233070836,0.42339514203935336,0.05776144156908531,0.49724920592037347,0.0037978994916538283,1.4126028361481435,0.014713965116212735,1.2682745439475367,0.6860862502182525,2.12897358183417,0.7895304203416103,2.317103865602055,0.1843767537176062,0.024218088074060503,0.1559411586816208,0.013988643704083323,0.13782512414453943,0.014420150905439091,0.1268177208116561,0.010823946103481008,0.2650504803526575,0.0018755150393498796,0.28159509873795163,0.00070597170327102,0.10827753064450996,0.05209231175293232,0.10051458278186322,0.046408173232821794,0.015767251953229023,0.08626835628862659,0.01911594156733686,0.09437437505946715,0.024794037804233757,0.15198872546477585,0.03297589953002916,0.172525439391539,0.00037646354420427735,0.4414869273418405,0.002245497547493533,0.40333390983079637,0.2542841889809498,0.44821651266544815,0.28369405506919426,0.4890959769994946,0.12908072964404171,0.0002482923360694161,0.11820329734797717,1.5598172024625905e-06
