aaaaaa,aaaaad,aaaadd,aaaada,aaadda,aaaddd,aaadad,aaadaa,aaddaa,aaddad,aadddd,aaddda,aadada,aadadd,aadaad,aadaaa,addaaa,addaad,addadd,addada,adddda,addddd,adddad,adddaa,adadaa,adadad,adaddd,adadda,adaada,adaadd,adaaad,adaaaa,ddaaaa,ddaaad,ddaadd,ddaada,ddadda,ddaddd,ddadad,ddadaa,ddddaa,ddddad,dddddd,ddddda,dddada,dddadd,dddaad,dddaaa,dadaaa,dadaad,dadadd,dadada,daddda,dadddd,daddad,daddaa,daadaa,daadad,daaddd,daadda,daaada,daaadd,daaaad,daaaaa
0.5188287839564873,46.670429691970995,1.0319211667386783,42.660361899961494,16.80013705521839,3.6147187722195384,14.44271862868906,4.858619795181292,6.351474580072725,9.483957226898449,7.3583290323271076,10.734570322311953,3.0823290915886576,0.9349372350595081,2.4013162953625042,0.5723410807744711,0.043580218780603065,0.3697059938365589,0.0798341419669188,0.46867555111967424,0.006807992043384002,1.2529994745532416,0.022236521297259924,1.1024838722876407,0.6451187764074244,1.8554132490478998,0.8276431493813502,2.165750083985259,0.3423568746812151,0.04891489926161471,0.22137997889625396,0.010734685751790226,0.14289497935921547,0.017815585632509588,0.1317593417159483,0.013806657711886555,0.2770083056226941,0.0009442796679356239,0.29096504126305356,0.00027847893553186164,0.09744757802454894,0.050041956109535664,0.08966633896479721,0.04416419439498438,0.015586696959230536,0.09591602032647178,0.019295140240199057,0.10535776794569,0.02408948565718322,0.1345918029298847,0.03456060557068585,0.15919134857235098,0.0005114367381145299,0.4211710120757761,0.002415211694099778,0.38567038936798503,0.2439619124571387,0.3960870844611675,0.2919556024191712,0.4587553046522503,0.18719551578282068,0.0024047317221122843,0.14574085589350078,1.1755121403952436e-05
