aaaaaa,aaaaad,aaaadd,aaaada,aaadda,aaaddd,aaadad,aaadaa,aaddaa,aaddad,aadddd,aaddda,aadada,aadadd,aadaad,aadaaa,addaaa,addaad,addadd,addada,adddda,addddd,adddad,adddaa,adadaa,adadad,adaddd,adadda,adaada,adaadd,adaaad,adaaaa,ddaaaa,ddaaad,ddaadd,ddaada,ddadda,ddaddd,ddadad,ddadaa,ddddaa,ddddad,dddddd,ddddda,dddada,dddadd,dddaad,dddaaa,dadaaa,dadaad,dadadd,dadada,daddda,dadddd,daddad,daddaa,daadaa,daadad,daaddd,daadda,daaada,daaadd,daaaad,daaaaa
0.793006610218764,68.24606538461386,0.7047610753751583,69.01251766138314,28.33551404779582,4.407073074242579,26.075844751710218,5.385704514780946,11.688420017233508,14.52352324737962,13.668099662034185,16.75863177101575,4.98402285095904,1.2348735303616019,4.120540412152801,0.8174335503160813,0.10406229020454451,0.567722905583547,0.18287585770119855,0.7420656720716359,0.02105835060975781,1.4557972532483863,0.0628055899685891,1.2059491812389531,1.2874847366697724,2.7510908016402844,1.668678854391197,3.308166784111692,0.5681854806604982,0.05237621442618193,0.3988491000463731,0.010725108687037946,0.22953745782088722,0.024000379612693027,0.2034511700836778,0.015846628661518057,0.4803836442305509,5.79048466171546e-06,0.5149816631321094,0.0007789172683194866,0.17212656421298209,0.0842790175342014,0.15927417665806656,0.07488533929840537,0.015705171157448662,0.10584711286672703,0.021040657087170362,0.11967598486064289,0.048556178797667666,0.22324997126056437,0.07312183305644086,0.27461926992757807,0.004166138226148014,0.5164679502991224,0.012819411603285518,0.4468718810498362,0.4345662868953691,0.5850303125733872,0.5328887098263975,0.7010358921865479,0.3192405028403317,0.005867850066734999,0.260917458711171,0.00043375064331034266
