aaaaaa,aaaaad,aaaadd,aaaada,aaadda,aaaddd,aaadad,aaadaa,aaddaa,aaddad,aadddd,aaddda,aadada,aadadd,aadaad,aadaaa,addaaa,addaad,addadd,addada,adddda,addddd,adddad,adddaa,adadaa,adadad,adaddd,adadda,adaada,adaadd,adaaad,adaaaa,ddaaaa,ddaaad,ddaadd,ddaada,ddadda,ddaddd,ddadad,ddadaa,ddddaa,ddddad,dddddd,ddddda,dddada,dddadd,dddaad,dddaaa,dadaaa,dadaad,dadadd,dadada,daddda,dadddd,daddad,daddaa,daadaa,daadad,daaddd,daadda,daaada,daaadd,daaaad,daaaaa
0.6203478782960268,54.921362665597094,0.7604924205581818,53.61164643647697,21.426718004358552,3.9156005189581946,19.340650209359865,4.903305964018132,8.85125807929654,11.64639125030797,10.205898779063036,13.224180057899186,3.8279311133713287,1.0096227298778877,3.130749500580786,0.6616510724384131,0.06931813498573733,0.4485362061179109,0.12408417396865856,0.5797640238985714,0.01283788908284989,1.2837047583511916,0.039456565164925406,1.0919236710406515,0.9427727928091291,2.2168201245745283,1.1985965913834753,2.6102889019291053,0.4369199393751296,0.04822926515302422,0.3041587411827431,0.011498517724978983,0.18211616392413224,0.02035372431783873,0.1638553297276633,0.014346600273146338,0.36367907956214957,0.00016943857084980804,0.387106082807045,4.9510234739896905e-05,0.13321184896569196,0.06594186532469119,0.12418635178058739,0.05924303041308713,0.014083996856680199,0.09206778558031481,0.017887014904300582,0.10195535943527466,0.033435598902423425,0.16981420957664636,0.05038388651830304,0.20710882416228762,0.001749992112308926,0.44991531198945894,0.006575350284712956,0.39703001902638335,0.32613634019793303,0.46803518476351186,0.4030349164478539,0.5616376980819409,0.24646293085411375,0.004541560193768802,0.1931500679995377,8.043018163352788e-05
