aaaaaa,aaaaad,aaaadd,aaaada,aaadda,aaaddd,aaadad,aaadaa,aaddaa,aaddad,aadddd,aaddda,aadada,aadadd,aadaad,aadaaa,addaaa,addaad,addadd,addada,adddda,addddd,adddad,adddaa,adadaa,adadad,adaddd,adadda,adaada,adaadd,adaaad,adaaaa,ddaaaa,ddaaad,ddaadd,ddaada,ddadda,ddaddd,ddadad,ddadaa,ddddaa,ddddad,dddddd,ddddda,dddada,dddadd,dddaad,dddaaa,dadaaa,dadaad,dadadd,dadada,daddda,dadddd,daddad,daddaa,daadaa,daadad,daaddd,daadda,daaada,daaadd,daaaad,daaaaa
0.4038716477109597,38.758152553937066,0.5632518771549064,37.291990166400986,14.083760450043277,3.032989359747907,12.659866306984345,3.764392584602268,5.903188814835237,8.242589748779757,6.737266170555195,9.245821733109114,2.5222032852394993,0.7027111162025224,2.0650109017882965,0.4670666071702121,0.039552269260907526,0.3123765876274612,0.07211161197901075,0.3980881617264883,0.006197423947400699,0.9943186496618298,0.02098798449655853,0.8623518020673959,0.6162760630975344,1.5920247820685254,0.7767332656279529,1.8511798658796903,0.27967046631535175,0.03452922128687539,0.19231801676043944,0.008647842343385346,0.1272449161734165,0.015191116564689714,0.11272857877432456,0.01029775192475661,0.2406189049994908,0.0005795475219021179,0.2594434561437715,1.9683935927937935e-05,0.08985566427070166,0.04463389024628128,0.0813748825126457,0.03844051021501067,0.011370406849225712,0.07042123423874745,0.015060206050197015,0.07961778142362742,0.02229216109490284,0.11916373162052211,0.03324501039300463,0.1439807453282955,0.0008551750431791357,0.3338978617739266,0.0035548070492973233,0.2983774882882677,0.22932532337273523,0.34800621562280804,0.27617143602785615,0.4069104360946777,0.15202031873646032,0.0014957245513274348,0.11944580167340339,4.878466892333721e-05
