aaaaaa,aaaaad,aaaadd,aaaada,aaadda,aaaddd,aaadad,aaadaa,aaddaa,aaddad,aadddd,aaddda,aadada,aadadd,aadaad,aadaaa,addaaa,addaad,addadd,addada,adddda,addddd,adddad,adddaa,adadaa,adadad,adaddd,adadda,adaada,adaadd,adaaad,adaaaa,ddaaaa,ddaaad,ddaadd,ddaada,ddadda,ddaddd,ddadad,ddadaa,ddddaa,ddddad,dddddd,ddddda,dddada,dddadd,dddaad,dddaaa,dadaaa,dadaad,dadadd,dadada,daddda,dadddd,daddad,daddaa,daadaa,daadad,daaddd,daadda,daaada,daaadd,daaaad,daaaaa
0.3646104166893136,38.59605025750044,0.16273138379813598,41.07497148187438,9.186620935368188,5.62530039793954,9.733907809689475,5.229568143986754,6.287969126568163,9.819639278778975,6.6406924839290165,10.283948123127685,1.7033952329709934,0.489101873704486,1.6972448527030386,0.4804464748321152,0.030232612317181308,0.39283398337203507,0.04683764776964397,0.4512755030485144,0.0025886151825634173,1.301856703283462,0.011492397596785081,1.171152561513364,0.6467806704142263,1.9830855260395486,0.7293633545786691,2.1334828005419944,0.1442199992970462,0.018797702009841308,0.13227536378059668,0.014022235311158381,0.12460477269554111,0.011781427543496007,0.11442739710919123,0.008645204842043237,0.24231926890177238,0.0016849317427247805,0.25788988797778895,0.000607092687040233,0.11047373992323212,0.053103375177145445,0.10296953264762472,0.04762038796763642,0.011756020772903126,0.06770264054097457,0.014114428326553444,0.07360900441869535,0.02205114445068523,0.14103178337468045,0.03051397809163467,0.1624023383292297,0.00024230359074614707,0.4034792910564584,0.002277507615307466,0.362130642348304,0.23103718925711775,0.40969591569475505,0.25904704366506875,0.4485773934160903,0.11116483241211556,0.00026159579240773496,0.10367045963852402,1.1301126810807752e-05
