aaaaaa,aaaaad,aaaadd,aaaada,aaadda,aaaddd,aaadad,aaadaa,aaddaa,aaddad,aadddd,aaddda,aadada,aadadd,aadaad,aadaaa,addaaa,addaad,addadd,addada,adddda,addddd,adddad,adddaa,adadaa,adadad,adaddd,adadda,adaada,adaadd,adaaad,adaaaa,ddaaaa,ddaaad,ddaadd,ddaada,ddadda,ddaddd,ddadad,ddadaa,ddddaa,ddddad,dddddd,ddddda,dddada,dddadd,dddaad,dddaaa,dadaaa,dadaad,dadadd,dadada,daddda,dadddd,daddad,daddaa,daadaa,daadad,daaddd,daadda,daaada,daaadd,daaaad,daaaaa
0.41214075684024815,40.07389219849497,0.530978315477184,38.93392164587481,14.01810335012979,3.353452371591594,12.746009826196191,4.036686088550623,6.115782929623965,8.669187814022184,6.923476390756406,9.649743260135384,2.516641966823385,0.7062011176390716,2.0942716780283854,0.4862404137057324,0.03891401170937133,0.32822375211283744,0.07135173069106489,0.4162745820952296,0.0058236024635355925,1.0616462097999326,0.020394507028761753,0.9243480957539675,0.6373904322134024,1.6842979991610634,0.7945518854168095,1.9415879041261155,0.27356643602679803,0.034261938849162135,0.19145084671919516,0.009413879996284603,0.13115151958288554,0.015443953384439935,0.11744013492645873,0.010813936423471946,0.2478880010237719,0.0007183720310977734,0.265642736641418,7.140563058767517e-05,0.09378841032329845,0.04637819579372281,0.08538598484255687,0.040236583946805654,0.012109019520991807,0.07357817874274951,0.015806035716765254,0.08274787519960161,0.022593850357105417,0.12422926407737153,0.03355181308108282,0.1494366683172572,0.000705724732871553,0.3544438348852399,0.0033394920478626183,0.3168323938281726,0.23642891094550034,0.3657275480225478,0.2842231858960031,0.426417192945469,0.15217478064834372,0.0013368856982202007,0.12051453896938899,6.065647444129076e-05
