aaaaaa,aaaaad,aaaadd,aaaada,aaadda,aaaddd,aaadad,aaadaa,aaddaa,aaddad,aadddd,aaddda,aadada,aadadd,aadaad,aadaaa,addaaa,addaad,addadd,addada,adddda,addddd,adddad,adddaa,adadaa,adadad,adaddd,adadda,adaada,adaadd,adaaad,adaaaa,ddaaaa,ddaaad,ddaadd,ddaada,ddadda,ddaddd,ddadad,ddadaa,ddddaa,ddddad,dddddd,ddddda,dddada,dddadd,dddaad,dddaaa,dadaaa,dadaad,dadadd,dadada,daddda,dadddd,daddad,daddaa,daadaa,daadad,daaddd,daadda,daaada,daaadd,daaaad,daaaaa
0.5544208874022599,59.34108994341846,0.09980731855197947,66.05034963319653,11.667128799737675,10.744771054131885,13.941924418227979,8.789440119913747,10.448232546214314,16.40493724953235,10.518576031514188,16.531554226366854,2.1845329513582876,0.5862005655166818,2.494325307619482,0.7434314927932086,0.039078603106977375,0.6429617467321181,0.0553756147819377,0.709821815969594,0.0016346400751371228,2.2036171086246252,0.011712630058076934,1.9983541917816343,1.0769352047595386,3.3519332088426634,1.1371378182641088,3.469511411287777,0.158914113713142,0.01911927444073206,0.18286663101009298,0.026907893494682936,0.20620469279286924,0.018287010706252816,0.1913676896462884,0.013819279241938306,0.36954429432162794,0.00511069880657445,0.3951638413217146,0.002473952532730335,0.19499194809653836,0.09002139116835275,0.18198244529982857,0.08074066779205,0.017260170954234478,0.09424745976820835,0.020568606704888744,0.1023608988050109,0.036714801201263095,0.2368543732292007,0.04107530291400853,0.24928930690376305,0.00019535886968637489,0.6548017749695566,0.0018126179627666313,0.6068898176706423,0.3999159707475536,0.7115859013743432,0.40857979428659374,0.7260156927802282,0.1341400510971819,0.00025433679603702625,0.1521975380763368,3.939581525253274e-05
