aaaaaa,aaaaad,aaaadd,aaaada,aaadda,aaaddd,aaadad,aaadaa,aaddaa,aaddad,aadddd,aaddda,aadada,aadadd,aadaad,aadaaa,addaaa,addaad,addadd,addada,adddda,addddd,adddad,adddaa,adadaa,adadad,adaddd,adadda,adaada,adaadd,adaaad,adaaaa,ddaaaa,ddaaad,ddaadd,ddaada,ddadda,ddaddd,ddadad,ddadaa,ddddaa,ddddad,dddddd,ddddda,dddada,dddadd,dddaad,dddaaa,dadaaa,dadaad,dadadd,dadada,daddda,dadddd,daddad,daddaa,daadaa,daadad,daaddd,daadda,daaada,daaadd,daaaad,daaaaa
0.5122497460647951,62.359906144303565,0.03247089934254804,71.03148571108285,13.864153557571711,10.034477058741581,16.82608198474606,7.8062127341110665,12.099357889654025,17.428970573948494,12.307147943571282,17.71637540965313,2.432731086617189,0.5630268408561101,2.808649282654929,0.7430261376347477,0.06686081355648563,0.6981846836080079,0.09191656167525686,0.7798218693608333,0.007643750388940683,1.9691272342341104,0.02810145536945667,1.7427745242768076,1.2891722472382183,3.4551989588247505,1.3784766025030997,3.6121773892877527,0.19856853122565302,0.016217173613692508,0.23419165779964157,0.026430838426417993,0.22807928000014047,0.021795554023975063,0.21249445079202195,0.01690979408864495,0.3985223294026681,0.003584052005234227,0.4259162098033804,0.0014094277132227634,0.18082956995478336,0.07879048398808641,0.17587894688013983,0.0750594761050544,0.023761384821808323,0.10818848562420594,0.026674793352996003,0.11489547081438932,0.037679138641986125,0.2408188091793344,0.043447425412989266,0.25659387155501046,0.0002581363063117675,0.6498926713778704,0.002314853868129068,0.5969036013496157,0.4554946980998175,0.7420486728914775,0.46900885206153226,0.7621076050360691,0.15401887502275183,9.19758362345698e-05,0.1753942706961789,0.00023052592350373521
