aaaaaa,aaaaad,aaaadd,aaaada,aaadda,aaaddd,aaadad,aaadaa,aaddaa,aaddad,aadddd,aaddda,aadada,aadadd,aadaad,aadaaa,addaaa,addaad,addadd,addada,adddda,addddd,adddad,adddaa,adadaa,adadad,adaddd,adadda,adaada,adaadd,adaaad,adaaaa,ddaaaa,ddaaad,ddaadd,ddaada,ddadda,ddaddd,ddadad,ddadaa,ddddaa,ddddad,dddddd,ddddda,dddada,dddadd,dddaad,dddaaa,dadaaa,dadaad,dadadd,dadada,daddda,dadddd,daddad,daddaa,daadaa,daadad,daaddd,daadda,daaada,daaadd,daaaad,daaaaa
0.43435103484800136,40.46516370526081,0.39925191636109464,40.76030541057824,13.219721942439062,3.8797170220017896,12.504628565899647,4.299145219961337,6.332524831074823,9.129750218326391,7.102898241521066,10.074804039495424,2.377355687365934,0.662773171275635,2.0663652228488396,0.49824872395350345,0.03846729420643356,0.3497303820616451,0.0666192477641968,0.4300985104029105,0.0052226173452158365,1.1308073270347228,0.019049453394720414,0.9903751576672378,0.6611692446920924,1.790177936223584,0.8124081742437832,2.0415086877930424,0.2460706578689479,0.02988475880163703,0.18435101111307384,0.010724252911206782,0.1324695189291741,0.014786170259014195,0.1211066425410656,0.010982695475107638,0.25353128894650734,0.0008531058513902367,0.26953015947864234,0.00016191831435957905,0.09718925973255672,0.04720292865650218,0.08999771233947587,0.04193192234771144,0.013279534550388234,0.07616400739664604,0.016325433801064246,0.08366336154059442,0.024224600207987983,0.13339195416929372,0.03306012837816135,0.1541934414650011,0.0007358023045086936,0.36909093577987206,0.0030675110628383376,0.33408691414750974,0.25046569319481216,0.39449586143871,0.28950891951194097,0.4449765119316545,0.1389755788548907,0.0005039138440091211,0.11965099286158275,3.4677467657280265e-05
