aaaaaa,aaaaad,aaaadd,aaaada,aaadda,aaaddd,aaadad,aaadaa,aaddaa,aaddad,aadddd,aaddda,aadada,aadadd,aadaad,aadaaa,addaaa,addaad,addadd,addada,adddda,addddd,adddad,adddaa,adadaa,adadad,adaddd,adadda,adaada,adaadd,adaaad,adaaaa,ddaaaa,ddaaad,ddaadd,ddaada,ddadda,ddaddd,ddadad,ddadaa,ddddaa,ddddad,dddddd,ddddda,dddada,dddadd,dddaad,dddaaa,dadaaa,dadaad,dadadd,dadada,daddda,dadddd,daddad,daddaa,daadaa,daadad,daaddd,daadda,daaada,daaadd,daaaad,daaaaa
0.3612986220548989,36.39810716305365,0.46950431709895607,35.34160940041342,10.739447469398632,3.8603178297092224,9.879181173247797,4.421946963505314,5.117932732437257,8.112763302656242,5.675717777858182,8.834493513831946,1.9986002547882435,0.6246440028879574,1.7030711463239017,0.4593299430750855,0.026004037252985505,0.3125283911067623,0.04634038349341166,0.37889238309448686,0.0029174353551627325,1.1302873617290574,0.011267989104003137,1.0171171870650624,0.513023135687927,1.6193891474715603,0.6203458784645133,1.8132513999839408,0.20128163334267604,0.031524655729177044,0.14582311306811716,0.011690511470110736,0.11361049501462625,0.013540568874898153,0.10460188728424502,0.010378676146300702,0.21102328846767265,0.0016590757325338518,0.22299610500384104,0.0007306799715436248,0.08592706202271932,0.043579925825552854,0.08002186847751899,0.039111137109181154,0.011942015621337258,0.0724337900391728,0.01445327021463578,0.07885895821143808,0.017685879696439935,0.11211811342559722,0.02527439518024855,0.13112290828315665,9.748745882719847e-05,0.3646338922783844,0.0012192852291082854,0.333536583944524,0.19642847884175169,0.34428044390056095,0.2281538061115721,0.38763420998804743,0.12058099077464557,0.0006683352534231081,0.09935323634248097,5.779069281708645e-05
