aaaaaa,aaaaad,aaaadd,aaaada,aaadda,aaaddd,aaadad,aaadaa,aaddaa,aaddad,aadddd,aaddda,aadada,aadadd,aadaad,aadaaa,addaaa,addaad,addadd,addada,adddda,addddd,adddad,adddaa,adadaa,adadad,adaddd,adadda,adaada,adaadd,adaaad,adaaaa,ddaaaa,ddaaad,ddaadd,ddaada,ddadda,ddaddd,ddadad,ddadaa,ddddaa,ddddad,dddddd,ddddda,dddada,dddadd,dddaad,dddaaa,dadaaa,dadaad,dadadd,dadada,daddda,dadddd,daddad,daddaa,daadaa,daadad,daaddd,daadda,daaada,daaadd,daaaad,daaaaa
0.4552075321233734,40.86131102567701,0.3604847135625721,41.76926677952681,16.82412877666814,2.66078411929566,15.638753039824605,3.1754714630713496,7.125475150832758,8.838240532810453,8.304814958291566,10.168899566090737,2.888609131549819,0.6978211879728413,2.413859585566943,0.47049213457172445,0.06038708186834679,0.33766689931013655,0.10840860069114336,0.44468352327613303,0.011743740444882685,0.8796943211351407,0.03687212979403718,0.725940392953576,0.7850383163264403,1.669933850014315,1.0086389525455866,1.9963700455793723,0.32845809626989186,0.028806225967840545,0.23493763054008326,0.006235172270823571,0.13926322886896272,0.01478732870995284,0.11968947967120845,0.008764882956955376,0.28582138762479486,1.0198445775618648e-07,0.31207936805991726,0.000609795711357342,0.10086030930585849,0.04855359588592587,0.0922184482875112,0.042341659226735495,0.010446535321772496,0.06542873484460451,0.013920555090194244,0.07411201825124795,0.027878324146452204,0.13171812049847897,0.04479425042317079,0.16708271287242232,0.002058093496516235,0.31436064928103924,0.008205865104730245,0.2645109443904292,0.2679627441838059,0.3598417532315158,0.34084399134959886,0.4452771611645078,0.18265275253268373,0.002597446435323807,0.14255610640889643,2.1102286746670683e-06
