aaaaaa,aaaaad,aaaadd,aaaada,aaadda,aaaddd,aaadad,aaadaa,aaddaa,aaddad,aadddd,aaddda,aadada,aadadd,aadaad,aadaaa,addaaa,addaad,addadd,addada,adddda,addddd,adddad,adddaa,adadaa,adadad,adaddd,adadda,adaada,adaadd,adaaad,adaaaa,ddaaaa,ddaaad,ddaadd,ddaada,ddadda,ddaddd,ddadad,ddadaa,ddddaa,ddddad,dddddd,ddddda,dddada,dddadd,dddaad,dddaaa,dadaaa,dadaad,dadadd,dadada,daddda,dadddd,daddad,daddaa,daadaa,daadad,daaddd,daadda,daaada,daaadd,daaaad,daaaaa
0.5163628684245783,47.79670165187763,0.7478769214228626,45.74032063354553,19.491903731994178,3.0313575863100377,17.24436361851725,4.030237225938519,7.582544799129194,9.86723772075143,8.836833852332974,11.317946565271539,3.4196251790946266,0.89842457908356,2.7183772990815247,0.5526754235137283,0.059607820869667656,0.3731887291344595,0.11374995159840422,0.4991989174983728,0.011137855029746936,1.082255392463938,0.036889828152108436,0.90488781575443,0.8059208549948959,1.8641583886324924,1.0494590604478342,2.2342339270709233,0.4003558548658798,0.04424883041151782,0.2627333295603817,0.007658954193940184,0.15566885401969643,0.01749969816142024,0.13587714183353883,0.011128153075026244,0.3157582017625418,7.004686962410839e-05,0.341864084491002,0.0002329618016646794,0.11042199277327447,0.054666822880935446,0.09794560410643628,0.04567645080767142,0.012659071876637966,0.08168701863064905,0.017970452231308602,0.09492822230933053,0.031691363730323864,0.1499109454973732,0.04999426669344532,0.18840305882581496,0.002386668912718312,0.3705676098100694,0.00831668875083198,0.31934087351872686,0.2985380001669373,0.4174488504163522,0.36911562395962577,0.5022322450677275,0.20399148900977898,0.0023429778089530716,0.15532619961207703,0.00011264860412284994
