aaaaaa,aaaaad,aaaadd,aaaada,aaadda,aaaddd,aaadad,aaadaa,aaddaa,aaddad,aadddd,aaddda,aadada,aadadd,aadaad,aadaaa,addaaa,addaad,addadd,addada,adddda,addddd,adddad,adddaa,adadaa,adadad,adaddd,adadda,adaada,adaadd,adaaad,adaaaa,ddaaaa,ddaaad,ddaadd,ddaada,ddadda,ddaddd,ddadad,ddadaa,ddddaa,ddddad,dddddd,ddddda,dddada,dddadd,dddaad,dddaaa,dadaaa,dadaad,dadadd,dadada,daddda,dadddd,daddad,daddaa,daadaa,daadad,daaddd,daadda,daaada,daaadd,daaaad,daaaaa
0.41329261208288104,40.884336544896534,0.551570332394708,39.56423520686182,12.613505288327001,4.085416900713134,11.55400387297395,4.7434581108960145,5.807589588132978,9.005124876838067,6.465417878017315,9.845598601495741,2.3285805898810223,0.7132252768361693,1.9711053441213744,0.51613817059197,0.0334035348481383,0.35257658053313823,0.05787455442838438,0.42797101712586844,0.0045130544587708805,1.2138877423529442,0.01510115309221724,1.0887870195653229,0.592356681633937,1.7975121943972625,0.7173488245692644,2.01870505054472,0.2357100768139403,0.0343557157044415,0.17020927444827677,0.0120205091703707,0.12889023640719183,0.01553926925026474,0.11962192913527343,0.012236443393955453,0.23917744603432853,0.001614367201345717,0.25085242599773067,0.000756024470562386,0.09142275042583008,0.04545289698941082,0.08602860499127282,0.04135729178962389,0.01477706531049321,0.08431003738773785,0.01735706457314082,0.09079583675861017,0.01995124723095625,0.12410760420628775,0.028411038302654894,0.1451111834026851,0.00014836946185543598,0.4007124254197751,0.001447214100805011,0.36701492330411856,0.2229755069632461,0.3810405960770504,0.25801373026198515,0.42836496112490624,0.140900371491291,0.0009370044370156042,0.11662929874330011,2.240510938237004e-05
