aaaaaa,aaaaad,aaaadd,aaaada,aaadda,aaaddd,aaadad,aaadaa,aaddaa,aaddad,aadddd,aaddda,aadada,aadadd,aadaad,aadaaa,addaaa,addaad,addadd,addada,adddda,addddd,adddad,adddaa,adadaa,adadad,adaddd,adadda,adaada,adaadd,adaaad,adaaaa,ddaaaa,ddaaad,ddaadd,ddaada,ddadda,ddaddd,ddadad,ddadaa,ddddaa,ddddad,dddddd,ddddda,dddada,dddadd,dddaad,dddaaa,dadaaa,dadaad,dadadd,dadada,daddda,dadddd,daddad,daddaa,daadaa,daadad,daaddd,daadda,daaada,daaadd,daaaad,daaaaa
0.4420685854187294,39.56948544836378,0.6819053847807567,37.521156802161215,14.060955470979925,3.219209385246936,12.509582348584876,4.044932994386724,5.728906634031534,8.329079634586448,6.557877912399699,9.346730061878086,2.5530962772416443,0.7437842376230682,2.061605355445256,0.48512886981926956,0.038368826432130916,0.32138286990693204,0.07127562782119645,0.4102304414450035,0.006016153107007402,1.0560668660806136,0.02074677644558632,0.9190803817781013,0.591726351826962,1.6270469368164375,0.7467314043474529,1.8854345662126681,0.2787994604322462,0.03676464968147703,0.18881542226439632,0.009139981918082823,0.12671549579085284,0.015578677715728717,0.11566358652162563,0.011682895976288613,0.2393677393276857,0.0008310014163815149,0.25309781254297,0.00019998645196846797,0.08826485664347623,0.04456578733717174,0.08300011952923932,0.04054903989950338,0.0124106574104085,0.07672573117555873,0.0149034665220602,0.08318165495803212,0.02088631791822257,0.1174489795496905,0.030547871398653885,0.14005945282195048,0.0004889676836107202,0.3566588795588267,0.002423761698563841,0.32354674079356294,0.21783627031930952,0.3458768072383453,0.26186510361965165,0.4026011382512853,0.15745100436701343,0.0019151783131350197,0.12371880059990309,7.543073685973153e-06
