aaaaaa,aaaaad,aaaadd,aaaada,aaadda,aaaddd,aaadad,aaadaa,aaddaa,aaddad,aadddd,aaddda,aadada,aadadd,aadaad,aadaaa,addaaa,addaad,addadd,addada,adddda,addddd,adddad,adddaa,adadaa,adadad,adaddd,adadda,adaada,adaadd,adaaad,adaaaa,ddaaaa,ddaaad,ddaadd,ddaada,ddadda,ddaddd,ddadad,ddadaa,ddddaa,ddddad,dddddd,ddddda,dddada,dddadd,dddaad,dddaaa,dadaaa,dadaad,dadadd,dadada,daddda,dadddd,daddad,daddaa,daadaa,daadad,daaddd,daadda,daaada,daaadd,daaaad,daaaaa
0.4547476344609096,44.088495292633915,0.5941837440630292,42.76188152353678,15.545874788189167,3.6398384591908712,14.104313356398325,4.406915877769205,6.729598119362655,9.507018600349424,7.631475449725175,10.599627635380456,2.789257162387178,0.7812269646987383,2.312947044710697,0.5337849514690053,0.04327384481776947,0.35993763511449534,0.07932815143591088,0.45714614187640235,0.006553454157361964,1.1599618570390617,0.02275127877117833,1.0091881382389005,0.7018088648453814,1.8449197465362615,0.876203553297137,2.1295923327398776,0.3044487836970132,0.03798419712663064,0.21247456028256193,0.010274753648669012,0.14421352727640296,0.016978948974120438,0.12878896829214714,0.011783281920831492,0.2733019017341488,0.0007448207135343043,0.29329640790271927,5.831258989274488e-05,0.10312679876405623,0.05105589636023714,0.09394805457001047,0.044340531473858795,0.013195943018140378,0.08063990726325325,0.017229568379436903,0.09067264011606192,0.02515445790149438,0.1369061915038289,0.03718137718901367,0.16446276225809886,0.000852439514682721,0.3870335712730813,0.0037709131729892847,0.346449749280756,0.260402210749174,0.40111985041269205,0.3135372570178886,0.46842834395070826,0.1685776313812272,0.001518451222036153,0.1330117300502467,7.024203498493792e-05
