aaaaaa,aaaaad,aaaadd,aaaada,aaadda,aaaddd,aaadad,aaadaa,aaddaa,aaddad,aadddd,aaddda,aadada,aadadd,aadaad,aadaaa,addaaa,addaad,addadd,addada,adddda,addddd,adddad,adddaa,adadaa,adadad,adaddd,adadda,adaada,adaadd,adaaad,adaaaa,ddaaaa,ddaaad,ddaadd,ddaada,ddadda,ddaddd,ddadad,ddadaa,ddddaa,ddddad,dddddd,ddddda,dddada,dddadd,dddaad,dddaaa,dadaaa,dadaad,dadadd,dadada,daddda,dadddd,daddad,daddaa,daadaa,daadad,daaddd,daadda,daaada,daaadd,daaaad,daaaaa
0.8419905511219128,66.46089546828901,0.4591457170976783,70.3573971826727,30.45595908645951,3.6114744636157385,28.352593977426203,4.404883054253054,12.413995769152969,14.236870127104979,14.974237276210582,17.0050767304148,5.217936337333138,1.177544858155781,4.2882688465466705,0.7524696983988106,0.11184654414632797,0.5241736666641365,0.21758845110105135,0.7374286518233403,0.02147312004278423,1.2821332860912853,0.07789097274529642,0.9940604257269022,1.381266340896846,2.6053724046765483,1.8585168127346896,3.2580330372355806,0.6306749318408856,0.050037296755584625,0.4432907267707718,0.008566245300121835,0.23024695148976004,0.022648003927493866,0.19552433313292464,0.01252358295231279,0.506816958356378,0.0006290420476719382,0.5573047499758854,0.0036747245534163894,0.17258349892232563,0.08321671545730974,0.1614952078662366,0.07512937537178743,0.014023938304515518,0.09583344040859422,0.01846016431459674,0.1074685051759957,0.06093676104728343,0.2393835447746868,0.09221123244800378,0.2997216007054113,0.009013236685564079,0.4381856764900787,0.023087790694440224,0.3642741771664241,0.46829816439633326,0.575494903338984,0.6074959040047004,0.7314184449456895,0.32993053382951704,0.005647194156651212,0.2620660807377227,0.00013059729510782328
