aaaaaa,aaaaad,aaaadd,aaaada,aaadda,aaaddd,aaadad,aaadaa,aaddaa,aaddad,aadddd,aaddda,aadada,aadadd,aadaad,aadaaa,addaaa,addaad,addadd,addada,adddda,addddd,adddad,adddaa,adadaa,adadad,adaddd,adadda,adaada,adaadd,adaaad,adaaaa,ddaaaa,ddaaad,ddaadd,ddaada,ddadda,ddaddd,ddadad,ddadaa,ddddaa,ddddad,dddddd,ddddda,dddada,dddadd,dddaad,dddaaa,dadaaa,dadaad,dadadd,dadada,daddda,dadddd,daddad,daddaa,daadaa,daadad,daaddd,daadda,daaada,daaadd,daaaad,daaaaa
0.55897795761993,49.23791994360886,1.0828561932969694,45.155103068998045,21.20712566968699,2.7347019304699756,18.10504114406972,4.032322953882206,7.405222595084663,9.641443378196245,8.764548269180949,11.211675592646522,3.760849332181056,1.018792161971048,2.8667935025601654,0.5763103002755979,0.05932506434535316,0.3610134147654006,0.11380111328875789,0.486113893399725,0.011045616945790064,1.0906700839437997,0.03549622319982345,0.9186213208727361,0.7791247783177414,1.8115093754941274,1.0263447193216817,2.187733118860794,0.45440818967150237,0.05356069626688189,0.28941534140213654,0.008564862416001786,0.15765489903305382,0.01861667105359433,0.14280779795742918,0.013548414444999051,0.31873325587825097,7.441676176085605e-05,0.33786141210570986,8.017330992761377e-05,0.10705104079678908,0.05398475604957117,0.09917164135768071,0.04809276421615655,0.013236005913173915,0.08740072360701363,0.016596909354911697,0.09621882758028023,0.03050365605320564,0.1447055658427816,0.047936187561972196,0.18149825020694937,0.002150525501104908,0.3783486641575967,0.007326781242808686,0.33010056885101485,0.2878554007764958,0.4009900726361561,0.3632821094709185,0.4912649437184032,0.22746692133997345,0.0038435909296362,0.1667717231776216,6.497942542404063e-05
