aaaaaa,aaaaad,aaaadd,aaaada,aaadda,aaaddd,aaadad,aaadaa,aaddaa,aaddad,aadddd,aaddda,aadada,aadadd,aadaad,aadaaa,addaaa,addaad,addadd,addada,adddda,addddd,adddad,adddaa,adadaa,adadad,adaddd,adadda,adaada,adaadd,adaaad,adaaaa,ddaaaa,ddaaad,ddaadd,ddaada,ddadda,ddaddd,ddadad,ddadaa,ddddaa,ddddad,dddddd,ddddda,dddada,dddadd,dddaad,dddaaa,dadaaa,dadaad,dadadd,dadada,daddda,dadddd,daddad,daddaa,daadaa,daadad,daaddd,daadda,daaada,daaadd,daaaad,daaaaa
0.6166687397649975,56.539007881647755,0.9569625613963931,53.60723134865289,22.655888837240667,3.6976049217296616,19.934028042880758,4.939771363709978,8.736048837394879,11.613707108428153,10.15788183581222,13.27680031074023,4.008244636442715,1.080041151975797,3.1794630025410826,0.6657150707088091,0.06450645483296107,0.4344801738166628,0.1224344169617031,0.5743707000585223,0.011126714638348646,1.3291463969140764,0.03767006399836957,1.1267499436578607,0.9150546913528371,2.1963142502122057,1.1867382891685176,2.617171653283294,0.47043719718427823,0.05552317033917776,0.31038645858137953,0.010795831346578858,0.18555294984751458,0.0219436433105475,0.16297859504866835,0.014430488325997753,0.36155568392833143,0.00031528488050129296,0.39265120703104367,7.263012626956188e-05,0.13167423301843204,0.06623697726815203,0.11658506153809402,0.05527578877259594,0.01460088820337967,0.0971947348648971,0.020537783395765546,0.11227202794737337,0.03561890926505497,0.1738870233444951,0.054804682566459595,0.2151175205059319,0.002232996758793646,0.4511915805807455,0.008020142446945393,0.3943479438558618,0.3423795255157543,0.48992104063175596,0.4199169455054311,0.5842930882798598,0.23950834824717832,0.0028407829263840437,0.1844009610275588,6.906995108827675e-05
