aaaa,aaad,aadd,aada,adda,addd,adad,adaa,ddaa,ddad,dddd,ddda,dada,dadd,daad,daaa
239.55398211235305,57.01966296116732,4.096329968840248,10.027816102012755,1.46654426112288,1.4823251356414933,0.9897686119546858,0.07294320341988357,0.13860952320759226,0.04917526468979728,0.5579831922664182,0.08252434244877416,0.10031469887988008,0.13490486080513056,0.016735277520038696,0.004093020559777896
