aaaa,aaad,aadd,aada,adda,addd,adad,adaa,ddaa,ddad,dddd,ddda,dada,dadd,daad,daaa
251.505140592121,57.663913796527055,3.6755049552654233,9.731077680286203,1.325949885200881,1.4534162817190976,0.9968592392500859,0.07200605223071123,0.14683224879624734,0.045480009687232426,0.5918601423835029,0.07905260417816673,0.09904004278579873,0.12712764736327317,0.01731379576004222,0.004422795958361254
