aaaa,aaad,aadd,aada,adda,addd,adad,adaa,ddaa,ddad,dddd,ddda,dada,dadd,daad,daaa
265.14893249017604,60.24985313714382,4.659001765802653,12.615251150495418,1.9517224942670326,1.3506686718743035,1.0320032289025551,0.053068708967832695,0.17146153310799822,0.042792324697116024,0.6002381916779799,0.09103282517363076,0.09476747390393093,0.12098420906928718,0.020050153101910752,0.0034949892544147597
