aaaa,aaad,aadd,aada,adda,addd,adad,adaa,ddaa,ddad,dddd,ddda,dada,dadd,daad,daaa
259.2023389044933,60.35317684915078,4.089944338612229,10.527722218995866,1.4791106309534814,1.4998721003763176,1.0348407464800728,0.07805447633113918,0.14543787318272894,0.05326766852654776,0.6038856436411915,0.08676579838058249,0.10645628560071935,0.14356495228625887,0.016978056634356097,0.0044792963902722666
