aaaa,aaad,aadd,aada,adda,addd,adad,adaa,ddaa,ddad,dddd,ddda,dada,dadd,daad,daaa
256.14741258605574,62.52730078358212,5.782348634969205,9.736370830702866,1.4292515010355131,1.7504650854926442,1.0898267014218237,0.10448394124752952,0.1414909988476507,0.05509807408378179,0.6073283235009596,0.08721345532138512,0.1284643767084935,0.17168745234968713,0.01740422267620273,0.004982086473841112
