aaaa,aaad,aadd,aada,adda,addd,adad,adaa,ddaa,ddad,dddd,ddda,dada,dadd,daad,daaa
228.45816008108764,56.75489263153668,4.456576818010815,8.58459442719327,1.1192149300574805,1.4813476049228935,0.9831674238600211,0.09547538631388187,0.1134791502146663,0.05016009210845253,0.5374783775571584,0.07523966827597874,0.10577401170349157,0.14758156350926926,0.014097676956607864,0.0045367011744775155
