aaaa,aaad,aadd,aada,adda,addd,adad,adaa,ddaa,ddad,dddd,ddda,dada,dadd,daad,daaa
215.6631897323057,48.33731460639823,3.2961528066422634,9.629122101455616,1.4720340498847526,1.136004031636672,0.8241101454656347,0.04587256239932222,0.13920614159419648,0.035549200482373554,0.4911395245290293,0.07237899967480092,0.07961299680785937,0.0986769621776934,0.016176726892186036,0.003096994426131558
