aaaa,aaad,aadd,aada,adda,addd,adad,adaa,ddaa,ddad,dddd,ddda,dada,dadd,daad,daaa
224.2638162143012,54.414585260404216,3.9846242977267234,10.585767472929168,1.5246748515113928,1.3042643736353745,0.9489268878053154,0.061172875275584154,0.12951372685841503,0.044107201631542976,0.5109360749031484,0.08122784527460537,0.08553832842292802,0.12188564698443116,0.01600660284686665,0.003343444807650039
