aaaa,aaad,aadd,aada,adda,addd,adad,adaa,ddaa,ddad,dddd,ddda,dada,dadd,daad,daaa
272.66605516413347,64.51229628053704,5.619940809813987,10.757849972025388,1.714743210549714,1.8406117121154824,1.1136651679552698,0.09490322853090022,0.16412351652796406,0.056437471276335346,0.6383183358700629,0.09635117857809786,0.1283545933468055,0.1673992588239873,0.019882609361115848,0.004958446859302089
