aaaa,aaad,aadd,aada,adda,addd,adad,adaa,ddaa,ddad,dddd,ddda,dada,dadd,daad,daaa
255.88482300903823,59.825465530589874,4.736558556633656,9.44400146202799,1.345214756273097,1.6499463615376762,1.0355510704380135,0.09048475808427824,0.14752565151353528,0.050329664404873097,0.607706960267837,0.08337564787252658,0.11696748867265037,0.1503519522954923,0.017647212354576353,0.0049097155006243365
