aaaa,aaad,aadd,aada,adda,addd,adad,adaa,ddaa,ddad,dddd,ddda,dada,dadd,daad,daaa
258.5704324251221,62.38863997386838,7.166203921078953,9.339988936432592,1.4801434851918123,1.9351177876572312,1.0812227837606057,0.12099838998289927,0.13810340565127138,0.05915916050057093,0.6317121078142662,0.0823334899813998,0.15406319785080563,0.18800831445869196,0.01677530180742427,0.005654996182485878
