aaaa,aaad,aadd,aada,adda,addd,adad,adaa,ddaa,ddad,dddd,ddda,dada,dadd,daad,daaa
244.29061487192703,58.86103181924459,4.220878350356773,11.074641854638045,1.632287434112639,1.5011424712784318,1.0279901368853355,0.06790780519047193,0.1458031549955744,0.04797701579717903,0.5624278706079785,0.08667098694279368,0.09733266404589808,0.1320856941975211,0.017965410112530042,0.0038287799686240404
