aaaa,aaad,aadd,aada,adda,addd,adad,adaa,ddaa,ddad,dddd,ddda,dada,dadd,daad,daaa
233.2703426686024,51.99446140913834,3.967751603568001,10.563360690379362,1.5827914075852512,1.1121320068250116,0.8858729682676557,0.04737084225376022,0.1460508030434151,0.03640805884032066,0.5322842720599001,0.07578476623067565,0.07933213098198744,0.10201354145487078,0.017006532211303632,0.0031395305421497524
