aaaa,aaad,aadd,aada,adda,addd,adad,adaa,ddaa,ddad,dddd,ddda,dada,dadd,daad,daaa
262.17548610893397,64.45978163930961,7.529745735359224,10.38247087573457,1.89220596451399,1.9237863382708456,1.1039023002708672,0.11516786970806601,0.1465205288154882,0.0659245248095777,0.6206156181759571,0.09724020415707386,0.15548752720260667,0.19939803777148757,0.018037796005610614,0.005458743465553041
