aaaa,aaad,aadd,aada,adda,addd,adad,adaa,ddaa,ddad,dddd,ddda,dada,dadd,daad,daaa
257.0354671984518,60.55868800204988,4.540154142927634,9.819591630237213,1.3737139220997578,1.5869578380573788,1.040625169999296,0.0903133797218545,0.14292880021888318,0.05341646833930761,0.6049611967310857,0.08590412399133729,0.11663925818884169,0.15446773055239904,0.016839316926846842,0.004844523992042244
