aaaa,aaad,aadd,aada,adda,addd,adad,adaa,ddaa,ddad,dddd,ddda,dada,dadd,daad,daaa
249.17417979122237,59.74658853871663,4.526895961140281,12.09100303806988,1.7820623581629902,1.399609852777842,1.0463056565011821,0.060530083366514734,0.15011077309200796,0.04532979588557354,0.566851323534471,0.08915577155862674,0.09107748366867767,0.12632745311689564,0.018453387137548526,0.003472090950355419
