aaaa,aaad,aadd,aada,adda,addd,adad,adaa,ddaa,ddad,dddd,ddda,dada,dadd,daad,daaa
234.4714718540881,51.99265814644785,3.2204489345550997,8.427270300405306,1.1222164144758973,1.3421794405439056,0.9006212714634558,0.06352410835994306,0.14187810170347362,0.037617995413150515,0.5548920604864489,0.06867398924665837,0.0906730861657962,0.10881291494642573,0.01647513523990751,0.004251344340279987
