aaaa,aaad,aadd,aada,adda,addd,adad,adaa,ddaa,ddad,dddd,ddda,dada,dadd,daad,daaa
241.13629713236284,58.61228583412014,5.062566511777027,9.228309221178796,1.359616294636111,1.6239212057558872,1.0135795710544304,0.09530318411899717,0.13306079401780832,0.052047309028758953,0.5696110015865189,0.08266297517402141,0.11608664740946537,0.15577312150085493,0.01630873579643446,0.0046394083627320165
