aaaa,aaad,aadd,aada,adda,addd,adad,adaa,ddaa,ddad,dddd,ddda,dada,dadd,daad,daaa
212.81046627437212,51.471170926961626,3.7833920459628816,9.755280048571487,1.468065613343712,1.3245371843489375,0.8951705163434429,0.061085277257537665,0.12587777330428707,0.04331254019858932,0.4871684378335536,0.07679225118822694,0.08622304502769106,0.117452925112571,0.015318151234005801,0.003269129503040951
