aaaa,aaad,aadd,aada,adda,addd,adad,adaa,ddaa,ddad,dddd,ddda,dada,dadd,daad,daaa
265.2824547152359,62.92702499432128,4.8963327227635345,10.922126436026728,1.6784742224499396,1.7177975892160635,1.0843814242470053,0.08510407006567791,0.15877981819151077,0.05394630585206511,0.6169095622220984,0.09419813935450776,0.11775709817902866,0.15482498409941753,0.019215750501631934,0.004599519995095593
