aaaa,aaad,aadd,aada,adda,addd,adad,adaa,ddaa,ddad,dddd,ddda,dada,dadd,daad,daaa
226.07968427838424,52.87594299727043,3.8319120335822356,9.317157914100099,1.404474759030743,1.3998923768508358,0.9081598683383735,0.06756985977299189,0.1362987229546331,0.04438696753750579,0.5258094537609649,0.07834714676410535,0.09688084842745548,0.12555166121204897,0.016185587448941843,0.003828621902106363
