aaaa,aaad,aadd,aada,adda,addd,adad,adaa,ddaa,ddad,dddd,ddda,dada,dadd,daad,daaa
237.89699690744018,54.44160156381018,6.8378170727381455,8.99001237387335,1.1493846946771382,1.953327412793526,0.8755516432473092,0.11227957583402491,0.13721795470173986,0.051795632235105346,0.612423931667091,0.06341708174413567,0.16598472760502922,0.16342137971429452,0.014697967267231877,0.0064729028276093795
