aaaa,aaad,aadd,aada,adda,addd,adad,adaa,ddaa,ddad,dddd,ddda,dada,dadd,daad,daaa
258.93711246546934,64.04792061376594,4.649694662689659,10.450707563341368,1.4068736191301534,1.6218581525737696,1.1111166844493445,0.09517198044429939,0.1330441252541832,0.05623104836801422,0.6029206481505609,0.08813644008236471,0.11131671843303406,0.1581581707672078,0.016411814966594714,0.004692136081989618
