aaaa,aaad,aadd,aada,adda,addd,adad,adaa,ddaa,ddad,dddd,ddda,dada,dadd,daad,daaa
252.29478873355401,61.21188118317399,4.720293118104468,9.449206103517087,1.2622877269622574,1.6207082086873354,1.0603268725923858,0.09818063909288641,0.1327660911619742,0.05308898454039376,0.5964220011670649,0.08286457799179671,0.11508894050261946,0.1561854966787926,0.016223422453021174,0.0049369585024370615
