aaaa,aaad,aadd,aada,adda,addd,adad,adaa,ddaa,ddad,dddd,ddda,dada,dadd,daad,daaa
233.80054156179042,58.343625977398155,4.635191320553444,10.151615862116023,1.5054945756757123,1.5548375923131816,1.0147541845439443,0.08228799142406368,0.12881749908214685,0.051820686792151106,0.540058753066002,0.08585609939982931,0.10342930474528272,0.14625800513274917,0.01617287667789823,0.004001125692992845
