aaaa,aaad,aadd,aada,adda,addd,adad,adaa,ddaa,ddad,dddd,ddda,dada,dadd,daad,daaa
232.62301000688583,55.0921735353772,4.992941853333783,11.569780429788358,1.6983153940997893,1.152637116253578,0.9620960525353589,0.05157508266289026,0.1353121509197233,0.03966914614391458,0.5261582167510004,0.08055463391505967,0.07631723301769185,0.11113657685460314,0.016410299185096167,0.0029176982427645986
