aaaa,aaad,aadd,aada,adda,addd,adad,adaa,ddaa,ddad,dddd,ddda,dada,dadd,daad,daaa
245.20461997894452,59.23541252894285,6.3913237677476795,8.648103732162374,1.3090167274277171,1.7980520892025897,1.0228883036086551,0.11423245935152251,0.13200667107500194,0.05292946753570355,0.5965744059972562,0.07778287025295343,0.13484880042764225,0.17129556413519478,0.016391785281678624,0.005175972249936988
