aaaa,aaad,aadd,aada,adda,addd,adad,adaa,ddaa,ddad,dddd,ddda,dada,dadd,daad,daaa
249.46190675437714,56.14651968730515,4.621052262167834,11.346237309133539,1.6941544505487787,1.1584700749350951,0.9647150820601463,0.04995520047123933,0.15491508738356805,0.03650685870980125,0.5697204369844292,0.07917990130088258,0.08210150634015022,0.10532716877836244,0.01806059384044325,0.003281269777692934
