aaaa,aaad,aadd,aada,adda,addd,adad,adaa,ddaa,ddad,dddd,ddda,dada,dadd,daad,daaa
217.47035037837287,51.036368567728665,3.5924763485102416,9.951582072423102,1.4736122631518838,1.237902655233774,0.8836949727641719,0.054779414640702365,0.13186869492028755,0.04053765612842422,0.49695414278369326,0.07703027056516794,0.08310863753787111,0.11225235386694414,0.01581533196609367,0.0032644542182337097
