aaaa,aaad,aadd,aada,adda,addd,adad,adaa,ddaa,ddad,dddd,ddda,dada,dadd,daad,daaa
201.48447720739352,48.43384397159066,3.368103152585391,8.764129987822635,1.2446736958140423,1.2090553219373028,0.8426657671282239,0.05922418953913336,0.11460481142664336,0.0404028837822878,0.46632063677552044,0.06976165929001049,0.08012353211138931,0.11054659289269571,0.013956413566894333,0.0032620596369816435
