aaaa,aaad,aadd,aada,adda,addd,adad,adaa,ddaa,ddad,dddd,ddda,dada,dadd,daad,daaa
234.15466181535155,57.52572319434571,5.000997687484557,9.512295245577453,1.4589017322150044,1.543530057262577,0.9863143822375724,0.09161743835023366,0.12692066390037662,0.05508126640642773,0.5443746771886432,0.08511377202225061,0.11547008883668125,0.15911929926710375,0.01529975740113505,0.004353282157919378
