aaaa,aaad,aadd,aada,adda,addd,adad,adaa,ddaa,ddad,dddd,ddda,dada,dadd,daad,daaa
238.34653374253196,54.13355252112867,3.698498373250195,10.51721579672745,1.5440376182185447,1.2352566299066943,0.9362745845006928,0.05266290888685398,0.14790622372074877,0.04084940231421307,0.5458895650787265,0.07947340945938286,0.08606252239257008,0.1101927197281811,0.017335638408178165,0.00346716888675461
