aaa,aad,add,ada,dda,ddd,dad,daa
318.97326059332846,46.37157230470163,3.342074096134534,1.3218577807426042,0.08709782213708842,0.06221488292888031,0.07144152359136441,0.012340163851238825
