aaa,aad,add,ada,dda,ddd,dad,daa
272.7024225932991,42.3002309974667,2.786895718713584,1.1806745555521305,0.07159245166041844,0.05475563459248528,0.0593646027806274,0.00851190201231558
