aaa,aad,add,ada,dda,ddd,dad,daa
286.29477962397624,39.27863491722373,2.6828717620228284,1.1669905943825583,0.07832321236402628,0.054291487726064715,0.06433725274917072,0.010383457586421417
