aaa,aad,add,ada,dda,ddd,dad,daa
330.7037594631955,43.7654444719235,2.884571478623253,1.3548193022124608,0.08654436179269526,0.06302683955913588,0.07153020837668189,0.011000348860454881
