aaa,aad,add,ada,dda,ddd,dad,daa
311.4008449221901,56.966639338406644,4.714808418521871,1.377442670561732,0.09253497880422469,0.06339260611741912,0.07448588569617601,0.014486118823837043
