aaa,aad,add,ada,dda,ddd,dad,daa
336.3718837797669,65.6343923087747,6.388462586195883,1.4874996563920393,0.11190173968332352,0.06923444081055638,0.08940682827886107,0.018880830065168976
