aaa,aad,add,ada,dda,ddd,dad,daa
299.2993794469362,32.20378345244032,1.786723369167852,1.1863764857048862,0.06838444462754686,0.05648797836189275,0.056969428044812816,0.006813512297745442
