aaa,aad,add,ada,dda,ddd,dad,daa
305.87283143142724,38.729132297572434,2.3749320140654078,1.2538511250384914,0.07650874058033491,0.0585111177223937,0.06407108625786669,0.008484725870939609
