aaa,aad,add,ada,dda,ddd,dad,daa
304.2907213472408,50.168682710740065,3.9842847196749047,1.339208179203901,0.08494135618808117,0.0614594386008075,0.06701994158189074,0.012555941107320324
