aaa,aad,add,ada,dda,ddd,dad,daa
276.4363762252957,39.069761114168266,2.3718395589481993,1.1621120933708637,0.07061929731634001,0.05368933989324301,0.059191649369207636,0.00799735384148156
