aaa,aad,add,ada,dda,ddd,dad,daa
292.41473991025106,50.94836306585715,3.660742236023474,1.3020606637007315,0.08075501343621903,0.059763204272986606,0.06621807091987439,0.010987581522390212
