aaa,aad,add,ada,dda,ddd,dad,daa
274.86951102159725,21.963761279859433,1.2396775052291724,1.0275487882146523,0.05941374634265477,0.04975707997233,0.04870051811436934,0.005536670653347405
