aaa,aad,add,ada,dda,ddd,dad,daa
308.75315904934314,42.90356591586308,2.5040885474890366,1.2884427631616047,0.07783722455345116,0.05973133129974324,0.06531468599555898,0.008706145213505094
