aaa,aad,add,ada,dda,ddd,dad,daa
317.8180783720424,50.50561708959905,3.5113923648965297,1.3708245484660397,0.08740128956560282,0.06359832598831003,0.07283725988799815,0.010799728070554428
