aaa,aad,add,ada,dda,ddd,dad,daa
321.66199042223184,39.616728667810676,2.2754517948023327,1.3219909330850625,0.07595147895248686,0.06200961107736225,0.06134307787621672,0.008296386676596663
