aaa,aad,add,ada,dda,ddd,dad,daa
293.2366346216704,51.70422500693787,4.271727699046615,1.2967762893465031,0.08596087564208403,0.05984558979049421,0.06956304743885841,0.013473181048338433
