aaa,aad,add,ada,dda,ddd,dad,daa
293.6050159061214,49.46719692573757,3.3262656819896574,1.2791454321684086,0.08054796349549816,0.05863717612128927,0.06578048245213597,0.011042653283091832
