aaa,aad,add,ada,dda,ddd,dad,daa
309.97217351176295,50.462241288165494,3.379167561756837,1.352303909590736,0.08450175531677069,0.06280833579865254,0.07115161496480807,0.009624688810299247
