aaa,aad,add,ada,dda,ddd,dad,daa
280.6875636177771,51.355005752718434,3.6781786531393115,1.2690239163273052,0.07888225156492203,0.05800062370155362,0.0651524984379235,0.010473427954624324
