aaa,aad,add,ada,dda,ddd,dad,daa
258.7817622321564,40.72755571953842,2.928870163048342,1.1076158837604495,0.07045025944605185,0.05139036214896558,0.0565942316538651,0.010471151938230401
