aaa,aad,add,ada,dda,ddd,dad,daa
296.7003445606409,46.07955252041645,3.488588990374078,1.2623742395596844,0.0834589642743082,0.058618527050664344,0.06706773346157041,0.012155369459974747
