aaa,aad,add,ada,dda,ddd,dad,daa
262.008995907507,41.97988427893022,3.5274107761548636,1.1464530792062546,0.07307042569869453,0.053268251955346416,0.057751808676123166,0.011716258425314917
