aaa,aad,add,ada,dda,ddd,dad,daa
292.03212281850927,38.412929274442455,2.6144462795448993,1.2100962924890355,0.07583084807957569,0.056062410343628945,0.06113104348382358,0.009794385941716477
