aaa,aad,add,ada,dda,ddd,dad,daa
279.49934452885003,35.301964165908224,2.080771694318162,1.1608823656018414,0.0668202799023619,0.05430175894289206,0.052799532381927035,0.0072161235752375855
