aaa,aad,add,ada,dda,ddd,dad,daa
317.4263018507507,53.13555375112805,4.2089260926592145,1.3592085119364268,0.09321592841203491,0.06319001420056786,0.0749265033672684,0.01347355933109221
