aaa,aad,add,ada,dda,ddd,dad,daa
289.83324953993514,55.69392739368327,4.73937311619485,1.3176841699874575,0.08832533871692429,0.060373077033968346,0.07162227199801269,0.013354898459490634
