aaa,aad,add,ada,dda,ddd,dad,daa
315.4159421648439,54.11168529586048,4.346278332392073,1.381956665007753,0.09196288842355052,0.06342886575423748,0.07359155637523068,0.013574590571420011
