aaa,aad,add,ada,dda,ddd,dad,daa
320.1104225153446,57.205534354336265,5.469788160853327,1.4263467151673839,0.09506537316171203,0.06655210643906706,0.07593831553240304,0.016846797409616015
