aaa,aad,add,ada,dda,ddd,dad,daa
298.22060284116156,43.12925154465349,2.87437481760089,1.2538454882830778,0.07890163730977384,0.05801485176546193,0.06477100469157834,0.010402047272734659
