aaa,aad,add,ada,dda,ddd,dad,daa
315.7297403325831,55.53312366440791,5.338830651766625,1.4099350219192708,0.09455105910182209,0.06532277286745966,0.07504405394837943,0.016043671105915376
