aaa,aad,add,ada,dda,ddd,dad,daa
260.211204752653,40.35593211387803,2.9513668647011473,1.0905393166901767,0.071766080967226,0.05105498370507603,0.057246734701782216,0.011438193385309553
