aaa,aad,add,ada,dda,ddd,dad,daa
288.4047514100764,47.743169287129355,3.231352495081984,1.2456093738967209,0.08060512658421978,0.057575993888823396,0.06775069037846809,0.009989073066792196
