aaa,aad,add,ada,dda,ddd,dad,daa
280.22603036785046,47.871448745336544,4.7341327930485795,1.2350691647045273,0.08254375074126835,0.057961366531601305,0.06490404199929377,0.015093130058673292
