aaa,aad,add,ada,dda,ddd,dad,daa
299.53894710998196,57.81083464923373,5.463884275396751,1.3620466875739967,0.09352864271776724,0.06269188550018612,0.07517671890120377,0.015421362957771571
