aaa,aad,add,ada,dda,ddd,dad,daa
293.99318581136527,42.22106219010603,3.0980703644409426,1.2202494346270858,0.081510556007108,0.05683106013539554,0.06575846739081623,0.011668711083189872
