aaa,aad,add,ada,dda,ddd,dad,daa
299.30573541923013,42.38653930011212,2.686974338469447,1.2585476947387895,0.07736741891131495,0.05839062187198641,0.06484863395046847,0.009080003643074885
