aaa,aad,add,ada,dda,ddd,dad,daa
330.3541147616794,16.231640318403866,2.6481877463095076,0.5281287960817019,0.2171435745540976,0.04509374828407452,0.06380325282443064,0.028414269615868612
