aaa,aad,add,ada,dda,ddd,dad,daa
273.13108779632006,15.565393861520658,1.9115830257473891,0.42147805221049367,0.16103587859787313,0.03610077699449861,0.04802673084930214,0.021979677653829778
