aaa,aad,add,ada,dda,ddd,dad,daa
310.92464289286414,20.080200589575803,2.3946153487921853,0.48618887328730614,0.1875715097337536,0.042858471308324056,0.05475819299006656,0.024752839293346207
