aaa,aad,add,ada,dda,ddd,dad,daa
299.52026336800844,20.809361988504502,2.4884713681585366,0.46964524521288176,0.17730934101218054,0.0408728280546168,0.05197460101002979,0.023319966819864972
