aaa,aad,add,ada,dda,ddd,dad,daa
289.4174433291851,15.942811773740628,2.4473351626239293,0.456940177302966,0.18406120979890667,0.039925054533624105,0.05455792506405277,0.02404432353443398
