aaa,aad,add,ada,dda,ddd,dad,daa
286.8074107883045,18.09847813937684,2.1222210356223385,0.43981140427168747,0.1678593413142016,0.037830567549556715,0.050411543933403566,0.023017836624696576
