aaa,aad,add,ada,dda,ddd,dad,daa
292.7943680154014,19.253064166788768,2.6927306007880154,0.4518595840382468,0.17623065490470338,0.03808860112175879,0.05454662973900531,0.024360427006317485
