aaa,aad,add,ada,dda,ddd,dad,daa
283.5100379914764,18.968242846884696,2.2975929733854246,0.439896663069496,0.16879029171674947,0.03833192741121677,0.05021237438008874,0.022682188402735663
