aaa,aad,add,ada,dda,ddd,dad,daa
315.6242152228415,17.545442550224,2.5578527601146783,0.493661484988904,0.1958913874910952,0.042007138751569306,0.05886458815266218,0.026364363173434907
