aaa,aad,add,ada,dda,ddd,dad,daa
309.1193308847846,17.644836679338162,2.169454044606598,0.4836948895269001,0.18937457185223996,0.043273966030194476,0.054744623406629375,0.02488915884097541
