aaa,aad,add,ada,dda,ddd,dad,daa
297.4574894135773,16.5214493116179,2.3591601817877956,0.4668825742758713,0.18335437966886872,0.03943640885813736,0.054914860513002116,0.0248044216630316
