aaa,aad,add,ada,dda,ddd,dad,daa
283.502238476477,16.41804727862059,2.0360548138463876,0.4426948162303268,0.17134609590778016,0.03919451645031675,0.04976907751881207,0.02263559016534565
