aaa,aad,add,ada,dda,ddd,dad,daa
299.56934887609646,18.082665851094394,2.1198749424518573,0.4629488200615527,0.17725026588945614,0.04039362535909658,0.05237409597898741,0.023961919845784198
