aaa,aad,add,ada,dda,ddd,dad,daa
306.25071351139513,18.20141428945302,2.094534519166745,0.4782981531480204,0.18235693969677197,0.042044522339087065,0.05257080329293391,0.023726750496952925
