aaa,aad,add,ada,dda,ddd,dad,daa
341.6267352799617,22.610795756099183,2.6788684925201567,0.5284408752243299,0.20274661030155416,0.04622582029404049,0.060715900574880924,0.02761156419373538
