aaa,aad,add,ada,dda,ddd,dad,daa
267.1241835401256,13.369027827192609,1.8734605534918078,0.41995432511109665,0.16435785196412755,0.035696921818240274,0.04840185502486999,0.02216328524442006
