aaa,aad,add,ada,dda,ddd,dad,daa
279.38157966720377,17.971871309965262,2.067646149967318,0.4287854096265556,0.1637136520727829,0.037756332641083315,0.048367330991876546,0.021993610047462708
