aaa,aad,add,ada,dda,ddd,dad,daa
284.2510556152468,13.766177939977242,2.119304293618984,0.44991636750861047,0.18028261418677097,0.03771176417335296,0.053800349782857686,0.024151537146405094
