aaa,aad,add,ada,dda,ddd,dad,daa
354.25127098953385,21.33490300875222,2.822185778396018,0.5541760919842075,0.21763802635919996,0.04864154274210411,0.06427678406053618,0.029273598498002543
