aaa,aad,add,ada,dda,ddd,dad,daa
287.5867754287098,16.863579142333716,2.3096647582262837,0.4513635115855285,0.17820209953878977,0.03996051127501547,0.05214015485301744,0.02353405863148851
