aaa,aad,add,ada,dda,ddd,dad,daa
290.89004696776504,16.25826345828276,2.1008864076608895,0.45318868702221227,0.17836571100455542,0.040437854284134885,0.0519953353965823,0.02384852513125952
