aaa,aad,add,ada,dda,ddd,dad,daa
307.3984926483507,14.797862402035792,2.13392964499954,0.486732533514439,0.19309194081997272,0.04205371860679634,0.055918653365546016,0.02557033783871665
