aaaaa,aaaad,aaadd,aaada,aadda,aaddd,aadad,aadaa,addaa,addad,adddd,addda,adada,adadd,adaad,adaaa,ddaaa,ddaad,ddadd,ddada,dddda,ddddd,dddad,dddaa,dadaa,dadad,daddd,dadda,daada,daadd,daaad,daaaa
56.29076522162472,27.418207801236562,150.71622993651823,13.295583766098153,11.721127832129643,5.446753468753897,5.208126620121525,0.24145553128655925,1.2689922397496392,0.5980236168157068,0.6890650551262038,1.8624543248389,0.14028876563952533,0.8720521332699828,0.46762344599802985,0.010344858911406758,0.06757350125884114,0.027835525965475165,0.05679276903101076,0.024426691134930203,0.04007720764149792,0.18302600032144098,0.003702565427478154,0.04041698122018525,0.17666300511240335,0.028669674198764473,0.015055942470933196,0.10404053768918903,0.0059284495821002045,0.08607583404964711,0.008042713707573446,0.00991020274243916
