aaaaa,aaaad,aaadd,aaada,aadda,aaddd,aadad,aadaa,addaa,addad,adddd,addda,adada,adadd,adaad,adaaa,ddaaa,ddaad,ddadd,ddada,dddda,ddddd,dddad,dddaa,dadaa,dadad,daddd,dadda,daada,daadd,daaad,daaaa
55.14346849346644,30.560967101890412,165.01183449468763,14.5067688230123,14.47124061694196,5.279800765716396,5.577307754935251,0.27986907791846755,1.3790662673473801,0.6096352061369787,0.7730122321430847,2.10797190107326,0.15955731196348946,0.9126103975999927,0.504275207067832,0.010722506982657136,0.07185123791174192,0.028713841115987054,0.06822014235722855,0.02587039408399158,0.04162292355056459,0.2050184483105602,0.0049333868338652595,0.040939498651088396,0.2001830891178688,0.03136821135944387,0.015792274723621814,0.12455798055056726,0.006647574233950299,0.09482494847475482,0.008234080444431963,0.010927949596666741
