aaaaa,aaaad,aaadd,aaada,aadda,aaddd,aadad,aadaa,addaa,addad,adddd,addda,adada,adadd,adaad,adaaa,ddaaa,ddaad,ddadd,ddada,dddda,ddddd,dddad,dddaa,dadaa,dadad,daddd,dadda,daada,daadd,daaad,daaaa
65.78218871637308,30.789873897502087,171.4892786230872,14.655815203216479,13.768725156793574,6.213882151354384,6.0258988235434225,0.2756785825597227,1.4091053838971916,0.6634785807752475,0.8014036240644783,2.1227523900685465,0.16722178311897942,0.981811987471378,0.5407718627718267,0.011882993011210404,0.07688648728569453,0.031306647734613606,0.0636115650246479,0.02779923171615126,0.046060632105656134,0.21081546935871942,0.004392166987285089,0.04464275707100952,0.19951157386949325,0.03171615835442091,0.017447830344149234,0.1194723754068179,0.006605061880786426,0.09788482508568333,0.009186870059611166,0.01134456356612242
