aaaaa,aaaad,aaadd,aaada,aadda,aaddd,aadad,aadaa,addaa,addad,adddd,addda,adada,adadd,adaad,adaaa,ddaaa,ddaad,ddadd,ddada,dddda,ddddd,dddad,dddaa,dadaa,dadad,daddd,dadda,daada,daadd,daaad,daaaa
37.48176232527117,32.29648637495614,153.23290889573732,11.611041610368634,20.85957559684637,4.211788547882732,4.58742625295874,0.5144478919365489,1.322317508705813,0.6147926118768422,1.0437540736158466,1.8628921885219318,0.2422226427987791,0.6946343026122913,0.45613317338015785,0.008555606764672008,0.0629726469518154,0.026273756592871345,0.09619637702147156,0.022782808282776925,0.02360114345515004,0.24100531655174015,0.013591714569638211,0.020431717423931156,0.2435783852679525,0.03640414503251348,0.04285143705143773,0.1500885463993633,0.00590928054708636,0.09114108920105164,0.0065221842513814325,0.01064465626941412
