aaaaa,aaaad,aaadd,aaada,aadda,aaddd,aadad,aadaa,addaa,addad,adddd,addda,adada,adadd,adaad,adaaa,ddaaa,ddaad,ddadd,ddada,dddda,ddddd,dddad,dddaa,dadaa,dadad,daddd,dadda,daada,daadd,daaad,daaaa
67.34356017060273,29.894687349785965,166.51889832036682,16.761584988884106,6.685953948793579,8.735645167233805,6.111846054494915,0.1643808621550417,1.3360185740627972,0.7538400090246405,0.7018048602869884,1.6776787302716947,0.15426253011734592,1.1014446401413744,0.5352586450796536,0.011403796378084646,0.0745909836979164,0.03058498742476088,0.04851172296089792,0.03427383396220583,0.051581981156021785,0.17883373375204645,0.0037962126038155156,0.05516169920797585,0.15941316151558763,0.0287551329035886,0.02728662031969165,0.06859010315187831,0.008441275458523738,0.09821890217735438,0.010764266652768431,0.010716107010729588
