aaaaa,aaaad,aaadd,aaada,aadda,aaddd,aadad,aadaa,addaa,addad,adddd,addda,adada,adadd,adaad,adaaa,ddaaa,ddaad,ddadd,ddada,dddda,ddddd,dddad,dddaa,dadaa,dadad,daddd,dadda,daada,daadd,daaad,daaaa
53.518504655974056,33.86781999666147,182.21515241503934,17.534583497734893,17.909033076318792,4.867335274870406,5.814403025539972,0.3333586745542978,1.7328795282529375,0.7495896807480409,0.816751598819343,2.668610936729661,0.16678602776066295,1.0082563708045162,0.5270529009208949,0.011452139245181568,0.07788167642845577,0.032938219071911155,0.08266990269575637,0.027389483470657575,0.044930328419532005,0.2185169740565649,0.004442289321489919,0.05174097309898537,0.23690868918866306,0.04204100344606331,0.01716412552542136,0.16398234440844717,0.007809420483814787,0.10465119580992625,0.009126161660225536,0.011610275542756359
