aaaaa,aaaad,aaadd,aaada,aadda,aaddd,aadad,aadaa,addaa,addad,adddd,addda,adada,adadd,adaad,adaaa,ddaaa,ddaad,ddadd,ddada,dddda,ddddd,dddad,dddaa,dadaa,dadad,daddd,dadda,daada,daadd,daaad,daaaa
48.91891506189739,35.89105480500323,176.636051676251,13.737181320362739,20.68782311525428,4.947237572347334,5.552767237503512,0.4756713727396628,1.4571804458630677,0.617446512714993,1.087973738592773,2.113617116859225,0.22892381841672158,0.8612782747521167,0.5305005408194373,0.010511395005402095,0.07512642163151681,0.029672435975694383,0.09448462946669862,0.025325190959681245,0.03138551614406191,0.26107509634328213,0.011577974694877162,0.028573218500235868,0.2583339462051728,0.034905195670057274,0.03517415197252543,0.1577468457612287,0.006576087567771786,0.10124262415383055,0.007489558056842662,0.012385188547897668
