aaaaa,aaaad,aaadd,aaada,aadda,aaddd,aadad,aadaa,addaa,addad,adddd,addda,adada,adadd,adaad,adaaa,ddaaa,ddaad,ddadd,ddada,dddda,ddddd,dddad,dddaa,dadaa,dadad,daddd,dadda,daada,daadd,daaad,daaaa
44.86290238675364,29.749931195715266,158.7269679313719,16.33362665538675,13.639515860763217,4.556855275880066,5.027090812830277,0.2557195217646735,1.49547617512472,0.6630126783186828,0.6219717682901671,2.2639964160920028,0.1303990468347422,0.9042293103587218,0.45604581501890157,0.009693402899040264,0.06661938333570742,0.02825571402724596,0.07010173167399644,0.024957031833961783,0.040495732379046016,0.18236364405419292,0.003659868073318486,0.04711399810507862,0.19510047900507627,0.037188386110923496,0.011177387904192508,0.13028930229960545,0.007548929132110848,0.09425620544382386,0.008232102878194644,0.009672173701018442
