aaaaa,aaaad,aaadd,aaada,aadda,aaddd,aadad,aadaa,addaa,addad,adddd,addda,adada,adadd,adaad,adaaa,ddaaa,ddaad,ddadd,ddada,dddda,ddddd,dddad,dddaa,dadaa,dadad,daddd,dadda,daada,daadd,daaad,daaaa
64.35342839375168,36.55744449521547,194.49464318417466,16.707532887560586,21.028003186738424,5.314683871266049,6.211628130704388,0.45532347467527495,1.9121144770735543,0.8145245393728029,1.0945837598880785,2.715019196607854,0.20555468070857746,1.0473889199775093,0.571272464405976,0.012897472910127576,0.08844051831857604,0.03650549925326494,0.0904666559937124,0.02842833447796017,0.04214080183876341,0.253246588942955,0.005084054042559997,0.049689208024313446,0.2770622461316543,0.04265111191381767,0.03085287704319134,0.18197285847326694,0.007590055245030335,0.11105700861938432,0.008557543542256634,0.012779372405673329
