aaaaa,aaaad,aaadd,aaada,aadda,aaddd,aadad,aadaa,addaa,addad,adddd,addda,adada,adadd,adaad,adaaa,ddaaa,ddaad,ddadd,ddada,dddda,ddddd,dddad,dddaa,dadaa,dadad,daddd,dadda,daada,daadd,daaad,daaaa
66.49753959965295,28.531536263082376,160.73418493624786,14.161667325213195,11.107601943320084,6.553397865113901,5.734147214797295,0.23832873356489223,1.3475161980755903,0.6710880397814273,0.7257037654807608,1.9263334959833267,0.14939824337287533,0.9593189718824566,0.5114916479096306,0.011338926477589481,0.07369165209262586,0.030164473915275485,0.05530454232547762,0.027794864629285338,0.045417980589709944,0.1905095425742032,0.003376905585246777,0.04559046509562404,0.17858528638913554,0.030757185625285694,0.017928358727022656,0.10083411257509978,0.006515297411255275,0.09430443683273644,0.008654825091393913,0.010220186270058709
