aaaa,aaad,aadd,aada,adda,addd,adad,adaa,ddaa,ddad,dddd,ddda,dada,dadd,daad,daaa
199.48311430913915,111.05733488821711,44.629319894815836,5.107860521688606,1.6941837514947122,1.304358572618025,0.31495521722698033,0.0433986057094002,0.3867629126814196,0.13242180503372236,0.08892783777558509,0.300216182430607,0.11039143479342493,0.013091167490902588,0.04741838973070669,0.001454806391643919
