aaaa,aaad,aadd,aada,adda,addd,adad,adaa,ddaa,ddad,dddd,ddda,dada,dadd,daad,daaa
164.7504672186025,108.36090790946612,45.506703244136965,4.575246058813675,1.2283353853320913,1.347797797945925,0.25333740329232896,0.04500578734031406,0.3214209335184283,0.10364565648039502,0.07459752251021647,0.24748109655313882,0.11773402481286833,0.012105114238611433,0.044057052740395994,0.0013205786582167567
