aaaa,aaad,aadd,aada,adda,addd,adad,adaa,ddaa,ddad,dddd,ddda,dada,dadd,daad,daaa
189.2801924456496,101.15822697638139,39.09304957287736,4.608348725753697,1.4276261113262865,1.1568906707903077,0.2872131384745712,0.037125961477328655,0.3641014903686312,0.1301312520108142,0.08623565304110674,0.2864392672988335,0.09583815811998839,0.01062565579528196,0.04051480783350562,0.0012239707829125434
