aaaa,aaad,aadd,aada,adda,addd,adad,adaa,ddaa,ddad,dddd,ddda,dada,dadd,daad,daaa
180.4300609627416,109.37212991449573,30.49490848103501,3.6374344647654753,1.347373352858581,0.9101201221078249,0.34777330510398347,0.03694029168387389,0.3282178206099232,0.1256510982348485,0.07576516571414414,0.26013615532911794,0.07080747478196131,0.007651320855517902,0.039368363802356685,0.0011615663271451098
