aaaa,aaad,aadd,aada,adda,addd,adad,adaa,ddaa,ddad,dddd,ddda,dada,dadd,daad,daaa
178.9483946997605,111.02076954933294,57.13956325860604,5.678828732431639,0.8488978523392582,1.9434095698298401,0.2986172872037191,0.05420225105268966,0.38363061090262945,0.11482819022788904,0.10324611697670315,0.2947480737805402,0.17752168802539273,0.014337327413213466,0.041218034401022105,0.0011345060738519811
