aaaa,aaad,aadd,aada,adda,addd,adad,adaa,ddaa,ddad,dddd,ddda,dada,dadd,daad,daaa
171.2143194811765,109.7537482493276,45.47579101154223,4.7125213005792075,1.4021375844922228,1.3344265672613296,0.2707225725154523,0.04546503085495941,0.33307684964094714,0.10732839213762015,0.07580893090980932,0.25527704354705244,0.1165487799757975,0.012724620607509647,0.04622436799359362,0.0014065343139181964
