aaaa,aaad,aadd,aada,adda,addd,adad,adaa,ddaa,ddad,dddd,ddda,dada,dadd,daad,daaa
165.5854997177868,97.5056476971537,41.89537117359239,4.246458210524606,0.8269958618728392,1.3197761493839193,0.24292247258935099,0.03803592723960269,0.33046679876887713,0.11569388702918651,0.08597086331291294,0.26497724949394347,0.10966658323819505,0.009238093794274926,0.033217813770221254,0.0009960982246876883
