aaaa,aaad,aadd,aada,adda,addd,adad,adaa,ddaa,ddad,dddd,ddda,dada,dadd,daad,daaa
195.5300278538213,128.27486031499026,57.82295163373143,5.997722058324403,1.4597220179071337,1.7581773034363155,0.29322005809711316,0.05603904885110315,0.3887688244857505,0.11876883823674952,0.09092919576678456,0.295157964398151,0.15994167564785192,0.015597993540768094,0.05343373211220772,0.0015933347925407096
