aaaa,aaad,aadd,aada,adda,addd,adad,adaa,ddaa,ddad,dddd,ddda,dada,dadd,daad,daaa
177.4973286446081,103.63775814795277,48.28994666157379,5.069310747265779,1.0426561008422384,1.5260676250399459,0.2608269278617236,0.042811384386209454,0.36147520766105545,0.11760882058935965,0.09107177725393148,0.2823503989229617,0.1342257969830147,0.012106322343780425,0.03986162375239793,0.0011188979714054663
