aaaa,aaad,aadd,aada,adda,addd,adad,adaa,ddaa,ddad,dddd,ddda,dada,dadd,daad,daaa
159.5725246445844,96.06936123476918,38.173295085058655,3.9420466513488677,0.9539552759607665,1.151903810782738,0.23326827916635395,0.03634825978220336,0.311750449972315,0.10589249774913519,0.0761457128781856,0.24446569848942007,0.10133804393701534,0.008511497858755475,0.03581947431250353,0.0010218010690621236
