aaaa,aaad,aadd,aada,adda,addd,adad,adaa,ddaa,ddad,dddd,ddda,dada,dadd,daad,daaa
186.28997846138816,103.5282550018118,47.126853569770944,5.269291890570698,1.3255565546406674,1.4419924296677393,0.2681964344126869,0.04196736747600368,0.374372646714123,0.12116921503865719,0.09028998880081414,0.2895053380263005,0.1299564875259902,0.012467533085230551,0.04285501290129822,0.001272101924304519
