aaaa,aaad,aadd,aada,adda,addd,adad,adaa,ddaa,ddad,dddd,ddda,dada,dadd,daad,daaa
181.55396287487167,112.7147852658487,53.753583691612775,5.5682575652721775,1.126784237712585,1.6998228564300244,0.2697306554823288,0.04899606776973254,0.3716945279823568,0.11539550158144954,0.09187662269470052,0.2859600573712583,0.15356848573060575,0.01398750494372757,0.04500377235060221,0.001237310205646331
