aaaa,aaad,aadd,aada,adda,addd,adad,adaa,ddaa,ddad,dddd,ddda,dada,dadd,daad,daaa
158.80465955153298,101.71559749787843,51.99328646559702,5.332772442692387,0.870223294257803,1.6942871826740653,0.2491373019101324,0.04848173613703799,0.33395139637496435,0.09744724590773823,0.08529064598736162,0.2528459787499015,0.16128876486639745,0.013080404917075074,0.04049923006121225,0.0011625599069302712
