aaaa,aaad,aadd,aada,adda,addd,adad,adaa,ddaa,ddad,dddd,ddda,dada,dadd,daad,daaa
150.88193894730549,104.05039489056716,42.273486690904036,3.915695515825744,0.8103986333414877,1.2818693083899795,0.2238481059253509,0.042363117312163134,0.2933592233885197,0.09673435524029948,0.07218436732222491,0.2293767170148676,0.11213002294897392,0.009251088181182572,0.037363519511818925,0.0010570257446952467
