aaaa,aaad,aadd,aada,adda,addd,adad,adaa,ddaa,ddad,dddd,ddda,dada,dadd,daad,daaa
161.74884394157328,101.04192764576685,36.67344214881901,3.655245404130684,0.8048235402708019,1.1382685558784118,0.23724818323643473,0.0371037516223299,0.31175756599846993,0.10982597054804419,0.07850847179379074,0.24810699521748497,0.09642409029997673,0.007110791732156205,0.0341253319934927,0.000973213830147717
