aaaa,aaad,aadd,aada,adda,addd,adad,adaa,ddaa,ddad,dddd,ddda,dada,dadd,daad,daaa
174.71248309532282,107.09057655306974,49.56756459426069,5.23382619363449,1.192212664547301,1.533743053280998,0.25637284663730686,0.04567942565862059,0.3536379929615396,0.10973884178687669,0.08537469862357203,0.2708027352684929,0.13972670704922888,0.012962083307116354,0.04406550501737311,0.001240588272617233
