aaaa,aaad,aadd,aada,adda,addd,adad,adaa,ddaa,ddad,dddd,ddda,dada,dadd,daad,daaa
173.99053045232264,114.39687398307031,48.74030721473891,4.749061530752402,1.063169005627975,1.4749893717316351,0.25796067741632983,0.04736572640961954,0.3434329068701637,0.11218149142205722,0.08356538720746762,0.26719536789153436,0.12843280237935897,0.011618731239394916,0.04322931454806296,0.0012369840776840814
