aaaa,aaad,aadd,aada,adda,addd,adad,adaa,ddaa,ddad,dddd,ddda,dada,dadd,daad,daaa
174.87750145161434,112.267262773043,46.08963357267654,4.699464622897028,1.2345964499781565,1.3707297480786211,0.26434275065740753,0.04526331539433223,0.34113557745308126,0.10965043575240224,0.0798166113284207,0.2622472573224581,0.12375756574787791,0.011541982273279001,0.04518058987197647,0.0013182898960466252
