aaaa,aaad,aadd,aada,adda,addd,adad,adaa,ddaa,ddad,dddd,ddda,dada,dadd,daad,daaa
193.2068678820079,128.4419580548916,63.5325323469999,6.773640649207239,1.4050003416202623,2.009245511068071,0.28973109578781736,0.060040455671317855,0.3937370418031069,0.11443852670801256,0.09361950421929571,0.2960136913208318,0.1863416465975697,0.01794623395131726,0.055239640790412,0.001627440581330447
