aaaa,aaad,aadd,aada,adda,addd,adad,adaa,ddaa,ddad,dddd,ddda,dada,dadd,daad,daaa
180.2198735292145,118.3945764175694,46.0212808566315,4.508184172271091,1.155862462870858,1.3656591472014052,0.27346380518845287,0.04664447493156084,0.3472814017155307,0.11533791805370602,0.08256410459214278,0.26960949102603937,0.11957185670758419,0.0107206785336547,0.044649760040014204,0.0012763799911665495
