aaaa,aaad,aadd,aada,adda,addd,adad,adaa,ddaa,ddad,dddd,ddda,dada,dadd,daad,daaa
164.32100066473083,97.65285915839449,44.23528180672279,4.6031171092042165,1.028388747017224,1.3659419056015905,0.2399215985544712,0.040048991089352226,0.330511396259003,0.1096301462607054,0.08179244927013607,0.258901886511591,0.1175880127619166,0.01116219255377216,0.03750296915518117,0.0010889366453716313
