aaaa,aaad,aadd,aada,adda,addd,adad,adaa,ddaa,ddad,dddd,ddda,dada,dadd,daad,daaa
187.4659175013708,122.4106499502105,44.9719562190049,4.360615430894222,1.0542557550286118,1.3476353582027336,0.2813921509759923,0.046294014696880485,0.3583288653779219,0.12225266564488574,0.08713971524761586,0.2807594431421703,0.11739264660090848,0.0093947928514467,0.04327437459748496,0.001211707100691082
