aaaa,aaad,aadd,aada,adda,addd,adad,adaa,ddaa,ddad,dddd,ddda,dada,dadd,daad,daaa
167.24922355980956,108.97008622585959,47.54204746306609,4.769331203028503,1.276275581187514,1.414673160592076,0.25910671938895147,0.045589619383830306,0.32965362234856666,0.1091604534371362,0.07723078592997948,0.25655075726276255,0.11705788762526775,0.01336903134861712,0.044206240581929096,0.0013314874346710356
