aaaa,aaad,aadd,aada,adda,addd,adad,adaa,ddaa,ddad,dddd,ddda,dada,dadd,daad,daaa
176.6592528693293,109.70789494916332,44.35677030776411,4.6675481295861045,1.3984822745871397,1.301500993643061,0.27667609301923646,0.04406597673323635,0.3433449336678185,0.11238196140089686,0.07879898604705486,0.26402219588404613,0.11425233849865382,0.011989270082228165,0.04554039077981193,0.0013589815218285858
