aaaa,aaad,aadd,aada,adda,addd,adad,adaa,ddaa,ddad,dddd,ddda,dada,dadd,daad,daaa
212.68288341942872,83.51620090748823,13.174194220508888,0.6710361926670608,2.4360363467886184,0.45541818023405345,0.21921082520401264,0.01658144133841331,0.19137483916711925,0.18664626028274564,0.03214114939377576,0.2161065335091316,0.06799354282375256,0.011314477710376549,0.02329294422179906,0.014898948338648983
