aaaa,aaad,aadd,aada,adda,addd,adad,adaa,ddaa,ddad,dddd,ddda,dada,dadd,daad,daaa
194.21058666142133,70.3821973484823,18.848465421402118,1.2058067563751191,2.5990969188555226,0.5868457259425234,0.14842318689523634,0.02282598816090234,0.19374580138319777,0.15194058887069473,0.030696712330700333,0.21528713451883744,0.07420593709029868,0.017283298429728176,0.02897605761845024,0.01391398989248359
