aaaa,aaad,aadd,aada,adda,addd,adad,adaa,ddaa,ddad,dddd,ddda,dada,dadd,daad,daaa
230.8326437563438,89.28488512061136,22.403778899532995,0.838608430471372,3.278574747632368,0.8599230002709679,0.2761444250600416,0.026147144261216868,0.22775784020744172,0.18434428559100396,0.030475593242157553,0.26457770538423786,0.08639324172307071,0.01558264635575445,0.03485906471613345,0.01624018426248053
