aaaa,aaad,aadd,aada,adda,addd,adad,adaa,ddaa,ddad,dddd,ddda,dada,dadd,daad,daaa
176.2308270111762,70.44798757655582,12.694303218582519,0.5253072352706261,2.203871708707978,0.4770715996074127,0.22033447323108366,0.014634090508968144,0.16660156236322085,0.14821637366973395,0.024596938582641406,0.1901423829165602,0.059730320398325036,0.008552377634215328,0.022279854170549864,0.01207768549934148
