aaaa,aaad,aadd,aada,adda,addd,adad,adaa,ddaa,ddad,dddd,ddda,dada,dadd,daad,daaa
238.49956414176168,82.69409723851395,28.866995159204503,2.1452616455337057,3.6094976823521954,0.8715779341090849,0.16303735921456425,0.03664941690590537,0.24400636677733079,0.1811006815055054,0.03654794899294064,0.27488637057053306,0.10091239081788028,0.029828226297285113,0.03928419571762555,0.017456094448794944
