aaaa,aaad,aadd,aada,adda,addd,adad,adaa,ddaa,ddad,dddd,ddda,dada,dadd,daad,daaa
197.2510780834075,76.35427695682857,16.368153727248824,0.7133477825970402,2.564920182527842,0.5920377352761225,0.20426826161307718,0.019578785897521874,0.18759096463782904,0.1662428734712178,0.028399311088677087,0.2154341340183032,0.07020959765333744,0.012390654709919433,0.026385878201681187,0.014186703275706291
