aaaa,aaad,aadd,aada,adda,addd,adad,adaa,ddaa,ddad,dddd,ddda,dada,dadd,daad,daaa
204.4964126436579,77.84179165335154,20.343290390804437,0.8622294674745473,2.9066479614946603,0.7525104973520175,0.1963283075266248,0.02550381100383821,0.1951932324844139,0.17533326454209067,0.02808374030478562,0.23014830865318253,0.07744011935643864,0.0169135779645901,0.02929937441081895,0.015037721124275363
