aaaa,aaad,aadd,aada,adda,addd,adad,adaa,ddaa,ddad,dddd,ddda,dada,dadd,daad,daaa
229.29568355252255,93.06074474931812,12.264934954630542,0.6581922435640697,2.6212092011501604,0.42390910867933557,0.28915314479237597,0.015820875536736608,0.2114012135083423,0.1964722424827945,0.03288349702844294,0.2384926724015323,0.0709921632667623,0.010834668685486094,0.023518341913877444,0.0162092447815236
