aaaa,aaad,aadd,aada,adda,addd,adad,adaa,ddaa,ddad,dddd,ddda,dada,dadd,daad,daaa
215.61076996110666,72.3236328410937,30.004373723150714,3.6159389160711597,3.8284114171263246,0.7373263914301691,0.11180725838296625,0.0503263260703126,0.22578138733836714,0.16598031430885035,0.033582381007012815,0.25833003429412704,0.1092047351979165,0.039216065435629964,0.040451928390211944,0.0161186710854412
