aaaa,aaad,aadd,aada,adda,addd,adad,adaa,ddaa,ddad,dddd,ddda,dada,dadd,daad,daaa
212.28853604163126,77.96386472904022,20.633850755294937,1.1017124221628753,2.849314189014683,0.6815036864442041,0.18315012373055573,0.023954009713998158,0.2101722843113867,0.1669389315802182,0.03214303938689459,0.23625470006186822,0.07992817076515428,0.017290542518179703,0.03144530867668183,0.015194664562874854
