aaaa,aaad,aadd,aada,adda,addd,adad,adaa,ddaa,ddad,dddd,ddda,dada,dadd,daad,daaa
179.49308261707938,67.24959368977471,20.471738903330802,1.1326794289155442,2.89242204271651,0.7054859881385294,0.16624701559642,0.029175697888363255,0.1784124779274017,0.14826594845481206,0.024203451143296185,0.21092448943598097,0.07367560502404896,0.02000343285155741,0.028671780201389076,0.013479809035210708
