aaaa,aaad,aadd,aada,adda,addd,adad,adaa,ddaa,ddad,dddd,ddda,dada,dadd,daad,daaa
202.88872251945102,76.3463491139451,22.19245061334927,0.8833150623937451,3.0091878121194946,0.8327442064543393,0.2141716787111618,0.02638635888479584,0.20155981451491028,0.16261165513012746,0.027009669132267836,0.23581865105560124,0.07928781233910787,0.017573988774357382,0.0319179184243472,0.014774262317081911
