aaaa,aaad,aadd,aada,adda,addd,adad,adaa,ddaa,ddad,dddd,ddda,dada,dadd,daad,daaa
251.3504820774605,99.59986817923614,21.81768579750235,0.8493138292851857,3.4620126971658025,0.8554876158200084,0.29219354444724,0.02724643598405337,0.23749346928568227,0.21760925144683027,0.03331187781940409,0.28062255174287315,0.0916069781874776,0.01589318462544125,0.03446112285973136,0.018323199509938947
