aaaa,aaad,aadd,aada,adda,addd,adad,adaa,ddaa,ddad,dddd,ddda,dada,dadd,daad,daaa
186.25294104596355,72.35157437252825,16.446657274674397,0.6684057319392643,2.550342666956666,0.6139455651151711,0.227525559482903,0.019122255388411377,0.18456487745129518,0.14514458826460283,0.02543720271010156,0.2108325141343262,0.06798662249822353,0.011141350817747676,0.027398007104544313,0.012967569928189301
