aaaa,aaad,aadd,aada,adda,addd,adad,adaa,ddaa,ddad,dddd,ddda,dada,dadd,daad,daaa
188.09281013457846,73.75033701558752,17.22807652327264,0.6550320209067362,2.628163137660989,0.6668504646588123,0.21994758932375424,0.02067173489971207,0.18173136346991728,0.15736471831622975,0.02505537745800654,0.21314000632559466,0.06958118843348411,0.012372377054698106,0.027004946971892,0.013664135584872953
