aaaa,aaad,aadd,aada,adda,addd,adad,adaa,ddaa,ddad,dddd,ddda,dada,dadd,daad,daaa
207.6663769846202,82.8982471844042,17.039796619153197,0.6899607052674401,2.824129834502859,0.6513422634484879,0.2614911648702113,0.02091820918836362,0.20110817497186806,0.17058430739058547,0.028016003024671804,0.2327834533904616,0.07492820656937466,0.01168637335961987,0.029053671836965635,0.014989518741399189
