aaaa,aaad,aadd,aada,adda,addd,adad,adaa,ddaa,ddad,dddd,ddda,dada,dadd,daad,daaa
210.40175514521246,69.38176756670228,26.023635433522497,4.016210247010415,3.279534989348202,0.6046814610033507,0.07274929538108085,0.04100333413612099,0.21652232445864808,0.16652629758590143,0.03789835297914475,0.23833901707168184,0.10694227095001894,0.03505264109843366,0.034660802182482166,0.01615897497358334
