aaaa,aaad,aadd,aada,adda,addd,adad,adaa,ddaa,ddad,dddd,ddda,dada,dadd,daad,daaa
201.00425087468707,72.09764264876696,22.839996155976078,1.7825686696440182,3.1047072716636843,0.6815247393472764,0.14835324128932983,0.031902623034828596,0.20454226452028915,0.15734196421792543,0.0304361702353686,0.23199947039051225,0.08480037461613589,0.02423999441761615,0.032725357162054804,0.014849835929168196
