aaaa,aaad,aadd,aada,adda,addd,adad,adaa,ddaa,ddad,dddd,ddda,dada,dadd,daad,daaa
198.85373228126323,73.13866466646392,21.16272255897141,1.2094298516621336,2.910514308008393,0.6982304703051778,0.15880637052831836,0.027838383175294155,0.19527389922434385,0.16513334630113133,0.02909520200577524,0.2249857908991755,0.07833619005908488,0.020207271884606668,0.029789846171031156,0.014211250740128568
