aaaa,aaad,aadd,aada,adda,addd,adad,adaa,ddaa,ddad,dddd,ddda,dada,dadd,daad,daaa
207.93688086652375,77.59525775282657,17.086422160055243,0.7669785942190787,2.5046124232918867,0.5938852650639929,0.1753364740955787,0.01917425264299878,0.19219275168940111,0.17849781135201687,0.03178269050700068,0.2178465802725417,0.07138364278060681,0.013730946941242834,0.025976575618982214,0.014659043024424386
