aaaa,aaad,aadd,aada,adda,addd,adad,adaa,ddaa,ddad,dddd,ddda,dada,dadd,daad,daaa
216.3050407649544,84.93800192144755,17.165309008227037,0.7314017787265626,2.8129876427983262,0.6248501559090989,0.2555586553517415,0.020033341200673297,0.21014628829894713,0.17464217645432417,0.030695289291841815,0.23857199421212041,0.07618823543227111,0.011859588375323782,0.029460519184356156,0.015029443082537154
