aaaa,aaad,aadd,aada,adda,addd,adad,adaa,ddaa,ddad,dddd,ddda,dada,dadd,daad,daaa
193.0336588923249,76.56026471945407,15.94127621062315,0.6378579876224155,2.581729830877171,0.6123907318963041,0.2267703574700214,0.019337971224176305,0.18342446112371913,0.16436473421161954,0.0262413965944748,0.2138709696872481,0.06919667483807185,0.011353194653264205,0.026086032715886352,0.013913154436160922
