aaaa,aaad,aadd,aada,adda,addd,adad,adaa,ddaa,ddad,dddd,ddda,dada,dadd,daad,daaa
200.86900307805763,79.61336885646405,15.877992479729626,0.6704474936815971,2.6476475645255633,0.5884467481418152,0.24249886499907186,0.019081235140986225,0.1940230280894443,0.16459898107232618,0.028018845203636417,0.22237744166940449,0.07125990164484779,0.01110354166794805,0.0273632912799719,0.014403058067401912
