aaaa,aaad,aadd,aada,adda,addd,adad,adaa,ddaa,ddad,dddd,ddda,dada,dadd,daad,daaa
213.98778579409748,87.40893018383076,18.388170245456504,0.7181112362342681,3.1015928004642657,0.7596208927870393,0.27894575248280146,0.025013344064061367,0.2031209275608664,0.186824115585698,0.026917894227278152,0.24378045263745513,0.07959677854638178,0.013224058270336075,0.03003443613262644,0.015863447016796862
