aaaa,aaad,aadd,aada,adda,addd,adad,adaa,ddaa,ddad,dddd,ddda,dada,dadd,daad,daaa
214.67224957691852,89.63426161109257,16.044958116073968,0.6084368589011355,2.947646385463534,0.6621463672319696,0.349753915586377,0.01939057096030128,0.20909528228683333,0.17430318015957721,0.026793689986428355,0.2437527028874792,0.07643851069718295,0.009320930770994891,0.03029018376238408,0.01490685073766837
