aaaa,aaad,aadd,aada,adda,addd,adad,adaa,ddaa,ddad,dddd,ddda,dada,dadd,daad,daaa
185.98108293145003,69.24580032283002,19.493454204481548,0.9058326395681134,2.678104392443852,0.6890417846154214,0.18229565977881304,0.023360125568652246,0.18576736001199504,0.14661375062179208,0.02611219383783692,0.2132816950578712,0.07203379440069217,0.01583809487853009,0.02884545319576548,0.013090562732038378
