aaaa,aaad,aadd,aada,adda,addd,adad,adaa,ddaa,ddad,dddd,ddda,dada,dadd,daad,daaa
220.65298820690563,78.40841193124281,22.157766652052374,1.2912906688493717,2.843575884606567,0.7026936728980716,0.1449331652296769,0.025240302412955377,0.21356996259923375,0.18051872467264737,0.035486530482122754,0.2388899751859844,0.08277346275265782,0.020371554990222144,0.031059812492123175,0.015655248204689373
