aaaa,aaad,aadd,aada,adda,addd,adad,adaa,ddaa,ddad,dddd,ddda,dada,dadd,daad,daaa
220.14421148949506,82.2525080241106,20.94771981658365,1.0352693460365943,2.9825753171216,0.7156250387155928,0.1987949119676375,0.025153511648740925,0.2148445884902392,0.17898999961460962,0.032523343955017416,0.244750538042311,0.0822973466411694,0.017306166356625876,0.0318767619548684,0.01593568793944463
