aaaa,aaad,aadd,aada,adda,addd,adad,adaa,ddaa,ddad,dddd,ddda,dada,dadd,daad,daaa
226.6040372389508,82.40100848094991,21.97464781256644,1.1443683568875778,2.981125594523914,0.7269675945575015,0.19592311558455383,0.02423319507655848,0.2252713460210292,0.17460505096076212,0.03465796203656576,0.2513821972505122,0.08453149813853662,0.017793161305278873,0.03355799183818544,0.016102234272366053
