aaaa,aaad,aadd,aada,adda,addd,adad,adaa,ddaa,ddad,dddd,ddda,dada,dadd,daad,daaa
223.2784921101654,113.97142177379264,15.657282385714815,27.161162709466357,1.139370151719178,2.387097195167735,2.1610419520196573,0.8859359405778647,0.3507196981542393,0.2606367761885149,0.1692715933513964,0.5387617726962585,0.045427128957365615,0.15703979136504867,0.3185508351824631,0.09033423310583627
