aaaa,aaad,aadd,aada,adda,addd,adad,adaa,ddaa,ddad,dddd,ddda,dada,dadd,daad,daaa
189.09476106721976,99.18958475706464,12.810035603442776,23.030158933944314,1.3051854396633946,2.213167358003225,1.695302344301999,0.7793963767131289,0.3133409566337549,0.22085793666186052,0.14492171359740502,0.5048255345524532,0.034830094920108495,0.15508571340408978,0.2666308921016772,0.08098994960068621
