aaaa,aaad,aadd,aada,adda,addd,adad,adaa,ddaa,ddad,dddd,ddda,dada,dadd,daad,daaa
177.10204083728877,99.5594800551576,13.133440430981182,22.360949812020785,0.8234057577111898,1.8780579081059192,1.7198684668078044,0.6912285680087824,0.29219571089576574,0.23699407529885852,0.13918896461380806,0.45631711910943207,0.04707819911241225,0.1303608279175898,0.25448532295042375,0.07258766350063471
