aaaa,aaad,aadd,aada,adda,addd,adad,adaa,ddaa,ddad,dddd,ddda,dada,dadd,daad,daaa
218.05839062238573,108.59867264019726,14.680544346276582,23.300574028626915,2.465689431746633,2.632732085035045,1.6920040563945615,0.9540144671438796,0.3730794555429015,0.22331591420427327,0.16248603321489025,0.6229143617461351,0.021232545655056292,0.20504685853472088,0.29411289618649605,0.10260674220334563
