aaaa,aaad,aadd,aada,adda,addd,adad,adaa,ddaa,ddad,dddd,ddda,dada,dadd,daad,daaa
218.5021740399355,110.87401825987128,17.14016918419917,24.864767181990075,0.8200285513654719,1.7106363305798018,2.1323439753574385,0.8046725461931021,0.32310640011429564,0.27898206917704377,0.16153160444676715,0.4808729972150011,0.045776279978395916,0.1273044608808646,0.2988223105512948,0.08489744868094634
