aaaa,aaad,aadd,aada,adda,addd,adad,adaa,ddaa,ddad,dddd,ddda,dada,dadd,daad,daaa
186.5954059810974,106.10964205607081,14.140184569884203,22.02903907571535,1.0249778539205636,1.987602220281277,1.7064367112582741,0.7321515195698232,0.30677743084468706,0.25652199187980285,0.14638069688991484,0.4898156897045954,0.04182117218828871,0.14725599671983802,0.2635929386381806,0.07953096894220861
