aaaa,aaad,aadd,aada,adda,addd,adad,adaa,ddaa,ddad,dddd,ddda,dada,dadd,daad,daaa
187.3206332492344,110.84219986174722,15.70533636978829,23.47854920338987,0.5452270324548948,1.8063891016762967,1.9628261604336812,0.6892303250081795,0.2980445237579558,0.28192047634210565,0.15145014824080677,0.45068123213485684,0.06381775285300403,0.1237231468219854,0.27575367577446425,0.07364683378202391
