aaaa,aaad,aadd,aada,adda,addd,adad,adaa,ddaa,ddad,dddd,ddda,dada,dadd,daad,daaa
185.19657755326702,91.46562679820927,15.64674799394931,19.672313624672434,0.5768717298514052,1.1616521063250351,1.7937032793333063,0.6549221872303012,0.2586689618392297,0.243006374398352,0.13363656649614628,0.3721103653154622,0.03663283234497433,0.0971178336022488,0.24480835473369975,0.07060641731049794
