aaaa,aaad,aadd,aada,adda,addd,adad,adaa,ddaa,ddad,dddd,ddda,dada,dadd,daad,daaa
228.28414070845767,110.98346742485529,16.845736437456612,20.69907321474411,4.239906152581334,2.550633345310915,1.4702465272170397,1.0119979927409561,0.41155629451530673,0.21854973954000584,0.16257999218382121,0.7491575405675198,0.02428972850714985,0.2330546505416908,0.2896607597384698,0.11643810451250139
