aaaa,aaad,aadd,aada,adda,addd,adad,adaa,ddaa,ddad,dddd,ddda,dada,dadd,daad,daaa
225.58489195163597,112.14723644694044,14.627217038115516,25.39044331942146,3.5677633704806526,3.1192345084380473,1.6112675008364765,1.0372588143606565,0.41012172780521666,0.21327311999442192,0.16326864369516553,0.7531026255520821,0.02496686944905095,0.243321697240651,0.3052322252218011,0.11049252568561135
