aaaa,aaad,aadd,aada,adda,addd,adad,adaa,ddaa,ddad,dddd,ddda,dada,dadd,daad,daaa
201.95385945450582,109.92807138407174,16.333708085089036,24.74540487413602,0.6409453619563256,1.6001480337029572,2.039008819446949,0.7330702538604114,0.31232308306763557,0.2791738633470426,0.15413025407155012,0.47000299543141555,0.05740017799411684,0.11863644592044299,0.2808106096557294,0.07758660490143718
