aaaa,aaad,aadd,aada,adda,addd,adad,adaa,ddaa,ddad,dddd,ddda,dada,dadd,daad,daaa
192.113213852175,93.7128337267937,13.153636273855042,19.12974868637895,2.419381274902126,2.057186967588102,1.3897460435850948,0.8129641414316775,0.3223259323753331,0.1996218483203905,0.1390555300827553,0.5562365405217687,0.016224642364904125,0.1719811339827525,0.24875381299214602,0.09081780882242976
