aaaa,aaad,aadd,aada,adda,addd,adad,adaa,ddaa,ddad,dddd,ddda,dada,dadd,daad,daaa
194.27300594425665,107.38541064018278,14.776476907244177,23.81326697863528,0.8440650408563445,2.014521755713076,1.9115686134155436,0.7496985896639863,0.31031534375175573,0.2588690635077794,0.15246327173042834,0.4786581361805207,0.04893934294137992,0.13763375888970075,0.28044493603676984,0.07908204039979347
