aaaa,aaad,aadd,aada,adda,addd,adad,adaa,ddaa,ddad,dddd,ddda,dada,dadd,daad,daaa
178.02014856525923,97.89559006906536,14.444137684246257,22.372604016042096,0.5299858327433838,1.616293739056405,1.884008139492418,0.6582085975815641,0.27526057413544974,0.24422398166568388,0.13880790657508235,0.4103525351254349,0.05482759896440764,0.10864107745890579,0.25861271616257797,0.06829224806166853
