aaaa,aaad,aadd,aada,adda,addd,adad,adaa,ddaa,ddad,dddd,ddda,dada,dadd,daad,daaa
170.1274838721468,100.14727883083278,16.901932150751477,18.476826070480758,0.3007801885648469,0.8810261889177682,1.7196475206427775,0.5555331905438824,0.2460090317980383,0.28975967748882286,0.12911449400866945,0.3627196840123475,0.05691888556831417,0.09007556945821421,0.2268446787046845,0.06364432518869073
