aaaa,aaad,aadd,aada,adda,addd,adad,adaa,ddaa,ddad,dddd,ddda,dada,dadd,daad,daaa
173.56319592314802,93.74104710548966,13.757483718279751,18.842554805445655,0.8357015891041961,1.5786550650316904,1.5992036853879803,0.6555534771451638,0.26444011636267684,0.23652210948082047,0.13286408551892973,0.41185131216836,0.032279353543993375,0.12022071735128086,0.2409352610295461,0.07228407872035916
