aaaa,aaad,aadd,aada,adda,addd,adad,adaa,ddaa,ddad,dddd,ddda,dada,dadd,daad,daaa
238.66925364251492,115.03263707477905,15.986705754108941,24.46309185534712,3.228153681759092,3.0435251839917243,1.7435947085003496,1.0674494371108674,0.4100758956089142,0.2258576542005658,0.1764207457429175,0.7002000275690518,0.019138740451225315,0.23663946038492445,0.3197054490576609,0.11517616490780655
