aaaa,aaad,aadd,aada,adda,addd,adad,adaa,ddaa,ddad,dddd,ddda,dada,dadd,daad,daaa
163.0092223186553,94.58485730874861,13.221656291719286,17.261829921241347,0.9510710361317238,1.4957340798135577,1.3859180461087381,0.6154707836471508,0.26276060885630276,0.24120239069985605,0.12675694239606802,0.4262100252165882,0.0317348196075967,0.127019837445339,0.21982119803479797,0.07122885997965184
