aaaa,aaad,aadd,aada,adda,addd,adad,adaa,ddaa,ddad,dddd,ddda,dada,dadd,daad,daaa
178.0496172589358,95.96405041435615,17.97392040314061,21.408978802855998,0.2234666913374089,0.9284131770194103,2.0104674147204706,0.5937943577986007,0.2525000528064921,0.2666721028173254,0.13172610656839448,0.3471959600636528,0.06753464445997666,0.07909759492197632,0.24517412085027976,0.06167742262319166
