aaaa,aaad,aadd,aada,adda,addd,adad,adaa,ddaa,ddad,dddd,ddda,dada,dadd,daad,daaa
171.87963317284485,93.08562573583751,12.282850091352019,19.586930177774512,1.3588134929736606,1.9400066054473037,1.4417690510465717,0.7021463936573891,0.28828371565034505,0.21272231436630204,0.13343958961722432,0.47448674766433396,0.02725065616539539,0.14633268672254288,0.23691214612732944,0.07710061010367192
