aaaa,aaad,aadd,aada,adda,addd,adad,adaa,ddaa,ddad,dddd,ddda,dada,dadd,daad,daaa
177.21973129274417,92.09030288069762,13.136462326440142,19.740765009500603,0.9710230973747329,1.5454885260449178,1.5856773599564955,0.6779842679930308,0.27716463062137475,0.22364170401993605,0.13250900084534387,0.4310432820035919,0.030090372944232953,0.12037154228004487,0.2386275359326124,0.0735562166373556
