aaaa,aaad,aadd,aada,adda,addd,adad,adaa,ddaa,ddad,dddd,ddda,dada,dadd,daad,daaa
181.81859510888313,99.48267600682641,12.822120752413483,20.799966595738663,1.7658530239419967,2.151798949847285,1.4635531477501862,0.7635413675131069,0.31743334905233717,0.21982397919369712,0.137423453924685,0.5433876854314742,0.026540763780043067,0.16768799262642223,0.2501571017987795,0.08448031587055348
