aaaa,aaad,aadd,aada,adda,addd,adad,adaa,ddaa,ddad,dddd,ddda,dada,dadd,daad,daaa
183.98645219524496,89.84847299296105,13.425822276015037,21.369500685121626,0.8048337321753471,1.624909532735497,1.7833422115357778,0.6977959757473996,0.2731985038490869,0.2151345656975539,0.1350832856812734,0.4122747794399732,0.03515754520201223,0.11212669779847402,0.2541037684035947,0.07171544416065241
