aaaa,aaad,aadd,aada,adda,addd,adad,adaa,ddaa,ddad,dddd,ddda,dada,dadd,daad,daaa
182.06951956969095,95.73546098410029,19.048219207076635,22.047932802144874,0.1877987993334718,0.8566630892016597,2.095236723600656,0.5996451696014121,0.2532351288162145,0.2683552073102839,0.13219439505256347,0.34070521939651854,0.0720009396515123,0.07530954608515507,0.24825572550562994,0.06116353245230763
