aaaa,aaad,aadd,aada,adda,addd,adad,adaa,ddaa,ddad,dddd,ddda,dada,dadd,daad,daaa
178.9960002694426,101.4985172934562,13.62311874261014,18.847716676217242,2.2461312526396497,2.164244126483166,1.3181068199008787,0.773334070122434,0.32836932560122123,0.22064671298790084,0.13841878110731634,0.5723463984748361,0.02518566011814577,0.18538295569775265,0.2421112347152456,0.08903387224146528
