aaaa,aaad,aadd,aada,adda,addd,adad,adaa,ddaa,ddad,dddd,ddda,dada,dadd,daad,daaa
216.62884964820572,121.0639895467258,15.79890636758055,24.458242438341912,3.1425292943042793,2.9975211880554653,1.561682623483936,0.9729876683802698,0.4044979533702777,0.2515776832414466,0.16408074795233432,0.7437922060093622,0.03171092054707003,0.2426612878922668,0.2972120290292587,0.10833541121532227
