aaaa,aaad,aadd,aada,adda,addd,adad,adaa,ddaa,ddad,dddd,ddda,dada,dadd,daad,daaa
202.9436379261347,105.53054331937683,14.644233287517189,23.318948734304687,1.1684597389120768,2.0043536891876177,1.8440068423841254,0.7960556822395103,0.32079009300851047,0.24872431520982363,0.15337524488694732,0.5032671805172709,0.035574788535094964,0.14611833392176138,0.2802802448764539,0.08481842461017786
