aaaa,aaad,aadd,aada,adda,addd,adad,adaa,ddaa,ddad,dddd,ddda,dada,dadd,daad,daaa
200.42570362014553,98.52260128706159,13.380457000848795,21.094642849172516,2.261892847214585,2.267746346612116,1.5179707937648181,0.8487860209845695,0.33553009270292145,0.20831008642969212,0.14843301006659065,0.5703407211759229,0.018143226424471734,0.17654473029414597,0.2651095054399786,0.09277665547188602
