aaaa,aaad,aadd,aada,adda,addd,adad,adaa,ddaa,ddad,dddd,ddda,dada,dadd,daad,daaa
182.71380921863792,94.7829834664836,16.309127730899316,21.817813528251083,0.3767595977672517,1.1938730975247915,1.9760842497722582,0.6394071430365946,0.26367759845660044,0.2495398447844571,0.1353562776812962,0.3699553712576556,0.056030303874138356,0.08934333469849738,0.2537457997020406,0.0660385737871542
