aaaa,aaad,aadd,aada,adda,addd,adad,adaa,ddaa,ddad,dddd,ddda,dada,dadd,daad,daaa
170.80867052905998,95.07610694461202,13.565924462564952,20.91306065821169,0.6086619695381582,1.5663220845612933,1.7155877256738479,0.6374751252935186,0.26918671273050904,0.23694627293542775,0.13348012938450088,0.4070974138604213,0.047427098964706975,0.1099347048029124,0.24375712587594398,0.0675446387012621
