aaaa,aaad,aadd,aada,adda,addd,adad,adaa,ddaa,ddad,dddd,ddda,dada,dadd,daad,daaa
170.76387976217873,86.40805860302179,14.995219970390313,19.197106521342896,0.41409072377907885,1.0427528452431039,1.7513526692579344,0.5961700092261238,0.24139803694692788,0.230657428997632,0.12416174110789849,0.3411824258256071,0.04317017100838294,0.08454618138866511,0.22992824584556254,0.06299305329922644
