aaaa,aaad,aadd,aada,adda,addd,adad,adaa,ddaa,ddad,dddd,ddda,dada,dadd,daad,daaa
203.77172972267246,101.66834305270943,14.660459619403213,20.9218917024983,1.5936159159743946,2.038305375055637,1.6745806278009803,0.8208812133164487,0.31646870956265066,0.23695604960632463,0.14966014718795906,0.5098689860909442,0.022335552312685004,0.1610312296015542,0.27162625583177646,0.08964898024092997
