aaaa,aaad,aadd,aada,adda,addd,adad,adaa,ddaa,ddad,dddd,ddda,dada,dadd,daad,daaa
234.48729485038714,125.4040562393829,15.353755205143969,28.839639608863656,2.477245034476184,3.218178216610772,1.9123719006828317,1.027211873393313,0.4178746640141105,0.2604949402074261,0.17874739874622303,0.7260604504685692,0.03670840957554036,0.2311743829700187,0.3310415434392749,0.1084653337464486
