aaaa,aaad,aadd,aada,adda,addd,adad,adaa,ddaa,ddad,dddd,ddda,dada,dadd,daad,daaa
181.50940502508092,100.34929669164868,15.066781049505572,21.568181861764106,0.5648316606732883,1.429800979588315,1.8269661380315267,0.655803141606823,0.27804185731511155,0.25930058364297714,0.13921559317731813,0.41770284676584524,0.05038406918023063,0.10814930298938444,0.2532721405820935,0.07043284685648629
