aaaa,aaad,aadd,aada,adda,addd,adad,adaa,ddaa,ddad,dddd,ddda,dada,dadd,daad,daaa
213.24495892776793,105.33900399749214,14.973028878476356,22.480774112780452,1.6197954538190389,2.038416008787234,1.7668048843330713,0.8517661907437382,0.33399579632231413,0.24388842898947777,0.15580839137731525,0.535330805234205,0.024525947854640302,0.16203681873871825,0.2820735456483538,0.09222528831316479
