aaaa,aaad,aadd,aada,adda,addd,adad,adaa,ddaa,ddad,dddd,ddda,dada,dadd,daad,daaa
203.68974582046513,106.15897527375614,14.601251674451698,22.648141211171556,1.3997069833728202,2.0440041338372916,1.7541300167340033,0.8119933264882504,0.326980775967996,0.24849102029279632,0.15302599153112614,0.5244161668076984,0.030939698736022085,0.15787923077065671,0.27659268228271744,0.08783567537348125
