aaaa,aaad,aadd,aada,adda,addd,adad,adaa,ddaa,ddad,dddd,ddda,dada,dadd,daad,daaa
166.1972257014402,106.99339897476497,49.07252192729476,3.9616285071866226,0.8975869331373404,1.7567036741302455,0.3009464360745281,0.021524978535260978,0.452098826088887,0.15556632916541308,0.13016343361992894,0.32715455317204967,0.13792577248644736,0.016834775379337984,0.056183070689036364,0.0062282234311356295
