aaaa,aaad,aadd,aada,adda,addd,adad,adaa,ddaa,ddad,dddd,ddda,dada,dadd,daad,daaa
148.08372828330548,82.10057483503738,38.614507341414765,3.54727449531279,0.8984313169318368,1.399134183945677,0.2570750385200702,0.015294973600630837,0.40018414678111974,0.13799912230229522,0.11219737171659208,0.28808367816337593,0.11297648427561542,0.015284229958191247,0.04735005293472252,0.005965766438433171
