aaaa,aaad,aadd,aada,adda,addd,adad,adaa,ddaa,ddad,dddd,ddda,dada,dadd,daad,daaa
159.2260309901572,102.97367273004586,52.17637071005351,3.9530673841173547,0.7198149413835859,2.1373948907467097,0.3950094695711466,0.030865708259361874,0.4767987328349529,0.14395217426851917,0.1638143023447388,0.34949874339521186,0.17999220278269823,0.020161696464970146,0.05199945954695405,0.005533643499892318
