aaaa,aaad,aadd,aada,adda,addd,adad,adaa,ddaa,ddad,dddd,ddda,dada,dadd,daad,daaa
170.81927364888313,88.96391615123856,39.55950016286031,3.8467253382124045,0.9419159895958827,1.4610247480263936,0.2926675428524729,0.015048655340466437,0.44760461680562735,0.1676398287788711,0.1269152207839665,0.33355672884631593,0.11158055820355527,0.016597732183797783,0.04718614342388569,0.0063515510443800825
