aaaa,aaad,aadd,aada,adda,addd,adad,adaa,ddaa,ddad,dddd,ddda,dada,dadd,daad,daaa
159.9524866562543,93.89537339054134,46.12709702019106,3.817068123275152,0.7596616393314252,1.86007809166172,0.3205837160576644,0.02818182745612854,0.45261489433773877,0.1490217639078307,0.14237980584546245,0.33489206013242473,0.14490176506869407,0.01922904082933173,0.04710267523472121,0.005327111315924597
