aaaa,aaad,aadd,aada,adda,addd,adad,adaa,ddaa,ddad,dddd,ddda,dada,dadd,daad,daaa
136.54989071007677,90.34408729488145,42.07952913339624,3.134971653800641,0.5550508717290396,1.6132933588429128,0.28182085665333867,0.024684319764098316,0.3824563058646163,0.1267880726666554,0.12011552925552743,0.2847063258391585,0.13018700505521266,0.01561983679798866,0.04106360901211738,0.003760928732435906
