aaaa,aaad,aadd,aada,adda,addd,adad,adaa,ddaa,ddad,dddd,ddda,dada,dadd,daad,daaa
129.60044190727942,81.4944865514146,40.85203149594788,3.2675057378596946,0.6365099259967744,1.5512286311488763,0.26233280528842096,0.01918177222951529,0.36334879480622895,0.12283845862904455,0.10943786463399933,0.2678231711384255,0.12265131852109859,0.014747090534649567,0.042232947039948,0.004950809593759896
