aaaa,aaad,aadd,aada,adda,addd,adad,adaa,ddaa,ddad,dddd,ddda,dada,dadd,daad,daaa
160.68158036642157,114.43165425416939,56.38682458524389,3.9890803195113143,0.6654858727374264,2.2680995610998713,0.35352115448407145,0.039156890536632516,0.467211481479106,0.14808077062088337,0.15346017550660207,0.34464733951082643,0.17749361106700065,0.020703923643347857,0.05403363987931405,0.004952438952432358
