aaaa,aaad,aadd,aada,adda,addd,adad,adaa,ddaa,ddad,dddd,ddda,dada,dadd,daad,daaa
146.22329938019493,97.1464925222792,46.41006254085077,3.501542752718938,0.6399971476991738,1.7644396606294923,0.29961155711698495,0.024027632246195182,0.40835548874647937,0.1377690045197465,0.12497186028268625,0.3023997752491926,0.14033693862113764,0.016105129915615454,0.047506906649871554,0.004979018567883001
