aaaa,aaad,aadd,aada,adda,addd,adad,adaa,ddaa,ddad,dddd,ddda,dada,dadd,daad,daaa
135.71690994982978,92.91264093576902,43.99352947367093,3.1221699495014006,0.5429696363795536,1.7819958655815553,0.3119110658455411,0.028758471704495716,0.3911938322719053,0.12773662225887664,0.1325789367743669,0.2958058117212588,0.13783060481550527,0.0153161671618976,0.0429115357671243,0.004445097415401727
