aaaa,aaad,aadd,aada,adda,addd,adad,adaa,ddaa,ddad,dddd,ddda,dada,dadd,daad,daaa
142.21682606806039,86.90001804960917,33.891952593156056,2.979113074841788,0.8675164748329609,1.1506886151274172,0.23917126979172823,0.014611109179625987,0.3720883889902213,0.13124431325212094,0.10285334072045756,0.26519264359535155,0.0903643031132959,0.012676400323904444,0.0452539402099609,0.004931653270339252
