aaaa,aaad,aadd,aada,adda,addd,adad,adaa,ddaa,ddad,dddd,ddda,dada,dadd,daad,daaa
144.81063281510026,95.92970486951518,48.89886064313848,3.7753133951740843,0.6843471809574609,1.920217345643041,0.30225629668292453,0.02799839695847897,0.4175349276322763,0.130993003344703,0.12879295998048185,0.30112862707906923,0.1600848397756864,0.017888631377151572,0.051889846429232625,0.005330874093498564
