aaaa,aaad,aadd,aada,adda,addd,adad,adaa,ddaa,ddad,dddd,ddda,dada,dadd,daad,daaa
157.060335221911,105.44818672963032,51.018437546666526,3.9075503041662185,0.7193211418917843,1.8592935525173329,0.31156274464366485,0.024425502120274764,0.43378118806890703,0.14531144520254288,0.12693350117924884,0.3168553413850858,0.15725816346559723,0.015869589152331186,0.05738527031158823,0.006650747163827885
