aaaa,aaad,aadd,aada,adda,addd,adad,adaa,ddaa,ddad,dddd,ddda,dada,dadd,daad,daaa
135.49742723169823,92.56969250594173,38.89686991375592,2.9141176967299924,0.5977273768795395,1.4040657643868908,0.24673698858808132,0.01929950818211473,0.3597032025300533,0.12572690721597882,0.10363679470779374,0.26435061503337015,0.11416914665641913,0.01190430441344502,0.04622102367175598,0.004908703341402458
