aaaa,aaad,aadd,aada,adda,addd,adad,adaa,ddaa,ddad,dddd,ddda,dada,dadd,daad,daaa
173.33368814857968,99.18227474680727,54.22070369074172,4.610723119813228,0.9204145937275404,2.223842756319695,0.35743314383807395,0.030051517235524492,0.512603688894631,0.15426115991549721,0.1647410920214242,0.36528818906009913,0.17893045890109166,0.021872577588876826,0.056146009433784214,0.0067829762067796945
