aaaa,aaad,aadd,aada,adda,addd,adad,adaa,ddaa,ddad,dddd,ddda,dada,dadd,daad,daaa
136.89571614761365,83.22021329036268,42.04699709722751,3.3316272001509075,0.6228966778203309,1.7133141120825037,0.29790144147522973,0.024373970593103807,0.3989345717230506,0.12554629627944963,0.13164125914780386,0.29331190888609177,0.13640058724948556,0.015898888130386746,0.04286811283274302,0.004972615876734727
