aaaa,aaad,aadd,aada,adda,addd,adad,adaa,ddaa,ddad,dddd,ddda,dada,dadd,daad,daaa
137.8170791656818,95.14848573266005,36.63498771608443,2.6707365212936502,0.5168275960375533,1.350976897057469,0.2537087056679611,0.019224568592620832,0.35566181967239385,0.13366252565439804,0.10410879873921727,0.27114778712143334,0.10442125070942258,0.010913450609213953,0.04300055225737685,0.004473537380878272
