aaaa,aaad,aadd,aada,adda,addd,adad,adaa,ddaa,ddad,dddd,ddda,dada,dadd,daad,daaa
140.90311273427574,91.70573281384866,44.80396614405515,3.641901856774727,0.7612284401058482,1.6267701933424277,0.2637873026877864,0.02059912635494238,0.39073410897758976,0.12405401566890041,0.11208954829028105,0.2766495506941632,0.1391596326271828,0.014120931228731216,0.05453272710770745,0.006224637706069098
