aaaa,aaad,aadd,aada,adda,addd,adad,adaa,ddaa,ddad,dddd,ddda,dada,dadd,daad,daaa
158.03565520024955,105.29380394966778,45.382002657111904,3.4308865682993845,0.6773375488309148,1.6829523341099204,0.30098805328581646,0.021800423001245926,0.4222724537708377,0.1539975871718809,0.12455027720544505,0.31800052368790954,0.12938615438881135,0.01489585608244993,0.05027165480220623,0.0055606862081559304
