aaaa,aaad,aadd,aada,adda,addd,adad,adaa,ddaa,ddad,dddd,ddda,dada,dadd,daad,daaa
140.05601686741613,92.13015463971341,45.98038343871391,3.4306532457162624,0.611676343849258,1.867119949628686,0.3085434846908867,0.02924870691294111,0.407938915302522,0.13009559067646298,0.13425933966743392,0.30200989490076446,0.14548375174398423,0.01748260821793692,0.044941948940670294,0.004714502237120547
