aaaa,aaad,aadd,aada,adda,addd,adad,adaa,ddaa,ddad,dddd,ddda,dada,dadd,daad,daaa
190.0772871568228,101.19433463233689,48.20987560131509,5.48872950183117,1.321164189741917,1.5034539523739159,0.27274191885707855,0.04084003863738405,0.38419990672545296,0.12722196512617803,0.0943872140242699,0.3002368463220967,0.13023767528437102,0.01326773423631656,0.041739513712665016,0.0012694486367712237
