aaaa,aaad,aadd,aada,adda,addd,adad,adaa,ddaa,ddad,dddd,ddda,dada,dadd,daad,daaa
178.03181900033357,123.47433904018558,62.683747685329216,6.037394566096624,0.8319807752027436,2.123943762449232,0.2949573739094574,0.062350346484115235,0.3773561333290806,0.11057183932645787,0.09993974242208535,0.28709232582339334,0.19426639012269364,0.015952693574972553,0.04551353291291912,0.0012231473934885008
