aaaa,aaad,aadd,aada,adda,addd,adad,adaa,ddaa,ddad,dddd,ddda,dada,dadd,daad,daaa
164.49990702615366,107.2275342835819,45.839294564438916,4.630345959399817,1.197236843008123,1.3662735386597271,0.24959651578456865,0.04491353496017077,0.32310555865730484,0.10370235548743562,0.07569679819364288,0.2487254645511471,0.119822812453119,0.012055175872102085,0.04339493864248029,0.0012900905856090214
