aaaa,aaad,aadd,aada,adda,addd,adad,adaa,ddaa,ddad,dddd,ddda,dada,dadd,daad,daaa
201.51229511236022,132.13923793001908,60.825521085690326,5.7092318816844,0.8575998853854934,1.9539908157009906,0.3140710751675027,0.056968107085212695,0.41460260743147864,0.1284566432029536,0.10942207240177544,0.32096762383586885,0.17959555557713897,0.01431608208479334,0.04745088058602528,0.0013411480706660673
