aaaa,aaad,aadd,aada,adda,addd,adad,adaa,ddaa,ddad,dddd,ddda,dada,dadd,daad,daaa
172.88957662027968,93.3577881256804,26.14464710360493,3.584288479934103,1.3194505699197727,0.791147125601799,0.3172135861190262,0.03099645955418184,0.31413811739174785,0.12192164075954298,0.07270993016813652,0.2487922106833047,0.0625433382274428,0.007035285576181484,0.03468373361149044,0.0010664089823024163
