aaaa,aaad,aadd,aada,adda,addd,adad,adaa,ddaa,ddad,dddd,ddda,dada,dadd,daad,daaa
187.3119661375158,111.47934370640098,54.32572655390523,5.691984741512062,1.0911944016801207,1.7302747844861168,0.2795127580852684,0.048635062984390035,0.38685352727613104,0.1206395730599056,0.09774433597778394,0.29869751850665477,0.15753857241065392,0.013927089747917757,0.04378594250866981,0.0012422635509421037
