aaaa,aaad,aadd,aada,adda,addd,adad,adaa,ddaa,ddad,dddd,ddda,dada,dadd,daad,daaa
160.89637654192276,104.8125025984829,56.38177743428812,5.848391299624832,0.902857199580562,1.8778645397644909,0.26292802900298895,0.05282984162139412,0.342531896421898,0.09825281880156678,0.08773150667333614,0.25845589081717457,0.17712513832875457,0.015270451495364686,0.04240832253155772,0.0013000133148480901
