aaaa,aaad,aadd,aada,adda,addd,adad,adaa,ddaa,ddad,dddd,ddda,dada,dadd,daad,daaa
165.5854997216146,97.5056476985702,41.895371174356455,4.246458210554748,0.8269958618858744,1.319776149436726,0.24292247260438296,0.03803592723470727,0.3304667987739261,0.11569388702957316,0.08597086331550083,0.26497724950186513,0.1096665832407071,0.009238093796661158,0.03321781377091128,0.000996098224856206
