aaaa,aaad,aadd,aada,adda,addd,adad,adaa,ddaa,ddad,dddd,ddda,dada,dadd,daad,daaa
169.33399800397336,114.66746425435608,54.540860931444826,5.30755068587681,1.0334368172928035,1.7079837675642633,0.2583778804577784,0.051203896758406996,0.34308159867148824,0.11009336016227482,0.08489470396496493,0.267337013454697,0.14426956914245861,0.014383585284642193,0.043547600800010404,0.0012702684751795435
