aaaa,aaad,aadd,aada,adda,addd,adad,adaa,ddaa,ddad,dddd,ddda,dada,dadd,daad,daaa
186.40084492379205,113.28224765312126,54.88576032681357,6.1646055305080605,1.5758800809849143,1.692677868868653,0.27804642688454767,0.050559951227135,0.378924890953667,0.11214999837277999,0.08757239767966879,0.2854198652323544,0.15776947930748336,0.01609491593715811,0.05157184719211259,0.0015406180345761545
