aaaa,aaad,aadd,aada,adda,addd,adad,adaa,ddaa,ddad,dddd,ddda,dada,dadd,daad,daaa
166.59785497871908,105.13030858774921,55.22201890215228,5.970792275088611,1.155316500376873,1.7826880445604651,0.25690232618089,0.050013376536026284,0.347731846017056,0.10394633965536793,0.08497055381767427,0.26490472009037896,0.16011211352711555,0.015951838800265544,0.04429884907157838,0.0013456447129401986
