aaaa,aaad,aadd,aada,adda,addd,adad,adaa,ddaa,ddad,dddd,ddda,dada,dadd,daad,daaa
166.8001821937184,105.97704013115438,36.88748336646886,3.8079723521493416,1.214218190174518,1.0771478793828362,0.27749325260111213,0.039757793271972264,0.3146921820127575,0.10921091678926012,0.07281367482098626,0.24467517336773298,0.09049432686824573,0.00909969441166751,0.04028252420056453,0.0011545695159205734
