aaaa,aaad,aadd,aada,adda,addd,adad,adaa,ddaa,ddad,dddd,ddda,dada,dadd,daad,daaa
174.69146682402172,107.98739226522972,43.72141842333594,4.452908606259659,1.0501947706452015,1.3203044749366304,0.2556627078111127,0.04196606502442176,0.34256436243308913,0.11308711156091232,0.08320841730027877,0.2665169340782798,0.11937484739011828,0.009842879540813225,0.04099744120564378,0.0011532237550762022
