aaaa,aaad,aadd,aada,adda,addd,adad,adaa,ddaa,ddad,dddd,ddda,dada,dadd,daad,daaa
155.05361555526133,100.81545978946554,50.792291619793225,4.814295490530832,0.6435013388240209,1.6904026164539856,0.2662629654414473,0.049681647578979624,0.32964448308123606,0.0991225655443269,0.08986904934527655,0.25423034419832496,0.1585761935651568,0.012130254445503297,0.03596711021490656,0.0009887867413410753
