aaaa,aaad,aadd,aada,adda,addd,adad,adaa,ddaa,ddad,dddd,ddda,dada,dadd,daad,daaa
168.34971263705074,100.16722160109862,37.62710435671956,4.057590874383778,1.2480576415095868,1.104626873205619,0.2654856397910092,0.03786930005182863,0.3234945988196697,0.11230740180510579,0.07569013479658267,0.25235425400448036,0.09279554867042587,0.009722996400298703,0.03926098521747218,0.0011352467802674053
