aaaa,aaad,aadd,aada,adda,addd,adad,adaa,ddaa,ddad,dddd,ddda,dada,dadd,daad,daaa
150.8819389508975,104.05039489213328,42.27348669166733,3.9156955158303894,0.8103986333538736,1.281869308437963,0.22384810594117094,0.042363117309229134,0.2933592233928209,0.09673435524050668,0.07218436732432076,0.2293767170215583,0.11213002295165858,0.009251088183371088,0.03736351951290335,0.001057025744884626
