aaaa,aaad,aadd,aada,adda,addd,adad,adaa,ddaa,ddad,dddd,ddda,dada,dadd,daad,daaa
178.7581828426477,112.59278851693225,50.556597950373764,5.329475994318336,1.3705415567208798,1.5268416723345113,0.2678650429953797,0.04834129796218117,0.35621516013411814,0.11105293745566669,0.08326467705686845,0.2719225312130547,0.1372399152602883,0.013776734710053386,0.04726803871829576,0.0014094168009150517
