aaaa,aaad,aadd,aada,adda,addd,adad,adaa,ddaa,ddad,dddd,ddda,dada,dadd,daad,daaa
167.53668319459572,113.88842585095325,55.107020623199205,5.513323942412361,1.01568397191768,1.7493717509782916,0.25283007370112454,0.0527662336837659,0.34089646498245046,0.10249453603612671,0.08403927766580681,0.259962742263543,0.15866003739329929,0.01455217812011812,0.04527451047341976,0.0012653563519401325
