aaaa,aaad,aadd,aada,adda,addd,adad,adaa,ddaa,ddad,dddd,ddda,dada,dadd,daad,daaa
165.88157605206473,106.2167040465998,48.2986351239259,4.946038718645648,1.1141399851862759,1.4827058546991037,0.24533986480422143,0.045818375340904244,0.33288740523815685,0.10389306519111863,0.08013146306619907,0.25525568791567643,0.13380855321552704,0.012449643795320143,0.04258501206218987,0.0012294634816313712
