aaaa,aaad,aadd,aada,adda,addd,adad,adaa,ddaa,ddad,dddd,ddda,dada,dadd,daad,daaa
185.18748616205536,121.01403255808697,61.80570809236837,5.855016075118541,0.7361023511451974,2.067089434421367,0.32816726610241237,0.0624165465857682,0.4000565518402799,0.11468388870270077,0.11021775577577321,0.3031646280067959,0.20701423257557608,0.015246401569848016,0.04400057899702447,0.0011575710153956514
