aaaa,aaad,aadd,aada,adda,addd,adad,adaa,ddaa,ddad,dddd,ddda,dada,dadd,daad,daaa
153.0652637430444,101.63816630956109,35.45035425690016,3.46869186222584,1.0018514702226597,1.040739646382535,0.2469644451183519,0.03840684846973098,0.2880385823941236,0.09934712608431463,0.06765106317263433,0.22441323751032297,0.08792542441940888,0.008076122953045774,0.03699569854090679,0.0010469403210885766
