aaaa,aaad,aadd,aada,adda,addd,adad,adaa,ddaa,ddad,dddd,ddda,dada,dadd,daad,daaa
164.3210006685624,97.6528591598372,44.2352818075262,4.603117109225096,1.02838874703307,1.365941905653662,0.23992159857002648,0.04004899108574245,0.33051139626392695,0.10963014626105533,0.08179244927253171,0.2589018865194579,0.11758801276469008,0.011162192556415504,0.03750296915633193,0.0010889366458145047
