aaaa,aaad,aadd,aada,adda,addd,adad,adaa,ddaa,ddad,dddd,ddda,dada,dadd,daad,daaa
182.8010278165157,112.55698121985817,42.84513327159024,4.485958497384879,1.337010993023284,1.2576696065720412,0.2870482942026883,0.0433196652828012,0.35201071818351526,0.11949530142831093,0.08210200370396033,0.2731084377924779,0.1079105782150831,0.010857331169108047,0.04424003554382114,0.0012695770422546685
