aaaa,aaad,aadd,aada,adda,addd,adad,adaa,ddaa,ddad,dddd,ddda,dada,dadd,daad,daaa
179.45478009785361,125.63566084473712,51.46423655513127,4.598793898862099,0.805035023560133,1.624684001604202,0.26643902246252393,0.05206516259414659,0.35186770687076324,0.11577617937355564,0.08943714184077878,0.27721309600610117,0.14320185553807943,0.010576929686605464,0.04342007285575857,0.001206487649498115
