aaaa,aaad,aadd,aada,adda,addd,adad,adaa,ddaa,ddad,dddd,ddda,dada,dadd,daad,daaa
169.0380403048464,110.66125085553433,52.05657625697779,4.813260049590826,0.7046449018416603,1.69431773117195,0.27357697439532563,0.04991462420750594,0.348827409364186,0.11382582429394694,0.0941975053379955,0.27652478070186803,0.1457094941813832,0.011819796591557262,0.03710711490083572,0.0010599901066415214
