aaaa,aaad,aadd,aada,adda,addd,adad,adaa,ddaa,ddad,dddd,ddda,dada,dadd,daad,daaa
178.15904429346241,111.16526250891671,47.53092016423186,4.960215414781633,1.3351417174660074,1.4149828602909058,0.26914368872173233,0.04599250994931973,0.3512779120355271,0.1130374841076986,0.08216632688805378,0.2701344624348041,0.12516022668789695,0.012619136730210792,0.045737917236529486,0.0013572744987737748
