aaa,aad,add,ada,dda,ddd,dad,daa
267.70306326940283,24.768607856310616,1.5786644731756918,0.7714673357974345,0.04086933192569519,0.09702743721924341,0.014777912367717952,0.008426154947901785
