aaa,aad,add,ada,dda,ddd,dad,daa
229.84658383647738,23.490922668306933,1.4121258214001648,0.6653852141317836,0.03616185896183375,0.08610043575835663,0.012396830158129086,0.007712494679169004
