aaa,aad,add,ada,dda,ddd,dad,daa
233.87182379414125,21.768754464067545,1.4152701870751105,0.6687422755024741,0.0351376204658603,0.08089296668830652,0.013235755537767109,0.006862617900809234
