aaa,aad,add,ada,dda,ddd,dad,daa
253.2534893553972,26.72325106135844,1.5575906186601582,0.7415999699031425,0.04044095528678853,0.09414333090951287,0.013965799044216465,0.008330660075063407
