aaa,aad,add,ada,dda,ddd,dad,daa
252.94617138548952,33.08948264464226,1.7546074031371135,0.7653716777945414,0.04276567075879522,0.09440932355719124,0.014344447745452514,0.008809442859457355
