aaa,aad,add,ada,dda,ddd,dad,daa
239.9609419284085,26.686405276623073,1.4870325838665246,0.6777106811632836,0.03750203073051449,0.08787390681350872,0.01224019177661656,0.007627424872471314
