aaa,aad,add,ada,dda,ddd,dad,daa
231.81906854231121,26.042182577222317,1.4766236327513984,0.6847611021358936,0.03746340581830431,0.08595339817246236,0.012865597057770413,0.007712527538354263
