aaa,aad,add,ada,dda,ddd,dad,daa
242.5361697750441,29.911383309467116,1.6212837446403787,0.7236674421684381,0.03952119058579962,0.08954046395564415,0.013532230475158532,0.008303843008215068
