aaa,aad,add,ada,dda,ddd,dad,daa
243.27087160726887,18.5075892271496,1.3642352794190646,0.6681581017529602,0.03448971127052279,0.08531129827235344,0.012811026555609223,0.006962661623748984
