aaa,aad,add,ada,dda,ddd,dad,daa
293.2757923511415,21.630721142630183,1.626152769923671,0.8374891229775484,0.04355337419864919,0.10590537641196872,0.016427438399397767,0.008872063696921334
