aaa,aad,add,ada,dda,ddd,dad,daa
219.16553091398106,16.439538341615798,1.263569910534178,0.6118160397274017,0.03208758515267123,0.07528675079254878,0.012205524722833835,0.006123208599235839
