aaa,aad,add,ada,dda,ddd,dad,daa
283.2742377395561,27.829178879069293,1.7194275982482354,0.8165550041862335,0.04328277542118212,0.10000774154251095,0.015846732875961847,0.008624991821688409
