aaa,aad,add,ada,dda,ddd,dad,daa
242.14464735694654,28.507676115635558,1.6069541676636527,0.7161892254011529,0.03970305384293471,0.09236942083156928,0.01331877280452513,0.008525640066571848
