aaa,aad,add,ada,dda,ddd,dad,daa
276.7391428300202,24.632172286369773,1.6467403578353141,0.7881970143999483,0.041051822333104664,0.09602074015370654,0.01557806233142447,0.008168926645136451
