aaa,aad,add,ada,dda,ddd,dad,daa
238.0404756431666,18.20206816476211,1.395233367087589,0.6522118834881022,0.033151261973004616,0.07893086813690518,0.013197233156677375,0.006464688187081041
