aaa,aad,add,ada,dda,ddd,dad,daa
243.67908484115415,28.52518173812934,1.5799855081853085,0.7179744768066246,0.03883971919751074,0.0890179235401131,0.01341076873445717,0.008130954164533492
