aaa,aad,add,ada,dda,ddd,dad,daa
241.48433430531153,13.453986049180184,1.3862842450492978,0.6640188261999576,0.030433089401165275,0.0805213350617496,0.013651238494533834,0.006641504222515728
