aaa,aad,add,ada,dda,ddd,dad,daa
287.06006507732434,25.473081580453474,1.6834329552837304,0.8315857073848698,0.043280668299502445,0.102979587964026,0.0161924482329566,0.009109349601579428
