aaa,aad,add,ada,dda,ddd,dad,daa
230.509265724245,23.109685210379087,1.3766685473923015,0.6616164299977124,0.03592134340425529,0.08444168053918732,0.012415609462377398,0.007184097904883093
