aaa,aad,add,ada,dda,ddd,dad,daa
274.83241739207523,28.624973177378006,1.662941204575007,0.7733111618753891,0.04184195550359394,0.09835123381909565,0.014218017699820024,0.008404245293410871
