aaa,aad,add,ada,dda,ddd,dad,daa
267.1079630519536,28.65853415913288,1.6450180722087302,0.7644162556662233,0.04172461605813511,0.09792040296905712,0.014067306300934723,0.008558453393756032
