aaa,aad,add,ada,dda,ddd,dad,daa
238.45827299898843,26.49325429069186,1.5117852654423962,0.7059717420535941,0.038656034987733866,0.08906077332157346,0.013323269909309047,0.008016397325087353
