aaa,aad,add,ada,dda,ddd,dad,daa
272.0635419449973,23.15644645551109,1.6011497587306196,0.7747375681181917,0.03974457103396988,0.09435224747001443,0.015347446316389504,0.008138850570967526
