aaa,aad,add,ada,dda,ddd,dad,daa
250.59320798743244,27.044186049248676,1.5605488666593763,0.7182702199639516,0.03868934862467521,0.08817909318983151,0.013643841776026353,0.007574918574021082
