aaa,aad,add,ada,dda,ddd,dad,daa
281.7447401579932,31.95394546783037,1.8146164694732623,0.834968287789814,0.04437388935459936,0.10490855811623054,0.015923096900540546,0.009447548086573863
