aaa,aad,add,ada,dda,ddd,dad,daa
225.31832520674448,27.41978642766804,1.491336578841821,0.6682770857580487,0.036278543470511154,0.08104437359935839,0.01259263586690649,0.007395030724044875
