aaa,aad,add,ada,dda,ddd,dad,daa
263.76159159163666,31.176334003788504,1.724044001461726,0.7819914733519799,0.042140487615922935,0.0949305540825219,0.014809829241380504,0.008638104348434822
