aaa,aad,add,ada,dda,ddd,dad,daa
218.92691481073584,26.00400907892126,1.4425369814469235,0.6505782675706128,0.03521614414046735,0.07786446390748923,0.012509382021014927,0.00699949609790363
