aaa,aad,add,ada,dda,ddd,dad,daa
263.97753449293094,19.756775175995784,1.554715381734323,0.7508505565228215,0.03847836069025351,0.08856136426956404,0.01553621500406107,0.0075912036776936784
