aaa,aad,add,ada,dda,ddd,dad,daa
260.35322625081227,32.46326512223028,1.739344547532565,0.7756225738204019,0.04267235711873411,0.09605523814490946,0.01448658359551271,0.008780256670982655
