aaa,aad,add,ada,dda,ddd,dad,daa
241.00512492508892,22.261025974439963,1.4040282445495618,0.6717170813333156,0.03586235328554121,0.08613648413456948,0.012524866153117837,0.007177857658570881
