aaa,aad,add,ada,dda,ddd,dad,daa
257.41852026930684,18.574375203582346,1.4423594987338166,0.7275664188710642,0.03712414424253113,0.0906222384735746,0.014406538048407818,0.007647948125875414
