aaa,aad,add,ada,dda,ddd,dad,daa
289.0311212088306,28.109888335638555,1.7385044039878743,0.8339356428015627,0.04407029255683493,0.10248595117009161,0.016142207352960136,0.008895139152145747
