aaaa,aaad,aadd,aada,adda,addd,adad,adaa,ddaa,ddad,dddd,ddda,dada,dadd,daad,daaa
222.74647111318365,69.01524219533532,60.741731211484286,3.9287330371633082,7.850777160746712,1.034043135661813,4.058557955303691,1.156904454997451,0.047721777190993325,0.05485578914639298,0.0359586308445376,0.06652511364163355,0.42467337097601976,0.1581291984783426,0.017696427139315404,0.034938292310627485
