aaaa,aaad,aadd,aada,adda,addd,adad,adaa,ddaa,ddad,dddd,ddda,dada,dadd,daad,daaa
238.9404679590795,68.96096386020429,46.60335093386571,1.1160265170133865,5.931472197238116,2.3374362491527285,3.7206244783534714,1.2121730006385354,0.0492018097078674,0.03283103008131856,0.03895059976938266,0.05820345582052317,0.16833786211961996,0.20773862569704057,0.034181518759294,0.046197360039000344
