aaaa,aaad,aadd,aada,adda,addd,adad,adaa,ddaa,ddad,dddd,ddda,dada,dadd,daad,daaa
187.93231249105403,59.26453133593522,37.30180297586246,0.7977868058676284,4.554118033629214,1.9256798323391762,2.9788598186862325,0.9659167323644199,0.044030272059696465,0.027619674549865664,0.032233027088735086,0.043717115699367134,0.13592148098636841,0.1692048684882919,0.02866302681390023,0.036004412127545314
