aaaa,aaad,aadd,aada,adda,addd,adad,adaa,ddaa,ddad,dddd,ddda,dada,dadd,daad,daaa
214.3498049591256,57.3884228824903,56.02664132901163,4.820952735491784,7.08562245121028,0.7539863732052628,3.9938249539759467,0.9915811908436445,0.03615506223996995,0.048424547301881046,0.03368933013258156,0.03117187818902773,0.38970206707587524,0.11866865372404786,0.01658109542764537,0.030610600995931166
