aaaa,aaad,aadd,aada,adda,addd,adad,adaa,ddaa,ddad,dddd,ddda,dada,dadd,daad,daaa
217.20640964636658,61.55166020322873,29.008729311390432,1.5690983718410627,3.2239250152396113,2.0611532874517007,3.413088173275081,0.928786131761736,0.03756685042661198,0.024380912634798312,0.037504742859809696,0.02763865561055351,0.0548965145437599,0.13089319552334097,0.04794618129087482,0.03298170046200661
