aaaa,aaad,aadd,aada,adda,addd,adad,adaa,ddaa,ddad,dddd,ddda,dada,dadd,daad,daaa
215.94156816929143,61.32382284621438,56.73299768695241,4.060250226214209,6.826539943075961,0.8458199351930987,4.039295052513654,1.026857793110457,0.03895197341233554,0.04948126257635384,0.03347088699837167,0.03929524288816372,0.3665932762228274,0.12763186574641067,0.017059320138740477,0.032266538617357364
