aaaa,aaad,aadd,aada,adda,addd,adad,adaa,ddaa,ddad,dddd,ddda,dada,dadd,daad,daaa
217.4778215480106,55.60526184624607,47.35328964744103,1.3465759303412224,5.948483938215739,1.4694124226789347,3.6745271097143304,0.9834657232930483,0.034206228439999674,0.033240763292647135,0.029672054471112177,0.03745266179913311,0.1926867001838395,0.15355191885841263,0.019479528304744215,0.03932461343472908
