aaaa,aaad,aadd,aada,adda,addd,adad,adaa,ddaa,ddad,dddd,ddda,dada,dadd,daad,daaa
174.82813773640558,48.793459526806046,47.69917533218872,4.068829266002847,6.153302615482683,0.6491371525056966,3.2760419395577816,0.8327090098894563,0.03197577934592265,0.04001701480064851,0.028082364745367013,0.03177597284772314,0.3383473036678604,0.1035337352358354,0.01379560465868049,0.026627005442757222
