aaaa,aaad,aadd,aada,adda,addd,adad,adaa,ddaa,ddad,dddd,ddda,dada,dadd,daad,daaa
188.86989695475995,55.310632325171696,47.49756810625865,2.5523018370894026,6.140135341723668,0.9222139103055932,3.30867746280421,0.9651648088796897,0.03592589086659893,0.04313080227105621,0.02848624250318511,0.055183497731894904,0.30279895512221844,0.1303280547877649,0.014841016204642694,0.030565486851313314
