aaaa,aaad,aadd,aada,adda,addd,adad,adaa,ddaa,ddad,dddd,ddda,dada,dadd,daad,daaa
207.09861633495444,55.43544168798145,34.8603884177894,1.1472723865216365,3.9040968370822973,2.0464230725167902,3.2606928631549947,0.9343191059320031,0.03338116309047053,0.025266247191308627,0.032989818592482324,0.034335837377879624,0.09283136514157443,0.15622375022618804,0.032097143235523276,0.035804529132872395
