aaaa,aaad,aadd,aada,adda,addd,adad,adaa,ddaa,ddad,dddd,ddda,dada,dadd,daad,daaa
202.41938328614643,51.949245840260836,30.576830686545893,1.1681390468440898,3.3263287191826483,1.67864858216712,3.2070586246128023,0.8481258933241737,0.028458503416907942,0.02303344268727571,0.029917125267874763,0.024830238660277882,0.06950708122283879,0.12376152672791205,0.033613764949813406,0.031291129209592004
