aaaa,aaad,aadd,aada,adda,addd,adad,adaa,ddaa,ddad,dddd,ddda,dada,dadd,daad,daaa
198.25649240559048,60.57508959618931,58.41021337006349,6.695674999624097,8.130396734727022,0.7021132468974096,3.7717837164722345,0.9862277682955174,0.04490400301101391,0.05168597217518617,0.03798201783948607,0.03552899851014366,0.4867234489016545,0.12102245972291908,0.016270864926199693,0.029939447469312798
