aaaa,aaad,aadd,aada,adda,addd,adad,adaa,ddaa,ddad,dddd,ddda,dada,dadd,daad,daaa
240.12649493066928,62.09226468011058,57.219003597121834,1.9006306820138887,7.766249657700874,1.567454157333094,3.9870600961019047,1.210389099821032,0.03554089658430476,0.044643399564608964,0.0314549039711246,0.09729501364288007,0.2808674576944958,0.2010691803014821,0.02116750970787945,0.04402288004130624
