aaaa,aaad,aadd,aada,adda,addd,adad,adaa,ddaa,ddad,dddd,ddda,dada,dadd,daad,daaa
196.2027395368899,56.56190339658795,52.34699083395881,3.196973901762159,6.1977358247767995,0.8775436774804367,3.700535692308247,0.9383343370848585,0.03500233382214411,0.04579612466750095,0.02964647772001119,0.04832627489363544,0.32463515113970304,0.1311736436428283,0.016529805150421125,0.029557697004643925
