aaaa,aaad,aadd,aada,adda,addd,adad,adaa,ddaa,ddad,dddd,ddda,dada,dadd,daad,daaa
180.78710833142227,60.17926431097054,39.19192652378186,0.8763426645272575,4.766920097985186,1.51095440414981,3.002958889746432,0.9061967138052603,0.04515166274928003,0.03155271124153116,0.030675151425658374,0.03563805082106605,0.17107456151910372,0.14504503497250307,0.020519186794222315,0.03334687009914993
