aaaa,aaad,aadd,aada,adda,addd,adad,adaa,ddaa,ddad,dddd,ddda,dada,dadd,daad,daaa
204.9344425487856,58.72565444882617,51.41338645169333,2.4076668426181684,6.921552548958202,1.1260633052886753,3.50025761643759,1.069199287465891,0.0372637923529548,0.044729189322752376,0.030265303875229233,0.07296703954931456,0.3172811960553109,0.15600511140595225,0.01671077194919976,0.036151310289061975
