aaaa,aaad,aadd,aada,adda,addd,adad,adaa,ddaa,ddad,dddd,ddda,dada,dadd,daad,daaa
205.0137918376694,60.29338921436822,44.08215712406115,1.0129065899535994,5.323458919873706,1.6491754898987356,3.406652920445235,1.0011166408406518,0.041408178440820086,0.031898562370138196,0.0317237024409377,0.0403597615459852,0.17836718313112507,0.16117859077806354,0.02259854925997116,0.037061198602705264
