aaaa,aaad,aadd,aada,adda,addd,adad,adaa,ddaa,ddad,dddd,ddda,dada,dadd,daad,daaa
188.92867315873016,60.570069262201386,32.159553796109726,0.9045759265538524,3.7379292484915863,2.059116663361729,2.97711650590784,0.9230231802476341,0.04269206479657937,0.02674407198896651,0.03553157308519986,0.03568851496984834,0.10177687374161251,0.1555611614354422,0.03381722603645935,0.03552944477852899
