aaaa,aaad,aadd,aada,adda,addd,adad,adaa,ddaa,ddad,dddd,ddda,dada,dadd,daad,daaa
181.63300588982867,55.486072372800244,34.52942665871311,0.7717848325276631,3.863303658822327,1.6295285286059886,2.96601241519487,0.8776949650706949,0.03695776702824204,0.026793994006306908,0.028992725008158096,0.03187530152898849,0.1143835952729156,0.1429068604158166,0.0257201046651928,0.03139325189816742
