aaaa,aaad,aadd,aada,adda,addd,adad,adaa,ddaa,ddad,dddd,ddda,dada,dadd,daad,daaa
184.6540949001522,60.607182723555574,38.10755340195898,0.9305393563018645,4.214128247844999,1.3045186657748735,3.194816518430294,0.8499859847702689,0.041951240233509275,0.03352858026127617,0.029651754582742974,0.0256385156324945,0.15526317509499493,0.12367000079206836,0.01966004165285888,0.030301248075951536
