aaaa,aaad,aadd,aada,adda,addd,adad,adaa,ddaa,ddad,dddd,ddda,dada,dadd,daad,daaa
174.58226406642908,55.31044761688662,29.862654233946813,0.7699789845036143,3.4159698117929556,1.676854668214287,2.7884367939308583,0.8360737283753985,0.03845497356716572,0.025051202359640878,0.03070867607648699,0.029636700092614522,0.09389414564996632,0.13227168161445493,0.03008120489512949,0.030849420225476563
