aaaa,aaad,aadd,aada,adda,addd,adad,adaa,ddaa,ddad,dddd,ddda,dada,dadd,daad,daaa
184.34969908645266,52.304842495289314,32.56195470163544,0.8775862213944137,3.8395688092087292,1.7288907785598007,2.8989434670774084,0.8770868578018189,0.03473232010614515,0.02455379823176302,0.029915133139832396,0.033772360610482215,0.10179950001923026,0.13948448110254916,0.02796744195482375,0.03264333792058503
