aaaa,aaad,aadd,aada,adda,addd,adad,adaa,ddaa,ddad,dddd,ddda,dada,dadd,daad,daaa
199.0470343614596,60.98489304786565,39.91695973483762,0.8504415564973643,4.54279917560078,1.7878791782945807,3.2642518297953624,0.9796739820179988,0.0411748178380665,0.02966961237725613,0.03134007718289022,0.03826393115069884,0.14101351124929304,0.16284622227705173,0.02692399421215198,0.034809504557779
