aaaa,aaad,aadd,aada,adda,addd,adad,adaa,ddaa,ddad,dddd,ddda,dada,dadd,daad,daaa
167.00283512952242,50.88403492916015,35.11221127644627,0.754539988207678,4.116873202683948,1.4493539611556636,2.754485030545775,0.8320022915231887,0.0344394660870445,0.025658498745930385,0.02612587526673117,0.03455592313205649,0.1332622916089855,0.13849407314045595,0.020401766961733177,0.03005539663467788
