aaaa,aaad,aadd,aada,adda,addd,adad,adaa,ddaa,ddad,dddd,ddda,dada,dadd,daad,daaa
197.9589495776239,59.36029809621478,45.56115340482705,1.2184214147791927,5.099956083265234,1.3624401759225888,3.5158131892480795,0.9169889770145161,0.03844775399230444,0.03428798268523707,0.029740159161527665,0.030204054663123776,0.18978270136958458,0.14055004363220822,0.019118211958741072,0.03285927229222137
