aaaa,aaad,aadd,aada,adda,addd,adad,adaa,ddaa,ddad,dddd,ddda,dada,dadd,daad,daaa
227.83192755393475,93.03012327792297,18.85212499934235,0.6748701784763845,3.121171066930958,0.7992895737779064,0.31800263049965233,0.022530498126006826,0.21631191350981607,0.19549020650413257,0.028516145404151406,0.25575456156691123,0.08196191560328674,0.011631670449512688,0.03116677501129564,0.015814161770622497
