aaaa,aaad,aadd,aada,adda,addd,adad,adaa,ddaa,ddad,dddd,ddda,dada,dadd,daad,daaa
212.6972753730252,79.61614737715414,16.542841057134893,0.8074581954519728,2.525643245862862,0.5653516503466057,0.17073799451963567,0.019682467024567007,0.1932062821847756,0.18631535744941977,0.03300855170776845,0.21925243528402638,0.0722957406411094,0.014225052266099079,0.02546883747786181,0.015033153166896395
