aaaa,aaad,aadd,aada,adda,addd,adad,adaa,ddaa,ddad,dddd,ddda,dada,dadd,daad,daaa
225.19083329770703,83.01495222382685,19.709612632664655,1.0066247776261805,2.7948303233460865,0.6513463382887112,0.1795933023807081,0.022221646764062297,0.21523206548135274,0.18604351503604574,0.03561390121945376,0.24104536359181677,0.08054182740550919,0.01648856376562834,0.030063944687378774,0.016034412020195787
