aaaa,aaad,aadd,aada,adda,addd,adad,adaa,ddaa,ddad,dddd,ddda,dada,dadd,daad,daaa
199.06244516588626,73.28406116930088,22.808967238140355,1.2492523442391323,3.0884499075278153,0.7743177857408988,0.17339526889748036,0.030528785601571944,0.1982458095458634,0.16182779419109278,0.02769030808834476,0.23121849160750643,0.08067882623989464,0.021682678172010316,0.03150755964659065,0.014453512209194096
