aaaa,aaad,aadd,aada,adda,addd,adad,adaa,ddaa,ddad,dddd,ddda,dada,dadd,daad,daaa
222.61077583020338,90.95460080453373,13.85642784895288,0.6738846081650433,2.7095466638375347,0.5254647669753921,0.2825377389574637,0.017963204011777954,0.20132779240122153,0.19747339756197765,0.03069147207678056,0.23330796005876459,0.07320242136021439,0.010581568558366464,0.025420350415169782,0.01583420370129715
