aaaa,aaad,aadd,aada,adda,addd,adad,adaa,ddaa,ddad,dddd,ddda,dada,dadd,daad,daaa
246.1572209906146,98.86799793350784,20.465390926570347,0.7674762353858605,3.3258434421924163,0.8314757678917611,0.30904112849996157,0.024817381211599505,0.23189122216465177,0.21324774133562308,0.03199314198289707,0.2728826942224923,0.08816890009535681,0.013736090337080656,0.033039569925770125,0.017110382937819548
