aaaa,aaad,aadd,aada,adda,addd,adad,adaa,ddaa,ddad,dddd,ddda,dada,dadd,daad,daaa
205.24516983329755,78.21419558850214,19.620800577641507,0.929961233308727,2.9041923542367925,0.7010117795502337,0.1871346315383936,0.026264678337437,0.1941792141528823,0.17828683134497203,0.028718362111415163,0.22834279422543732,0.07732331865103126,0.01718337819441866,0.02883327291374358,0.015151906828357266
