aaaa,aaad,aadd,aada,adda,addd,adad,adaa,ddaa,ddad,dddd,ddda,dada,dadd,daad,daaa
220.43241691719933,80.95752840194113,19.843243503753726,1.040715613761533,2.7827790371714825,0.6519986125683271,0.17302871917122933,0.022799167343200814,0.21192442435223083,0.18128975605191947,0.03473235183301579,0.23732047429337527,0.0795991886567474,0.016824583282423262,0.029969112347391424,0.015521228322608393
