aaaa,aaad,aadd,aada,adda,addd,adad,adaa,ddaa,ddad,dddd,ddda,dada,dadd,daad,daaa
198.32420168831027,70.53788911196843,19.573042954120606,1.3801302779267772,2.595402137347949,0.5875215756840316,0.1220746123814183,0.023927375315988743,0.19374523447057107,0.16189817821180477,0.03285787099900942,0.21503511726701377,0.07613905010684399,0.01966826160641527,0.02822601326667279,0.014318771946627442
