aaaa,aaad,aadd,aada,adda,addd,adad,adaa,ddaa,ddad,dddd,ddda,dada,dadd,daad,daaa
196.36449711919502,73.45408249769797,21.981246467236634,1.178959338998566,3.0934688969474586,0.7637531356442129,0.19815781545475547,0.02971610040805503,0.19887325785161095,0.15337030003925337,0.026371859536966143,0.23167101231279555,0.07998622749231886,0.020016847060437454,0.03243457965244733,0.014390810062189462
