aaaa,aaad,aadd,aada,adda,addd,adad,adaa,ddaa,ddad,dddd,ddda,dada,dadd,daad,daaa
185.05838174565017,69.5691825106861,16.291084085743833,0.7509401925810173,2.392864645123807,0.5620929574343505,0.18776501970835566,0.017841595639760694,0.18278752865566436,0.14400560486381028,0.027548963393694465,0.20456451392427374,0.066751986452044,0.011948145102403081,0.026372240305731327,0.012793643127250707
