aaaa,aaad,aadd,aada,adda,addd,adad,adaa,ddaa,ddad,dddd,ddda,dada,dadd,daad,daaa
217.90211742392768,85.52657862238186,15.489709753241161,0.7162229504957451,2.6662533549714156,0.5803247492495257,0.22406422549674884,0.01989478520008589,0.19411188600577772,0.19662824015277813,0.03072089291150114,0.2254860790973088,0.07300894681255599,0.012351885335037166,0.02527659046830565,0.015050164072988417
