aaaa,aaad,aadd,aada,adda,addd,adad,adaa,ddaa,ddad,dddd,ddda,dada,dadd,daad,daaa
184.08235589880246,70.75341022248448,15.239456114374523,0.6633353439369913,2.3661130213955306,0.5417278164750903,0.1968012643024708,0.017289912474323217,0.1783549900744022,0.14883232219392167,0.026839590792055997,0.20194209787695983,0.06519233896495238,0.011037953447500156,0.025181916197751578,0.01309359773752456
