aaaa,aaad,aadd,aada,adda,addd,adad,adaa,ddaa,ddad,dddd,ddda,dada,dadd,daad,daaa
190.16767867344697,68.57003003451794,18.672479239131714,0.9430429021155775,2.4375856990269953,0.619330517505686,0.15137850195937808,0.020011600141020398,0.18626707474130197,0.15052587373700507,0.029487850175998854,0.20827462445157463,0.07037852592224082,0.015257404939848307,0.027388176632339233,0.013506401221437788
