aaaa,aaad,aadd,aada,adda,addd,adad,adaa,ddaa,ddad,dddd,ddda,dada,dadd,daad,daaa
215.5821179685792,79.17147831070858,23.642848490029657,1.2647265180653293,3.1796784569848104,0.797617839548774,0.18658805348770593,0.029747997653282704,0.21516346450204948,0.17281114218020835,0.030880367800309082,0.24744135823726698,0.08555097739194813,0.02139204652784673,0.03361642526396707,0.015305319498405464
