aaaa,aaad,aadd,aada,adda,addd,adad,adaa,ddaa,ddad,dddd,ddda,dada,dadd,daad,daaa
201.00425087715672,72.09764265101249,22.839996156445192,1.782568669638097,3.104707271710335,0.6815247393693843,0.1483532413026438,0.03190262303491803,0.20454226452123098,0.15734196422056132,0.030436170236128025,0.2319994703980264,0.08480037461645645,0.024239994420757513,0.03272535716996118,0.014849835931682568
