aaaa,aaad,aadd,aada,adda,addd,adad,adaa,ddaa,ddad,dddd,ddda,dada,dadd,daad,daaa
190.91260851552104,71.17070265419669,19.027518968959942,0.9433511278508699,2.6579926666669014,0.6535517350216081,0.16483678933088802,0.023646799639757486,0.1847610076909797,0.15915498443654907,0.027738567262600895,0.2131704806402009,0.07261686043839406,0.01652431644606213,0.027730394998430632,0.01393148173900977
