aaaa,aaad,aadd,aada,adda,addd,adad,adaa,ddaa,ddad,dddd,ddda,dada,dadd,daad,daaa
216.88778521857617,79.78245152489689,24.791002273741768,1.6545320642795638,3.4602042511452504,0.7907881413270973,0.18151699902717652,0.03543302178171058,0.2182278980520394,0.17492055220779792,0.030818452162534045,0.2533161781734225,0.09050842070113446,0.02546694194947477,0.035094635689907915,0.01616439362888889
