aaaa,aaad,aadd,aada,adda,addd,adad,adaa,ddaa,ddad,dddd,ddda,dada,dadd,daad,daaa
224.16004936017268,87.67625667096672,19.126709025786337,0.7617076619866525,2.987473172271156,0.72197692829884,0.2535025536447957,0.022619874002320014,0.2142736790399399,0.18805036062550698,0.03089462594825335,0.2482806502873122,0.08050636960845295,0.013631329342312242,0.030771223941969957,0.01612921521603694
