aaaa,aaad,aadd,aada,adda,addd,adad,adaa,ddaa,ddad,dddd,ddda,dada,dadd,daad,daaa
219.58921301575742,86.33037627447885,23.0927579137399,0.8485303956789568,3.4047063144562353,0.9411198805115655,0.2830780568280948,0.029885610914924608,0.2182847441082141,0.17710255401995004,0.026732213191384406,0.26039248708355095,0.08654340021028516,0.017321435005771418,0.03529921735018201,0.016103186744395225
