aaaa,aaad,aadd,aada,adda,addd,adad,adaa,ddaa,ddad,dddd,ddda,dada,dadd,daad,daaa
207.74590394549296,78.64610435422725,19.859705758989445,0.886880290533088,2.847442501126974,0.7104456292832377,0.2088612427073315,0.02351064370754863,0.2037146809473139,0.1678458184382582,0.029494518984324567,0.23343503046003303,0.07770841184876279,0.015319041412107092,0.03048897072911215,0.014627935006398408
