aaaa,aaad,aadd,aada,adda,addd,adad,adaa,ddaa,ddad,dddd,ddda,dada,dadd,daad,daaa
224.98255152269422,81.90843221869943,23.803618642854403,1.3272627397994865,3.1943146566087797,0.787501900506074,0.16549195469341357,0.030476097378106484,0.21617939712363576,0.1909150591085172,0.03333132623935091,0.2502994341107919,0.08749308654265939,0.022990123335659644,0.032452527108648266,0.016577790395192738
