aaaa,aaad,aadd,aada,adda,addd,adad,adaa,ddaa,ddad,dddd,ddda,dada,dadd,daad,daaa
238.91900462496955,81.87903939740394,26.843145908096226,2.4158822342549846,3.349840435377802,0.7509987944126052,0.1250933253990452,0.034175904066603945,0.2406563989154136,0.18769589299328265,0.04049667854187317,0.26524460796873744,0.10012232584871708,0.02966224801437715,0.036747700417542654,0.017534505046850325
