aaaa,aaad,aadd,aada,adda,addd,adad,adaa,ddaa,ddad,dddd,ddda,dada,dadd,daad,daaa
220.56643333103466,77.92686351132089,23.2775078306705,1.5032977055839642,3.010353708480228,0.7233307061383055,0.16361390553756114,0.026952092507298082,0.22322923779420348,0.16655917179295623,0.03457642580825931,0.24751523008135873,0.0865042928073236,0.021336450374299508,0.03438756628167926,0.015727827752583367
