aaaa,aaad,aadd,aada,adda,addd,adad,adaa,ddaa,ddad,dddd,ddda,dada,dadd,daad,daaa
211.59462533750448,75.89970459976968,23.286457794076018,1.4062384139612112,3.031848085810792,0.7532114221806282,0.16315837991044382,0.02851563388246406,0.21235404288606935,0.16592520979475023,0.03171456779501146,0.24053282656547031,0.08447170451516481,0.021255252448864673,0.0331919970710407,0.015290439369680857
