aaaa,aaad,aadd,aada,adda,addd,adad,adaa,ddaa,ddad,dddd,ddda,dada,dadd,daad,daaa
196.59222471452622,78.69150144543764,15.09884282255641,0.5861821097628558,2.530403850056425,0.5892725298498087,0.24907916546217,0.017545467073539857,0.1850601322267639,0.16689805436770164,0.026489961918437284,0.214615386144955,0.06807254044847806,0.009883379910979477,0.02564138288689955,0.013996541154711595
