aaaa,aaad,aadd,aada,adda,addd,adad,adaa,ddaa,ddad,dddd,ddda,dada,dadd,daad,daaa
182.4709144295087,72.66463281352978,12.959145631526596,0.5645841438313204,2.302592310666319,0.46981647300822105,0.23046334832847398,0.01510858449155618,0.17655109970162478,0.14667407813932365,0.0260093369248313,0.1993608189270174,0.0622980853515225,0.008933327978772278,0.023779868479218917,0.012900705973465399
