aaaa,aaad,aadd,aada,adda,addd,adad,adaa,ddaa,ddad,dddd,ddda,dada,dadd,daad,daaa
211.69599368425136,81.50282918273116,18.212228575052517,0.7702567772929875,2.7745775198265923,0.6571591692177521,0.22819195892413144,0.020841442121481823,0.20537029045589922,0.1720419040967467,0.030319496428001105,0.2338249275113071,0.07585709137651216,0.013066874149018033,0.029414791058778707,0.01477450019495991
