aaaa,aaad,aadd,aada,adda,addd,adad,adaa,ddaa,ddad,dddd,ddda,dada,dadd,daad,daaa
209.90413442409712,79.16737734581142,22.922337171039434,1.129866515868702,3.28789903381428,0.8274165932208908,0.23533348521443126,0.03076900646753436,0.21338103229685204,0.15921388703761985,0.027328576237905144,0.24796514318912805,0.08400794238714347,0.01920889959454327,0.03507266824364601,0.014904242981426204
