aaaa,aaad,aadd,aada,adda,addd,adad,adaa,ddaa,ddad,dddd,ddda,dada,dadd,daad,daaa
215.1539375867831,76.93590752906977,21.624597457565052,1.1622106327851924,2.805896093739557,0.7037988709893682,0.16789191049259014,0.02329095833057458,0.2136556446226397,0.1670192336354292,0.03367803472807035,0.2377883136171928,0.08091725034367794,0.018196570985672154,0.031783277714244496,0.015275791295943239
