aaaaa,aaaad,aaadd,aaada,aadda,aaddd,aadad,aadaa,addaa,addad,adddd,addda,adada,adadd,adaad,adaaa,ddaaa,ddaad,ddadd,ddada,dddda,ddddd,dddad,dddaa,dadaa,dadad,daddd,dadda,daada,daadd,daaad,daaaa
9.106360582902482,70.25931972818582,191.52613445917564,3.1604210210951313,47.793147668506755,5.6050072425418405,6.597951950390001,1.4423962795195073,0.5862648563324382,0.5896788517199644,1.1111843747229404,2.4185898222546776,1.4166489639922388,0.23732359136710574,0.3096254105836892,0.022945494178551885,0.161122174684265,0.002021712129900799,0.02247400055013598,0.027006762271423946,0.3042518464321356,0.26947065187588165,0.17020601176112715,0.3295294796765861,0.041964416679134385,0.005511976368301635,0.14817053387289775,0.32941041441132535,0.06492303812193825,0.018170382868522857,0.09916741990879997,0.019316091268759286
