aaaaa,aaaad,aaadd,aaada,aadda,aaddd,aadad,aadaa,addaa,addad,adddd,addda,adada,adadd,adaad,adaaa,ddaaa,ddaad,ddadd,ddada,dddda,ddddd,dddad,dddaa,dadaa,dadad,daddd,dadda,daada,daadd,daaad,daaaa
7.383712431713894,65.33327175452474,169.57661559848518,2.405650113594162,44.95178944150854,5.651877471897136,6.434475651156406,1.323143927063438,0.6412786639795826,0.6963153158628387,1.154585935415112,1.951704267090332,1.4485381527507974,0.2023368121262807,0.2894929769916635,0.019161307001202197,0.14132391100945613,0.0020291538238995993,0.020329986346249412,0.02627459379755681,0.27271447145263567,0.2266940591682644,0.17146893537786517,0.32510726293838427,0.03277555582302507,0.00929809484260565,0.14694417474299812,0.29496004415849386,0.06735748587629033,0.015056304686240725,0.08918319847934793,0.01779915797790947
