aaaaa,aaaad,aaadd,aaada,aadda,aaddd,aadad,aadaa,addaa,addad,adddd,addda,adada,adadd,adaad,adaaa,ddaaa,ddaad,ddadd,ddada,dddda,ddddd,dddad,dddaa,dadaa,dadad,daddd,dadda,daada,daadd,daaad,daaaa
16.072164136193276,75.69585450660513,203.9329307670514,2.478278601375526,55.342464942675,11.66222173532219,9.67061047748312,1.9516056480693285,1.2607491545936202,1.4899906523838289,2.1069801586268233,1.508249902001433,2.158255255258501,0.2827527586027904,0.3688070005224045,0.019522232623420815,0.21804682231714256,0.00259772825971924,0.03443273246511022,0.018313216587848163,0.34764906724874767,0.26637773895986566,0.24231632772745154,0.49333744776883315,0.02462138793175472,0.03889680186689707,0.2651678878410341,0.30102395047776453,0.12526266776120662,0.018188795038319727,0.111533513434946,0.023757869711121347
