aaaaa,aaaad,aaadd,aaada,aadda,aaddd,aadad,aadaa,addaa,addad,adddd,addda,adada,adadd,adaad,adaaa,ddaaa,ddaad,ddadd,ddada,dddda,ddddd,dddad,dddaa,dadaa,dadad,daddd,dadda,daada,daadd,daaad,daaaa
9.860021575972162,64.24936729058626,164.66544324857634,2.045369002099126,48.06285639816447,9.733813558568794,8.040762199348247,1.6067285781152543,1.0578654763517983,1.395420900885857,1.7804728008496369,1.2750625222081087,1.8863722625596477,0.21290377399183885,0.30887771114669954,0.01459399577582391,0.16976926457757374,0.002780525277523587,0.029862087463319534,0.01517884048720597,0.277423728869626,0.20423589338263481,0.21636048947427317,0.4113077887206798,0.019742815044420093,0.036765106316586076,0.21695312651922571,0.2569018277067456,0.10454417321692545,0.013903187999358671,0.09052840850729513,0.01932251034529696
