aaaaa,aaaad,aaadd,aaada,aadda,aaddd,aadad,aadaa,addaa,addad,adddd,addda,adada,adadd,adaad,adaaa,ddaaa,ddaad,ddadd,ddada,dddda,ddddd,dddad,dddaa,dadaa,dadad,daddd,dadda,daada,daadd,daaad,daaaa
14.192417131375782,67.70121194206567,186.325350576646,2.183431030230266,50.629668320469044,8.372402820473141,7.5362910166462065,1.7043799506424548,0.9076372817103187,1.0000021163890198,1.6324855642134517,1.7428690283687887,1.896010191167,0.23848746999124917,0.3129738577264307,0.023848973067971593,0.17161210973740282,0.0036097290153348995,0.021578654658027156,0.028802556433894944,0.3146582867584869,0.24046988072131079,0.2046683626397321,0.41906456424271016,0.035842413573276964,0.022893479011127274,0.20479831129751205,0.31759001093889233,0.10071185906415243,0.016666262049766276,0.09871641419373439,0.01974494529632192
