aaaaa,aaaad,aaadd,aaada,aadda,aaddd,aadad,aadaa,addaa,addad,adddd,addda,adada,adadd,adaad,adaaa,ddaaa,ddaad,ddadd,ddada,dddda,ddddd,dddad,dddaa,dadaa,dadad,daddd,dadda,daada,daadd,daaad,daaaa
10.520807350280455,59.36017193809937,156.0917377907218,1.7661340059345385,39.08631119274743,6.84256271504878,7.181362347746578,1.1741041188666228,0.7800804385340572,0.7323372149665587,1.280084624178366,1.34793318474328,1.4795160812152983,0.2187488297208675,0.28607037642094274,0.019454037742982523,0.13596424622919603,0.0026498751208815143,0.01947037703952925,0.02112229234769979,0.26866260511221757,0.21189484094588257,0.16401963119134305,0.3391842177874853,0.021558852963598784,0.017471969530538044,0.17270255129461998,0.24181614403688764,0.0802530375780217,0.014793523904384463,0.08700576431040621,0.01769616072286864
