aaaaa,aaaad,aaadd,aaada,aadda,aaddd,aadad,aadaa,addaa,addad,adddd,addda,adada,adadd,adaad,adaaa,ddaaa,ddaad,ddadd,ddada,dddda,ddddd,dddad,dddaa,dadaa,dadad,daddd,dadda,daada,daadd,daaad,daaaa
16.770525747678704,60.253978441622564,165.035308961233,2.301630512418721,42.169592544831346,10.557847627510572,8.805274070483112,1.5514008016137248,1.1862418148094256,1.2410332145009744,1.8542746589536994,1.0089722346828758,1.7936182334671078,0.2623947794746251,0.3088015095706669,0.018404783497086356,0.18594044199312665,0.001900611275810929,0.0311445184224353,0.011375553332896938,0.29479187221553765,0.2195998717031793,0.19010087786475469,0.412951701628894,0.017176871810532547,0.04054017182539033,0.23566469060344383,0.2225446517660187,0.10631296980812228,0.01611936051180473,0.09395780041543779,0.020229769043172138
