aaaaa,aaaad,aaadd,aaada,aadda,aaddd,aadad,aadaa,addaa,addad,adddd,addda,adada,adadd,adaad,adaaa,ddaaa,ddaad,ddadd,ddada,dddda,ddddd,dddad,dddaa,dadaa,dadad,daddd,dadda,daada,daadd,daaad,daaaa
12.105421361214363,61.170129040105635,162.97383067945606,1.9674875500536795,44.735263308159816,9.231034585063002,7.7597443232289365,1.5314208575025954,0.9857316148310151,1.1965923321481076,1.6653028731739854,1.2486168086734406,1.7447914620741467,0.22421622014375828,0.29592260236486423,0.01519155477216378,0.16913381316497283,0.0021926341774727697,0.02666245650050556,0.015884513868510034,0.2791640362389363,0.2098544018133688,0.19584418543961626,0.39664912528308316,0.019642277751447747,0.03069726389550819,0.20856306782555872,0.24525381161184845,0.09791464074578393,0.014543419054021916,0.08938068996051689,0.01903500011677249
