aaaaa,aaaad,aaadd,aaada,aadda,aaddd,aadad,aadaa,addaa,addad,adddd,addda,adada,adadd,adaad,adaaa,ddaaa,ddaad,ddadd,ddada,dddda,ddddd,dddad,dddaa,dadaa,dadad,daddd,dadda,daada,daadd,daaad,daaaa
17.256799748424008,52.758752069500595,160.3694734031301,1.8155654667202306,38.660937231791394,5.9731901449259475,5.728139409925541,1.3356729624504309,0.5673241234686136,0.47734162587451984,1.1086627588842846,1.6803063960640123,1.315054276607542,0.2314473999449528,0.2499742475743679,0.023702439569570074,0.15616468309890422,0.0008647180733969415,0.015586036180118194,0.02253875280912762,0.27840535842073294,0.23349852802544033,0.12952914376476202,0.2979948358975054,0.032026448163180773,0.006208938295336319,0.15033473867211636,0.25652628902368696,0.06756906277860837,0.01710876162203997,0.08572286191766731,0.01668896770366874
