aaaaa,aaaad,aaadd,aaada,aadda,aaddd,aadad,aadaa,addaa,addad,adddd,addda,adada,adadd,adaad,adaaa,ddaaa,ddaad,ddadd,ddada,dddda,ddddd,dddad,dddaa,dadaa,dadad,daddd,dadda,daada,daadd,daaad,daaaa
10.306578966077847,72.38761027464868,185.99601891692083,2.1623741441260735,49.80604062689831,8.310881519677423,8.39101195614584,1.5243342622426248,0.9775165610671375,1.0530041756794863,1.6065449042340016,1.671868767659194,1.8784795505113716,0.24011033654564953,0.33624727696963036,0.021011931076980645,0.16059768564880839,0.00360218318611515,0.02414065265536786,0.027273250483321545,0.3104034827325704,0.23745120099825986,0.2177561033502944,0.426053949874378,0.028546101532559223,0.0262086122202915,0.205517057936332,0.30706541546434807,0.09870547982071935,0.01627486900684337,0.10134356624768046,0.02076547997388169
