aaaaa,aaaad,aaadd,aaada,aadda,aaddd,aadad,aadaa,addaa,addad,adddd,addda,adada,adadd,adaad,adaaa,ddaaa,ddaad,ddadd,ddada,dddda,ddddd,dddad,dddaa,dadaa,dadad,daddd,dadda,daada,daadd,daaad,daaaa
7.948674596360049,65.25705559883933,157.53229742700634,2.0539439818257326,44.25250682014109,9.069258003723414,8.90481553998702,1.3202381512473016,1.123833366058013,1.2863574307420502,1.7049097159299094,1.1143985449488802,1.803963266493547,0.22001031418472297,0.32155037032735456,0.013269953748266665,0.15305107983375912,0.002519853935879836,0.030185925889967904,0.01372697210810295,0.26867188723726676,0.2046830830842561,0.20677525033331895,0.3931110298869113,0.013271839648407257,0.03959612695444826,0.21424182619560408,0.23168876581706305,0.1026610500327951,0.013715673775115381,0.09002151758730598,0.019686783260747458
