aaaaa,aaaad,aaadd,aaada,aadda,aaddd,aadad,aadaa,addaa,addad,adddd,addda,adada,adadd,adaad,adaaa,ddaaa,ddaad,ddadd,ddada,dddda,ddddd,dddad,dddaa,dadaa,dadad,daddd,dadda,daada,daadd,daaad,daaaa
18.096030792498425,58.98568167595544,180.83357779718804,2.2947600684263993,43.278090066159535,5.83732319779597,5.890441473302628,1.5288912001403456,0.5587720700935129,0.416237862533566,1.0989796672156433,2.084043478873368,1.3517916365431464,0.2580855860402853,0.2701657280565075,0.02645578661811189,0.17110600824252073,0.0010297312873655605,0.015857233735777097,0.029272331450816293,0.3061221805971732,0.26267743145724226,0.13856150086227423,0.3198996033885184,0.04132654863096017,0.0043318904674474815,0.150755851857564,0.29613684926740685,0.0673598326101932,0.019479633878264107,0.09433428342420264,0.017911894829806915
