aaaaa,aaaad,aaadd,aaada,aadda,aaddd,aadad,aadaa,addaa,addad,adddd,addda,adada,adadd,adaad,adaaa,ddaaa,ddaad,ddadd,ddada,dddda,ddddd,dddad,dddaa,dadaa,dadad,daddd,dadda,daada,daadd,daaad,daaaa
10.476828574236924,66.54063117912112,164.78266187908602,2.3912983440638094,45.29008133315425,10.786144548265131,9.910824502481672,1.4900391557232362,1.3437348808596488,1.504817279622971,1.9794997729841277,0.9950760267246743,1.961821474942941,0.25139466655505366,0.3372654070884892,0.016691665042534963,0.17421834586300422,0.00269277483885603,0.03656908941545006,0.01057502892451899,0.2886741563963829,0.2119496997403239,0.21741097483146873,0.43052238473930854,0.014075268572538973,0.05266104064629846,0.24292187644576566,0.2297453563950248,0.11350401960588545,0.015042444317589844,0.09523423454558899,0.02115450149993762
