aaa,aad,add,ada,dda,ddd,dad,daa
266.78871018153427,8.146978892913777,2.5725857484042294,0.8076202020660499,0.11764049101418608,0.09385530907025642,0.014566292300296668,0.033394510997206715
