aaa,aad,add,ada,dda,ddd,dad,daa
285.8689017927969,7.672204642571903,2.3648691109883186,0.8819785541883044,0.12964995804819687,0.09526430044130847,0.01484919867109266,0.03559536920980506
