aaa,aad,add,ada,dda,ddd,dad,daa
287.2337010341664,8.052107245234007,2.0152933404347126,0.9073129590937719,0.13476800708598988,0.09258154524254954,0.015039266328025115,0.03536584650760159
