aaa,aad,add,ada,dda,ddd,dad,daa
312.7699335918369,6.30026973185652,4.293531972096719,0.9395706622452538,0.12322545771254226,0.11419034056289125,0.019282342602123043,0.035383286029740696
