aaa,aad,add,ada,dda,ddd,dad,daa
268.90866053360133,4.530313483867423,2.5974172345272173,0.8329844934841524,0.11577483532436157,0.08537328307734164,0.012113473134920822,0.033366596431680974
