aaa,aad,add,ada,dda,ddd,dad,daa
282.08107646605987,7.2795766429630495,2.784512986234559,0.867266960240758,0.12684500783378932,0.09624007944062593,0.015158188861191933,0.035204908312991536
