aaa,aad,add,ada,dda,ddd,dad,daa
237.568104756285,5.622284661479228,3.0357183282728055,0.7194174802117103,0.09920449639902053,0.09092695548259627,0.015391545021969847,0.027587996573783743
