aaa,aad,add,ada,dda,ddd,dad,daa
308.1496132627552,5.783625824829835,3.194945751260551,0.9519361515324412,0.1352116818123625,0.09962837305931256,0.013936256885064528,0.039920930152616926
