aaa,aad,add,ada,dda,ddd,dad,daa
319.80211693211,7.075955699147946,4.20124277936912,0.9931815134044628,0.14061845195388195,0.11987542012756239,0.024573187200251066,0.03702211981867338
