aaa,aad,add,ada,dda,ddd,dad,daa
246.942991982417,4.544628611653323,2.5215192089583667,0.7560356895778629,0.1041718558440956,0.07889774955710957,0.011810336452183705,0.029671029921585854
