aaa,aad,add,ada,dda,ddd,dad,daa
266.4384328524568,5.225070547261039,3.2060231795294256,0.798793484586609,0.10624221201253342,0.09064876429897942,0.012703654682827113,0.032144789090598536
