aaa,aad,add,ada,dda,ddd,dad,daa
257.17919479352156,4.502705021446658,3.095251906185454,0.7929473919307782,0.10813503175317722,0.08954512650644286,0.01491139641317209,0.029864071815598768
