aaa,aad,add,ada,dda,ddd,dad,daa
250.34487935717618,5.49062036584715,2.6296021886419476,0.7415490401935467,0.10052134488427174,0.08346012694222832,0.011461714344893209,0.030430271752642818
