aaa,aad,add,ada,dda,ddd,dad,daa
250.65960310305687,5.088783356356448,2.407873412501018,0.766883087931035,0.10788759091196307,0.08228020241197886,0.011803843705817196,0.03116698575960307
