aaa,aad,add,ada,dda,ddd,dad,daa
320.7207765064345,9.420920254145086,2.698110608969988,0.9794123002692908,0.14251887990925963,0.10776146294529798,0.01695663801475833,0.03922685220149617
