aaa,aad,add,ada,dda,ddd,dad,daa
293.4202838673371,6.9252013835041,2.6740477368768283,0.9018438392497388,0.13057967936562623,0.09715876284353153,0.015146549238796086,0.035904788511874
