aaa,aad,add,ada,dda,ddd,dad,daa
307.54258725179193,8.348319192166159,3.0520341792821606,0.9231288167752825,0.1326703850058338,0.10543010126202125,0.015940459107736987,0.03774269786869746
