aaa,aad,add,ada,dda,ddd,dad,daa
283.72061382907543,9.960232038380404,1.7644006766769478,0.9041028896806402,0.13347789164516524,0.09077734199947547,0.01384074980007607,0.034457735358971966
