aaa,aad,add,ada,dda,ddd,dad,daa
283.57889164203556,6.057213299807051,3.3332226833287817,0.8562641287252305,0.11598677060851342,0.09688725649092908,0.01346197524541149,0.034886404540303784
