aaa,aad,add,ada,dda,ddd,dad,daa
306.69505564763944,8.320020916608716,3.5099675203631913,0.9085807264039597,0.12676539277442153,0.10617563154604343,0.016189516564435652,0.03927842470887148
