aaa,aad,add,ada,dda,ddd,dad,daa
250.63711594315467,5.09491467199783,2.091092711039817,0.7842710276544309,0.11499958587712189,0.0795454096693761,0.01256278146941954,0.0306657520045387
