aaa,aad,add,ada,dda,ddd,dad,daa
257.73638914340455,7.494349737651722,2.0767412716567035,0.7905718824947138,0.11237196397421755,0.08680393249144756,0.01369577682786493,0.03151134554148682
