aaa,aad,add,ada,dda,ddd,dad,daa
283.28484465411776,5.894120857722192,4.019737973738449,0.8578077916936601,0.1154613994275175,0.1061673156026003,0.020068807686899393,0.03226213816295632
