aaa,aad,add,ada,dda,ddd,dad,daa
280.1488761779368,6.729801011048766,3.585457620137783,0.8133958382917201,0.11142256497035265,0.09611975464585776,0.013111855796131446,0.03566480122543505
