aaa,aad,add,ada,dda,ddd,dad,daa
287.30184537179105,6.344292970387948,2.9558446917843346,0.8636816954945019,0.1200445650846903,0.09579605814977422,0.013947389719332525,0.03492549317571075
