aaa,aad,add,ada,dda,ddd,dad,daa
294.27634614858437,5.600673037893184,4.173720920976137,0.9035897818421668,0.12694358484376483,0.10355602595846676,0.020222258296589676,0.03547194700341216
