aaa,aad,add,ada,dda,ddd,dad,daa
283.37273754442293,4.612356710955065,3.063940227079005,0.8775245195725576,0.1200998370177412,0.08776763273843986,0.012543746308231914,0.03538562357506468
