aaa,aad,add,ada,dda,ddd,dad,daa
270.066953268649,5.203579714894024,2.703123214676976,0.814675992333094,0.11095355533598603,0.08764697978455986,0.012229241321706354,0.03282575814693093
