aaa,aad,add,ada,dda,ddd,dad,daa
268.05297733701525,5.10747764618465,3.604721120737404,0.8221669565067925,0.11111184734781607,0.0966538244749173,0.0179125687017223,0.03070850014257346
