aaa,aad,add,ada,dda,ddd,dad,daa
253.93128188129475,36.665514046053985,2.1331594564173306,0.8450838902896376,0.09058730521288401,0.06887715021903787,0.017777424537468133,0.03839624657874598
