aaa,aad,add,ada,dda,ddd,dad,daa
279.9957161022641,44.529220775305916,2.4970587648369587,0.9667510208662319,0.10284636958168214,0.08001126781053922,0.019682108671946093,0.043370516032610704
