aaa,aad,add,ada,dda,ddd,dad,daa
261.4988866095567,35.27210324863913,2.1394635919077345,0.8791192595307366,0.09557270960847154,0.07342133911932988,0.018519676955009962,0.038745142374590744
