aaa,aad,add,ada,dda,ddd,dad,daa
275.44054186268363,35.88804308052319,2.2176798941042266,0.8998575252354216,0.0969317290470717,0.07509257676270954,0.01795608556781376,0.04042926746631591
