aaa,aad,add,ada,dda,ddd,dad,daa
238.07692959021662,37.111285503028945,2.054014016185464,0.8206357004103354,0.08691160194286686,0.06448342354855019,0.017023809454091623,0.03786757153248261
