aaa,aad,add,ada,dda,ddd,dad,daa
251.0793208861434,27.34849737776981,1.9248984715747466,0.8232982364624103,0.08950639913771885,0.06663403330448996,0.017892890232450182,0.037254010920064584
