aaa,aad,add,ada,dda,ddd,dad,daa
263.880303922476,35.15264960469641,2.1496853208112787,0.8870477771310532,0.09593192623409068,0.07149751177974119,0.01922992827351286,0.039718165693883825
