aaa,aad,add,ada,dda,ddd,dad,daa
235.91469663089427,21.129116279992953,1.789279317044303,0.7469084269125832,0.08182738867301304,0.06074062755695706,0.016290229560594168,0.03413748655130916
