aaa,aad,add,ada,dda,ddd,dad,daa
266.94039458008234,36.87404711963318,2.234268905317454,0.8896614413876947,0.0938456335399987,0.07231098188237979,0.01879678772637459,0.04055494399340574
