aaa,aad,add,ada,dda,ddd,dad,daa
258.679844202143,44.58931843009164,2.3205959564230874,0.8837674963718578,0.09148541845040263,0.07463732111135356,0.017194335664425745,0.04031443526096005
