aaa,aad,add,ada,dda,ddd,dad,daa
293.16239263604683,37.617771885509825,2.365036973945368,0.9569837750595567,0.10256817850935789,0.07890647377991908,0.019831983806148777,0.04361863305343396
