aaa,aad,add,ada,dda,ddd,dad,daa
238.9522764460108,43.07738963698801,2.262136539599255,0.8280112485815107,0.08709068639323599,0.07199750373743362,0.016390549829303012,0.035994814623726966
