aaa,aad,add,ada,dda,ddd,dad,daa
257.6516012574831,45.513364070977275,2.489934681949834,0.8825065116439783,0.09428052604310005,0.0782811653215745,0.018172788955958086,0.0387438844231019
