aaa,aad,add,ada,dda,ddd,dad,daa
243.64431767904458,25.055155151536717,1.8778656660749748,0.7763440826076197,0.08617978414755754,0.06354247450712329,0.0165317902484287,0.03548121344260273
