aaa,aad,add,ada,dda,ddd,dad,daa
236.669713298951,34.90104597983546,2.007730319870272,0.7943013506850386,0.08320594718799103,0.06613084706784779,0.016373630328434644,0.035463601877353625
