aaa,aad,add,ada,dda,ddd,dad,daa
267.58717296979944,46.731114264968106,2.43287442714408,0.9216720104242085,0.09413346106313283,0.07741198239614916,0.01903622539319979,0.04094123968500362
