aaa,aad,add,ada,dda,ddd,dad,daa
270.1533858563691,29.091714212498594,2.075774315615466,0.8805930146288753,0.09678412847668486,0.07247277663094426,0.01888463303507206,0.03906339329812351
