aaa,aad,add,ada,dda,ddd,dad,daa
238.7445780451999,31.536966767394173,1.9515053685525587,0.8130190588544376,0.08890757177389619,0.06679949146597923,0.018202530088780314,0.03580876497365852
