aaa,aad,add,ada,dda,ddd,dad,daa
245.56427032602335,42.88293284795354,2.1902261782443615,0.8297433884329269,0.0851846264206923,0.06958513799532767,0.015934711251901674,0.038171348190526144
