aaa,aad,add,ada,dda,ddd,dad,daa
241.68611754578393,34.604768953449444,1.9903178244736515,0.8022980878709893,0.08771031572639064,0.06690718204202274,0.01633473345684939,0.0357036444632412
