aaa,aad,add,ada,dda,ddd,dad,daa
234.91670491868373,39.57535895767497,2.132251348199795,0.7940617500453591,0.0826936465041177,0.06764280850827276,0.015099752858346804,0.0354946570066974
