aaa,aad,add,ada,dda,ddd,dad,daa
216.06339930078425,35.665853949317864,1.9063812846980324,0.7354039408081255,0.07683285644597317,0.06208527883654362,0.014857421545667346,0.032736368963579836
