aaa,aad,add,ada,dda,ddd,dad,daa
234.21725102680318,40.54116146666617,2.241523505586535,0.8123444805383028,0.0879906072496966,0.07221025287546377,0.01659782262326101,0.034993586349992174
