aaa,aad,add,ada,dda,ddd,dad,daa
221.384210479322,38.749714617921114,2.079830697763836,0.7707292514831059,0.0813421239339718,0.06627330657621988,0.015659483835709274,0.033626488131260505
