aaa,aad,add,ada,dda,ddd,dad,daa
221.28400869981422,35.69768981403895,1.9517985670221978,0.7555836017326318,0.07848034515322935,0.06245720610570041,0.016026897953134785,0.03374001356677672
