aaa,aad,add,ada,dda,ddd,dad,daa
256.3928475043726,38.195677787454436,2.1836125682641914,0.8681548060434535,0.09202838261567436,0.07274330438790838,0.01849265958273939,0.038422154948825525
