aaaa,aaad,aadd,aada,adda,addd,adad,adaa,ddaa,ddad,dddd,ddda,dada,dadd,daad,daaa
194.48434116795212,92.28253268226469,14.322216799494342,21.748349316958155,0.8397646328155757,1.5758107930512923,1.8600156738918783,0.7282973115794883,0.28153960821159335,0.2239209696020778,0.13986743478243996,0.41851514316720123,0.03333604782983418,0.11271163972368202,0.26296814652465844,0.07525597848510959
