aaaa,aaad,aadd,aada,adda,addd,adad,adaa,ddaa,ddad,dddd,ddda,dada,dadd,daad,daaa
201.9538594548972,109.9280713841949,16.33370808512903,24.74540487418085,0.6409453619605118,1.6001480337134242,2.039008819447301,0.7330702538641017,0.31232308306828105,0.27917386334842176,0.15413025407222983,0.47000299543319296,0.057400177993533905,0.1186364459213568,0.28081060965531984,0.07758660490207041
