aaaa,aaad,aadd,aada,adda,addd,adad,adaa,ddaa,ddad,dddd,ddda,dada,dadd,daad,daaa
193.99981083741997,109.82287179108016,13.95851948962144,23.127980898234423,2.3416621573368412,2.8619753626032707,1.494450368693233,0.8641941190210107,0.35455969531557197,0.2330085064626278,0.14992573266748324,0.6379566671404798,0.031734848315039824,0.21537325932251572,0.27412841534463384,0.09436581538267505
