aaaa,aaad,aadd,aada,adda,addd,adad,adaa,ddaa,ddad,dddd,ddda,dada,dadd,daad,daaa
238.66925364297924,115.03263707491182,15.986705754147266,24.463091855385755,3.2281536817745993,3.0435251840079736,1.7435947084973025,1.0674494371149257,0.41007589560967417,0.22585765420180007,0.1764207457435103,0.7002000275712559,0.01913874045109884,0.23663946038669811,0.3197054490566122,0.11517616490859525
