aaaa,aaad,aadd,aada,adda,addd,adad,adaa,ddaa,ddad,dddd,ddda,dada,dadd,daad,daaa
163.00922231897292,94.5848573088536,13.221656291751788,17.261829921272458,0.9510710361369517,1.495734079822536,1.3859180461076068,0.6154707836502022,0.2627606088568255,0.2412023907010931,0.12675694239659888,0.4262100252180675,0.03173481960725145,0.12701983744625586,0.2198211980341922,0.07122885998021694
