aaaa,aaad,aadd,aada,adda,addd,adad,adaa,ddaa,ddad,dddd,ddda,dada,dadd,daad,daaa
179.10234723572586,92.18931453020065,15.603729932509463,22.23457693020508,0.3713483046164996,1.2819764443163078,1.9807013038429822,0.6351137961312048,0.26148713730744566,0.23607240345994968,0.13367434185051896,0.36613500714924413,0.058247157216643974,0.08838295228867,0.253345103325588,0.06418865799308
