aaaa,aaad,aadd,aada,adda,addd,adad,adaa,ddaa,ddad,dddd,ddda,dada,dadd,daad,daaa
176.67252703123137,99.38112146923967,15.510028463107828,19.25154152037202,0.5489372387302068,1.2578344154865226,1.725271457086488,0.6168711443539115,0.26337895871666683,0.26804236723184655,0.13470352327810006,0.3976973213059144,0.044237853332600253,0.10604332766911916,0.2433350774410623,0.06956169157689966
