aaaa,aaad,aadd,aada,adda,addd,adad,adaa,ddaa,ddad,dddd,ddda,dada,dadd,daad,daaa
225.2015979981913,119.73034727031742,19.336114972533817,28.106605473703446,0.5109186638051885,1.7718520933585056,2.4818135611208265,0.8092639015887347,0.33528182750527874,0.3045456877341231,0.17193339844546893,0.47864534358109184,0.07362453108251053,0.1198422592757088,0.3243932115039281,0.0826070257306403
