aaaa,aaad,aadd,aada,adda,addd,adad,adaa,ddaa,ddad,dddd,ddda,dada,dadd,daad,daaa
178.70041353570315,99.94468149210073,15.037695550822129,19.829589647864832,0.6415177742925181,1.3306958507928106,1.6888761863314279,0.6389777907352885,0.2716841624355314,0.26462116972082766,0.1366791877132845,0.41712871728446965,0.04286678893876101,0.11138637437237844,0.24246812246268415,0.0715947215026033
