aaaa,aaad,aadd,aada,adda,addd,adad,adaa,ddaa,ddad,dddd,ddda,dada,dadd,daad,daaa
195.65982928262898,99.22249058534936,13.236284712579112,24.837280822022954,1.0070326797932299,2.20133568073927,1.9212333849805852,0.7868061053817131,0.3123649413781871,0.22070567324761686,0.1484780381777067,0.48058396026042627,0.0432670144276397,0.1400649210731167,0.2816604093141521,0.07844416630668419
