aaaa,aaad,aadd,aada,adda,addd,adad,adaa,ddaa,ddad,dddd,ddda,dada,dadd,daad,daaa
178.73484596212822,93.62640576293384,13.909418624512002,22.348943113178944,0.5812699507722788,1.6874066441596316,1.8953143839949005,0.6731532476329573,0.2720977915317768,0.22672554834945607,0.13693071143652777,0.4018879056088229,0.04951259244973125,0.1081981222510513,0.26019255568940386,0.06816737153903461
