aaaa,aaad,aadd,aada,adda,addd,adad,adaa,ddaa,ddad,dddd,ddda,dada,dadd,daad,daaa
180.49979642654117,103.6389392738326,15.721987735633123,21.12279116905295,0.4990885554977347,1.3784476112399364,1.8281879035828354,0.6389510720399089,0.2755195543395627,0.2751643180737358,0.140571996236607,0.4142609767242155,0.0544694600994003,0.10822223458556504,0.25293491050013317,0.07016894777319974
