aaaa,aaad,aadd,aada,adda,addd,adad,adaa,ddaa,ddad,dddd,ddda,dada,dadd,daad,daaa
219.21693770381876,107.09363481654803,15.53054424070653,22.901710281477616,1.5421529980615707,2.0675059029942604,1.8529808457370187,0.8679899858804933,0.33519675629579637,0.25026422868236275,0.15995525638683905,0.5299436793528751,0.024720461658208286,0.15933120504151932,0.2913582936964546,0.0937307424459714
