aaaa,aaad,aadd,aada,adda,addd,adad,adaa,ddaa,ddad,dddd,ddda,dada,dadd,daad,daaa
205.3043643041981,38.824121183746364,2.4246525356395376,6.468824242002775,1.0548316004679363,0.9063037494755684,0.6112497922237558,0.024227315544266024,0.14185560079000584,0.020603588792201394,0.5538273776198536,0.06358879864029313,0.06431456433456058,0.06461956789195328,0.02514371784931114,0.006475537666263734
