aaaa,aaad,aadd,aada,adda,addd,adad,adaa,ddaa,ddad,dddd,ddda,dada,dadd,daad,daaa
245.781067151696,44.72751642421107,2.8100461282580627,7.057376153034147,1.0158720417447167,1.146874834696296,0.7178785646318467,0.03159768658202489,0.16304825523249478,0.025353176523530887,0.6725392066424423,0.0707029961681729,0.0763287430194053,0.07715241629192897,0.028971012672613133,0.008317920590223935
