aaaa,aaad,aadd,aada,adda,addd,adad,adaa,ddaa,ddad,dddd,ddda,dada,dadd,daad,daaa
213.41206011686054,40.98920077457743,2.429859549014764,5.78969032242502,0.6610862032565819,1.1346674320983408,0.685177769337869,0.03755887901694418,0.1280045058547476,0.02382845258402013,0.5954875237984997,0.05816611994804673,0.06693496573629452,0.07499785205640709,0.023277798846126026,0.008091353810057421
