aaaa,aaad,aadd,aada,adda,addd,adad,adaa,ddaa,ddad,dddd,ddda,dada,dadd,daad,daaa
229.6594884126299,43.1452278419686,2.5965236083850782,6.742784492547573,1.001916495351395,1.0776959388105736,0.6951635126517922,0.030580180127034774,0.15452983156304845,0.022789931863384162,0.6280206675459109,0.06711157001680158,0.07205825184537591,0.07278427494083294,0.027539689847904083,0.007663282644041014
