aaaa,aaad,aadd,aada,adda,addd,adad,adaa,ddaa,ddad,dddd,ddda,dada,dadd,daad,daaa
223.18816325028035,40.127658656862074,2.4716818672000365,5.928488258714913,0.8290439230568457,1.1049696275897634,0.6569087830449746,0.030192083658870602,0.1530726430494047,0.020465729797188748,0.6156201697183475,0.06024209566908802,0.07043372046012644,0.06579716232215532,0.026887896679705956,0.00769946039306838
