aaaa,aaad,aadd,aada,adda,addd,adad,adaa,ddaa,ddad,dddd,ddda,dada,dadd,daad,daaa
237.12939993618622,42.86244110476309,3.2232099487555628,7.622580573288846,1.3246583195976518,0.9541524293125627,0.6550829179959884,0.024285253589230938,0.1648610363624176,0.023129772487074676,0.6324682101578588,0.0732450256649017,0.07049349761842169,0.0689508886383059,0.029258341484393456,0.00702795353426328
