aaaa,aaad,aadd,aada,adda,addd,adad,adaa,ddaa,ddad,dddd,ddda,dada,dadd,daad,daaa
244.1195753069345,45.782552883813516,2.668071965406283,6.54934618310301,0.8702303282587014,1.2924667903532965,0.756962458222085,0.03685064700073789,0.16895182364176722,0.02391626071280323,0.6809098414362876,0.06608768390133404,0.08177854659434615,0.07842154888288835,0.029128707763718262,0.00904455452419232
