aaaa,aaad,aadd,aada,adda,addd,adad,adaa,ddaa,ddad,dddd,ddda,dada,dadd,daad,daaa
266.37618021449106,50.45092491182132,3.3533397804135556,8.79864843263941,1.5367206913572138,1.1221835940335316,0.7904631948394403,0.028400878388963373,0.19023390303893906,0.026377720239063138,0.7116500377449528,0.08459998371135602,0.08330937913567714,0.08100276810847212,0.03355938118148431,0.007757916340009648
