aaaa,aaad,aadd,aada,adda,addd,adad,adaa,ddaa,ddad,dddd,ddda,dada,dadd,daad,daaa
231.2642167815606,38.48331007216501,4.198394054563706,7.141620990758455,1.3470395655710046,0.853773876363339,0.5681731849241242,0.02052955265487433,0.1604273057108738,0.019671653122290623,0.6070930021722196,0.06802793136105272,0.06268030686506475,0.05693592412814983,0.02888103325545363,0.005983687167926013
