aaaa,aaad,aadd,aada,adda,addd,adad,adaa,ddaa,ddad,dddd,ddda,dada,dadd,daad,daaa
228.39564768392532,44.22732445316446,2.5568755261828997,6.3928729115160685,0.8200657621813405,1.2127504379521845,0.7248311147256351,0.03706601909163824,0.15259174644228965,0.024093646094296494,0.6373104333009626,0.06424296266830487,0.07723673789557108,0.07970839059777222,0.02653707580174064,0.008675426879312791
