aaaa,aaad,aadd,aada,adda,addd,adad,adaa,ddaa,ddad,dddd,ddda,dada,dadd,daad,daaa
263.42760799759486,47.090904642400005,3.2665926993641574,7.931540895140833,1.4245473847399075,1.0863412842516207,0.7212612016108371,0.02623986560704994,0.19552861989597947,0.022283253378719454,0.700112406042499,0.07688191859311871,0.08156111243198304,0.06950815713071802,0.03361797669677837,0.0076982355365592696
