aaaa,aaad,aadd,aada,adda,addd,adad,adaa,ddaa,ddad,dddd,ddda,dada,dadd,daad,daaa
211.92088136648917,38.246963238196805,2.2558094579810875,5.6793866895976945,0.8754807206158022,1.0317907202479144,0.6165497274362557,0.02624995773942909,0.15530109607854495,0.01797506940505591,0.5768873061101678,0.05733284671047796,0.06965762446639531,0.058988940479734714,0.02647458805277271,0.006959697314570109
