aaaa,aaad,aadd,aada,adda,addd,adad,adaa,ddaa,ddad,dddd,ddda,dada,dadd,daad,daaa
214.66368957357696,37.67234442868272,3.2458367263198613,6.789034527113529,1.1758644441402506,0.838953313529753,0.5759831274759691,0.021866803027416726,0.14412639522169965,0.020450398058413824,0.570847773939823,0.06508147348889502,0.059966810058550424,0.060031536470540284,0.026051473355497685,0.006207842411364231
