aaaa,aaad,aadd,aada,adda,addd,adad,adaa,ddaa,ddad,dddd,ddda,dada,dadd,daad,daaa
206.0394884812989,39.128034736094214,2.239365623715957,5.956355754321914,0.8797406498454382,1.0204524899632412,0.632038431929202,0.028127799681371284,0.1445919899436404,0.020924889636135188,0.5676663337392672,0.059114389848851985,0.06904912741556209,0.06709924678635658,0.025029436144112262,0.007225308512987481
