aaaa,aaad,aadd,aada,adda,addd,adad,adaa,ddaa,ddad,dddd,ddda,dada,dadd,daad,daaa
241.80736542156748,46.33860349991895,2.6465223442802794,6.755682713363954,0.9750601676730558,1.2806090573304074,0.7529535308616634,0.034991501811082515,0.17703470341524172,0.023365999371638867,0.6696888270190358,0.0683179021835708,0.08651041394247563,0.08038562545994309,0.02990485647824382,0.008713835815516352
