aaaa,aaad,aadd,aada,adda,addd,adad,adaa,ddaa,ddad,dddd,ddda,dada,dadd,daad,daaa
241.8837490957916,47.28130674516637,2.776357373874221,7.828455481087775,1.2909952727766658,1.1142049319505871,0.7512561400778351,0.02955235983298253,0.16946441697126086,0.02537163094927103,0.6547746850531627,0.07595775417015169,0.07882254983506484,0.07994139146747206,0.029857241490761785,0.007779494314722349
