aaaa,aaad,aadd,aada,adda,addd,adad,adaa,ddaa,ddad,dddd,ddda,dada,dadd,daad,daaa
216.97931183212924,42.45662798192626,2.697934682045023,7.2213638344294475,1.1417660295721597,0.9659752223374944,0.6690955264673989,0.027073242728769816,0.1409671731972828,0.025107127487435196,0.5850909824580866,0.06981672971495309,0.06785386993424986,0.0757211357811765,0.025669510881537624,0.0069276706235411245
