aaaa,aaad,aadd,aada,adda,addd,adad,adaa,ddaa,ddad,dddd,ddda,dada,dadd,daad,daaa
213.7178834111648,38.11674585284235,3.2558114098042195,6.93929863273378,1.1893818830273548,0.8339413396344568,0.58376224802897,0.022193128643586534,0.14093023321857237,0.021300950939894134,0.5682422477140411,0.06613811910359481,0.05956098507601186,0.0621692176430202,0.025680725734945134,0.0062138917904126815
