aaaa,aaad,aadd,aada,adda,addd,adad,adaa,ddaa,ddad,dddd,ddda,dada,dadd,daad,daaa
220.48315866647323,42.39418142052873,2.8613549171262695,7.2648213570152125,1.2045687853948366,0.9455195521547962,0.6768205986990851,0.026661512979279975,0.14928891065347163,0.02206850709690771,0.5918085472813215,0.0694957502017112,0.06661053651456919,0.06884572300200757,0.026802066588366934,0.006620879314334704
