aaaa,aaad,aadd,aada,adda,addd,adad,adaa,ddaa,ddad,dddd,ddda,dada,dadd,daad,daaa
236.70945142927803,44.705166621682686,2.7873767830758185,7.167375858331294,1.049800455969588,1.0838644457192486,0.7165851972851246,0.03184700153511587,0.15252986155342171,0.025113685629483757,0.6445689688757419,0.07096146464592079,0.07238978098229565,0.0780714955455342,0.0276246673214511,0.007907534428322803
