aaaa,aaad,aadd,aada,adda,addd,adad,adaa,ddaa,ddad,dddd,ddda,dada,dadd,daad,daaa
254.98085194335113,47.912911411230155,2.8308709914714676,7.5442765135015994,1.1517375115066784,1.2021132094826432,0.7679167093181484,0.0324144927516277,0.1761784762500606,0.025675878436670005,0.697033456524037,0.07470412646676101,0.08231518984868444,0.08075582593412928,0.03106468306153134,0.008390369989001195
