aaaa,aaad,aadd,aada,adda,addd,adad,adaa,ddaa,ddad,dddd,ddda,dada,dadd,daad,daaa
202.7533957396166,46.9779574793575,2.511403339598375,6.04694280864761,0.9188187448885019,1.235519405620696,0.8806556272182116,0.043102439095806536,0.16749943631258632,0.019004212153860105,0.6395641718546479,0.05831159950618057,0.08235509591254574,0.08453462828311278,0.040841898081915386,0.005571227650014938
