aaaa,aaad,aadd,aada,adda,addd,adad,adaa,ddaa,ddad,dddd,ddda,dada,dadd,daad,daaa
237.24172180560004,53.33904634603171,4.205087672703112,6.101974737339168,0.9416671478555089,1.7322152396595283,1.075432953864786,0.09249539001870793,0.20258095620542765,0.029044493207604858,0.7806388816178652,0.05832476493993201,0.1183195935717452,0.11509450384585099,0.04912285497557183,0.007134938058272326
