aaaa,aaad,aadd,aada,adda,addd,adad,adaa,ddaa,ddad,dddd,ddda,dada,dadd,daad,daaa
235.93568433073216,53.488817626862776,3.171900868198378,8.184343919307763,1.4057630949020476,1.180122596309577,0.965594182048989,0.033622418047566535,0.20589965811185504,0.019802224955132557,0.7254623486808291,0.06993291958439081,0.08900444545255368,0.08833727713030766,0.048377509523162276,0.005608254640594824
