aaaa,aaad,aadd,aada,adda,addd,adad,adaa,ddaa,ddad,dddd,ddda,dada,dadd,daad,daaa
204.95908085480357,48.10251571575169,3.5309222336721,5.464121826639557,0.7832087302379158,1.4876735880475263,0.967170857207232,0.08797886674485264,0.16361524023677734,0.027485800597989007,0.6814983263091126,0.05184655367810018,0.10202303061288136,0.10809321996827262,0.0412590339441836,0.006460232702408343
