aaaa,aaad,aadd,aada,adda,addd,adad,adaa,ddaa,ddad,dddd,ddda,dada,dadd,daad,daaa
240.8554939964882,56.53415573183187,3.130118922364713,8.011309064863658,1.303338460921388,1.4195130874514674,1.0388003687540681,0.04545117898936607,0.2032850749984922,0.025849874588009553,0.7530938126838504,0.07352002970348007,0.10044949975532902,0.10700045331615982,0.049817045416754364,0.006201581713582903
