aaaa,aaad,aadd,aada,adda,addd,adad,adaa,ddaa,ddad,dddd,ddda,dada,dadd,daad,daaa
237.1054185622917,57.96453390185235,5.535208864284269,6.833600422142202,1.1580919093062352,1.8630114807638884,1.1622774815563526,0.11074515692579434,0.2029980099126668,0.04270494707000282,0.7949538663822732,0.06049068074900129,0.1261921797415998,0.13987500352596735,0.047746428934838415,0.007679673497653155
