aaaa,aaad,aadd,aada,adda,addd,adad,adaa,ddaa,ddad,dddd,ddda,dada,dadd,daad,daaa
192.78810717483375,46.2958915894204,3.3931467470293697,5.552755147796866,0.8764243467271643,1.4115709794061089,0.9140025233229153,0.06765996256541434,0.15481962209438027,0.026590543550495643,0.6218947060817004,0.05590684823564791,0.09551518019411673,0.10268253693382483,0.04028111197675916,0.005196930955754387
