aaaa,aaad,aadd,aada,adda,addd,adad,adaa,ddaa,ddad,dddd,ddda,dada,dadd,daad,daaa
234.4572090448965,57.47581153948589,3.297480987441436,8.107655382392206,1.2296957326601308,1.4429286516201247,1.0458164399831167,0.048510881310022756,0.19214188339259172,0.027490245644146347,0.7428761614562603,0.07103110328607717,0.10112875276876467,0.11395144344115953,0.04839426825452749,0.006477287995354676
