aaaa,aaad,aadd,aada,adda,addd,adad,adaa,ddaa,ddad,dddd,ddda,dada,dadd,daad,daaa
222.1284390784705,50.33716066510921,2.8730876214193457,7.629159504501437,1.293162537590102,1.1476943439854652,0.9063116329254901,0.03358858469755324,0.19240285846605618,0.0201333076484813,0.6853925668280894,0.06701602512253765,0.08657194638619972,0.08808494331148473,0.04591703255688479,0.005317757487957615
