aaaa,aaad,aadd,aada,adda,addd,adad,adaa,ddaa,ddad,dddd,ddda,dada,dadd,daad,daaa
224.6485801411136,47.10610278390508,4.080205126911311,7.481247818678277,1.3457927649911512,0.9423042269170148,0.8149645777550892,0.026633151419304866,0.19070431921082953,0.0168680379435577,0.6844366198508285,0.06385464524578083,0.07666979510377207,0.07452260438283621,0.043776783310941765,0.00536756214960064
