aaaa,aaad,aadd,aada,adda,addd,adad,adaa,ddaa,ddad,dddd,ddda,dada,dadd,daad,daaa
205.71663493761395,49.541747395551646,2.7858106315138977,7.217291971597369,1.1426331540705807,1.1697586060396643,0.9053346039485309,0.037983877100818554,0.16962406657344561,0.02177950012095101,0.6430360387167495,0.0638677955101808,0.08257017619311113,0.09380667891214148,0.04165949457040398,0.005357886073309492
