aaaa,aaad,aadd,aada,adda,addd,adad,adaa,ddaa,ddad,dddd,ddda,dada,dadd,daad,daaa
215.02062747766476,50.706422948567,2.9009026141445298,7.333764898310079,1.1278434806902544,1.1121592395947786,0.9196555174277371,0.038108359525561505,0.17069162547190966,0.021192098564406195,0.6718976811071515,0.06436888478564645,0.07984115601285091,0.09240121392223048,0.04253167784087223,0.005351916877478148
