aaaa,aaad,aadd,aada,adda,addd,adad,adaa,ddaa,ddad,dddd,ddda,dada,dadd,daad,daaa
229.28631256507822,53.83681455589988,4.89423928170431,6.55602822610092,1.1595857934102456,1.7594748116802286,1.0742483837856711,0.09112053652355176,0.20114467669957645,0.03147673087750289,0.7507929528536638,0.059200186109688836,0.11865020801600519,0.12082345733738199,0.048663207707019616,0.006681367986996244
