aaaa,aaad,aadd,aada,adda,addd,adad,adaa,ddaa,ddad,dddd,ddda,dada,dadd,daad,daaa
218.3409953831747,51.17285972881671,3.5252196798038247,5.69754571880555,0.762156955524064,1.5779169284882097,0.9684107980315573,0.06584420343074601,0.1620030453773688,0.026038194314373816,0.7034035755197482,0.06291845603560282,0.10017341964866236,0.10624344620463352,0.044045354552277004,0.0059080845831901985
