aaaa,aaad,aadd,aada,adda,addd,adad,adaa,ddaa,ddad,dddd,ddda,dada,dadd,daad,daaa
197.36857555331702,44.75251308224752,3.0351473207144997,4.905678977863231,0.6477637341688779,1.4110036690207304,0.8967997074026623,0.07560294671041015,0.15259186362126553,0.023653149016224968,0.6482205993982934,0.05055590148082217,0.09224675958752598,0.09388845121853884,0.039474747992297055,0.005934531315987388
