aaaa,aaad,aadd,aada,adda,addd,adad,adaa,ddaa,ddad,dddd,ddda,dada,dadd,daad,daaa
234.10523190870506,54.505882394247756,3.446775767327311,6.557640660059477,0.9311904796355492,1.580075999234857,1.0098409456598447,0.0647098636607268,0.17725413404513304,0.02980591611758807,0.7482936987142809,0.06990007399168112,0.10835043083310471,0.11651916118735633,0.047163118700439974,0.006201453588433766
