aaaa,aaad,aadd,aada,adda,addd,adad,adaa,ddaa,ddad,dddd,ddda,dada,dadd,daad,daaa
214.6100141287774,43.034824408856025,3.6169851993012796,6.882012031629662,1.3029902166991767,0.885848505605217,0.7338683918898722,0.02332285304345856,0.18939505414598934,0.014710604191456948,0.6447184693605791,0.05975036638401392,0.07479918188868924,0.06520312661890568,0.04277206375910662,0.0049756676849615905
