aaaa,aaad,aadd,aada,adda,addd,adad,adaa,ddaa,ddad,dddd,ddda,dada,dadd,daad,daaa
222.1242064389243,52.89666778155547,2.989206573404426,7.734075802593845,1.2648353004864379,1.3058931792160628,0.9799676219629906,0.04111521736926046,0.1892147370686513,0.025917798767939967,0.6947057335939907,0.06941411171785387,0.09315746705344272,0.10211906035344921,0.046044082228273546,0.005824796640079765
