aaaa,aaad,aadd,aada,adda,addd,adad,adaa,ddaa,ddad,dddd,ddda,dada,dadd,daad,daaa
230.94161836202002,48.67692907873258,4.477315108892218,7.993846805779221,1.4687547823609899,0.9523577478397998,0.8351473281106507,0.02647407807375078,0.19893685043483947,0.017265783000180616,0.7003674211059955,0.06666963982630639,0.0797561581481381,0.07702904973129182,0.04529165937565505,0.005348967010303078
