aaaa,aaad,aadd,aada,adda,addd,adad,adaa,ddaa,ddad,dddd,ddda,dada,dadd,daad,daaa
233.5301042962912,57.48941531077635,3.479201678786832,6.930941095512915,0.9681351143342142,1.5810096439271608,1.080347886635063,0.06602705829338062,0.16791883482464362,0.03321256202963766,0.7455867461979984,0.07129538772631797,0.10351369199531647,0.12362104718365531,0.046182768227625653,0.006342527619527905
