aaaa,aaad,aadd,aada,adda,addd,adad,adaa,ddaa,ddad,dddd,ddda,dada,dadd,daad,daaa
196.2072163659155,46.25682634669658,2.77572137092295,5.556714115521904,0.8052219127136926,1.3134622279620476,0.8908208114575328,0.050220103410928925,0.15309712347944585,0.022980712658145767,0.6276020455629535,0.056209297229728616,0.08378144000290573,0.0901062641647885,0.03950509438970555,0.005434222545081825
