aaaa,aaad,aadd,aada,adda,addd,adad,adaa,ddaa,ddad,dddd,ddda,dada,dadd,daad,daaa
216.57284109879194,51.5462712352437,3.024302404028226,6.710603745769692,1.0319934297414846,1.3928795932358096,0.9732095492315483,0.05003959113914847,0.17207454165191538,0.02780850867755188,0.6862245864014995,0.06542535674700377,0.09391285350321484,0.10398214871986547,0.044162123570318575,0.0057260413517457144
