aaaa,aaad,aadd,aada,adda,addd,adad,adaa,ddaa,ddad,dddd,ddda,dada,dadd,daad,daaa
209.42934503060147,50.644960375415344,2.825678166988705,6.94504279720828,1.0848609345832858,1.2891191946129203,0.9505804093233053,0.044697412640752096,0.17364199207875325,0.02433999773135659,0.6615679278985777,0.0638805728893524,0.08849028283041238,0.09826580073185842,0.04297313420111223,0.005681173417145629
