aaaa,aaad,aadd,aada,adda,addd,adad,adaa,ddaa,ddad,dddd,ddda,dada,dadd,daad,daaa
226.96746276570445,54.34370664085758,4.429887988682654,6.5141348946756095,1.0493038456620476,1.6695894102915108,1.084269718890446,0.09799458055747393,0.1920244023464586,0.034901557171465813,0.7537142007833919,0.059119969033436005,0.11863943308891425,0.12670095196116396,0.04616280961409674,0.006627439162149003
