aaaa,aaad,aadd,aada,adda,addd,adad,adaa,ddaa,ddad,dddd,ddda,dada,dadd,daad,daaa
200.44411613644877,45.950678701594335,2.4901362987520304,6.081409538013169,0.9348706407139211,1.2038472540037575,0.8605116253303658,0.042451217028329595,0.16039365425392188,0.022457845492162985,0.6321047410030536,0.0598016596160588,0.08425749818314356,0.09032740739306014,0.040733429962563635,0.005309385392102758
