aaaa,aaad,aadd,aada,adda,addd,adad,adaa,ddaa,ddad,dddd,ddda,dada,dadd,daad,daaa
211.8433473429075,47.048477684121146,2.656094597697998,7.03878488442165,1.1843905333738372,1.0689201371841293,0.8488048377675048,0.0316594080438505,0.18157570176825968,0.01829875526984097,0.653201061470204,0.062460277349531954,0.08014860143509032,0.0802392585506081,0.04324777793966781,0.005134552105193855
