aaaa,aaad,aadd,aada,adda,addd,adad,adaa,ddaa,ddad,dddd,ddda,dada,dadd,daad,daaa
219.31570959013476,52.93875420403833,3.7433755703845843,6.166139882913125,0.9234538959604388,1.5900094140866876,1.0441896723022417,0.0832673877894131,0.17105487650073836,0.03040581510672561,0.7136500989827584,0.06189290177252551,0.10846262986037476,0.11836899705719041,0.044875393088078176,0.006104824000937268
