aaaa,aaad,aadd,aada,adda,addd,adad,adaa,ddaa,ddad,dddd,ddda,dada,dadd,daad,daaa
232.9413942334036,56.38718280910699,3.5706822706735757,7.827908406385843,1.2896451825976472,1.5330211902356807,1.0603514583195313,0.048540584284122494,0.19520050787746923,0.029975506552851958,0.7315842194760936,0.07259186291246118,0.10239033021673885,0.11226733799978475,0.04888299345619054,0.006131632147161153
