aaaa,aaad,aadd,aada,adda,addd,adad,adaa,ddaa,ddad,dddd,ddda,dada,dadd,daad,daaa
214.74630464108284,47.45757692373787,2.5075551780446035,6.223844414387383,0.9999583771876935,1.262899528251039,0.8843993879008629,0.040376711944929554,0.18567040234527554,0.0182377105848016,0.6683409745388441,0.060404707519496365,0.08765470185334125,0.08148547663374335,0.043908803634625355,0.005752569665898583
