aaaa,aaad,aadd,aada,adda,addd,adad,adaa,ddaa,ddad,dddd,ddda,dada,dadd,daad,daaa
219.44468185316637,51.00886596079202,2.9087127292184753,7.740958504346647,1.2779397659799887,1.1763825008930986,0.921625152484702,0.035646489352178415,0.18614089841510792,0.021617815871389272,0.6808673250458275,0.06772285809203173,0.08679361205192655,0.0938263516018757,0.045097774184865276,0.0053342055541207
