aaaa,aaad,aadd,aada,adda,addd,adad,adaa,ddaa,ddad,dddd,ddda,dada,dadd,daad,daaa
211.00726636744318,51.776468291268245,3.531043567540433,6.340431729160466,0.9724080605857344,1.4803395270796698,1.0098973430688738,0.08122349700683261,0.16389885615046237,0.03187821726577182,0.6850685320638414,0.061169910625888835,0.1061842423900276,0.12037479129894349,0.04259991324029948,0.005876379876279767
