aaaa,aaad,aadd,aada,adda,addd,adad,adaa,ddaa,ddad,dddd,ddda,dada,dadd,daad,daaa
209.4566483093673,50.60250406767757,3.0237668745468236,7.646283573972332,1.2282959506829512,1.1084917442502533,0.9055230137839105,0.03281043973704098,0.17739097197240544,0.01997948016777767,0.6539366482165038,0.06137802352917916,0.08149899155078863,0.0871840213231766,0.04307917189311644,0.005010082668480501
