aaaa,aaad,aadd,aada,adda,addd,adad,adaa,ddaa,ddad,dddd,ddda,dada,dadd,daad,daaa
223.29755325718136,52.40084381843409,2.899139883321006,7.617195081255254,1.2398339029488359,1.266146574128942,0.9537248886236552,0.04012888232506633,0.18869781221615642,0.022885316072518223,0.6964579149870751,0.0687786830272071,0.09148707659120227,0.09836748522596177,0.04591008320967805,0.005650489697088007
