aaaa,aaad,aadd,aada,adda,addd,adad,adaa,ddaa,ddad,dddd,ddda,dada,dadd,daad,daaa
169.34530385261334,118.26731295986428,11.495552164041424,10.047456059973987,3.5179428534828707,2.3813768494403713,0.5079957019866749,1.7596509257457946,0.05002828813963391,0.04828068051057583,0.0776537999203379,0.0952217577873945,0.06529503231306381,0.11185864664609069,0.07971239856515268,0.03647650704392228
