aaaa,aaad,aadd,aada,adda,addd,adad,adaa,ddaa,ddad,dddd,ddda,dada,dadd,daad,daaa
188.9935290416125,135.55353959168133,13.067420625552641,11.218060850672687,4.201309876239128,2.824288847162681,0.5704508852288515,1.934358454494024,0.05692254522227133,0.05817912985863485,0.09480488491400431,0.1208821923553856,0.08078847800128798,0.13027930630998377,0.09136165094373078,0.03933679923759917
