aaaa,aaad,aadd,aada,adda,addd,adad,adaa,ddaa,ddad,dddd,ddda,dada,dadd,daad,daaa
179.19821800282125,126.82348653501303,13.76460551882412,10.531229797863151,4.192202389263483,2.9677476766083464,0.5164307822794857,1.8488424206727598,0.053307636840824964,0.05878906485691138,0.08771786910637273,0.12030804444472236,0.07903287872263583,0.13922094655820863,0.084789438194722,0.03751976868508919
