aaaa,aaad,aadd,aada,adda,addd,adad,adaa,ddaa,ddad,dddd,ddda,dada,dadd,daad,daaa
158.80237528254338,119.92552634021486,9.399371799278551,9.884468389943894,3.496181101026585,2.2254248326287835,0.47797894859326473,1.6996665954783106,0.045756326371519176,0.043897969988395,0.07970472305208008,0.09433353782958152,0.06294342385471477,0.09999229176835134,0.08403008888383749,0.03399846875523514
