aaaa,aaad,aadd,aada,adda,addd,adad,adaa,ddaa,ddad,dddd,ddda,dada,dadd,daad,daaa
177.39251095182107,129.65250018212996,11.476997565861124,10.722347997039032,3.9330071714990313,2.605776403741629,0.52083609366637,1.8568652884667667,0.05167225195164746,0.05473105131273899,0.08727104913881156,0.11277147305916244,0.07202210103072598,0.11710855028465966,0.08847713708913534,0.03699272902784716
