aaaa,aaad,aadd,aada,adda,addd,adad,adaa,ddaa,ddad,dddd,ddda,dada,dadd,daad,daaa
156.12306066937126,113.81329347577909,9.362386811770277,9.601191665484368,3.257736462816822,2.1237982789618535,0.4679920761512224,1.6577888761355244,0.04488907620937971,0.04457366334982123,0.07399914490949765,0.0896285989364729,0.05814116763907113,0.09519853281031976,0.0787757918114841,0.03312172427635867
