aaaa,aaad,aadd,aada,adda,addd,adad,adaa,ddaa,ddad,dddd,ddda,dada,dadd,daad,daaa
152.28913937751565,100.71207338228692,12.106123848765579,8.54729966919791,3.2124246726092016,2.2649078353234153,0.4611965697308817,1.5370906510070133,0.04548379199909964,0.04561486617089225,0.06371248995895389,0.08416327416182114,0.05978905929107052,0.11658445210572498,0.06713263730979785,0.0314642400526223
