aaaa,aaad,aadd,aada,adda,addd,adad,adaa,ddaa,ddad,dddd,ddda,dada,dadd,daad,daaa
178.57484771939048,126.92100680746277,11.02392259306112,10.76932545958493,3.5994874936120502,2.3562801999915126,0.5502006860809749,1.8574003039922165,0.05293941425937079,0.0485317427313871,0.08348814149417075,0.09805156194323422,0.06706156417895864,0.1079901568297207,0.08646308868984334,0.03828702073133576
