aaaa,aaad,aadd,aada,adda,addd,adad,adaa,ddaa,ddad,dddd,ddda,dada,dadd,daad,daaa
154.96227426615957,104.44755133482036,16.173290928672046,8.603492262618692,4.200406689531539,3.253797740372375,0.4320575430549615,1.550131987712092,0.04956527969769589,0.06308278947430968,0.06756835408991164,0.12150379347016618,0.08012463528291855,0.1732612069285739,0.06939170310367088,0.031411975771728905
