aaaa,aaad,aadd,aada,adda,addd,adad,adaa,ddaa,ddad,dddd,ddda,dada,dadd,daad,daaa
181.30054915154906,127.14592262859368,11.625144124333492,10.7267044237894,3.6260641777977245,2.392339392558718,0.5703581913523154,1.8462562124649073,0.055031737114561205,0.04853122699795503,0.08602351366793143,0.09901588390187102,0.07034726293277921,0.11193876312705106,0.085866481915032,0.03851111265904977
