aaaa,aaad,aadd,aada,adda,addd,adad,adaa,ddaa,ddad,dddd,ddda,dada,dadd,daad,daaa
176.39623805354978,125.87928194171279,13.342037206272169,10.438339532392083,4.177986485535626,2.959642032869026,0.4920675577847849,1.8413399251887954,0.05134963595681621,0.0582390615371431,0.08638329802354605,0.1203742748230189,0.07782487885889962,0.13614372713546055,0.08430619198073962,0.037574220037577655
