aaaa,aaad,aadd,aada,adda,addd,adad,adaa,ddaa,ddad,dddd,ddda,dada,dadd,daad,daaa
177.13736969234407,130.70389139583654,10.344108846846499,10.938972401114288,3.6990305317197243,2.3679966045182876,0.5426105370641302,1.8739666731521447,0.051763765560663,0.050486778666335164,0.08650253703077779,0.10340029517353184,0.06726620615194596,0.10572737463467118,0.09112231511743059,0.03768420300433891
