aaaa,aaad,aadd,aada,adda,addd,adad,adaa,ddaa,ddad,dddd,ddda,dada,dadd,daad,daaa
157.00115916387878,113.58249344046878,7.865959534447105,9.933471662527364,2.890996601863453,1.8077773882934698,0.506408397388512,1.6628381115115423,0.04540702763747839,0.039172101528896115,0.06964620485365787,0.07724614954643294,0.05097605493007578,0.07915297313186709,0.07989032156475007,0.033906391749653826
