aaaa,aaad,aadd,aada,adda,addd,adad,adaa,ddaa,ddad,dddd,ddda,dada,dadd,daad,daaa
163.346975645052,113.14466112533276,10.962005956390122,9.726832357635274,3.3140306488115474,2.2551487600405298,0.4849758913999803,1.708394552267187,0.04732622378357856,0.04543491000437395,0.07203120651395205,0.08758691035024815,0.05993346288501932,0.10631503800511179,0.07634620560869361,0.03508342176621308
