aaaa,aaad,aadd,aada,adda,addd,adad,adaa,ddaa,ddad,dddd,ddda,dada,dadd,daad,daaa
177.9040875741105,127.53953690329286,12.351359013719005,10.636583780824509,3.8869453583052658,2.6347317344398733,0.5374905220695102,1.8423406308163828,0.05344749435898125,0.05148460380945154,0.08898048052441238,0.1090074497003928,0.07578565419441549,0.1211788089614727,0.08558000820130027,0.03798785743340922
