aaaa,aaad,aadd,aada,adda,addd,adad,adaa,ddaa,ddad,dddd,ddda,dada,dadd,daad,daaa
170.81488334061473,120.87457792342117,9.218191400827475,10.324951023420157,3.124826989877385,1.9538850114762831,0.5607180888691685,1.737175599959213,0.051089977668771665,0.0405968600621245,0.0772533951374699,0.08044429908739585,0.058860897046020905,0.09250559284018423,0.0865816427705287,0.035798815541941094
