aaaa,aaad,aadd,aada,adda,addd,adad,adaa,ddaa,ddad,dddd,ddda,dada,dadd,daad,daaa
180.58027783734485,119.25673208088227,15.12510206145866,9.884407689258634,3.951545418581402,2.801431287426456,0.5788087076582387,1.753070747115447,0.05693166333652831,0.0563224160165947,0.08203086145491106,0.11301522461696266,0.07754036284853492,0.15057908904844453,0.07964686119295038,0.037060508037784566
