aaaa,aaad,aadd,aada,adda,addd,adad,adaa,ddaa,ddad,dddd,ddda,dada,dadd,daad,daaa
172.74856689916032,123.26422867283736,11.400942400310155,10.38606724985091,3.7278248392137816,2.5093317202262413,0.4979596294642443,1.8204247433903502,0.04945829271211977,0.05166028492871441,0.07999952747657929,0.10268881746917927,0.06667227990553305,0.11459083213837111,0.08370641562921734,0.03647024306972525
