aaaa,aaad,aadd,aada,adda,addd,adad,adaa,ddaa,ddad,dddd,ddda,dada,dadd,daad,daaa
159.50290742381515,116.89950872756353,8.984809486818536,9.959389368365466,3.1662607882282283,2.0362328257419136,0.5042391472353441,1.698847183606392,0.04670464273078295,0.041679460956138656,0.07604149984167607,0.08561263465973785,0.05784377147657575,0.09079363685069854,0.08196149723200058,0.03469329797601304
