aaaa,aaad,aadd,aada,adda,addd,adad,adaa,ddaa,ddad,dddd,ddda,dada,dadd,daad,daaa
164.363208005462,110.12052069883724,14.832253523129873,9.186004385969326,3.878233179249377,2.8885625232556547,0.49773758581529515,1.640179848611913,0.05063173173164031,0.05457521123775156,0.0756701071441353,0.10905036189648137,0.07453539168729864,0.14811729671770882,0.0721602365847501,0.034266108596849185
