aaaa,aaad,aadd,aada,adda,addd,adad,adaa,ddaa,ddad,dddd,ddda,dada,dadd,daad,daaa
187.74348427615945,44.981922280691315,13.637694662411944,4.068904933071774,2.195229592197629,0.28630725326498296,0.47615051335259184,0.06287831571903152,0.05660150235783179,0.08369848643940793,0.022972776135167235,0.18254354272681053,0.061376858013711254,0.04107104127696212,0.0031753662591303415,0.0041809668634418375
