aaaa,aaad,aadd,aada,adda,addd,adad,adaa,ddaa,ddad,dddd,ddda,dada,dadd,daad,daaa
233.29076325564762,58.22021611560359,13.798057589481386,5.048436072181678,2.85143967681581,0.409777908801721,0.6181271936095711,0.0836684264431405,0.07294761756652637,0.10320298046409201,0.02732957656589222,0.2351395350972958,0.07391745680674987,0.05459493740358411,0.0030030057286279275,0.005628529348928293
