aaaa,aaad,aadd,aada,adda,addd,adad,adaa,ddaa,ddad,dddd,ddda,dada,dadd,daad,daaa
236.75896621511328,59.64710437603265,16.41844796687045,3.023482195540235,1.9358906425636129,0.10856802548765054,0.4506220468082882,0.07790574888924692,0.06464605417780561,0.10989061651040995,0.02955321102183756,0.16923306233422516,0.08572503141831567,0.040921176071909725,0.006093051615256184,0.00414460103506641
