aaaa,aaad,aadd,aada,adda,addd,adad,adaa,ddaa,ddad,dddd,ddda,dada,dadd,daad,daaa
200.44253071089048,48.67296571055109,15.557739201558489,5.381305093867643,2.635462152841203,0.4493413330047899,0.5252555634734947,0.06773643904971421,0.06624952275277508,0.09085156142618178,0.024381733333160634,0.20660223169330338,0.06865336415540098,0.04670159531440682,0.0034452646779282396,0.004803575709221571
