aaaa,aaad,aadd,aada,adda,addd,adad,adaa,ddaa,ddad,dddd,ddda,dada,dadd,daad,daaa
206.21032651658882,51.06938211800659,17.235474133881514,4.601127841999589,2.371099838180737,0.28428990613609173,0.4834371466860482,0.06886771517907886,0.0635355001383699,0.09668981267110156,0.023784620000658795,0.18513597937057943,0.07429630545007937,0.044909378982273575,0.004632930612770129,0.004231520853723558
