aaaa,aaad,aadd,aada,adda,addd,adad,adaa,ddaa,ddad,dddd,ddda,dada,dadd,daad,daaa
229.8001216963745,56.55396013940815,14.405432723579619,5.258732719748982,2.901802022733893,0.4427522435574559,0.6057709842163906,0.07997501271060037,0.0751357098715344,0.10105963879120818,0.027822043145032553,0.2369399848484017,0.07346120130769958,0.051928428175048606,0.0032530112271016943,0.005596808595550209
