aaaa,aaad,aadd,aada,adda,addd,adad,adaa,ddaa,ddad,dddd,ddda,dada,dadd,daad,daaa
236.83932503546632,59.09371653239172,16.40421982414815,5.456712521295405,2.843810713722939,0.3725723958155175,0.6113978422869591,0.08243452384155733,0.07479151825603671,0.10714538138030744,0.02755029600524655,0.2253502781618181,0.08074539011256267,0.05363119533218755,0.003936507135042561,0.005047734518636312
