aaaa,aaad,aadd,aada,adda,addd,adad,adaa,ddaa,ddad,dddd,ddda,dada,dadd,daad,daaa
197.06472930431076,48.625099612415895,16.157485075276725,4.352865508583375,2.259107095649486,0.26829675548781307,0.463536396813544,0.06588414729936452,0.060516297129307714,0.09201132671526267,0.02284135483584409,0.17821237699534412,0.07036289170196869,0.042781624694297776,0.004301666470489271,0.004075573712600012
