aaaa,aaad,aadd,aada,adda,addd,adad,adaa,ddaa,ddad,dddd,ddda,dada,dadd,daad,daaa
236.0920153015105,58.12188170747279,19.096158528267896,6.009015762925812,2.96154994989841,0.4363068808479916,0.5969642246851857,0.07899885501915198,0.07655231929361743,0.10925104008668192,0.028021792526444263,0.22906545921115196,0.08315361385082785,0.05363214141996828,0.0045500686783585724,0.0048051942266593576
