aaaa,aaad,aadd,aada,adda,addd,adad,adaa,ddaa,ddad,dddd,ddda,dada,dadd,daad,daaa
237.15325236757664,59.44033618514408,12.769415349644454,5.880582982467172,3.5495549517790037,0.7932091683806098,0.6973095154497435,0.08760495317604933,0.08484296902446552,0.10004823517264891,0.030580409293063656,0.2820065036187354,0.06852075315581065,0.060706377217994524,0.0027750860793414513,0.0066933838979909965
