aaaa,aaad,aadd,aada,adda,addd,adad,adaa,ddaa,ddad,dddd,ddda,dada,dadd,daad,daaa
248.92561254446142,61.54324156159456,20.772821815634433,5.126444925902418,2.729377464460143,0.2943652956274637,0.5681230558667929,0.08181429874673375,0.0750366259933498,0.11673613640831992,0.029311187923880194,0.2155622026991113,0.08895289707498519,0.052474972482654765,0.005677008166095353,0.004598077513389539
