aaaa,aaad,aadd,aada,adda,addd,adad,adaa,ddaa,ddad,dddd,ddda,dada,dadd,daad,daaa
227.7215076221818,57.07717347219811,18.48069670898969,4.205879372373488,2.3338709145382386,0.2118380883000104,0.4940339555391698,0.07576559959769694,0.06737360156391727,0.10689408689463609,0.026438679214586296,0.18600662754030048,0.08268813248561636,0.04643818022360119,0.005466104320834707,0.004317157223842711
