aaaa,aaad,aadd,aada,adda,addd,adad,adaa,ddaa,ddad,dddd,ddda,dada,dadd,daad,daaa
216.59796597962278,55.35360362968628,10.201359710653293,4.603033387218092,3.506647936431993,0.7995725931238189,0.6325092747994797,0.08459006337662595,0.07980467318016435,0.09237694052370583,0.027767349176652713,0.27010194781539726,0.056818099016067686,0.060657533519710365,0.0024995094264653934,0.007362496907776566
