aaaa,aaad,aadd,aada,adda,addd,adad,adaa,ddaa,ddad,dddd,ddda,dada,dadd,daad,daaa
230.04145708437238,56.64420716979074,15.255131247626043,5.630098735955722,3.0053352141151843,0.5150244472220245,0.6199748349326569,0.08096323473199792,0.07353334283171305,0.10341142119757578,0.027776297800321502,0.24450926515213206,0.07336999582593272,0.05520197049861816,0.003080048416068104,0.005870613937977064
