aaaa,aaad,aadd,aada,adda,addd,adad,adaa,ddaa,ddad,dddd,ddda,dada,dadd,daad,daaa
233.9357576356035,58.071340797651516,18.219761245667655,6.753300318619837,3.1718848299357236,0.5839202151663657,0.6549055359483329,0.08206474228811572,0.07753073289358166,0.10637674193160786,0.027784310879776352,0.2416641721149838,0.08198171913097611,0.0575037589838488,0.003996017047977745,0.00557607525786224
