aaaa,aaad,aadd,aada,adda,addd,adad,adaa,ddaa,ddad,dddd,ddda,dada,dadd,daad,daaa
240.23466572989108,60.19604872748353,13.086996860842948,5.581371747413942,3.310201676970311,0.6112841274074817,0.6687908078759477,0.08708533724295205,0.08323027659117439,0.10303697248554089,0.029401911039742913,0.26627735114656087,0.0732301155100497,0.05805260796026687,0.002951326133309341,0.006404343200705092
