aaaa,aaad,aadd,aada,adda,addd,adad,adaa,ddaa,ddad,dddd,ddda,dada,dadd,daad,daaa
204.2619477224047,51.54020032721251,12.565979312107709,5.126208892247794,2.703232527411962,0.46970713103598916,0.5655740101136951,0.07447144343018587,0.06812630594847995,0.09069704001425864,0.023744981836575123,0.21364313795774903,0.06750545706222133,0.04874843394864325,0.0029186580473506995,0.005212374122415484
