aaaa,aaad,aadd,aada,adda,addd,adad,adaa,ddaa,ddad,dddd,ddda,dada,dadd,daad,daaa
209.08327658231687,51.59032012814914,13.305353956994617,5.252843157107924,2.841209085307989,0.5236831950068341,0.5854104968523217,0.07320177022432742,0.07089162947416035,0.09165347124413341,0.02578883366124427,0.22772085316983928,0.06639016688850732,0.04955112765922396,0.0028405311359141275,0.005245574677994379
