aaaa,aaad,aadd,aada,adda,addd,adad,adaa,ddaa,ddad,dddd,ddda,dada,dadd,daad,daaa
197.48467865542918,47.66798569819126,15.213648114947961,4.533632819724163,2.355500530231362,0.31925746640661395,0.4900049332814876,0.06596394439360227,0.061210855309112445,0.08970982104817958,0.02366683308230699,0.19149604857098776,0.0670474200133146,0.043470674056405374,0.003659042345271877,0.004439178608744562
