aaaa,aaad,aadd,aada,adda,addd,adad,adaa,ddaa,ddad,dddd,ddda,dada,dadd,daad,daaa
224.4680793087853,55.93843410080686,16.651051745208296,4.166133255581362,2.3262650640545193,0.20096748104609163,0.4978445151207141,0.07544025259847528,0.06667025901265154,0.10431473123004599,0.02597540955570735,0.1896810611337492,0.07939175296349614,0.045706643317590494,0.0048045897198680685,0.004468399591865951
