aaaa,aaad,aadd,aada,adda,addd,adad,adaa,ddaa,ddad,dddd,ddda,dada,dadd,daad,daaa
229.05143723706192,43.128810273332775,2.5574390415902655,6.781675470417857,1.0212179177259002,1.0807972772742218,0.6913972688849106,0.02954728809533861,0.15636912611435044,0.02340068432996722,0.6264884480482683,0.06721805241339682,0.07361324721429294,0.07339328294560488,0.027687906301286563,0.007568309854640893
