aaaa,aaad,aadd,aada,adda,addd,adad,adaa,ddaa,ddad,dddd,ddda,dada,dadd,daad,daaa
239.4933063360729,44.3401746754905,2.741486734838209,6.933388979594576,1.00853211281195,1.118424320333571,0.7150086177671011,0.03205595165181694,0.15856182907335756,0.023841993565510543,0.6550564313146784,0.0693406181483809,0.07383768799872803,0.07537534018182389,0.028379970373950424,0.008069402873412769
