aaaa,aaad,aadd,aada,adda,addd,adad,adaa,ddaa,ddad,dddd,ddda,dada,dadd,daad,daaa
226.0979057847353,41.977143291367,2.5031959548378087,5.83062848834676,0.7312428023023767,1.2349856545359774,0.7035406091721713,0.0354329829841569,0.15413098471318404,0.02181048702922394,0.634418641827226,0.059156120673529815,0.07489557681090833,0.07137350406894673,0.02674367426519948,0.008464204584176287
