aaaa,aaad,aadd,aada,adda,addd,adad,adaa,ddaa,ddad,dddd,ddda,dada,dadd,daad,daaa
229.5181980745525,41.52571052991746,3.119948370457864,7.388818840709012,1.3134414857619399,0.9197535641468755,0.6346170173249092,0.022912687522911174,0.16236605863017317,0.021779862551672278,0.6108422458039594,0.07071397378285359,0.06845464902388619,0.06516360893829715,0.028643216450139362,0.006697040470588708
