aaaa,aaad,aadd,aada,adda,addd,adad,adaa,ddaa,ddad,dddd,ddda,dada,dadd,daad,daaa
232.80673966553476,42.64263378621698,3.4319777328097834,7.6544312163635295,1.4020129093419218,0.9152308153231583,0.6538282245405693,0.02311908484598321,0.16538405113228144,0.020953752943161336,0.6167149630214467,0.07182243443807458,0.06865892918478483,0.06372732958691607,0.029251285815025646,0.006414809706782812
