aaaa,aaad,aadd,aada,adda,addd,adad,adaa,ddaa,ddad,dddd,ddda,dada,dadd,daad,daaa
198.78672963346284,36.190305176502186,2.4498320745378486,5.918538472877973,0.9180842394849762,0.8695831116132385,0.5756020735358418,0.024783746425708145,0.13230350370597904,0.018914858860524963,0.538620694868355,0.05832811137274501,0.05868251976398442,0.059527308699696274,0.02369159664118279,0.006456997621160972
