aaaa,aaad,aadd,aada,adda,addd,adad,adaa,ddaa,ddad,dddd,ddda,dada,dadd,daad,daaa
206.03948848450833,39.12803473722787,2.2393656237995265,5.956355754535392,0.8797406498610927,1.0204524899714416,0.6320384319745289,0.02812779968780604,0.1445919899446597,0.0209248896358931,0.5676663337522959,0.05911438985142485,0.06904912741787282,0.06709924679182705,0.025029436149168232,0.007225308512505257
