aaaa,aaad,aadd,aada,adda,addd,adad,adaa,ddaa,ddad,dddd,ddda,dada,dadd,daad,daaa
229.09432789432626,42.802202833539624,2.5672807195961833,6.459605463548399,0.8824878946041532,1.124011526570768,0.6996091421420674,0.032905953511442355,0.14931726676213064,0.02346320114213452,0.6321063208033503,0.06472555838310823,0.07184312367375235,0.07416182289532235,0.026782840174028783,0.007947954815632595
