aaaa,aaad,aadd,aada,adda,addd,adad,adaa,ddaa,ddad,dddd,ddda,dada,dadd,daad,daaa
234.06905927713427,45.264863122644385,2.6547955581865113,6.422882058534747,0.8002573274228336,1.2876392168876387,0.7488795051819751,0.03901359392136199,0.15932131824597562,0.024659195957265182,0.656826416257442,0.06477331098059409,0.08187577295746906,0.08258417294444209,0.027227694489816354,0.009071439502245595
