aaaa,aaad,aadd,aada,adda,addd,adad,adaa,ddaa,ddad,dddd,ddda,dada,dadd,daad,daaa
236.8581250909067,42.681386989530964,3.1849395584065077,7.332900869844777,1.3144473841217919,0.9624561044387624,0.6626593550782351,0.024659724447289585,0.1732646933938702,0.019929679400406623,0.6298080926764861,0.06951315059179776,0.07171760421500728,0.0625800432223075,0.02988112938354956,0.006795334833364084
