aaaa,aaad,aadd,aada,adda,addd,adad,adaa,ddaa,ddad,dddd,ddda,dada,dadd,daad,daaa
203.1791110213918,36.770487381980764,2.2897243336340294,5.2804812987027585,0.6891456262616837,1.0355387130014735,0.6128875338249477,0.030423336492606395,0.13368905840567682,0.018651449945370453,0.5640749176948356,0.05397985743167393,0.06242266890102148,0.06103494569718347,0.02389464632537799,0.007247541570507109
