aaaa,aaad,aadd,aada,adda,addd,adad,adaa,ddaa,ddad,dddd,ddda,dada,dadd,daad,daaa
213.16281957161468,40.24506483264316,2.4079207772935494,5.531947606279408,0.6730287542406485,1.2089976013117836,0.6718729744779041,0.03552097364220659,0.14948091246243453,0.020911963160762635,0.6007423893241781,0.05628883252831889,0.07490202078563557,0.07082558002642043,0.02522943928385201,0.008386740982487905
