aaaa,aaad,aadd,aada,adda,addd,adad,adaa,ddaa,ddad,dddd,ddda,dada,dadd,daad,daaa
231.35655475066278,39.391946811832554,3.2158871371240747,6.533407384096483,1.165778039588386,0.9455767552020963,0.6041410102968253,0.02318910580680898,0.16766755928373583,0.01796937344665995,0.61429509111733,0.06403491506259179,0.0679549802130726,0.05636983119739493,0.029120767741665034,0.006647538138067766
