aaaa,aaad,aadd,aada,adda,addd,adad,adaa,ddaa,ddad,dddd,ddda,dada,dadd,daad,daaa
217.85420459363053,37.24825638351175,4.0321061848488045,7.295475875435205,1.3477743840414376,0.786840029835936,0.5508515490050474,0.01933415536294489,0.14478776643398242,0.02151258340483275,0.5714109293137948,0.0684051285842679,0.058076989368854026,0.05948253803516926,0.026630821255676493,0.005750936908665955
