aaaa,aaad,aadd,aada,adda,addd,adad,adaa,ddaa,ddad,dddd,ddda,dada,dadd,daad,daaa
234.05776301187527,46.13791273936072,2.7893249938987155,6.520003779065902,0.7798456535422796,1.340772309442787,0.7602589301532682,0.042020052228707416,0.15937883108856676,0.0266636936298241,0.6609418405605207,0.06508056206557125,0.08648917891192652,0.08841477211085645,0.026738614205703202,0.009477363303297836
