aaaa,aaad,aadd,aada,adda,addd,adad,adaa,ddaa,ddad,dddd,ddda,dada,dadd,daad,daaa
205.53582372541814,39.19158284154058,2.737375002858087,6.850839084653645,1.13304518210649,0.8619686073310097,0.6128703898462537,0.023820000571000227,0.13573682447498542,0.02163567835301408,0.550553762081125,0.06571066467879969,0.06091970935261651,0.06583841018603234,0.02466020266721391,0.0062760925595573966
