aaaa,aaad,aadd,aada,adda,addd,adad,adaa,ddaa,ddad,dddd,ddda,dada,dadd,daad,daaa
224.550097914193,38.806504141940216,2.8204508739223892,6.2884275966636265,1.0501601136465166,0.9635081622217209,0.607282614480332,0.024560893722733748,0.15972270638985286,0.018495306248372007,0.6028491557056572,0.06253178093833606,0.06688255592837367,0.05845795379378182,0.027836946577884828,0.006937674753560656
