aaaa,aaad,aadd,aada,adda,addd,adad,adaa,ddaa,ddad,dddd,ddda,dada,dadd,daad,daaa
262.7613554276538,48.30821358311,2.8803264894312828,7.13340135337995,0.9450131930075434,1.3462270674071612,0.7908352397161877,0.03696078411955554,0.17841057101594376,0.027222994594757507,0.7302364029714961,0.07198565115576575,0.08635372049289379,0.08405212564183591,0.03086269482910036,0.009548461484469603
