aaaa,aaad,aadd,aada,adda,addd,adad,adaa,ddaa,ddad,dddd,ddda,dada,dadd,daad,daaa
66.81357689407352,149.41943006509666,36.16574092682699,7.5129610524221775,1.8926759507196307,1.6468925968645813,1.3870269906855968,0.3191196492226228,0.12516394962338065,0.04794853888404515,0.3159093761596653,0.48877494869830895,0.04566180662002452,0.33232329250055964,0.05043752086939326,0.05806549915681109
