aaaa,aaad,aadd,aada,adda,addd,adad,adaa,ddaa,ddad,dddd,ddda,dada,dadd,daad,daaa
63.43916901466371,144.5155354437978,33.703890835010455,5.956618928051515,1.24398428908855,1.7235871408538863,1.1621837049297838,0.2776156205964187,0.1146837833368152,0.04694889879926207,0.32433026423264144,0.385901846478681,0.04405407679007302,0.31310576056638684,0.04502113717844393,0.05300880597711609
