aaaa,aaad,aadd,aada,adda,addd,adad,adaa,ddaa,ddad,dddd,ddda,dada,dadd,daad,daaa
77.98052422378757,172.1894841699785,39.5095971738215,8.309486908208427,1.7596645768898471,1.8520423811373787,1.507827255314359,0.3737063710597032,0.13714742206111966,0.05195056514721823,0.3940560003973919,0.4888050997689727,0.04069262855482546,0.37702909594190326,0.0582901515160318,0.06834568178779789
