aaaa,aaad,aadd,aada,adda,addd,adad,adaa,ddaa,ddad,dddd,ddda,dada,dadd,daad,daaa
71.65539741443085,150.54245352019848,27.858624569415195,5.361748785851335,0.6915984117285296,1.6181629515144118,0.9437545343285497,0.25262550337098394,0.12813030753728893,0.04195376008088141,0.37915060703127396,0.2910264768767367,0.05011549515685147,0.29027795653066796,0.045106592567450345,0.05422696000730572
