aaaa,aaad,aadd,aada,adda,addd,adad,adaa,ddaa,ddad,dddd,ddda,dada,dadd,daad,daaa
82.40802465817353,172.07647169151315,37.59284042242559,8.177468997860716,1.6432066693653096,1.7526540661948187,1.4906892993861687,0.35859201099978244,0.14910080603196352,0.04914737613430716,0.4107285012134319,0.46732542796013116,0.03912867239294872,0.3747513217710081,0.061478780612249886,0.06911235438766171
