aaaa,aaad,aadd,aada,adda,addd,adad,adaa,ddaa,ddad,dddd,ddda,dada,dadd,daad,daaa
76.12781645793875,160.45893739842853,23.759751973533554,5.289856107532904,0.4520555362715655,1.5766684099148391,0.8021451311392206,0.2557160353258345,0.13100897828921435,0.036347462618707235,0.4283913720571508,0.23638436531705573,0.0588483176022827,0.27902247634809435,0.04666995544494028,0.05677984513325299
