aaaa,aaad,aadd,aada,adda,addd,adad,adaa,ddaa,ddad,dddd,ddda,dada,dadd,daad,daaa
75.20514805874662,172.41966762454092,36.60899050256501,6.970867180252536,1.203613717609541,1.942773352687715,1.2469086527955848,0.3342906094452118,0.1321907395443303,0.05207753013748564,0.39992481067755414,0.4148217219896417,0.04636873706120703,0.3546251526515678,0.05088078217304298,0.06395053432844713
