aaaa,aaad,aadd,aada,adda,addd,adad,adaa,ddaa,ddad,dddd,ddda,dada,dadd,daad,daaa
65.88417408364735,148.56519457656285,30.88267739231656,5.664934299923292,0.9073720734087211,1.7062685709483993,1.0358288602894883,0.27021170923734933,0.11786455499828452,0.04482028102701814,0.3527116507024849,0.33542017020940473,0.04434509270663128,0.30241265208373724,0.04390592661282349,0.053813710281294495
