aaaa,aaad,aadd,aada,adda,addd,adad,adaa,ddaa,ddad,dddd,ddda,dada,dadd,daad,daaa
73.74051464226223,165.48728105359916,36.636021168944836,6.857725595658501,1.180904079912817,1.90113327241494,1.2798258031023042,0.32971193783954245,0.12754458114041828,0.04991219986667737,0.39598009251169086,0.39380129287729326,0.04238600005446356,0.35134751234949085,0.05190468995086802,0.06275618399361492
