aaaa,aaad,aadd,aada,adda,addd,adad,adaa,ddaa,ddad,dddd,ddda,dada,dadd,daad,daaa
68.34694329449236,150.8116993741147,29.796782063094017,5.455719755115382,0.7977266424785974,1.7124009870201544,0.9861080685686038,0.25935843043735973,0.1241003406002062,0.04468857024547049,0.363663137968615,0.31859485074409655,0.049887343892376965,0.2988130314257758,0.04434206871131653,0.053912961567923856
