aaaa,aaad,aadd,aada,adda,addd,adad,adaa,ddaa,ddad,dddd,ddda,dada,dadd,daad,daaa
64.3270944727654,143.51337312027744,33.65956035909242,6.9739720421742035,1.6283783173611632,1.5627573261585215,1.277884597385985,0.30461906901251046,0.11773598920986146,0.04509110721761441,0.3129424081283509,0.440252000582038,0.039325670613197514,0.31505715338084145,0.047882944689772694,0.05586840249756428
