aaaa,aaad,aadd,aada,adda,addd,adad,adaa,ddaa,ddad,dddd,ddda,dada,dadd,daad,daaa
64.60698101581642,150.7605450479606,31.105623764580336,6.227911728533251,1.021724697151239,1.6664963283222793,1.0443040712021732,0.3050512337956633,0.10773993824386258,0.04476793075642716,0.3468618159391848,0.3586008416433543,0.03610315943323102,0.30321593727828716,0.04220979260529284,0.05650372007712549
