aaaa,aaad,aadd,aada,adda,addd,adad,adaa,ddaa,ddad,dddd,ddda,dada,dadd,daad,daaa
67.96709462472,159.10961316136783,34.585518596427484,6.169216164830173,1.0763240073700562,1.9051780065638164,1.1298942794877815,0.3004094411575481,0.1196548281096154,0.05013006379873332,0.36187311804324296,0.38264624583232,0.047530781338727006,0.3286081655613526,0.045668700394146715,0.05761531095875681
