aaaa,aaad,aadd,aada,adda,addd,adad,adaa,ddaa,ddad,dddd,ddda,dada,dadd,daad,daaa
74.72486412318628,165.6639732473376,35.49207294750977,7.410675630263034,1.2703197861760283,1.7632989564267874,1.3016371108645237,0.35060544835874735,0.12631438025556774,0.04718675755916339,0.4010959318532669,0.4010394820327284,0.035310513234810215,0.34956566660532834,0.05305761409195104,0.0653118493602829
