aaaa,aaad,aadd,aada,adda,addd,adad,adaa,ddaa,ddad,dddd,ddda,dada,dadd,daad,daaa
78.2390366088397,176.2853164366512,36.92389531688989,7.686526189450458,1.27314122619315,1.882271899680747,1.3189202351266853,0.3674904804672814,0.1314890914298329,0.0503626163835738,0.4225493906248126,0.4188836173680658,0.038691814939029325,0.3648108442942361,0.053972985084752303,0.06853395891628208
