aaaaaa,aaaaad,aaaadd,aaaada,aaadda,aaaddd,aaadad,aaadaa,aaddaa,aaddad,aadddd,aaddda,aadada,aadadd,aadaad,aadaaa,addaaa,addaad,addadd,addada,adddda,addddd,adddad,adddaa,adadaa,adadad,adaddd,adadda,adaada,adaadd,adaaad,adaaaa,ddaaaa,ddaaad,ddaadd,ddaada,ddadda,ddaddd,ddadad,ddadaa,ddddaa,ddddad,dddddd,ddddda,dddada,dddadd,dddaad,dddaaa,dadaaa,dadaad,dadadd,dadada,daddda,dadddd,daddad,daddaa,daadaa,daadad,daaddd,daadda,daaada,daaadd,daaaad,daaaaa
1.189171275759102,27.373401840152663,4.3685826400312315,4.185046822069981,118.18749546485269,21.43974419366909,54.90373015774678,5.147019525144525,13.72141848075649,8.762033315544407,26.283972413797223,0.22335630429277256,15.634104567185311,11.500769164089002,6.799156963890964,0.36116186707479836,1.479332975133658,0.10051840080716665,0.8549890188600435,1.4378338711552767,2.758529719378962,0.144836145528846,2.2401080617287246,0.8364569553815027,1.2401407852560844,3.3493586267782223,3.228869053052039,0.3391699028848406,3.523510058950373,1.3595898631365426,1.245982169413496,0.029014421445331024,0.039003180176834254,0.011233695796725908,0.0850090515201,0.06948607450538254,0.0005995129923273641,0.01816938878907781,0.0018524420742623557,0.01251933901004554,0.23125661485577234,0.003909832344831375,0.22361830481788203,0.008640395235573375,0.023618082768540025,0.00761372385423708,0.0006084789190868353,0.006110377673924382,0.3599191531198226,0.00013750345402574468,0.15548746650231296,0.21394551980736348,0.5485351893284847,0.003925862829481429,0.5494091542689714,0.37172771194838733,0.2579785233551265,0.6456735263043727,0.8149634446875844,0.021378029317040404,0.9379395759516953,0.5152252809897578,0.26721080484154863,7.831700970323902e-05
