aaaaaa,aaaaad,aaaadd,aaaada,aaadda,aaaddd,aaadad,aaadaa,aaddaa,aaddad,aadddd,aaddda,aadada,aadadd,aadaad,aadaaa,addaaa,addaad,addadd,addada,adddda,addddd,adddad,adddaa,adadaa,adadad,adaddd,adadda,adaada,adaadd,adaaad,adaaaa,ddaaaa,ddaaad,ddaadd,ddaada,ddadda,ddaddd,ddadad,ddadaa,ddddaa,ddddad,dddddd,ddddda,dddada,dddadd,dddaad,dddaaa,dadaaa,dadaad,dadadd,dadada,daddda,dadddd,daddad,daddaa,daadaa,daadad,daaddd,daadda,daaada,daaadd,daaaad,daaaaa
3.2623320564198206,29.864093734234498,2.0557861772118926,5.18634115737203,104.18148824866452,23.401094254481656,46.942262013733014,5.349679597169687,10.475811622667987,6.2471837232983685,23.48115739646108,0.02600976258250742,16.26924532478566,10.016036582718497,6.056211241139595,0.3081336236338049,1.3478095189499322,0.04021991769500823,0.6627194321317291,1.093042217523296,1.9177542316796918,0.03446956210116937,1.999378352843733,0.8714074092526128,0.8468228744870451,2.5931065653434,2.8561402480448583,0.18032751214220236,3.3755046344471307,1.2609231012439082,0.984451271667511,0.02371438361383627,0.031266598220534764,0.009190205822918298,0.07667458527664561,0.06407044482584413,0.00038907362408079754,0.012208699370060421,0.001001997331389061,0.01212549448798588,0.19377344117223655,0.0017483230872706345,0.1918230217622698,0.006687510516247303,0.007282433176220901,0.0012877721218984646,0.00044229882345549025,0.003310419541702022,0.3378369482625489,0.0032996504135820626,0.12223662219816969,0.15809090243660295,0.38526211338980443,0.00019807403855034514,0.5054388040263824,0.3680508809580927,0.18129774755573574,0.5041974020491575,0.7404823210032754,0.006217062929012667,0.9113955773230622,0.47170407435775163,0.21540531083296835,3.80609393965711e-05
