aaaaaa,aaaaad,aaaadd,aaaada,aaadda,aaaddd,aaadad,aaadaa,aaddaa,aaddad,aadddd,aaddda,aadada,aadadd,aadaad,aadaaa,addaaa,addaad,addadd,addada,adddda,addddd,adddad,adddaa,adadaa,adadad,adaddd,adadda,adaada,adaadd,adaaad,adaaaa,ddaaaa,ddaaad,ddaadd,ddaada,ddadda,ddaddd,ddadad,ddadaa,ddddaa,ddddad,dddddd,ddddda,dddada,dddadd,dddaad,dddaaa,dadaaa,dadaad,dadadd,dadada,daddda,dadddd,daddad,daddaa,daadaa,daadad,daaddd,daadda,daaada,daaadd,daaaad,daaaaa
2.5119036629655973,27.371265262484172,2.0878129674527925,5.0614694133562015,96.91142346235746,18.76156868025566,43.19337635536293,4.4184391353678025,10.762616181289822,6.261835391185458,22.14788003452509,0.05676325601706598,12.991126004590509,10.138216903446704,5.2215940892661,0.34406048314760695,1.2866267095621247,0.052981436627838205,0.7230231418501212,1.1422098044652427,2.182523629387233,0.12691176376484972,1.8467888888571378,0.7133310529815873,0.9413525134931734,2.5336346268955316,2.745371050199803,0.19679541177024307,2.889178015973257,1.185043542632853,0.9157536843700278,0.025480559289092743,0.02812138698948708,0.009745584664320335,0.07107674630579912,0.0592769799457197,6.405262693523752e-05,0.01675876261032364,0.0014194642649805313,0.009331182449229536,0.18173799638048121,0.0018350896901794215,0.17784199872636317,0.006500589025575704,0.02012020920904814,0.007915579352794406,0.0005369894790173987,0.008082588888444655,0.3171211114742984,0.0012668381421738423,0.13481016785381938,0.17282444097186295,0.4326954833701836,0.0037751325781814464,0.45689702129688076,0.3181934666648134,0.19558396000234526,0.4853144967835306,0.6882936670634988,0.0070983022939068875,0.7754050575358846,0.4485695468006014,0.1982994920648249,6.58596653956587e-05
