aaaaaa,aaaaad,aaaadd,aaaada,aaadda,aaaddd,aaadad,aaadaa,aaddaa,aaddad,aadddd,aaddda,aadada,aadadd,aadaad,aadaaa,addaaa,addaad,addadd,addada,adddda,addddd,adddad,adddaa,adadaa,adadad,adaddd,adadda,adaada,adaadd,adaaad,adaaaa,ddaaaa,ddaaad,ddaadd,ddaada,ddadda,ddaddd,ddadad,ddadaa,ddddaa,ddddad,dddddd,ddddda,dddada,dddadd,dddaad,dddaaa,dadaaa,dadaad,dadadd,dadada,daddda,dadddd,daddad,daddaa,daadaa,daadad,daaddd,daadda,daaada,daaadd,daaaad,daaaaa
2.6102198625730813,33.78244218708383,2.786593521763901,5.817827498625364,124.65117846916606,22.06225144922915,58.190815886117775,4.479559691687646,14.035563215740943,8.284310692310111,25.892335851935382,0.019133904148976,15.840934115975996,12.99209364658192,6.550899483471645,0.44883068566138806,1.557012523666306,0.06292674800477768,0.7198957857498636,1.204460764066774,2.973346954515288,0.21443838158240833,2.619323502685121,0.7137989786813379,1.2514211073983361,3.2921820390537953,3.196784936836962,0.1977380052213575,3.6230244635591187,1.4767648749220637,1.1718068745948143,0.03102060300392606,0.03928962805549835,0.010738084372064107,0.09248690397035005,0.07173697719115761,0.0010362534793415805,0.027436313558301364,0.003971113234479903,0.007730364750523692,0.22935085533932134,0.0024547108577439017,0.19072198375124605,0.0029343177375930614,0.03071614567967567,0.013093696506934033,0.0011192778084831712,0.011168541712944948,0.3808447103077096,0.002115264318217946,0.12924297043518782,0.17312734475408278,0.6035414925802779,0.01128915847398897,0.6472755751453583,0.33809945275470776,0.2622015287292748,0.6347031537013714,0.8166021385329235,0.005889896829784985,0.9584345146612151,0.5699803744591251,0.249482177807129,6.094608937779207e-05
