aaaaaa,aaaaad,aaaadd,aaaada,aaadda,aaaddd,aaadad,aaadaa,aaddaa,aaddad,aadddd,aaddda,aadada,aadadd,aadaad,aadaaa,addaaa,addaad,addadd,addada,adddda,addddd,adddad,adddaa,adadaa,adadad,adaddd,adadda,adaada,adaadd,adaaad,adaaaa,ddaaaa,ddaaad,ddaadd,ddaada,ddadda,ddaddd,ddadad,ddadaa,ddddaa,ddddad,dddddd,ddddda,dddada,dddadd,dddaad,dddaaa,dadaaa,dadaad,dadadd,dadada,daddda,dadddd,daddad,daddaa,daadaa,daadad,daaddd,daadda,daaada,daaadd,daaaad,daaaaa
1.2703329468317759,24.58844629991577,5.003917998796714,4.121890558757239,108.45369562069779,24.719278587862977,48.059781058573535,7.282226474797326,11.14518836296128,7.049383800859893,29.672976083360908,0.7946735527389464,18.333109328246135,8.92029212215766,7.124857913640261,0.26226636089547667,1.6102549081624387,0.1551751129579261,1.2952844549025753,2.0172178269681282,1.808659260470203,0.005422954017888546,1.6844379879449256,1.2243888686420283,0.9565175784025065,2.935520188188447,3.6101753137326993,0.5310053969826313,3.6913704482854524,1.2024706067265898,1.18767633968843,0.020545907878647986,0.05799040205048389,0.003305552587601459,0.08975509891903423,0.06052457227803604,0.0002093692393004833,0.007752101273998726,4.662739281978297e-05,0.0251175623057548,0.23480928898935793,0.004735847742941325,0.3353956795453631,0.040104521179511375,0.0031684305030749396,0.00029493406685312385,0.000273373732085258,0.0013773519718002828,0.3494715601561498,5.989930303909136e-05,0.22493799259064068,0.29833060054514304,0.3773608431045119,0.004798986145537621,0.4238603852226024,0.47912648906387334,0.18872190443363607,0.5479638758179209,0.8561735410606265,0.03699935456249211,0.994562111046778,0.4510587767750851,0.27874818739096463,0.00018108972888449584
