aaaaaa,aaaaad,aaaadd,aaaada,aaadda,aaaddd,aaadad,aaadaa,aaddaa,aaddad,aadddd,aaddda,aadada,aadadd,aadaad,aadaaa,addaaa,addaad,addadd,addada,adddda,addddd,adddad,adddaa,adadaa,adadad,adaddd,adadda,adaada,adaadd,adaaad,adaaaa,ddaaaa,ddaaad,ddaadd,ddaada,ddadda,ddaddd,ddadad,ddadaa,ddddaa,ddddad,dddddd,ddddda,dddada,dddadd,dddaad,dddaaa,dadaaa,dadaad,dadadd,dadada,daddda,dadddd,daddad,daddaa,daadaa,daadad,daaddd,daadda,daaada,daaadd,daaaad,daaaaa
4.832829197593884,35.188170896155704,0.5283697705312028,5.502616729012649,106.20401325691151,20.300337009303423,58.908718263365955,1.3898458962090898,10.075504568813786,5.487358550353586,15.800964406760844,0.7842512759446154,14.767085299395543,11.03504146733104,5.032663334688337,0.4587243570647071,0.9773670639585833,0.0018619462540839025,0.11799206289497959,0.28677901831062397,2.1820539430380648,0.12345460842667855,3.510030422077871,0.18737654467573575,0.7979758423102888,2.336904484358561,1.9934746817015223,0.0042731701967777935,3.2345752449198244,1.2644472284218198,0.8122102301439433,0.018691113611748744,0.027415426253946506,0.0091332140496132,0.09191055698991364,0.049808707829539466,0.000442026759920318,0.03054221208190547,0.01864915795016625,0.0002494272177971567,0.17270922586332066,0.000524293629410541,0.06710887861591332,0.007308680355126589,0.019905917308259885,0.010748243459855353,3.843782677873385e-05,0.010247963776474103,0.2648726805541957,0.024556842892724105,0.018129184030547,0.027242267610870053,0.4482428564504307,0.005080111884173467,0.8885602277100901,0.12795527833222003,0.17438500866145676,0.4556324865530199,0.543974791650126,0.008527311221890769,0.8695032676730611,0.4828597224490873,0.17654628060342603,0.0001457937188462583
