aaaaaa,aaaaad,aaaadd,aaaada,aaadda,aaaddd,aaadad,aaadaa,aaddaa,aaddad,aadddd,aaddda,aadada,aadadd,aadaad,aadaaa,addaaa,addaad,addadd,addada,adddda,addddd,adddad,adddaa,adadaa,adadad,adaddd,adadda,adaada,adaadd,adaaad,adaaaa,ddaaaa,ddaaad,ddaadd,ddaada,ddadda,ddaddd,ddadad,ddadaa,ddddaa,ddddad,dddddd,ddddda,dddada,dddadd,dddaad,dddaaa,dadaaa,dadaad,dadadd,dadada,daddda,dadddd,daddad,daddaa,daadaa,daadad,daaddd,daadda,daaada,daaadd,daaaad,daaaaa
2.315251155455305,26.730943546380917,2.8201162757785796,4.603980470788551,104.18340715654767,21.528651750363437,45.41078444835791,5.821134177393742,11.81404749534343,7.259116537359029,25.911592052732335,0.27104608073540704,14.686155965544321,10.51781045865152,6.216657496307641,0.284951753791364,1.3894884225787099,0.07255863930980352,0.9406390716155849,1.4768853075033035,2.270505087309171,0.09485794974434725,1.7536916435922674,0.9775953816607312,1.0569326411777205,2.904042052589828,3.2183631482197965,0.33268506028990186,3.1792625214626176,1.290166217506325,1.0390449245554698,0.024621588717899316,0.03060376885443056,0.011221871482900705,0.07432949442222733,0.0661544974528802,4.6550656132058746e-05,0.012460579530245836,0.00012625294234327073,0.01814674170994233,0.1985922737704491,0.0021448610734666786,0.23072556413987572,0.014823249472234118,0.013348891809663801,0.003337822312436751,0.00012201840885201086,0.003664370626434129,0.32381338638168744,0.001492589701657211,0.16830626087004164,0.21839983311203634,0.4643199480974074,0.0021698287660234035,0.44949271213013264,0.3935080781868884,0.23154436836620976,0.577287114642588,0.8192120257869627,0.023077726443834313,0.8323659251201581,0.4991302660347716,0.22160899154612695,0.0001386194296351414
