aaaaaa,aaaaad,aaaadd,aaaada,aaadda,aaaddd,aaadad,aaadaa,aaddaa,aaddad,aadddd,aaddda,aadada,aadadd,aadaad,aadaaa,addaaa,addaad,addadd,addada,adddda,addddd,adddad,adddaa,adadaa,adadad,adaddd,adadda,adaada,adaadd,adaaad,adaaaa,ddaaaa,ddaaad,ddaadd,ddaada,ddadda,ddaddd,ddadad,ddadaa,ddddaa,ddddad,dddddd,ddddda,dddada,dddadd,dddaad,dddaaa,dadaaa,dadaad,dadadd,dadada,daddda,dadddd,daddad,daddaa,daadaa,daadad,daaddd,daadda,daaada,daaadd,daaaad,daaaaa
0.4642646200489099,21.738302540809705,5.236646070505395,3.302682374141965,103.16842492096109,18.359096847564185,48.659769855082736,4.6145444441591215,11.559105815720763,7.438304435003562,23.727749840978706,0.3894167602743541,14.223480200918548,9.211759697897767,6.193268017117354,0.29291376272240527,1.3290525659143437,0.12648099378457617,0.8776175905482592,1.4613666612016674,2.2878771590590303,0.08730105883281931,1.9128621386676308,0.7465929983313281,1.042051357055102,2.8873475195996514,2.9373535560364283,0.397956755531705,3.1790021282789795,1.0967052104233008,1.1285947199629682,0.02112451936276446,0.0324835529679631,0.012224058623243531,0.07273838078325405,0.062194366795542556,6.312964135234908e-05,0.009515739006161913,0.0008908311614503102,0.014851304179464129,0.20029756211836566,0.002775749155733727,0.22262152174809177,0.012196293537350142,0.015543339903048941,0.00311000252887461,0.0005058335835408641,0.00387020671252169,0.317565462657162,0.00043932283530109,0.16377896037767217,0.22769455632838217,0.44971647452730884,0.0007075975194495604,0.4594745722487024,0.3350937656081366,0.21711513563351434,0.55801408049046,0.7206707747892953,0.02903184171745532,0.8407930400098366,0.4224218754385145,0.24891129721582367,8.69358616907444e-05
