aaaaaa,aaaaad,aaaadd,aaaada,aaadda,aaaddd,aaadad,aaadaa,aaddaa,aaddad,aadddd,aaddda,aadada,aadadd,aadaad,aadaaa,addaaa,addaad,addadd,addada,adddda,addddd,adddad,adddaa,adadaa,adadad,adaddd,adadda,adaada,adaadd,adaaad,adaaaa,ddaaaa,ddaaad,ddaadd,ddaada,ddadda,ddaddd,ddadad,ddadaa,ddddaa,ddddad,dddddd,ddddda,dddada,dddadd,dddaad,dddaaa,dadaaa,dadaad,dadadd,dadada,daddda,dadddd,daddad,daddaa,daadaa,daadad,daaddd,daadda,daaada,daaadd,daaaad,daaaaa
1.082246079485259,21.717130874474407,4.43166744675717,3.61620174947829,94.88369201638434,22.12151973318515,42.84791221349409,6.2429256091905785,9.276096718863363,5.790111946598091,25.423872093423753,0.5892950072440908,16.99415869794303,7.283402344282994,6.3620908124397655,0.21424236132894434,1.4195537692720845,0.13827954709741738,1.0902837956134317,1.7177865571503252,1.4417220657879695,0.001485174582397035,1.53366951334755,1.0376626230641923,0.7769192226383519,2.475408378076512,3.0748843715530403,0.4303491092917315,3.3388224922649004,1.0111897177237588,1.0474903366209485,0.017936912692482567,0.05091790011865589,0.0029401929759536828,0.08394880680071819,0.04938595602830697,0.00047486665511000086,0.0053107354151744265,8.477799755237246e-05,0.020732855925615867,0.2081320821091061,0.004340405754285887,0.29000171353672216,0.033439608837967295,0.0011428053376749377,0.0010926126345777354,0.0004861236614939253,0.0006642909713253259,0.309067753689146,4.679139599138679e-05,0.18515571790575389,0.2488290253890353,0.30121174165863107,0.008325283775141355,0.391886682959691,0.40284796601867456,0.1491413266124102,0.45475266188823904,0.7345650245014461,0.02894890775380306,0.9101110780839516,0.37481257415036673,0.2465351650563414,0.00015198567638508581
