aaaaaa,aaaaad,aaaadd,aaaada,aaadda,aaaddd,aaadad,aaadaa,aaddaa,aaddad,aadddd,aaddda,aadada,aadadd,aadaad,aadaaa,addaaa,addaad,addadd,addada,adddda,addddd,adddad,adddaa,adadaa,adadad,adaddd,adadda,adaada,adaadd,adaaad,adaaaa,ddaaaa,ddaaad,ddaadd,ddaada,ddadda,ddaddd,ddadad,ddadaa,ddddaa,ddddad,dddddd,ddddda,dddada,dddadd,dddaad,dddaaa,dadaaa,dadaad,dadadd,dadada,daddda,dadddd,daddad,daddaa,daadaa,daadad,daaddd,daadda,daaada,daaadd,daaaad,daaaaa
3.6982522772184856,31.689309017840205,0.9891408915191224,5.098769288595831,103.8363294640206,18.81142988156211,51.11997586620523,2.6458993755382454,12.055241704973577,7.062769287567343,18.145207594739652,0.19603484823434314,12.896424108895989,11.603744066582706,5.0557854525246295,0.42164588127763364,1.1351162964541366,0.010111278144985993,0.295664791792689,0.5581248245957839,2.531633181790475,0.22217909564642424,2.6621000925217286,0.3944406481638904,1.0513420041853885,2.726853689316853,2.2826782378929615,0.0464225913440969,2.9611957259686803,1.3050194347389223,0.8530554949984479,0.020557061803492874,0.029472584604832177,0.008623165362788602,0.08568789138240683,0.051659763834921164,0.0018451562435934455,0.03356141140854467,0.007953491233900043,0.0016862969930436526,0.19351638866452156,0.0027137518229691485,0.0999013741596659,0.0008539566230178955,0.029229238484747726,0.016031046365259066,0.0003700974497524967,0.010498425467661159,0.2938834214867405,0.009699943678878433,0.049965140763800056,0.06852942198323098,0.5142657505540289,0.014969130978192344,0.6721081274462803,0.20571520331130394,0.2281025082257455,0.5357428267694835,0.5981043110301133,0.00042768879697055684,0.7852814794987291,0.5003925486057409,0.1838235029831243,4.217964856628607e-05
