aaaaaa,aaaaad,aaaadd,aaaada,aaadda,aaaddd,aaadad,aaadaa,aaddaa,aaddad,aadddd,aaddda,aadada,aadadd,aadaad,aadaaa,addaaa,addaad,addadd,addada,adddda,addddd,adddad,adddaa,adadaa,adadad,adaddd,adadda,adaada,adaadd,adaaad,adaaaa,ddaaaa,ddaaad,ddaadd,ddaada,ddadda,ddaddd,ddadad,ddadaa,ddddaa,ddddad,dddddd,ddddda,dddada,dddadd,dddaad,dddaaa,dadaaa,dadaad,dadadd,dadada,daddda,dadddd,daddad,daddaa,daadaa,daadad,daaddd,daadda,daaada,daaadd,daaaad,daaaaa
2.591621921922609,29.905603533663406,2.356422869839324,5.058115351943485,109.6828291130066,20.882492068806158,50.71820024964216,4.402653360124269,12.066175257769604,7.225054446954171,23.213719209418745,0.01910257576139706,14.779047019424258,11.20641908483146,5.965728040829895,0.3672727040595325,1.3693270967303413,0.05036419989358827,0.6290615420879547,1.0609447799557437,2.448053138393915,0.1341273724105905,2.2436288585489508,0.7073546294300838,1.0514262650991582,2.879390411726836,2.8492496036879653,0.1773094326406032,3.29301590245818,1.310157693488817,1.0355093728643305,0.02614511785396232,0.034816451631174264,0.009131348332473505,0.08168957386008574,0.06358498321626967,0.00038806017285760363,0.021666770488443832,0.002726136562600847,0.008023128222674354,0.20316470215520457,0.002282062466907979,0.17455114356955193,0.0033398999409422606,0.020246971563338923,0.007600162009643137,0.00027463834904520535,0.0073820307123562395,0.3367088993007434,0.002490037481368911,0.11404658401757685,0.15215158297720666,0.4977900715564904,0.004880690681566554,0.5576403656990568,0.32257365536188926,0.2229570747009843,0.5588224483657898,0.7329343678747738,0.005602159968326115,0.8742540724495298,0.5017717828748703,0.2226174330741651,3.93602545691885e-05
