aaaaaa,aaaaad,aaaadd,aaaada,aaadda,aaaddd,aaadad,aaadaa,aaddaa,aaddad,aadddd,aaddda,aadada,aadadd,aadaad,aadaaa,addaaa,addaad,addadd,addada,adddda,addddd,adddad,adddaa,adadaa,adadad,adaddd,adadda,adaada,adaadd,adaaad,adaaaa,ddaaaa,ddaaad,ddaadd,ddaada,ddadda,ddaddd,ddadad,ddadaa,ddddaa,ddddad,dddddd,ddddda,dddada,dddadd,dddaad,dddaaa,dadaaa,dadaad,dadadd,dadada,daddda,dadddd,daddad,daddaa,daadaa,daadad,daaddd,daadda,daaada,daaadd,daaaad,daaaaa
1.0697860184999335,24.272036521153268,2.7571364462519936,3.4915954174773245,99.07621702136967,15.536239790957275,51.10633200130336,2.2079445459984908,11.17505958688773,6.861412983006273,17.339871659164945,0.013115837177159561,12.108467547286104,9.796349616896975,5.158499320033734,0.3533325712021403,1.0534456445874119,0.038068594369810485,0.3565324340681266,0.6889236425655372,2.479667693549299,0.19933316381891303,2.5013707271633447,0.332808622889821,0.9967981392010066,2.626126030349543,2.164939188181671,0.11797828727548675,2.8365103016322255,1.0909406402363842,0.9406918229185857,0.01943667285135915,0.03110803735387383,0.0090765569815365,0.0787269405711305,0.04864036939463074,0.0024914879518879956,0.02446032371502014,0.007506986027473991,0.0024798263797795607,0.18110893297333489,0.0022771100779266813,0.11121821540548045,0.0001925947861357066,0.028311986387099294,0.012370344684898405,0.0010096886748886234,0.00758442905370579,0.2623310455462346,0.0022662282937224625,0.05992885316107302,0.09050274770278291,0.5021557293133597,0.012068666840003224,0.6203622980557196,0.17999007702980824,0.2128130988653095,0.5130749028560209,0.5548943541831702,0.00209118795562753,0.7417601456021095,0.42790145689594533,0.2010191819622961,0.00013535421349645973
