aaaaaa,aaaaad,aaaadd,aaaada,aaadda,aaaddd,aaadad,aaadaa,aaddaa,aaddad,aadddd,aaddda,aadada,aadadd,aadaad,aadaaa,addaaa,addaad,addadd,addada,adddda,addddd,adddad,adddaa,adadaa,adadad,adaddd,adadda,adaada,adaadd,adaaad,adaaaa,ddaaaa,ddaaad,ddaadd,ddaada,ddadda,ddaddd,ddadad,ddadaa,ddddaa,ddddad,dddddd,ddddda,dddada,dddadd,dddaad,dddaaa,dadaaa,dadaad,dadadd,dadada,daddda,dadddd,daddad,daddaa,daadaa,daadad,daaddd,daadda,daaada,daaadd,daaaad,daaaaa
2.960158055877357,29.163375948647502,0.8373656530756678,4.617206960083904,93.5210451034596,15.534594497843367,51.91498563319427,1.0445421957544723,9.419817731167523,5.131602615187524,13.763762556957964,0.5453164797863963,11.885757868224104,9.72900959242701,4.3112762569345655,0.422868145498291,0.8881647715739117,0.0013190009760315198,0.13167460919949348,0.3029083374147169,2.1464285746613405,0.17875606947051265,3.0569973764061107,0.13430544419175533,0.7910217995859787,2.1364223083241254,1.7434762224003522,0.008901496557973104,2.7144209273377666,1.0731387892460142,0.7424427216681253,0.017354174544053934,0.02476613865140893,0.008734871944164925,0.079933621943387,0.043565410939161345,0.0011960952220519982,0.02838677226357116,0.016654933009197456,0.00021643842471658704,0.1550082257536056,0.0006704742427796935,0.058780632296511474,0.006567174603128929,0.026723639727608838,0.014553191193965418,0.0007179833354488374,0.011010811199658875,0.23248545018612937,0.014051759175624765,0.02021200638493673,0.03166866010043495,0.4424567702445762,0.01195883783440379,0.7638302346568818,0.10153898107143504,0.16770023633082992,0.4108572307075268,0.46965520768050106,0.00458749990804669,0.7238268991055771,0.41566252047076346,0.15675584041865678,0.00024143206940045557
