aaaaaa,aaaaad,aaaadd,aaaada,aaadda,aaaddd,aaadad,aaadaa,aaddaa,aaddad,aadddd,aaddda,aadada,aadadd,aadaad,aadaaa,addaaa,addaad,addadd,addada,adddda,addddd,adddad,adddaa,adadaa,adadad,adaddd,adadda,adaada,adaadd,adaaad,adaaaa,ddaaaa,ddaaad,ddaadd,ddaada,ddadda,ddaddd,ddadad,ddadaa,ddddaa,ddddad,dddddd,ddddda,dddada,dddadd,dddaad,dddaaa,dadaaa,dadaad,dadadd,dadada,daddda,dadddd,daddad,daddaa,daadaa,daadad,daaddd,daadda,daaada,daaadd,daaaad,daaaaa
1.3321656617907323,24.744547683700162,3.988232237322598,3.9437605161071314,104.17949427797343,21.82917026818085,47.89265635180792,5.491078692460358,10.811148883399913,6.833753281407972,24.527341214981973,0.25303782953258974,16.159192181028413,9.175171591476015,6.452693361314134,0.2706118967318273,1.3658764761812425,0.09158325870508961,0.8300666063479137,1.380216727084805,1.966451463374187,0.029175382850277255,1.8866861621949347,0.8955726414279944,0.9153494196324468,2.755750876292642,3.012436893136687,0.33435639098036896,3.405095172198757,1.158284539583556,1.0824189728370117,0.019447702239559942,0.0325433173318611,0.011033318772975951,0.07504404108266433,0.06415023791295571,0.0002977815258972381,0.007783527000944469,0.00037487420573543355,0.01710470008167731,0.19895196767020637,0.0022526321360747106,0.2258261918161833,0.012740773000939221,0.006622112942459144,0.00041274133833398723,0.000214776531392404,0.001796186554921005,0.33352842799880794,7.086721022738518e-05,0.1573570504293412,0.21273383850853575,0.38711037750216665,0.0008211375973838315,0.46279559533134723,0.38144791500051767,0.19420491397488368,0.5362095514606521,0.7543820896224842,0.021378502633641272,0.9085148472074255,0.43994598134800184,0.24348995051272132,4.8512618469928387e-05
