aaaaaa,aaaaad,aaaadd,aaaada,aaadda,aaaddd,aaadad,aaadaa,aaddaa,aaddad,aadddd,aaddda,aadada,aadadd,aadaad,aadaaa,addaaa,addaad,addadd,addada,adddda,addddd,adddad,adddaa,adadaa,adadad,adaddd,adadda,adaada,adaadd,adaaad,adaaaa,ddaaaa,ddaaad,ddaadd,ddaada,ddadda,ddaddd,ddadad,ddadaa,ddddaa,ddddad,dddddd,ddddda,dddada,dddadd,dddaad,dddaaa,dadaaa,dadaad,dadadd,dadada,daddda,dadddd,daddad,daddaa,daadaa,daadad,daaddd,daadda,daaada,daaadd,daaaad,daaaaa
4.492663178417836,33.14953683669677,1.2094931396628963,6.288259667432285,105.0184808021669,21.74415277628322,46.69466205934083,4.650012536791424,11.28501889295347,6.2872590731196905,23.411739064572693,0.010461325507585707,14.594642737256194,11.337245091977916,5.530147733257363,0.3798722482540675,1.3596366323168463,0.02640095042748592,0.6430860118031126,1.0233456563296868,2.252898210281165,0.12541643969645008,2.122159218319896,0.7404404468701588,0.9460452050310398,2.6008170814052636,2.883870677080536,0.1289917457571244,3.173455273300475,1.3397258146360043,0.9270221290705164,0.029046279525792678,0.03175392153662246,0.008405362617524247,0.08038926112235091,0.06303195117017522,3.52799611415505e-05,0.02127880863406664,0.0019775807655974284,0.008090194106568993,0.19395694859851997,0.00171598649103048,0.17593392287286588,0.0047379433556418455,0.01842651629026452,0.007627294254691003,0.00013902586979082696,0.008526724405909769,0.3432027182681262,0.005288168745710698,0.11771535802188514,0.1475832521335465,0.45065065415602634,0.003685906567643947,0.5334539618049439,0.3322253420469296,0.1986558770210613,0.49952750870770307,0.7419366112423086,0.00196304574250454,0.856679392724753,0.504222373672892,0.1982204377003106,5.9445259411244646e-05
