aaaaaa,aaaaad,aaaadd,aaaada,aaadda,aaaddd,aaadad,aaadaa,aaddaa,aaddad,aadddd,aaddda,aadada,aadadd,aadaad,aadaaa,addaaa,addaad,addadd,addada,adddda,addddd,adddad,adddaa,adadaa,adadad,adaddd,adadda,adaada,adaadd,adaaad,adaaaa,ddaaaa,ddaaad,ddaadd,ddaada,ddadda,ddaddd,ddadad,ddadaa,ddddaa,ddddad,dddddd,ddddda,dddada,dddadd,dddaad,dddaaa,dadaaa,dadaad,dadadd,dadada,daddda,dadddd,daddad,daddaa,daadaa,daadad,daaddd,daadda,daaada,daaadd,daaaad,daaaaa
1.7779657553153463,22.857629154215427,2.7327067859278733,3.623894386006254,89.7104362753706,20.4698032454876,41.19761590424605,4.90571456203788,8.750730266268805,5.505834435540392,20.495898768908017,0.09635957821041082,14.861662673172804,7.804751200758967,5.614655348906782,0.22118409414447066,1.137899471867383,0.05084665056546032,0.6024920185173249,1.0263266336290418,1.5319378560583823,0.007660345874959818,1.6711064870107424,0.8020594678276213,0.6979287199331579,2.2635623317216433,2.479176808740453,0.21816184152088056,3.019704005882898,1.0233414435168982,0.9066050846147473,0.017334490565631404,0.027273376415882355,0.008740063931079576,0.0660649671386052,0.05404532052398803,0.000903371797050439,0.005770244281806574,0.0004891503020396565,0.013413239043853251,0.17096470430352756,0.0018866131452143931,0.18170143731598495,0.008245618375736957,0.002704148028805737,3.00530151161633e-05,0.0010770247220847498,0.0008078393961667244,0.28243119907917197,0.0012694024152967176,0.11396989371649448,0.15314265897783977,0.3060952764740479,0.002780358911023046,0.4162789721352944,0.33477728164422743,0.15068398151455198,0.443248935199438,0.6358333463935072,0.011414499949017637,0.8133975324596252,0.38276847763578953,0.2037519588340026,3.1514014525842175e-05
