aaaaaa,aaaaad,aaaadd,aaaada,aaadda,aaaddd,aaadad,aaadaa,aaddaa,aaddad,aadddd,aaddda,aadada,aadadd,aadaad,aadaaa,addaaa,addaad,addadd,addada,adddda,addddd,adddad,adddaa,adadaa,adadad,adaddd,adadda,adaada,adaadd,adaaad,adaaaa,ddaaaa,ddaaad,ddaadd,ddaada,ddadda,ddaddd,ddadad,ddadaa,ddddaa,ddddad,dddddd,ddddda,dddada,dddadd,dddaad,dddaaa,dadaaa,dadaad,dadadd,dadada,daddda,dadddd,daddad,daddaa,daadaa,daadad,daaddd,daadda,daaada,daaadd,daaaad,daaaaa
0.8878819456600454,23.49316607778799,5.337488298203291,3.5482273764628376,108.03382896943477,23.925476994790408,49.630046667274605,6.538067101167581,11.02147126888958,7.217239127835656,26.907178877632433,0.5387217107186167,18.15405417773209,8.653694326345017,7.22211342223667,0.2323848776659599,1.50011042604289,0.14031505184107815,1.0320619428683675,1.697078324120782,1.8425217610405165,0.004620454299298308,1.8190322287000482,1.0823101475197203,0.944001029062753,2.9495499003630945,3.3031613434941267,0.4691067379673101,3.688168431136058,1.1583560239588846,1.18236049924189,0.017316067983781356,0.04175132030143075,0.008537791313224624,0.07658898114567987,0.06856695754816239,0.0005281920258191906,0.005268111035118252,8.525416287076702e-05,0.022994335303605746,0.20722753035590363,0.00205876008006811,0.26011085672012246,0.017919283443527497,0.0017082457886833636,0.000804443952406106,0.0013479265466435266,0.00018228595959172316,0.35413600680130686,0.00019758092184521173,0.1937407216479013,0.2636182072287272,0.3708361040350918,0.005346947505215059,0.44535989227709516,0.44277368006620943,0.20663763699282423,0.585875295811872,0.8234394292622389,0.0380323638659985,0.971127616921396,0.44825089234178306,0.2693640150104525,5.5836765215604605e-05
