aaaaaa,aaaaad,aaaadd,aaaada,aaadda,aaaddd,aaadad,aaadaa,aaddaa,aaddad,aadddd,aaddda,aadada,aadadd,aadaad,aadaaa,addaaa,addaad,addadd,addada,adddda,addddd,adddad,adddaa,adadaa,adadad,adaddd,adadda,adaada,adaadd,adaaad,adaaaa,ddaaaa,ddaaad,ddaadd,ddaada,ddadda,ddaddd,ddadad,ddadaa,ddddaa,ddddad,dddddd,ddddda,dddada,dddadd,dddaad,dddaaa,dadaaa,dadaad,dadadd,dadada,daddda,dadddd,daddad,daddaa,daadaa,daadad,daaddd,daadda,daaada,daaadd,daaaad,daaaaa
2.7473881482351317,31.545731817748116,1.651046209347618,4.983849670752607,110.5757864062853,18.714969949402754,55.66112609525379,2.543915539279161,12.556487327757766,7.376328792420783,19.20909195706421,0.12654622815444322,13.579489480241463,11.809341137016231,5.468017779936101,0.4352308070794241,1.1960360841819062,0.019240654877681986,0.3425423763728289,0.6512261271338469,2.7301674671464093,0.24059560811920935,2.855829073194102,0.37854213701674044,1.100299420809973,2.8610266745758106,2.4127587893023836,0.06983825161734143,3.1453508918682838,1.3188059150920797,0.9532312237401337,0.022042481580562788,0.03267709365415406,0.009526306123831341,0.09045676917963348,0.05460858755894887,0.0022231302655934706,0.03271217353770762,0.008749607153514477,0.0019300482607876226,0.20083870630063286,0.0023704379045986347,0.10985468105477571,0.0007465039641919213,0.03273989681018243,0.016678688217986768,0.000819612180475472,0.010850669491397532,0.3052405534031115,0.006801697112408384,0.05774334235054939,0.0823991572733688,0.5545421149796884,0.016101345494738982,0.7167007821688505,0.20380119632273938,0.23640361099089963,0.559202837950904,0.625537591490416,1.8432536767623948e-06,0.8295319587945172,0.5110530761248958,0.20351533100660038,9.877944837259213e-05
