aaaaaa,aaaaad,aaaadd,aaaada,aaadda,aaaddd,aaadad,aaadaa,aaddaa,aaddad,aadddd,aaddda,aadada,aadadd,aadaad,aadaaa,addaaa,addaad,addadd,addada,adddda,addddd,adddad,adddaa,adadaa,adadad,adaddd,adadda,adaada,adaadd,adaaad,adaaaa,ddaaaa,ddaaad,ddaadd,ddaada,ddadda,ddaddd,ddadad,ddadaa,ddddaa,ddddad,dddddd,ddddda,dddada,dddadd,dddaad,dddaaa,dadaaa,dadaad,dadadd,dadada,daddda,dadddd,daddad,daddaa,daadaa,daadad,daaddd,daadda,daaada,daaadd,daaaad,daaaaa
1.1916469229911264,26.64606922399837,4.847123838804194,4.455364924195413,116.70371290482981,22.00417235325817,51.44939170026748,6.338423547851638,13.655603860701893,8.68621646417519,29.23436255711204,0.5793730461749308,15.58826175602116,11.484970497806547,6.873883483174096,0.3533944120982113,1.6000439300500156,0.1361716776500573,1.1732056606335453,1.8456432495227812,2.695149316305583,0.12892151426893947,1.9221339285798895,1.0538059656836505,1.2571864210655026,3.379039721497014,3.627735404971259,0.48570746961758443,3.519795959109324,1.355105357073132,1.2313515169664686,0.026093574109922538,0.03502845772891988,0.013810865956235244,0.07703120481557293,0.07745509984938641,0.00010787565276952827,0.013906206415125365,0.00016713521156957605,0.021505587616053937,0.23121695583442783,0.0035214132849480453,0.27300492000358867,0.019563041785847727,0.023210973629698633,0.0071534382441495615,0.0008007672612694574,0.00648058497828244,0.38699307423733137,0.00030873979241465113,0.22281211607836698,0.2932246200351652,0.5224272844430251,0.0019340268539815516,0.46563431998749644,0.4476302165540884,0.2618136981115593,0.6524223661053568,0.8844746767521272,0.03535809693214188,0.9291037336172796,0.5197183487549865,0.2755736394043856,0.0001610062015664464
