aaaaaa,aaaaad,aaaadd,aaaada,aaadda,aaaddd,aaadad,aaadaa,aaddaa,aaddad,aadddd,aaddda,aadada,aadadd,aadaad,aadaaa,addaaa,addaad,addadd,addada,adddda,addddd,adddad,adddaa,adadaa,adadad,adaddd,adadda,adaada,adaadd,adaaad,adaaaa,ddaaaa,ddaaad,ddaadd,ddaada,ddadda,ddaddd,ddadad,ddadaa,ddddaa,ddddad,dddddd,ddddda,dddada,dddadd,dddaad,dddaaa,dadaaa,dadaad,dadadd,dadada,daddda,dadddd,daddad,daddaa,daadaa,daadad,daaddd,daadda,daaada,daaadd,daaaad,daaaaa
1.4904681346311393,24.833517695606872,4.210720594254716,4.284254267902352,105.29233216402562,22.61941618591571,46.58186535906113,6.418163780130688,11.193911418173245,6.96412411737076,27.90648669824814,0.5895159319024899,16.3798020845537,9.419978352843511,6.517586106573071,0.29470385666132315,1.4845679806969683,0.1182151100928035,1.1459121677403814,1.7897730910844538,1.9543969797620522,0.026325250330499896,1.6980019104215578,1.079157837682115,0.9746633829318756,2.852135988879313,3.414455243917207,0.4513093362076147,3.411617008234009,1.2134194188863134,1.0994972716574878,0.01954301503827005,0.04976039943870588,0.004550117882228648,0.08307839026940038,0.06110064534743169,7.59225525649548e-05,0.009712307211758276,9.771821027031071e-05,0.02087000939659934,0.21892264846964535,0.003829581425066824,0.2889504288543777,0.028781433900847773,0.0069270576928321,0.00042987105691541267,0.00014508015040430095,0.00218539743789826,0.33479966124284466,0.0001553770515776157,0.19995076574839715,0.2641701961543393,0.4024565100315817,0.0007885585309997723,0.4251007021155897,0.4339460838035175,0.1991488090990258,0.543117027047375,0.8225635603665986,0.030484025762693042,0.9099335981435563,0.4605282299532355,0.2509637185892111,9.52814089645885e-05
