aaaaaa,aaaaad,aaaadd,aaaada,aaadda,aaaddd,aaadad,aaadaa,aaddaa,aaddad,aadddd,aaddda,aadada,aadadd,aadaad,aadaaa,addaaa,addaad,addadd,addada,adddda,addddd,adddad,adddaa,adadaa,adadad,adaddd,adadda,adaada,adaadd,adaaad,adaaaa,ddaaaa,ddaaad,ddaadd,ddaada,ddadda,ddaddd,ddadad,ddadaa,ddddaa,ddddad,dddddd,ddddda,dddada,dddadd,dddaad,dddaaa,dadaaa,dadaad,dadadd,dadada,daddda,dadddd,daddad,daddaa,daadaa,daadad,daaddd,daadda,daaada,daaadd,daaaad,daaaaa
3.857281274947405,27.745831832583765,1.968862352366649,5.8680556187774835,90.5425471069466,24.71833671077987,37.673127667890036,7.096877101687723,8.4210384386641,4.602859603400064,26.854780997947383,0.34368413418614396,17.16474318143293,7.848286246307111,5.7002966424888255,0.25766267668680304,1.5282937159977632,0.08831294528760257,1.2402530269235201,1.7810009120510706,1.2236768926554997,0.004483174094091309,1.4021896570363346,1.1634156772939115,0.6698525831196853,2.1618236939889535,3.253137857619862,0.3114475925084805,3.3149677530432973,1.0625628354925383,0.8845526973696918,0.021729665257335273,0.04368868014371063,0.002874226319348833,0.08277413131473257,0.05139915117875961,0.00254518634810082,0.00598365891967422,5.7947059058619844e-05,0.018912966987247575,0.19082601077675104,0.0022709118001519,0.2953107718824124,0.039509651643256635,0.001060470412921743,0.0004729922093756833,0.0004345888204472423,0.002853001955745025,0.340947901987036,0.0014900078661875522,0.2217405475332579,0.26875881482232594,0.25172548653298826,0.011492683103719037,0.3611350072856841,0.4491546625264192,0.12943746733498096,0.3951741932545925,0.7874369407615768,0.01471329358985177,0.902652711794263,0.40027543035312035,0.20546734481198997,0.00028179147143201624
