aaaaaa,aaaaad,aaaadd,aaaada,aaadda,aaaddd,aaadad,aaadaa,aaddaa,aaddad,aadddd,aaddda,aadada,aadadd,aadaad,aadaaa,addaaa,addaad,addadd,addada,adddda,addddd,adddad,adddaa,adadaa,adadad,adaddd,adadda,adaada,adaadd,adaaad,adaaaa,ddaaaa,ddaaad,ddaadd,ddaada,ddadda,ddaddd,ddadad,ddadaa,ddddaa,ddddad,dddddd,ddddda,dddada,dddadd,dddaad,dddaaa,dadaaa,dadaad,dadadd,dadada,daddda,dadddd,daddad,daddaa,daadaa,daadad,daaddd,daadda,daaada,daaadd,daaaad,daaaaa
0.8749140659612901,23.010848879757727,6.242278448818154,3.8003106773158613,107.93536017411625,26.797505227922635,48.5134402371782,8.159947933251186,10.69841419369145,6.836991392508368,31.13211049674606,1.1186854948785114,20.980285816671053,7.510262664799896,7.753097908244252,0.20930319202486303,1.7463112502872093,0.224166007573493,1.5019367071383347,2.337574025263302,1.4751474918393812,0.014548102894575796,1.6458968187669514,1.3225368454365516,0.8706768070970042,2.8593859442161316,3.717908963133187,0.6165691925646368,4.118411204901854,1.044365672890048,1.287333023426014,0.021857030591326612,0.05831089295895973,0.004265278465806732,0.09851705136267294,0.056671016537870544,0.0026761109669835243,0.001676100456590841,6.0910071204822594e-05,0.02962187998266065,0.2468984721834942,0.0057655536032784295,0.3838229003197323,0.05451412226931323,4.432651585555243e-05,0.005660082952165559,0.001040210449925323,0.0001003824326278225,0.38302103929726844,0.0015273264618021485,0.26784991795113633,0.35879365052659296,0.29338638026029606,0.024665920381320105,0.40477731141042184,0.5191434207643454,0.1759464764012711,0.5423522610848281,0.8999996932313165,0.0529158990068246,1.083805215519999,0.41402767027730536,0.2928072461136612,6.822029722029911e-05
