aaaaaa,aaaaad,aaaadd,aaaada,aaadda,aaaddd,aaadad,aaadaa,aaddaa,aaddad,aadddd,aaddda,aadada,aadadd,aadaad,aadaaa,addaaa,addaad,addadd,addada,adddda,addddd,adddad,adddaa,adadaa,adadad,adaddd,adadda,adaada,adaadd,adaaad,adaaaa,ddaaaa,ddaaad,ddaadd,ddaada,ddadda,ddaddd,ddadad,ddadaa,ddddaa,ddddad,dddddd,ddddda,dddada,dddadd,dddaad,dddaaa,dadaaa,dadaad,dadadd,dadada,daddda,dadddd,daddad,daddaa,daadaa,daadad,daaddd,daadda,daaada,daaadd,daaaad,daaaaa
3.6966338424671994,31.40099826129312,3.1337316744799617,6.804142579074724,109.09215697405014,28.600376703970817,45.08950724804032,8.74444732424154,10.622774161373131,5.886619077725111,34.27519911330633,0.7880441002863314,19.930726181508163,9.525655566464255,6.851518670250605,0.32937551972111,1.894306724022402,0.14538149809914325,1.8042223110719016,2.5470748359411797,1.5824997409902486,0.006908753794514942,1.6016330411734234,1.4343309676592222,0.8857597798399041,2.7172915046246393,4.175694792503493,0.5017783603744685,3.957225205090393,1.2504930672744945,1.1179089160816231,0.027615546241290916,0.05548471636698746,0.0035300498711641104,0.09709335945827773,0.06446635703046999,0.002252922046599262,0.007479310574182482,0.00010795497698518251,0.024010307755294533,0.23129174605390165,0.002842033363726448,0.4006105752111336,0.06379361659637359,0.0033816602035644816,0.00015840093358720798,6.295204340430367e-05,0.006086569245471536,0.41737457353161966,0.0004965849185779071,0.3251120001140076,0.3951051393055567,0.3209273260997695,0.011655587561080986,0.40785530908283935,0.5547232715351311,0.16969266589108692,0.49512463854183686,0.9970151887720929,0.031095997046455895,1.0721322599549516,0.47517013159595517,0.2557095701246012,0.0002591839695810038
