aaaaaa,aaaaad,aaaadd,aaaada,aaadda,aaaddd,aaadad,aaadaa,aaddaa,aaddad,aadddd,aaddda,aadada,aadadd,aadaad,aadaaa,addaaa,addaad,addadd,addada,adddda,addddd,adddad,adddaa,adadaa,adadad,adaddd,adadda,adaada,adaadd,adaaad,adaaaa,ddaaaa,ddaaad,ddaadd,ddaada,ddadda,ddaddd,ddadad,ddadaa,ddddaa,ddddad,dddddd,ddddda,dddada,dddadd,dddaad,dddaaa,dadaaa,dadaad,dadadd,dadada,daddda,dadddd,daddad,daddaa,daadaa,daadad,daaddd,daadda,daaada,daaadd,daaaad,daaaaa
4.304780220452298,32.7800392465974,0.825692263704936,6.077372343480747,99.85653313554143,18.553866367936717,46.798556884189836,3.0452125900871443,10.906504848757686,5.9499868887316065,19.201305294771526,0.12635184529878032,12.634908216793214,11.294844641310835,4.84085805814322,0.40802709347758825,1.1965530644641016,0.012585646968164109,0.4119682936756061,0.6924536828221756,2.3510404858003664,0.20363874243101346,2.3398355512369986,0.47326424142361173,0.9288547145035739,2.433413662996645,2.4101143144103436,0.055036440311608974,2.8727063162374495,1.266891331947025,0.80932463533157,0.023533296754361988,0.02832552028874204,0.008242935680465262,0.07994355781239118,0.05448737054299776,0.0009803227713044854,0.030939075005679183,0.004757381585651429,0.0032223203209727274,0.17550535538628426,0.001284194829307406,0.11465333390123994,0.00019415563904257176,0.02786980061160112,0.015052510581666708,0.0004216507846560637,0.011139129314706923,0.30409026103022174,0.008421402540033086,0.07212676685270844,0.09219321687506934,0.4775941167122011,0.012900601287953922,0.594715844602,0.23234038559586612,0.19942126554996148,0.4733672058590798,0.6237214636850128,0.00025240484657109997,0.7628901279605703,0.488586972494559,0.17231337706679242,1.736334235105765e-05
