aaaaaa,aaaaad,aaaadd,aaaada,aaadda,aaaddd,aaadad,aaadaa,aaddaa,aaddad,aadddd,aaddda,aadada,aadadd,aadaad,aadaaa,addaaa,addaad,addadd,addada,adddda,addddd,adddad,adddaa,adadaa,adadad,adaddd,adadda,adaada,adaadd,adaaad,adaaaa,ddaaaa,ddaaad,ddaadd,ddaada,ddadda,ddaddd,ddadad,ddadaa,ddddaa,ddddad,dddddd,ddddda,dddada,dddadd,dddaad,dddaaa,dadaaa,dadaad,dadadd,dadada,daddda,dadddd,daddad,daddaa,daadaa,daadad,daaddd,daadda,daaada,daaadd,daaaad,daaaaa
1.0434281400315768,22.50749749092577,4.721733837424214,3.7538110783108913,100.2191317373962,22.118031088836936,45.47682373646442,6.158133559733971,10.10520055085153,6.323558531991606,26.582610248229766,0.6351194496846265,16.922227794486492,8.040404968643614,6.502336555838066,0.25013244447775634,1.455218047164195,0.14062775141470443,1.1269133012228187,1.781280650429998,1.654838174475567,0.004596905377834263,1.645494183906261,1.0260064174350332,0.8581487690827694,2.641042846545644,3.232180619044937,0.45891977645014354,3.4204059921891585,1.0760314482137883,1.0975168124257624,0.01863016433070999,0.052502343447175415,0.0034325946049097622,0.08388546440432708,0.05483972221071417,0.00021774649037396647,0.006793472092962789,0.00015080388549587503,0.020257479783833222,0.2132617334928539,0.0040345307607868135,0.2928332979633024,0.0317801994883803,0.0029593029169421026,0.00027592409795716114,0.00022390638562777627,0.001119777801092427,0.3177823757772181,3.584272152780015e-05,0.19286479425156122,0.2600179355952062,0.3481771804967541,0.003926171556961334,0.41427131760048463,0.4088182680183838,0.17239702941245183,0.4981923297284721,0.7735310996596159,0.03201321643478571,0.9171835286840233,0.4080673467743941,0.2537277815555304,8.831079357904732e-05
