aaaaaa,aaaaad,aaaadd,aaaada,aaadda,aaaddd,aaadad,aaadaa,aaddaa,aaddad,aadddd,aaddda,aadada,aadadd,aadaad,aadaaa,addaaa,addaad,addadd,addada,adddda,addddd,adddad,adddaa,adadaa,adadad,adaddd,adadda,adaada,adaadd,adaaad,adaaaa,ddaaaa,ddaaad,ddaadd,ddaada,ddadda,ddaddd,ddadad,ddadaa,ddddaa,ddddad,dddddd,ddddda,dddada,dddadd,dddaad,dddaaa,dadaaa,dadaad,dadadd,dadada,daddda,dadddd,daddad,daddaa,daadaa,daadad,daaddd,daadda,daaada,daaadd,daaaad,daaaaa
3.0832189930652456,27.9752594892608,1.688375561269711,4.775861364739233,98.4804925348299,20.151762722812418,45.149910967347076,4.236704066983133,10.458896072045029,6.1861515226867105,21.295220675345018,0.010786432610033606,14.011374669953835,10.001814419873583,5.44142765940745,0.3166879043340331,1.2097753155099182,0.0303816403689673,0.5440600949347479,0.9166956352194329,2.062794119296685,0.08804570964762135,2.0169729867869464,0.6782751516243306,0.873599980458591,2.4967171219990174,2.592474776820345,0.14363521276367033,3.044357988208107,1.1932903976624367,0.9142161622431221,0.024043564258248072,0.0314572821028824,0.007561700237291549,0.07517093207953406,0.05671620819015581,4.6989776742038914e-05,0.017691471428876997,0.002108295398442859,0.0077568818643970585,0.18364617066861216,0.0020104851564161537,0.16432238590404924,0.004054765695434686,0.013632350613088949,0.004574818299604189,6.415442760075836e-05,0.0053679961374425746,0.3003854754191088,0.004381342892437614,0.09929918536670268,0.13046502489430725,0.4195873509339893,0.001921066502070204,0.5047273236426237,0.30349631931490667,0.1876295701215573,0.48727239994758154,0.673470531384596,0.003907608025086056,0.8107238217225456,0.4554292448875993,0.19744660867402172,2.6370242900801777e-05
