aaaaaa,aaaaad,aaaadd,aaaada,aaadda,aaaddd,aaadad,aaadaa,aaddaa,aaddad,aadddd,aaddda,aadada,aadadd,aadaad,aadaaa,addaaa,addaad,addadd,addada,adddda,addddd,adddad,adddaa,adadaa,adadad,adaddd,adadda,adaada,adaadd,adaaad,adaaaa,ddaaaa,ddaaad,ddaadd,ddaada,ddadda,ddaddd,ddadad,ddadaa,ddddaa,ddddad,dddddd,ddddda,dddada,dddadd,dddaad,dddaaa,dadaaa,dadaad,dadadd,dadada,daddda,dadddd,daddad,daddaa,daadaa,daadad,daaddd,daadda,daaada,daaadd,daaaad,daaaaa
1.4401437665279337,25.73201186149875,2.366417737244524,3.662700018270331,100.97782400740347,16.59933886502315,52.7423421782055,2.1547987728895697,11.039846196317693,6.707207289136911,17.204393186222454,0.05038786186554061,12.874932986647018,9.88247626237179,5.353576791524063,0.33612412080580695,1.0420125303199124,0.026016567626712332,0.3071599213670274,0.6172561438763835,2.43269250002891,0.17823142985325605,2.65450525976567,0.3192802377543427,0.9864738169027533,2.640333300539603,2.18010816006836,0.09850454675070631,2.9174567022904054,1.140722246340238,0.9247340866573629,0.017364277788018332,0.030260521746598573,0.009602384815235223,0.08089370652514326,0.04976472845432323,0.0015507538335909502,0.023316995578635903,0.00794138075082074,0.0021715358943577147,0.18184549336721126,0.0020176798893655323,0.10457819497532346,0.0004944510254057329,0.024560290688435304,0.01032309395828081,0.0003735476861812293,0.006354372412844818,0.26195580214866193,0.004266713029907183,0.050449651135081104,0.07747521874469325,0.4953884919255716,0.010118796467352288,0.6631523044473615,0.17477911881633085,0.21005943227333437,0.5142014189097145,0.5631141140970097,0.0009432501164222227,0.769286534281916,0.44150985544058785,0.19957160315812517,0.00016158441388330018
