aaaaaa,aaaaad,aaaadd,aaaada,aaadda,aaaddd,aaadad,aaadaa,aaddaa,aaddad,aadddd,aaddda,aadada,aadadd,aadaad,aadaaa,addaaa,addaad,addadd,addada,adddda,addddd,adddad,adddaa,adadaa,adadad,adaddd,adadda,adaada,adaadd,adaaad,adaaaa,ddaaaa,ddaaad,ddaadd,ddaada,ddadda,ddaddd,ddadad,ddadaa,ddddaa,ddddad,dddddd,ddddda,dddada,dddadd,dddaad,dddaaa,dadaaa,dadaad,dadadd,dadada,daddda,dadddd,daddad,daddaa,daadaa,daadad,daaddd,daadda,daaada,daaadd,daaaad,daaaaa
4.730579209944885,29.605016449724577,1.0330080541794124,5.821820928784082,89.81983742560087,22.5077602670453,38.40447241792942,5.4416923132469295,8.575683825085658,4.754752714680103,21.9281469160279,0.013805453010269895,14.886267458143875,8.974170803611651,5.188069845307064,0.2739138635872429,1.2570806875887925,0.025020333578324592,0.6650210459233962,1.0290536557695948,1.489445066835616,0.01488900227073009,1.6232904672993562,0.8926701976348046,0.6672064016973743,2.102885076449039,2.699632222582878,0.14246034261810628,3.0040390306533333,1.146577456480792,0.7753320554361495,0.01862815437986558,0.024756426800336774,0.008277497739626452,0.06647959894235762,0.059091014817932885,0.001520680956496334,0.009880668714527651,0.00013536790168033912,0.013610723771231771,0.16099803263634233,0.0006926453058342778,0.17953259872325364,0.008746814006723145,0.003842339455754833,0.0004491424369324476,0.0010739581279351944,0.0027840642770932665,0.31824543948930495,0.004731799678715169,0.12857932528593688,0.1558643569514992,0.2949482854579479,0.0015752875974489908,0.4133320658885,0.36688041038372055,0.14337459512685566,0.4078307407638738,0.6922635202233963,0.00322370437752428,0.814183046268355,0.4289414754477929,0.1760424267149643,0.00010514808156093723
