aaaaaa,aaaaad,aaaadd,aaaada,aaadda,aaaddd,aaadad,aaadaa,aaddaa,aaddad,aadddd,aaddda,aadada,aadadd,aadaad,aadaaa,addaaa,addaad,addadd,addada,adddda,addddd,adddad,adddaa,adadaa,adadad,adaddd,adadda,adaada,adaadd,adaaad,adaaaa,ddaaaa,ddaaad,ddaadd,ddaada,ddadda,ddaddd,ddadad,ddadaa,ddddaa,ddddad,dddddd,ddddda,dddada,dddadd,dddaad,dddaaa,dadaaa,dadaad,dadadd,dadada,daddda,dadddd,daddad,daddaa,daadaa,daadad,daaddd,daadda,daaada,daaadd,daaaad,daaaaa
1.5681064988168028,27.246289722113385,2.9050853226636484,3.9015436847887286,109.58557336232457,19.578257470237578,54.920788040622966,3.2787054596035348,12.037828900118416,7.484150455446748,20.77970045493484,0.002766819516306719,14.64818034362367,10.613371246506832,6.129820988171158,0.3316256719725135,1.2006718940673804,0.0402181908617857,0.45024001288605736,0.8478585936747749,2.500098745002299,0.13737487992224703,2.561976333612619,0.5117584662745197,1.0338177130905726,2.881799155665765,2.555636727883556,0.15644237274970102,3.3029824117102593,1.2303489800248617,1.0714722921411421,0.023250685554863905,0.035915833571546645,0.009218349772318049,0.08824079496722377,0.055145868916526085,0.0010659269351858671,0.02179705602387338,0.005331266076293294,0.005171089419008258,0.20715045062343257,0.0030327879837162065,0.1480237262302668,0.000635453419332238,0.02070074561471666,0.007271382092771893,6.945500327944646e-05,0.004595415452944455,0.2983526098954097,0.0031573405925948853,0.07741189022260878,0.11348695915123044,0.5055349842478641,0.004940253964545968,0.6398637922740561,0.24924448980807856,0.22432432971528177,0.5681421684350716,0.6619568383407772,0.00445706363414907,0.8675275224443809,0.4781492325799492,0.23034943174100825,4.6137832697325517e-05
