aaaaaa,aaaaad,aaaadd,aaaada,aaadda,aaaddd,aaadad,aaadaa,aaddaa,aaddad,aadddd,aaddda,aadada,aadadd,aadaad,aadaaa,addaaa,addaad,addadd,addada,adddda,addddd,adddad,adddaa,adadaa,adadad,adaddd,adadda,adaada,adaadd,adaaad,adaaaa,ddaaaa,ddaaad,ddaadd,ddaada,ddadda,ddaddd,ddadad,ddadaa,ddddaa,ddddad,dddddd,ddddda,dddada,dddadd,dddaad,dddaaa,dadaaa,dadaad,dadadd,dadada,daddda,dadddd,daddad,daddaa,daadaa,daadad,daaddd,daadda,daaada,daaadd,daaaad,daaaaa
1.956335361184343,28.261082105569358,2.351074170561243,4.5762456962974545,105.70746365200829,18.033976380234662,51.49659598605628,3.1088432979978857,11.78834595353314,7.002296453762799,20.292015632905866,0.008002702213952289,13.301615543853941,10.862687235670448,5.523167845308542,0.3764282718808104,1.2217738435789167,0.0399635136418679,0.4861778407747486,0.861011970232594,2.5461566152772908,0.19285388352806151,2.4234157216669225,0.4863529080562541,1.0379158865129978,2.747535692754419,2.5275290561546773,0.1340076295657008,3.0697300417421123,1.2217057774828486,0.9789613809647922,0.02311076539927391,0.03299247455702227,0.009292756344541409,0.0821950323549826,0.05637328093356478,0.001619914966876685,0.026136709042402013,0.004914249984361596,0.004604603116401488,0.19209385860706452,0.002060244797943788,0.137317307969796,0.0004851022350572041,0.027594349482938152,0.01209164190215505,0.0006615868455525255,0.008251054675821353,0.30294739945144245,0.002875124899984521,0.08424051107058333,0.11765568244251931,0.5154595615324631,0.010655585023739164,0.6055687307418421,0.24002802933088668,0.22227679517209945,0.5368066264105067,0.6463989828871552,0.0024756054171380507,0.8059847435660913,0.4766277597873231,0.20939917142547293,6.097999830209601e-05
