aaaaaa,aaaaad,aaaadd,aaaada,aaadda,aaaddd,aaadad,aaadaa,aaddaa,aaddad,aadddd,aaddda,aadada,aadadd,aadaad,aadaaa,addaaa,addaad,addadd,addada,adddda,addddd,adddad,adddaa,adadaa,adadad,adaddd,adadda,adaada,adaadd,adaaad,adaaaa,ddaaaa,ddaaad,ddaadd,ddaada,ddadda,ddaddd,ddadad,ddadaa,ddddaa,ddddad,dddddd,ddddda,dddada,dddadd,dddaad,dddaaa,dadaaa,dadaad,dadadd,dadada,daddda,dadddd,daddad,daddaa,daadaa,daadad,daaddd,daadda,daaada,daaadd,daaaad,daaaaa
3.1815813009348464,27.313232960085287,2.3976719937754036,4.785593807256056,98.79748926343261,25.337599603261257,42.535868666208806,6.887622612596608,9.597376123535271,5.890916036500155,25.47780899176866,0.20866989331876598,17.392279862488582,8.838072435596526,6.303562741967948,0.24233772925341995,1.4115418666799475,0.06424193837215594,0.8787394935281253,1.3883838771447363,1.5210438475393497,0.001160736584733335,1.6157778923008665,1.147221034961208,0.7678749388624136,2.5128846010230896,3.113841602229225,0.29185516671230205,3.433271864133627,1.1948947519354995,0.9548222791077262,0.01706307287190614,0.03245484307946375,0.008014173764073597,0.06908893325644788,0.06731817095575005,0.0020324315765529004,0.006100972114745969,2.0073359764995016e-05,0.021402636643572205,0.18429747015160858,0.001314043214305077,0.22835815649281457,0.015475916715110753,0.0009318326967766171,0.0005158576708412805,0.0026873697414110547,0.0005029630251496362,0.3504283888878767,0.001141505459641379,0.16730060699818142,0.21171208844335657,0.30249999531631866,0.007790290369019409,0.4085470691652528,0.45193462301744675,0.17065530980409763,0.49970356098009266,0.7945154546340425,0.01724884595150179,0.9189406275911344,0.45064443074296645,0.21688031465818536,5.518708508635991e-05
