aaaa,aaad,aadd,aada,adda,addd,adad,adaa,ddaa,ddad,dddd,ddda,dada,dadd,daad,daaa
82.44424672770056,179.74858160753809,38.82515979727796,8.157680642611178,1.528189900061228,1.881202611300324,1.459723420629147,0.3733943739575713,0.14497861592745118,0.051579291986548745,0.42826117155616494,0.4611728343483626,0.04057637085189182,0.3828419029570772,0.05951233494809857,0.07087622188649864
