aaaa,aaad,aadd,aada,adda,addd,adad,adaa,ddaa,ddad,dddd,ddda,dada,dadd,daad,daaa
74.22498271106569,161.17221805514697,34.9005029003416,7.698561753511813,1.400663895248654,1.664451843687094,1.3457144803061694,0.35350965824875097,0.12595601987120836,0.04499523821256681,0.3920918469291334,0.4092910772271509,0.03168298514261985,0.3467362005685918,0.05473139057526638,0.06539025185584223
