aaaa,aaad,aadd,aada,adda,addd,adad,adaa,ddaa,ddad,dddd,ddda,dada,dadd,daad,daaa
74.74943916130505,160.04746850688056,34.04133310667853,7.500385836990436,1.3636222286976765,1.6244835597525542,1.315753227934884,0.34248411929100403,0.13002702887162654,0.043837564986529555,0.3901147240167633,0.405256571187127,0.032174505369970796,0.3421238768916132,0.05465926013055525,0.06462714275078454
