aaaa,aaad,aadd,aada,adda,addd,adad,adaa,ddaa,ddad,dddd,ddda,dada,dadd,daad,daaa
63.44363099462157,145.37663283695167,32.4923892619869,6.0531404004631,1.1876503315040396,1.6682583292530866,1.121707468668308,0.2848783561306698,0.11303091203924076,0.04555135340237287,0.32798502161758447,0.3791935688754711,0.040806902154601726,0.30736325767770517,0.04405473423173604,0.05399238463951806
