aaaa,aaad,aadd,aada,adda,addd,adad,adaa,ddaa,ddad,dddd,ddda,dada,dadd,daad,daaa
77.65925720204237,178.29450930279953,37.36546906869739,6.900105908932011,1.1842591468158483,2.036615372681081,1.2468933835241853,0.3287885622667953,0.13995280920051079,0.05458278560592201,0.41047919747245576,0.42350776646282584,0.05283319767485999,0.3628077089294793,0.0516388916260805,0.06439589657418698
