aaaa,aaad,aadd,aada,adda,addd,adad,adaa,ddaa,ddad,dddd,ddda,dada,dadd,daad,daaa
71.03880777417179,152.38305989593525,34.22033409876685,8.414908766217316,1.807201766382974,1.5621106917173377,1.4281234691484432,0.35993864819948146,0.12400193328563087,0.042898401591604844,0.35488768516203417,0.45627453950206903,0.030032628451206054,0.33938436821560974,0.05586399007023868,0.0641319343636573
