aaaa,aaad,aadd,aada,adda,addd,adad,adaa,ddaa,ddad,dddd,ddda,dada,dadd,daad,daaa
80.26946586224042,172.24788443443833,31.201801566305765,6.094304868724903,0.6972846606646859,1.8724085839262128,1.0408667046499949,0.29398395722245074,0.141237665362337,0.0470861631586225,0.44022797875846137,0.31289335840015314,0.05690631576990028,0.32694302705884476,0.05060510064308811,0.06217362356719149
