aaaa,aaad,aadd,aada,adda,addd,adad,adaa,ddaa,ddad,dddd,ddda,dada,dadd,daad,daaa
74.67916744726091,159.9531470329047,34.31454189107747,7.450467286237004,1.4323313338711,1.632654257854728,1.3258779392171252,0.3340949988459589,0.1332274513769445,0.04542477414953342,0.3811362686269135,0.4213030557719296,0.035204367438765954,0.3422035822300367,0.05439583929885115,0.06369976121852844
