aaaa,aaad,aadd,aada,adda,addd,adad,adaa,ddaa,ddad,dddd,ddda,dada,dadd,daad,daaa
79.04316977231504,173.63091875879837,36.66795101339505,7.108128323224214,1.2351478555580953,1.8883560842871467,1.3019248499018499,0.33354818135113895,0.1415157847104846,0.05112631507930042,0.41425199031345183,0.4150835804134344,0.04614170096741784,0.3611163539077448,0.05464256358058023,0.06563419027730592
