aaaa,aaad,aadd,aada,adda,addd,adad,adaa,ddaa,ddad,dddd,ddda,dada,dadd,daad,daaa
83.01053844818222,175.02679871568458,34.20654320428272,6.592397686772837,0.9954193580522082,1.863060194778289,1.1927366335220613,0.3066626584675427,0.14983957663436112,0.0497940886984667,0.4316332857046018,0.3751527316388597,0.05290453374401054,0.3496121702106867,0.0539869886521706,0.06422562899968393
