aaaa,aaad,aadd,aada,adda,addd,adad,adaa,ddaa,ddad,dddd,ddda,dada,dadd,daad,daaa
74.16033399467283,168.63441923669873,33.904358852006006,6.244639837897516,0.9846863188856549,1.9154185799558978,1.1160688981624942,0.29714295789356243,0.1348426015569644,0.050784101636344246,0.3946938823619797,0.37737318596711217,0.05312880695874089,0.3352871587022564,0.048269854601171204,0.05988392173275471
