aaaa,aaad,aadd,aada,adda,addd,adad,adaa,ddaa,ddad,dddd,ddda,dada,dadd,daad,daaa
75.67003210984554,167.7703979747586,38.649086217535626,8.000872630471738,1.8052309161954263,1.8071137773697037,1.4638999741735041,0.35150288423733506,0.13828538592454448,0.052209548048096834,0.371176990139939,0.5007556829050595,0.04478069607755278,0.3661944891677492,0.05604501740569208,0.06537813932408058
