aaaa,aaad,aadd,aada,adda,addd,adad,adaa,ddaa,ddad,dddd,ddda,dada,dadd,daad,daaa
73.92823007377272,160.95196128960123,31.666597206740843,6.3015321957356125,0.9215983776034044,1.7067133431410704,1.106586033609118,0.30042489269259887,0.13021523764454399,0.04512591891759679,0.39785981446267255,0.3442964153873759,0.04306230629250998,0.322724084388219,0.04925440142913749,0.06061744022294484
