aaaa,aaad,aadd,aada,adda,addd,adad,adaa,ddaa,ddad,dddd,ddda,dada,dadd,daad,daaa
78.82412239879795,166.56327283658536,35.64205582711251,7.544366751688595,1.34853692593477,1.7149026478559175,1.3681576014450796,0.3450614385824787,0.13800946981441906,0.04647793012922854,0.41096441036258036,0.40942833428515757,0.03610783169985513,0.35702791158453284,0.05745050752426227,0.06656116265039863
