aaaaa,aaaad,aaadd,aaada,aadda,aaddd,aadad,aadaa,addaa,addad,adddd,addda,adada,adadd,adaad,adaaa,ddaaa,ddaad,ddadd,ddada,dddda,ddddd,dddad,dddaa,dadaa,dadad,daddd,dadda,daada,daadd,daaad,daaaa
7.055578407155351,157.41096520301014,51.01672585785277,50.49650818649696,10.546875299098383,3.6007690467680513,14.460699162647273,5.661999167244198,1.0955779051243255,1.4832800010377485,0.6099547137760245,2.023507300884579,0.9892092988651466,0.4261449894544,0.6375873710942964,0.07240193646711512,0.229332905774074,0.15080370150809708,0.1584479376056114,0.040831050348327326,0.06671492826761605,0.08312661297778255,0.05565068239292438,0.4578049951224523,0.015485142595028123,0.00940875005612466,0.050326422753006965,0.22093426122143187,0.1940272091770012,0.06355631286734033,0.08881653481263663,0.012893746839505399
