aaaaa,aaaad,aaadd,aaada,aadda,aaddd,aadad,aadaa,addaa,addad,adddd,addda,adada,adadd,adaad,adaaa,ddaaa,ddaad,ddadd,ddada,dddda,ddddd,dddad,dddaa,dadaa,dadad,daddd,dadda,daada,daadd,daaad,daaaa
6.445128596966261,161.77520314217242,54.36653535179729,51.01315325597601,10.591869622138864,5.881222455422266,15.172522576496066,5.348840767629827,0.2438038863985775,0.22354513861956754,0.19308841910353988,1.3620716737021588,1.77449626273933,0.2894332268013364,0.4592428873608674,0.04963724282633706,0.1676345659591184,0.10380009385949703,0.25233277423003025,0.047153693253082815,0.0654322571294457,0.08011876040437226,0.04868049241198088,0.31484640022759386,0.04028295073097618,0.003115012267899876,0.015734680861858752,0.13240425385217539,0.23013102470436222,0.03518829665060021,0.0656231095657237,0.010891052508026125
