aaaaa,aaaad,aaadd,aaada,aadda,aaddd,aadad,aadaa,addaa,addad,adddd,addda,adada,adadd,adaad,adaaa,ddaaa,ddaad,ddadd,ddada,dddda,ddddd,dddad,dddaa,dadaa,dadad,daddd,dadda,daada,daadd,daaad,daaaa
4.882403406623726,143.12909392048314,51.91554154200437,48.036354859987874,9.028954478093752,4.516998138391628,13.83959732221039,5.138432957611875,0.3282042105083543,0.31566790675766665,0.2801682324517899,1.631626012294702,1.3515331901665268,0.32630152678230706,0.4434221503227428,0.044888415189742216,0.15612616210879354,0.10514221653572874,0.223159963920736,0.04725631855598228,0.06049968221732294,0.07022022756590851,0.04745386167389371,0.3313667140592588,0.03886458716238468,0.0015419541548683305,0.015973281323063578,0.15840562433189834,0.19970831918802023,0.03874720125051701,0.06308519610492476,0.010821390979347983
