aaaaa,aaaad,aaadd,aaada,aadda,aaddd,aadad,aadaa,addaa,addad,adddd,addda,adada,adadd,adaad,adaaa,ddaaa,ddaad,ddadd,ddada,dddda,ddddd,dddad,dddaa,dadaa,dadad,daddd,dadda,daada,daadd,daaad,daaaa
5.6103724712089535,165.6029304657314,62.19607254926324,52.68276321687906,11.076544119297617,5.221151635787111,13.847095674417245,5.067077439001122,0.4779776604610941,0.4770377564986204,0.2568012141887329,1.6547873544493805,1.357953461967412,0.3560434785735638,0.508357274828754,0.0481174286349758,0.16847019414332248,0.12360270505510045,0.2691259366760414,0.05564125514385915,0.06946732843338708,0.07837713724311379,0.0565602184165181,0.3925056468007697,0.033535466780699914,0.0012408493665505551,0.02332987860465916,0.1812109810369557,0.20855865835210596,0.0479979474155418,0.07673837414483066,0.013493037196932973
