aaaaa,aaaad,aaadd,aaada,aadda,aaddd,aadad,aadaa,addaa,addad,adddd,addda,adada,adadd,adaad,adaaa,ddaaa,ddaad,ddadd,ddada,dddda,ddddd,dddad,dddaa,dadaa,dadad,daddd,dadda,daada,daadd,daaad,daaaa
5.824597279273651,163.18276802890577,54.827918591528665,51.83699053834427,11.258391897433762,4.545610200348817,12.997701456123044,4.538361308836908,0.7984113450159611,0.8854738192460263,0.3493484143656481,1.8290535959871548,1.1050658897391403,0.3597997220445285,0.532089529586071,0.054895869446172633,0.1658914991382849,0.12352178941660863,0.2364901799325446,0.048691860713911204,0.06436382224192627,0.07383956195331019,0.051556474746746614,0.4426088561337232,0.017071067219356105,0.004123479552662723,0.03063854867395012,0.19657337974287797,0.20442477543124365,0.052482927753409805,0.08170167958074512,0.01315961049482798
