aaaaa,aaaad,aaadd,aaada,aadda,aaddd,aadad,aadaa,addaa,addad,adddd,addda,adada,adadd,adaad,adaaa,ddaaa,ddaad,ddadd,ddada,dddda,ddddd,dddad,dddaa,dadaa,dadad,daddd,dadda,daada,daadd,daaad,daaaa
7.060689042360117,156.35642139417422,49.59128244255303,49.558700218477334,9.47570439448767,4.980688535475005,14.710618925880663,5.101463512429689,0.35507742666624087,0.3611061812889106,0.2505810974389145,1.533204379253839,1.5401609928554407,0.30770873000865856,0.47585389046302834,0.054977388252876305,0.16649168351114013,0.10348536915697462,0.2246985378569762,0.043257364259605725,0.0617124642064503,0.07719743153095006,0.04373599347881184,0.33240856635858734,0.030028922502138743,0.0013741253615575542,0.016348988022094717,0.14745710049086916,0.21860681200995394,0.03854136469880244,0.06783651187142313,0.010822265886069896
