aaaaa,aaaad,aaadd,aaada,aadda,aaddd,aadad,aadaa,addaa,addad,adddd,addda,adada,adadd,adaad,adaaa,ddaaa,ddaad,ddadd,ddada,dddda,ddddd,dddad,dddaa,dadaa,dadad,daddd,dadda,daada,daadd,daaad,daaaa
5.633753451556818,165.53353901702928,62.72391747570069,54.25445257248084,10.904700993394934,5.493997813542576,14.780373160286237,5.476372850591024,0.362070838099148,0.3348133958436837,0.2575845992078484,1.7048296996847578,1.5143561755078676,0.3623663561739029,0.4948005083328161,0.04620925000547742,0.17378696266711785,0.11948102370340667,0.2726858935546556,0.058240428706879774,0.07068864030497932,0.08040249481176213,0.05791506072612198,0.3726247233978502,0.0416529130390704,0.00170607389590561,0.01921795938952084,0.17029364405549924,0.22209083696652496,0.04350310696745415,0.0728403580418812,0.013109693684316536
