aaaaa,aaaad,aaadd,aaada,aadda,aaddd,aadad,aadaa,addaa,addad,adddd,addda,adada,adadd,adaad,adaaa,ddaaa,ddaad,ddadd,ddada,dddda,ddddd,dddad,dddaa,dadaa,dadad,daddd,dadda,daada,daadd,daaad,daaaa
6.513395358271445,160.75620179322843,52.82061396893257,50.61849025273054,11.351829334857209,3.9328181817722547,13.325819081946994,5.058743388250287,1.1461386684743238,1.4660891497354667,0.5104229421198052,1.8887502144103434,0.9621340018761154,0.40509847242528296,0.623443134176822,0.07017881106202202,0.22349906488665894,0.149598419045759,0.1705743539663063,0.04494478884649403,0.06874092768476664,0.08370293277845546,0.05508800020659794,0.45605714421213966,0.012477586598846355,0.012038116654279752,0.04699542134899838,0.22115432131571966,0.18849439577786214,0.06312396541019567,0.09028341918031291,0.013350989546522989
