aaaaa,aaaad,aaadd,aaada,aadda,aaddd,aadad,aadaa,addaa,addad,adddd,addda,adada,adadd,adaad,adaaa,ddaaa,ddaad,ddadd,ddada,dddda,ddddd,dddad,dddaa,dadaa,dadad,daddd,dadda,daada,daadd,daaad,daaaa
5.396217834245429,149.4117723229439,61.18143409810448,47.85085211174959,10.806174248435006,6.021577222462206,13.400428995420627,5.008127457288543,0.17777060157135763,0.11747160988316113,0.1358524448306966,1.1799491339939814,1.6287369413054444,0.27421601026538583,0.3954814103148889,0.03378484788251145,0.14883167218793122,0.10301913769642931,0.28076032390950767,0.04970415149508482,0.06715037353092833,0.07637595629427532,0.059303178539259364,0.2903658801267345,0.048961991831387316,0.004598734473146229,0.017521708606994958,0.11857981918585776,0.20682401036047407,0.03229623407618089,0.059387823534512205,0.01112373925477735
