aaaaa,aaaad,aaadd,aaada,aadda,aaddd,aadad,aadaa,addaa,addad,adddd,addda,adada,adadd,adaad,adaaa,ddaaa,ddaad,ddadd,ddada,dddda,ddddd,dddad,dddaa,dadaa,dadad,daddd,dadda,daada,daadd,daaad,daaaa
5.382744732774457,139.1402210296986,57.07949779419987,44.739957842562994,9.725784941154332,4.407841701297095,11.478581584584315,4.3658590354709785,0.39492733343477904,0.390822859224416,0.232058609622273,1.4237638169334033,1.0990641979122526,0.3209841109252686,0.4242723902898696,0.036385400583151754,0.1403585417053088,0.11122526569022782,0.23978212508709915,0.051765632231053266,0.06053596854950033,0.0647332694399971,0.05317634229564177,0.3411668210994738,0.03266025834474261,0.0015915020772679803,0.02139612908954708,0.15904353733858936,0.17317863472798936,0.04193625003214246,0.06417659839039147,0.011880057090510964
