aaaaa,aaaad,aaadd,aaada,aadda,aaddd,aadad,aadaa,addaa,addad,adddd,addda,adada,adadd,adaad,adaaa,ddaaa,ddaad,ddadd,ddada,dddda,ddddd,dddad,dddaa,dadaa,dadad,daddd,dadda,daada,daadd,daaad,daaaa
7.530073620938093,176.57607670206,56.47373232345276,61.549224696754784,10.363123196255753,4.915907631888276,18.788358951485343,6.709189632568217,0.5364312148171339,0.5889300100167714,0.5540307456544957,2.4516703056456186,1.6492254182043784,0.44630186780766173,0.5998169697535162,0.07211024727628965,0.19970710806644879,0.13782236835348327,0.2457554165029941,0.04344590269806491,0.07560983434992978,0.0981577962362579,0.06223277564137733,0.4254241891268217,0.034944958740966654,0.002010920702192829,0.02332419843440929,0.2032576656796078,0.26192599124198956,0.05539400070590169,0.08353257571147742,0.013250712204403844
