aaaaa,aaaad,aaadd,aaada,aadda,aaddd,aadad,aadaa,addaa,addad,adddd,addda,adada,adadd,adaad,adaaa,ddaaa,ddaad,ddadd,ddada,dddda,ddddd,dddad,dddaa,dadaa,dadad,daddd,dadda,daada,daadd,daaad,daaaa
7.371208448461262,183.83154132728325,61.083573757354955,61.81435288137746,10.97415395268657,5.617125835273524,18.840274755849507,6.8409357888451545,0.4098113648312088,0.4273142852584516,0.42933619217621377,2.181436206611647,1.8712097363270543,0.4196483273352332,0.5927199368726497,0.06728329732136851,0.2110641489179716,0.13455483117291708,0.2604108758435858,0.05304922745701354,0.07631531773093941,0.09598692602823314,0.05873304864502502,0.4071555474248551,0.04768287118284043,0.002506036342825172,0.01994415675647866,0.19925083475002567,0.26973242598071945,0.049612164372354876,0.0809923262179691,0.013044604446385897
