aaaaa,aaaad,aaadd,aaada,aadda,aaddd,aadad,aadaa,addaa,addad,adddd,addda,adada,adadd,adaad,adaaa,ddaaa,ddaad,ddadd,ddada,dddda,ddddd,dddad,dddaa,dadaa,dadad,daddd,dadda,daada,daadd,daaad,daaaa
5.94931051741035,171.39708516502213,67.35525162189977,54.009062468158874,11.547584878165127,5.248713346922598,14.421269996343872,5.4101700541776205,0.5165174550930581,0.5280111848333476,0.29373772775682216,1.727838673678175,1.3626152096056519,0.38400940159001595,0.5254109955545795,0.04801737979084767,0.17472523718938446,0.136656322176009,0.2824367048969537,0.05793212857012049,0.0728882562966234,0.079931667006639,0.06172557869564118,0.4246966890426369,0.03680846678143546,0.0013941400593026365,0.026773364932521502,0.19572837784675312,0.21619953373106085,0.05109941032308928,0.07927943948857336,0.01409075405707666
