aaaaa,aaaad,aaadd,aaada,aadda,aaddd,aadad,aadaa,addaa,addad,adddd,addda,adada,adadd,adaad,adaaa,ddaaa,ddaad,ddadd,ddada,dddda,ddddd,dddad,dddaa,dadaa,dadad,daddd,dadda,daada,daadd,daaad,daaaa
4.886835500976365,143.5128155581582,55.81016513378454,44.622543185729874,9.514592607159543,4.887958059242451,12.431850583561822,4.581115245082929,0.29556473938458494,0.2717463219886283,0.1800788310358207,1.264423437733896,1.3128449720869424,0.29231019467672625,0.41462689254378005,0.03766711014517355,0.1475690573488931,0.10156756716417965,0.24145094302939565,0.04985539027627724,0.06104558541566841,0.06880723786067452,0.050605143506155706,0.31600691903190903,0.03442810095478061,0.0014075500798318814,0.017821777175558436,0.135363734170784,0.18605725069755943,0.03636519653130653,0.062478296257749644,0.011310188857637526
