aaaaa,aaaad,aaadd,aaada,aadda,aaddd,aadad,aadaa,addaa,addad,adddd,addda,adada,adadd,adaad,adaaa,ddaaa,ddaad,ddadd,ddada,dddda,ddddd,dddad,dddaa,dadaa,dadad,daddd,dadda,daada,daadd,daaad,daaaa
6.331655069918544,133.65163265478654,59.5513710181339,43.72773464763744,9.936644303967535,5.513783116585206,11.467921442664968,4.432640831187187,0.16485977564269916,0.09301537897864347,0.10563033466321475,1.063801408078611,1.3965949837876184,0.2590585593176707,0.34791549739152083,0.026175929889271345,0.13171879594212435,0.09597526135404523,0.26809793368986773,0.05040357290762674,0.06260117038181037,0.06789769806082036,0.05950300124900867,0.27019826452862666,0.04699481512712939,0.00505545208969169,0.0171380227479655,0.1115009317996332,0.18080592826694586,0.029840022311987135,0.053780647696043606,0.010713466978152883
