aaaaa,aaaad,aaadd,aaada,aadda,aaddd,aadad,aadaa,addaa,addad,adddd,addda,adada,adadd,adaad,adaaa,ddaaa,ddaad,ddadd,ddada,dddda,ddddd,dddad,dddaa,dadaa,dadad,daddd,dadda,daada,daadd,daaad,daaaa
5.930710328335571,160.79167392798527,67.20287966909342,52.35763338940716,11.382743350635657,6.271803234739284,15.303761877854981,5.93550562602548,0.1739124743645259,0.11320390449757906,0.18795726564607482,1.3871380337101957,1.7950242544127433,0.3206302268591968,0.4336280021629616,0.037462963059529,0.16813284822055652,0.11313296042936495,0.29473146704667963,0.05801401219769559,0.07278586413229575,0.08024529871144408,0.06294852549385482,0.3281695821243099,0.062069087108253033,0.005834305475269243,0.01679595706060228,0.13609277426280297,0.22791044715978642,0.03547865171203432,0.06314305500584876,0.011984872049299853
