aaaaa,aaaad,aaadd,aaada,aadda,aaddd,aadad,aadaa,addaa,addad,adddd,addda,adada,adadd,adaad,adaaa,ddaaa,ddaad,ddadd,ddada,dddda,ddddd,dddad,dddaa,dadaa,dadad,daddd,dadda,daada,daadd,daaad,daaaa
4.889870796438872,144.13634538814205,52.95677002169352,45.82240873352153,9.535755061606297,5.123806825170895,12.739550786456466,4.53908565052777,0.2583150358217116,0.23349099477033394,0.1793930375202239,1.2707120698426582,1.4416533797083473,0.28072377582411184,0.41620769395090734,0.04044711867539241,0.1505871071115006,0.10027010414313281,0.23434870270821698,0.04755519988228588,0.06100251360235497,0.07262233252173998,0.04878267340873736,0.2954644193071448,0.03455074692381552,0.001782106123736109,0.016335735513614273,0.1296963460483458,0.19479374822274964,0.03536222359023636,0.06173059055716338,0.010876754616427415
