aaaaa,aaaad,aaadd,aaada,aadda,aaddd,aadad,aadaa,addaa,addad,adddd,addda,adada,adadd,adaad,adaaa,ddaaa,ddaad,ddadd,ddada,dddda,ddddd,dddad,dddaa,dadaa,dadad,daddd,dadda,daada,daadd,daaad,daaaa
5.569606420290141,161.48783740603753,57.65893364504602,47.65760796217201,14.127376169508556,5.106992505470894,9.88539227643505,4.008767926126151,2.2944928600427335,2.6488914788062097,0.4666881976965482,1.6559952879981905,0.7135604930082946,0.38987504116670413,0.6248569270753505,0.06138370083439795,0.21402671023670902,0.161266913622139,0.18722017684328127,0.03623639434326706,0.07048148880786015,0.07169917745367407,0.05442135312977248,0.6029138700901921,0.010723307879570433,0.057826509469969235,0.06152929907310708,0.23799108845804584,0.1478852982993598,0.07001849817709399,0.10075598752208113,0.015615471249118953
