aaaaa,aaaad,aaadd,aaada,aadda,aaddd,aadad,aadaa,addaa,addad,adddd,addda,adada,adadd,adaad,adaaa,ddaaa,ddaad,ddadd,ddada,dddda,ddddd,dddad,dddaa,dadaa,dadad,daddd,dadda,daada,daadd,daaad,daaaa
5.355548689813797,157.67028773119594,57.48139038960406,53.49001410325915,9.98694337254161,4.575549284927368,15.570549710042293,5.880295228672144,0.4328906096923849,0.4574070569853233,0.4018404691862262,1.9978103158131293,1.3874918422897875,0.3946543457157492,0.5100092247391437,0.0525805849335386,0.17064270506695095,0.12643754726382678,0.2411111825727967,0.051275272744599476,0.06668899507784931,0.07650507807452091,0.05546997462689825,0.3887837953488427,0.04319000159025833,0.0009470651354395527,0.022228609515140437,0.1950580616003857,0.21998859630349962,0.04767360444162815,0.07138198709671435,0.012204862277866156
