aaaaa,aaaad,aaadd,aaada,aadda,aaddd,aadad,aadaa,addaa,addad,adddd,addda,adada,adadd,adaad,adaaa,ddaaa,ddaad,ddadd,ddada,dddda,ddddd,dddad,dddaa,dadaa,dadad,daddd,dadda,daada,daadd,daaad,daaaa
5.18816855106054,147.28250692643547,52.553713030144365,46.38764052487477,9.290811246750108,4.47473182041517,13.205521290629356,4.8211718909309065,0.40957735627864605,0.4198955361008291,0.24842299209739532,1.4883044330228798,1.2797886879099547,0.3124468763312784,0.4584037507634078,0.04736374536815201,0.15455765398148447,0.10826725031430084,0.22709104246948172,0.04383232433551193,0.060420152157604955,0.07029600945806048,0.047171692005837464,0.3479742627418498,0.030334759517841915,0.0004949339090516359,0.019351068836150336,0.15713741399609316,0.19398467422393417,0.041549844936163524,0.06687514830986722,0.011212453131585386
