aaaaa,aaaad,aaadd,aaada,aadda,aaddd,aadad,aadaa,addaa,addad,adddd,addda,adada,adadd,adaad,adaaa,ddaaa,ddaad,ddadd,ddada,dddda,ddddd,dddad,dddaa,dadaa,dadad,daddd,dadda,daada,daadd,daaad,daaaa
5.562153918381823,164.4990170246935,61.67495081909364,53.801772482331295,10.646606040658394,5.53551774127894,15.334233802299318,5.656566568209032,0.31359634309588474,0.28765843651320916,0.2705001856909382,1.6637124975456952,1.6260957051830693,0.3589868259101322,0.49313438263177056,0.04769678475927639,0.18007369887102553,0.11863091440720733,0.2648874761692188,0.05426094800616422,0.07080717483684447,0.08332606542911986,0.05779505370192494,0.35712581481752326,0.04368954292940235,0.0022458068282375423,0.017899026858267282,0.1613777755651696,0.228665096046773,0.041821725589544126,0.07132704469164379,0.012628585738574732
