aaaaa,aaaad,aaadd,aaada,aadda,aaddd,aadad,aadaa,addaa,addad,adddd,addda,adada,adadd,adaad,adaaa,ddaaa,ddaad,ddadd,ddada,dddda,ddddd,dddad,dddaa,dadaa,dadad,daddd,dadda,daada,daadd,daaad,daaaa
5.1153346846840355,146.33893327107185,50.43137540569277,45.94027944061417,9.848564526970522,4.250156459977615,11.736180450434869,4.110091997544179,0.5972590646931165,0.6481552393904164,0.27104219235955174,1.5342324724380734,1.07021474331064,0.3130972110711297,0.46662784164913795,0.048111282576985125,0.14666658766708296,0.11125867200286049,0.21951189218120132,0.043937969576908875,0.058287118185899406,0.06683229161568185,0.045495501576962576,0.37430670434810986,0.019171901305680746,0.00248232347070432,0.02530071809651065,0.1724146574837364,0.18211031884201098,0.0459752410710685,0.07136104103859416,0.011727025736954595
