aaaaa,aaaad,aaadd,aaada,aadda,aaddd,aadad,aadaa,addaa,addad,adddd,addda,adada,adadd,adaad,adaaa,ddaaa,ddaad,ddadd,ddada,dddda,ddddd,dddad,dddaa,dadaa,dadad,daddd,dadda,daada,daadd,daaad,daaaa
9.16371097303818,179.1187751114167,54.17055502247216,54.746858177618904,14.059755168380953,4.759711902204707,13.370829244012272,5.225046932863166,2.1855681263085325,2.851322282307354,0.6411218492996639,2.2718175421395013,0.8809392721526932,0.4299311454941048,0.7430273469555194,0.08748598482179071,0.24916583248805685,0.17457900781039437,0.17543556801689858,0.03191061563386076,0.07447371744594196,0.0832856191069625,0.059012019593238145,0.6213468488350776,0.010380661520047043,0.044265530562548824,0.07277351082122634,0.2817923535662247,0.18549516129827562,0.07883827464158769,0.11186422968102767,0.015450732378988027
