aaaaa,aaaad,aaadd,aaada,aadda,aaddd,aadad,aadaa,addaa,addad,adddd,addda,adada,adadd,adaad,adaaa,ddaaa,ddaad,ddadd,ddada,dddda,ddddd,dddad,dddaa,dadaa,dadad,daddd,dadda,daada,daadd,daaad,daaaa
7.9730832941644625,180.02097839432014,56.816629186095156,59.159321442888455,11.110468197901966,4.465471754141867,17.132558750096933,6.224727039195639,0.8102306097564078,0.9634339360748939,0.5323715924272655,2.3508540892034846,1.3601802360790236,0.429861188554481,0.6149277765077829,0.07007728704631674,0.1956931394377482,0.13627676071327502,0.24378028664506993,0.04488545999427701,0.06939546989503124,0.08117978916586294,0.055950382131395596,0.5062698179390986,0.02692747809023973,0.0013551110649344153,0.033099372049620955,0.22635421080733886,0.24986605355130964,0.05893850897054178,0.08918914844519535,0.013400619453928751
