aaaaa,aaaad,aaadd,aaada,aadda,aaddd,aadad,aadaa,addaa,addad,adddd,addda,adada,adadd,adaad,adaaa,ddaaa,ddaad,ddadd,ddada,dddda,ddddd,dddad,dddaa,dadaa,dadad,daddd,dadda,daada,daadd,daaad,daaaa
5.087493716437052,148.74082500852214,54.207587301692854,46.7274105969464,10.469388572889153,5.907802003799865,13.052884866950233,4.6272933646330685,0.18403175008106795,0.14579274845191284,0.12980353967332683,1.1122177085327405,1.6358562721120535,0.2525431804914805,0.4046091316010399,0.03909143944989771,0.1478177696718941,0.09502279456507223,0.2546078538653018,0.04855666918776183,0.06166933454196785,0.07254590985842227,0.05028644635618963,0.278523253748823,0.04011351892614702,0.0035274269763629178,0.016496164475155065,0.11473636002203126,0.20588265611311002,0.03028358721998756,0.05945778745981678,0.01052540586125974
