aaaaa,aaaad,aaadd,aaada,aadda,aaddd,aadad,aadaa,addaa,addad,adddd,addda,adada,adadd,adaad,adaaa,ddaaa,ddaad,ddadd,ddada,dddda,ddddd,dddad,dddaa,dadaa,dadad,daddd,dadda,daada,daadd,daaad,daaaa
4.868033641791559,136.79316203215015,47.405868822576075,45.22534972726185,8.562530301998292,4.2557133928306135,12.86100612264649,4.634181735648468,0.329465581363565,0.33884328647395723,0.26998557548451324,1.5116082746157715,1.2904575454328322,0.30391811404895086,0.4324629024929678,0.045627222384210235,0.15032103514651174,0.1003907857166998,0.2031601553833069,0.04311951030198783,0.05717853162272522,0.06982730135799092,0.044764127322708874,0.3051526660343829,0.03145596953438658,0.0008920490031964552,0.01596779284966388,0.14751289984700766,0.1893094219957917,0.038010989316733655,0.06161206563101109,0.010228821586262924
