aaaaa,aaaad,aaadd,aaada,aadda,aaddd,aadad,aadaa,addaa,addad,adddd,addda,adada,adadd,adaad,adaaa,ddaaa,ddaad,ddadd,ddada,dddda,ddddd,dddad,dddaa,dadaa,dadad,daddd,dadda,daada,daadd,daaad,daaaa
6.717359677047389,174.48153394632905,58.101538095703575,55.16053299762321,11.039971151306558,4.888462119551181,15.20420172035116,5.376659377286392,0.6526368722032324,0.7204300072505564,0.3516680571611432,1.9046360201263317,1.378915952702365,0.37660836730628566,0.5631424719512356,0.0619781961783222,0.18100638410887762,0.1330332325266992,0.25123032210542356,0.048421710723608354,0.0689848693860919,0.08159882241253168,0.05342443036594778,0.4391708314465918,0.02652505213619693,0.001136225550651448,0.027843546291604925,0.20548636948634202,0.22861644899646802,0.053071413947296024,0.08292390661312853,0.013250493557448102
