aaa,aad,add,ada,dda,ddd,dad,daa
275.5670897379235,6.3871377138718035,2.9646282859304813,0.8709333027298032,0.036529342803670775,0.0513128954639214,0.011018605361889729,0.010676156383769094
