aaa,aad,add,ada,dda,ddd,dad,daa
283.0248932988707,10.71741067884158,2.3120124484006856,0.9253614109505832,0.038208213121213,0.05294878582324087,0.011776612377523673,0.010202753107913952
