aaa,aad,add,ada,dda,ddd,dad,daa
312.9523294111536,11.700413549879755,1.9765316123748509,1.0728901605963506,0.044854959485107794,0.05720019053565413,0.011915007104952167,0.01134356410535902
