aaa,aad,add,ada,dda,ddd,dad,daa
322.2420180215339,14.847504914425215,2.349879417629863,1.0655636516971363,0.04129206433725343,0.059854283068181094,0.013838871507801009,0.011125630825540727
