aaa,aad,add,ada,dda,ddd,dad,daa
313.35654530062226,8.692918346988604,2.47795550631554,1.0302746041348023,0.04170226157274508,0.05769661604067596,0.011499371657758033,0.011772793592457085
