aaa,aad,add,ada,dda,ddd,dad,daa
307.05080840283176,10.054746161076778,2.834366770172836,0.9858580491924483,0.04115516107294482,0.05522582720552978,0.012825405140656476,0.010911913716479373
