aaa,aad,add,ada,dda,ddd,dad,daa
317.103922578856,12.972454152079317,2.6859993657537844,1.0142159109364635,0.03973091903907342,0.0571092628846234,0.01330698431519849,0.010736229657219307
