aaa,aad,add,ada,dda,ddd,dad,daa
281.8063126984405,11.585223907658605,2.15544067149385,0.9123925786993918,0.034306576160253156,0.05206680463112829,0.011432628763657323,0.009819733690170392
