aaa,aad,add,ada,dda,ddd,dad,daa
302.95753096664595,14.51636251356582,2.280156958677792,0.9925050380634602,0.03777729057698627,0.05521558350905124,0.01323180167291384,0.010054705600597923
