aaa,aad,add,ada,dda,ddd,dad,daa
294.63560943995543,8.129462256618249,3.2887004325534828,0.9306715213541401,0.04138408819709075,0.05558895772520546,0.01265017611154942,0.011345761271966858
