aaa,aad,add,ada,dda,ddd,dad,daa
268.86274544570614,9.166202654028925,1.8998278683450365,0.8888312332980101,0.034053273554466454,0.048252563039653466,0.00990200493259816,0.009514620650862027
