aaa,aad,add,ada,dda,ddd,dad,daa
269.555754249372,12.999190117267862,1.8148448963422383,0.8829845266433409,0.03099234326567365,0.04983121728875819,0.011037733951621304,0.00905916340639236
