aaa,aad,add,ada,dda,ddd,dad,daa
299.66500078729246,14.93804593561669,1.5720350286620701,1.040734964974823,0.03774041876911636,0.054552400076383054,0.01061289017362618,0.01087848409587848
