aaa,aad,add,ada,dda,ddd,dad,daa
330.50260422980915,7.484601975166681,3.9764874461395334,1.0116012722314336,0.03934871196685037,0.06174153378139993,0.01227493682938423,0.01262604809924243
