aaa,aad,add,ada,dda,ddd,dad,daa
317.5159025450248,10.19223847172475,2.771094234120803,1.026761886762785,0.042379624751291235,0.059038938619314876,0.012752086260430218,0.01171068282679504
