aaa,aad,add,ada,dda,ddd,dad,daa
287.7765726019952,9.649480417132315,1.938529264135163,0.9682066664430095,0.037855176922033044,0.0523670411525422,0.010538530079387567,0.010311293385036934
