aaa,aad,add,ada,dda,ddd,dad,daa
268.75007719923536,10.435692035874686,2.1091282457419793,0.8541679610664621,0.030806351974629925,0.049255520414636995,0.010563275634767404,0.009323721143812845
