aaa,aad,add,ada,dda,ddd,dad,daa
309.30633410541634,8.810767048991432,2.537376442018633,1.021074616510967,0.04383506030858373,0.057281323040616054,0.011833136156930529,0.011731897175944727
