aaa,aad,add,ada,dda,ddd,dad,daa
297.18145769408494,7.901771438530013,3.12831179380538,0.9260318450393418,0.03757260107438996,0.05531232245231152,0.011902804351485052,0.011246454108687532
