aaa,aad,add,ada,dda,ddd,dad,daa
289.78931609987796,9.444066819055267,2.215456058380975,0.9558761544635445,0.03878819893603884,0.05351510814498213,0.011109055601116413,0.01068600135085982
