aaa,aad,add,ada,dda,ddd,dad,daa
281.08417590011044,8.807993326818517,2.2535435949790785,0.8925652042634874,0.03206277735900119,0.05107369703352677,0.010312712015774763,0.010033935616701656
