aaa,aad,add,ada,dda,ddd,dad,daa
314.23224453158826,10.859848770952802,2.6572680512894493,0.9965944890456211,0.03752344849191361,0.057765606857316264,0.012364378264368845,0.011184674884049409
