aaa,aad,add,ada,dda,ddd,dad,daa
362.5056629095267,11.956481289670931,3.9008578094053434,1.1423083425614522,0.05035629166306823,0.06833992432618964,0.016195443024272976,0.013484826306497558
