aaa,aad,add,ada,dda,ddd,dad,daa
288.949321457275,11.101011864065098,2.043405926233715,0.9593753166434732,0.03771363939646759,0.05361139612813959,0.011264731093957465,0.010373423773344626
