aaa,aad,add,ada,dda,ddd,dad,daa
279.8631551916446,10.335620150200514,2.245646497806905,0.8869370472714392,0.03187559402952524,0.05123362274714816,0.01083892111931896,0.009716605630206486
