aaa,aad,add,ada,dda,ddd,dad,daa
296.80521986653685,9.122236261763081,3.1361126377533157,0.9126950745585858,0.03660230355500121,0.05527938015951435,0.012278704026907025,0.010928385853806677
