aaa,aad,add,ada,dda,ddd,dad,daa
285.1333678338335,11.45108965996498,2.78923003666014,0.8828287722229688,0.03511292806320915,0.053365252774817476,0.012551431524834854,0.00998503492971472
