aaaaaa,aaaaad,aaaadd,aaaada,aaadda,aaaddd,aaadad,aaadaa,aaddaa,aaddad,aadddd,aaddda,aadada,aadadd,aadaad,aadaaa,addaaa,addaad,addadd,addada,adddda,addddd,adddad,adddaa,adadaa,adadad,adaddd,adadda,adaada,adaadd,adaaad,adaaaa,ddaaaa,ddaaad,ddaadd,ddaada,ddadda,ddaddd,ddadad,ddadaa,ddddaa,ddddad,dddddd,ddddda,dddada,dddadd,dddaad,dddaaa,dadaaa,dadaad,dadadd,dadada,daddda,dadddd,daddad,daddaa,daadaa,daadad,daaddd,daadda,daaada,daaadd,daaaad,daaaaa
1.2974296412084443,32.2204642254326,3.5887809061228975,4.660618098277356,127.70497831932165,20.28689228177471,68.2843788313275,2.419334755438545,12.334771870656988,7.834044193707041,20.337835914681968,0.06097417718339614,15.509987761555283,11.85182141123207,6.202943911743973,0.39632413449577564,1.3586260770892986,0.018128394331245794,0.42540447120986463,0.6982672233276245,3.015651434735857,0.15671851022400415,3.441176685471661,0.42734463038612747,1.177516499064494,2.916244609075813,2.730936401409124,0.08140223372273446,3.677913584059431,1.543867235281868,1.1791261930502266,0.007237367214687537,0.04069178479575634,0.012837982193836141,0.11514696442323881,0.05576683134318509,0.00042793649265220805,0.023780985922633627,0.00784442084779592,0.0022666697576394093,0.21982876000000848,0.001064918278348149,0.13479784085333288,0.0010269021010503388,0.024093312033604885,0.011690834125661057,4.5964613197254186e-05,0.007635521328569198,0.3711804134329431,0.005462844329460242,0.08666740307144237,0.09614346991215807,0.6853513532613764,0.01218074319015945,0.9354771207874242,0.19757098853666424,0.26654268329112396,0.5724902591216432,0.7316625455947672,0.00011609333050650629,1.0710828863810553,0.5239150254219404,0.30445409496824327,6.291399112696652e-05
