aaaaaa,aaaaad,aaaadd,aaaada,aaadda,aaaddd,aaadad,aaadaa,aaddaa,aaddad,aadddd,aaddda,aadada,aadadd,aadaad,aadaaa,addaaa,addaad,addadd,addada,adddda,addddd,adddad,adddaa,adadaa,adadad,adaddd,adadda,adaada,adaadd,adaaad,adaaaa,ddaaaa,ddaaad,ddaadd,ddaada,ddadda,ddaddd,ddadad,ddadaa,ddddaa,ddddad,dddddd,ddddda,dddada,dddadd,dddaad,dddaaa,dadaaa,dadaad,dadadd,dadada,daddda,dadddd,daddad,daddaa,daadaa,daadad,daaddd,daadda,daaada,daaadd,daaaad,daaaaa
0.17301407794683576,21.46643519833862,5.665462575591123,2.698956665343992,106.51010152603723,17.365903473549388,54.96554016372703,3.1990976130441444,10.793458069884045,7.529008611269956,19.513547107669797,0.12232213691153018,13.65487331647703,8.927907582755264,5.97206042321354,0.24208209302078315,1.2104815180190223,0.06338455294206621,0.5973694596189018,0.9596928986208486,2.480550252539469,0.0834227561370705,2.392289212659123,0.5668555483132427,1.062012868457983,2.70709078363667,2.5655527404317584,0.22554750017046507,3.1796192121174967,1.2195566427428235,1.1603668523538941,0.007231906679032829,0.03841351757431283,0.010835837412497372,0.08860598609301047,0.05101533556882217,7.639573716150957e-05,0.01096846051965628,0.0018220660363879706,0.008614363603861513,0.1959998240066667,0.001887252417510049,0.1643466575181709,0.001824373982355109,0.011979061344256765,0.00304132563473197,8.950114571537337e-05,0.0019382249926723223,0.31928883911938705,0.00011217210851070023,0.121026404531547,0.1439640948460646,0.5619340142638336,0.004223977195186164,0.6501460769677712,0.2319198193722707,0.242736856178372,0.539563687349099,0.6764068612456725,0.01342816787397844,0.9186406495428148,0.4121701826030276,0.2978477563769466,2.4202106419233048e-05
