aaaaaa,aaaaad,aaaadd,aaaada,aaadda,aaaddd,aaadad,aaadaa,aaddaa,aaddad,aadddd,aaddda,aadada,aadadd,aadaad,aadaaa,addaaa,addaad,addadd,addada,adddda,addddd,adddad,adddaa,adadaa,adadad,adaddd,adadda,adaada,adaadd,adaaad,adaaaa,ddaaaa,ddaaad,ddaadd,ddaada,ddadda,ddaddd,ddadad,ddadaa,ddddaa,ddddad,dddddd,ddddda,dddada,dddadd,dddaad,dddaaa,dadaaa,dadaad,dadadd,dadada,daddda,dadddd,daddad,daddaa,daadaa,daadad,daaddd,daadda,daaada,daaadd,daaaad,daaaaa
0.0005415144473338467,19.078250714956248,11.10876706618721,2.704940858755023,112.83515325568159,25.49004846418154,54.146991968107656,7.81136589555984,10.44456624312257,7.553243085146789,30.0869444222874,1.6903339112030142,21.52625769357622,6.285158743162311,8.27874512831681,0.1334738619353286,1.906803695704158,0.3091059684932149,1.7965464043731407,2.5833608875253278,1.6730547138064724,0.02441999992797914,1.845972843239021,1.295130145370222,1.0052098692452525,2.932202587374808,3.818479951100591,0.7249261949562771,4.361237265553573,1.0513212080138645,1.5519249208231,0.011343731825339817,0.05450121549340123,0.010283587837908562,0.08293588415981126,0.07575141636461702,0.009342396849954365,0.00028249036437499777,0.002432484819937119,0.045154033734528,0.21260284777809613,0.0007823076910390054,0.353373625264307,0.03509019187375529,0.00354811303293488,0.017568393548686355,0.004832737748875998,0.0014310456178699006,0.4595564485816625,0.011064556133386114,0.36205859869786144,0.4313741309285898,0.3837257987114299,0.021852319581991755,0.5049995525006897,0.4621445478508458,0.23957592830516378,0.5997900787199743,0.9904997625416405,0.0863614687497402,1.2180728677143244,0.3786963191533344,0.3919828888972767,0.00022540679352776887
