aaaaaa,aaaaad,aaaadd,aaaada,aaadda,aaaddd,aaadad,aaadaa,aaddaa,aaddad,aadddd,aaddda,aadada,aadadd,aadaad,aadaaa,addaaa,addaad,addadd,addada,adddda,addddd,adddad,adddaa,adadaa,adadad,adaddd,adadda,adaada,adaadd,adaaad,adaaaa,ddaaaa,ddaaad,ddaadd,ddaada,ddadda,ddaddd,ddadad,ddadaa,ddddaa,ddddad,dddddd,ddddda,dddada,dddadd,dddaad,dddaaa,dadaaa,dadaad,dadadd,dadada,daddda,dadddd,daddad,daddaa,daadaa,daadad,daaddd,daadda,daaada,daaadd,daaaad,daaaaa
0.009722191423874264,19.028448155116166,7.337806974153733,1.973367554130961,107.2906410091085,18.60424276875215,57.02470358457637,3.4703518897972185,9.9044540355008,7.337560434339202,19.198739504324397,0.18268799434969205,15.516220509834993,7.722473474573589,6.616823053101476,0.18070140705487964,1.1513470097293832,0.07147593691561667,0.5407780812097027,0.931781568444774,2.208305490311739,0.020671226944562852,2.418312221188145,0.6116327689942318,0.9282633865929354,2.6515871095521475,2.471312222467504,0.26328721158978285,3.4493571102500766,1.1233222358143387,1.2472295353451444,0.005654447901848626,0.0399103425581469,0.010939194029660454,0.0881719268412368,0.05034784742989946,0.00018630247580599766,0.005385064677887285,0.001570021204013131,0.010911910135148055,0.19521250068778395,0.0018040165468168753,0.1743298619253412,0.001971941471648988,0.003500135157778119,3.0540902360007105e-06,0.0014063940449909895,8.665029316785043e-05,0.30605042457768544,1.1360303005096658e-05,0.11091895020479657,0.1386957196164749,0.5018953190209783,3.7136229682029506e-06,0.6537430188811216,0.24447862077741267,0.21777902717404038,0.5358262866992821,0.6609717295539305,0.01961934205072618,0.9897379295767601,0.3801696883910336,0.3216442850428751,1.7074976584200124e-05
