aaaaaa,aaaaad,aaaadd,aaaada,aaadda,aaaddd,aaadad,aaadaa,aaddaa,aaddad,aadddd,aaddda,aadada,aadadd,aadaad,aadaaa,addaaa,addaad,addadd,addada,adddda,addddd,adddad,adddaa,adadaa,adadad,adaddd,adadda,adaada,adaadd,adaaad,adaaaa,ddaaaa,ddaaad,ddaadd,ddaada,ddadda,ddaddd,ddadad,ddadaa,ddddaa,ddddad,dddddd,ddddda,dddada,dddadd,dddaad,dddaaa,dadaaa,dadaad,dadadd,dadada,daddda,dadddd,daddad,daddaa,daadaa,daadad,daaddd,daadda,daaada,daaadd,daaaad,daaaaa
0.014498093083238274,21.132294294468803,7.121279945585466,2.3280712266769394,115.11867440049224,17.229089360291916,62.05503701346608,2.7697636031066115,11.67271657397909,8.335275881192635,19.66234411711997,0.11322106186100968,14.335934143395008,9.287627532550182,6.448661357101149,0.2601477772867647,1.2217725964894692,0.07377334882282713,0.5493297683971261,0.9386666547110923,2.762799741233939,0.10218404405564785,2.7594392871636737,0.490434942392907,1.158282437214808,2.95177656610041,2.5910283439745463,0.24474409287496923,3.3920070404201064,1.2547742434870428,1.2806958212032156,0.006446624569286499,0.04168048978368735,0.012260934498123,0.09686063453577697,0.051601034422978365,0.0003349534124438326,0.011886114652354016,0.0035382201147719536,0.006970547433770225,0.21086268028268204,0.002275595068822387,0.16305315839337542,0.0008254898740537697,0.01508784976188789,0.003910274735790001,1.796455508387272e-06,0.0019729639269365786,0.32256678788747023,8.98126420788462e-06,0.11085759300097604,0.13885420312771662,0.6251713549463218,0.005893176326327085,0.7426318771185108,0.2103797974299384,0.2638796224894967,0.5884286052972998,0.6829418497767638,0.015185837312213938,0.9766361818318717,0.4252576329301145,0.32889237693454404,3.283884186587692e-05
