aaaaaa,aaaaad,aaaadd,aaaada,aaadda,aaaddd,aaadad,aaadaa,aaddaa,aaddad,aadddd,aaddda,aadada,aadadd,aadaad,aadaaa,addaaa,addaad,addadd,addada,adddda,addddd,adddad,adddaa,adadaa,adadad,adaddd,adadda,adaada,adaadd,adaaad,adaaaa,ddaaaa,ddaaad,ddaadd,ddaada,ddadda,ddaddd,ddadad,ddadaa,ddddaa,ddddad,dddddd,ddddda,dddada,dddadd,dddaad,dddaaa,dadaaa,dadaad,dadadd,dadada,daddda,dadddd,daddad,daddaa,daadaa,daadad,daaddd,daadda,daaada,daaadd,daaaad,daaaaa
0.6717003993935133,25.750114110494387,5.140300678853266,3.6912727937705676,115.14205144769947,21.28873224358781,56.54428133345942,4.498536553630335,11.26934229077828,7.653051618902369,22.974284143233216,0.15808990055058955,15.871611048578252,9.778572777776189,6.577887544897059,0.251689932891337,1.4091489900699208,0.06118897963339435,0.7710623989361991,1.1679668647333183,2.477362714578815,0.054410727524680784,2.3953399539898843,0.795099144540956,1.0826712275295491,2.8377722697307,3.0000596304245915,0.2442582296729303,3.5699912725073877,1.3749318934959236,1.2309367847170303,0.009495945900351861,0.04046364082150966,0.01155101473110244,0.09395279083966482,0.060207980624388556,0.0003421384703683561,0.009940778536529775,0.0005202515944938079,0.013582418647582965,0.2097366112586435,0.0014379332382165723,0.2001234085534682,0.004353524911454964,0.008110018517447476,0.0014238135714858267,0.0007769081085833088,0.001549432786513582,0.37443168190574355,0.0004221199139388664,0.1577972784970186,0.17833523676432175,0.5604510853687428,0.0012166592479858434,0.6574829392674383,0.31001336996407897,0.2485695750954136,0.564643700502333,0.7926459694473568,0.0140247997392132,1.0375315301770105,0.4618506735869147,0.31653358868784615,8.741466905445528e-05
