aaaaaa,aaaaad,aaaadd,aaaada,aaadda,aaaddd,aaadad,aaadaa,aaddaa,aaddad,aadddd,aaddda,aadada,aadadd,aadaad,aadaaa,addaaa,addaad,addadd,addada,adddda,addddd,adddad,adddaa,adadaa,adadad,adaddd,adadda,adaada,adaadd,adaaad,adaaaa,ddaaaa,ddaaad,ddaadd,ddaada,ddadda,ddaddd,ddadad,ddadaa,ddddaa,ddddad,dddddd,ddddda,dddada,dddadd,dddaad,dddaaa,dadaaa,dadaad,dadadd,dadada,daddda,dadddd,daddad,daddaa,daadaa,daadad,daaddd,daadda,daaada,daaadd,daaaad,daaaaa
0.006410335931366584,18.39300450169871,10.671126657199023,2.3701079060498738,107.03493141512102,28.958951094796323,50.89631497616892,9.169658368495238,9.375222812814728,7.0418940905064815,29.521576661095253,1.6818310277107007,24.156073928381712,5.0542368924806444,8.772816796142836,0.07020149084080538,1.9196908552696128,0.314234068231201,1.680111995363556,2.452244346771522,1.2080103460190779,0.13305528492338026,1.6920369085469669,1.4695368821124506,0.8270434373898841,2.7238130424057307,3.689850517503512,0.7032385547312631,4.582695923203304,0.9670430769010065,1.529884836739106,0.009447680394016276,0.052157361552261604,0.00983327480073041,0.07831732496964118,0.0759772798420279,0.020346478753649394,0.004296037096497147,0.006324575243844956,0.05995231100598238,0.2211214810292316,0.0018742863247136208,0.3608946756162608,0.039156668923773966,0.018143560959461822,0.04191930514114869,0.01410455400147904,0.00717591336528392,0.4670108186119047,0.011558490605652175,0.33800955347008915,0.4034395803947791,0.2803153481310354,0.05865820127552071,0.4693531505920727,0.5061950425142016,0.20599535208672878,0.5683435882856129,0.9802702660677362,0.08880219137034462,1.2735831742047892,0.35053395114742236,0.38629461609366833,0.00011485246055407859
