aaaaaa,aaaaad,aaaadd,aaaada,aaadda,aaaddd,aaadad,aaadaa,aaddaa,aaddad,aadddd,aaddda,aadada,aadadd,aadaad,aadaaa,addaaa,addaad,addadd,addada,adddda,addddd,adddad,adddaa,adadaa,adadad,adaddd,adadda,adaada,adaadd,adaaad,adaaaa,ddaaaa,ddaaad,ddaadd,ddaada,ddadda,ddaddd,ddadad,ddadaa,ddddaa,ddddad,dddddd,ddddda,dddada,dddadd,dddaad,dddaaa,dadaaa,dadaad,dadadd,dadada,daddda,dadddd,daddad,daddaa,daadaa,daadad,daaddd,daadda,daaada,daaadd,daaaad,daaaaa
0.03671866758309294,17.582502682165575,10.669719328190391,2.017353632628474,112.58703483147124,21.80034404964682,55.94258748368009,6.032938169261791,10.874342830810575,8.142805430337166,26.17458726813604,1.200634633237938,18.438329238058586,7.074849557689747,7.8240788587738095,0.14522796456698459,1.5457974393430163,0.20804261559015166,1.2443219706440702,1.9009320944974122,2.0641730599230925,0.00013643672118534387,2.021271007402722,1.0272101413500314,1.0514091232105258,2.984237246359353,3.3164964438160585,0.5975765382144951,3.91482965756423,1.1116819176586223,1.5041875431668748,0.010618153736114263,0.053922679045616075,0.009123412079043155,0.08604675908422998,0.0643289703035123,0.0020514522719269736,0.0007837436714509166,0.00039747956422623085,0.03243218752486489,0.2191139272392577,0.0021723521031837534,0.29612609502732823,0.021241805496195067,0.00020490647262092976,0.004785214640949893,0.0028226218489918425,0.0006819994622162218,0.3868231203321033,0.005198283075626487,0.2495085591714027,0.3068457293029194,0.46836785570066325,0.004774290885259884,0.5482457223792206,0.377412557333644,0.2451685570955085,0.6041354583810841,0.8631559394293574,0.06707116863274468,1.115212423418778,0.3814554854897931,0.3822753117934967,0.00021671636719755783
