aaaaaa,aaaaad,aaaadd,aaaada,aaadda,aaaddd,aaadad,aaadaa,aaddaa,aaddad,aadddd,aaddda,aadada,aadadd,aadaad,aadaaa,addaaa,addaad,addadd,addada,adddda,addddd,adddad,adddaa,adadaa,adadad,adaddd,adadda,adaada,adaadd,adaaad,adaaaa,ddaaaa,ddaaad,ddaadd,ddaada,ddadda,ddaddd,ddadad,ddadaa,ddddaa,ddddad,dddddd,ddddda,dddada,dddadd,dddaad,dddaaa,dadaaa,dadaad,dadadd,dadada,daddda,dadddd,daddad,daddaa,daadaa,daadad,daaddd,daadda,daaada,daaadd,daaaad,daaaaa
0.2107597049681254,23.613105659312378,7.783621159482434,3.0599242463965144,121.04369738163565,24.872362187039453,59.371008569191055,6.1174078620047325,11.179077857870261,8.024897588871758,26.1977544433186,0.5146828080348369,19.53129382337174,8.59014396700374,7.97633850742356,0.17110029772769628,1.5249097781071688,0.10439156422593973,0.9988443793725167,1.5337156289045542,2.2602777893769312,0.003944741417379615,2.3290475036412035,1.0441089540251483,1.048006764105246,3.015415391533495,3.3477218685187897,0.4004286178445154,4.13740499267305,1.3221749114693246,1.4461100124233381,0.00987918849143474,0.04414108389498821,0.01348870960831195,0.09202306084858458,0.07053576624643473,0.00364226599123206,0.0017359770840128658,0.00013159433596747445,0.027741529304244554,0.21993373467729735,0.0012009042452488918,0.25774368577664536,0.010767525389773465,0.00032506710507540515,0.002399112717479462,0.005098013331545033,0.00045446556901081105,0.3951135862933797,1.8847265567829904e-05,0.20456631598678549,0.24046630706312794,0.5134633671405162,0.0021640045293900853,0.6401000133259243,0.3872018762115546,0.24319915266484726,0.6042041090604217,0.8838075703887882,0.03407873783101079,1.1918414703396822,0.4462721811721948,0.37588490006081615,0.00017821054256606384
