aaaaaa,aaaaad,aaaadd,aaaada,aaadda,aaaddd,aaadad,aaadaa,aaddaa,aaddad,aadddd,aaddda,aadada,aadadd,aadaad,aadaaa,addaaa,addaad,addadd,addada,adddda,addddd,adddad,adddaa,adadaa,adadad,adaddd,adadda,adaada,adaadd,adaaad,adaaaa,ddaaaa,ddaaad,ddaadd,ddaada,ddadda,ddaddd,ddadad,ddadaa,ddddaa,ddddad,dddddd,ddddda,dddada,dddadd,dddaad,dddaaa,dadaaa,dadaad,dadadd,dadada,daddda,dadddd,daddad,daddaa,daadaa,daadad,daaddd,daadda,daaada,daaadd,daaaad,daaaaa
0.009649776162005269,19.74877188535419,8.939662610273269,2.6963249072005127,110.88062197021242,20.96547289344983,53.65358034368515,5.790190014762283,10.970440215870081,7.840325872902943,26.09493198842555,0.9936766038001825,16.9230199192991,7.871533280416602,7.207702836220407,0.1867247536396551,1.5796247013783054,0.18721428348877886,1.2835455751987688,1.8897781166403407,2.204127864113116,0.011521525658498188,1.9669179675508333,1.0021527049113244,1.1024070955093461,2.939787451303874,3.3605561972953084,0.5342313446814462,3.674775469221443,1.1845354907584766,1.4095856687732315,0.012486657392776787,0.04837197440202804,0.010260991608662985,0.08248569289545292,0.06679419581171885,0.001454119900215932,0.0024621248122671385,0.0002633276128641035,0.028128366325045506,0.20400002787010357,0.001115534960392866,0.2774706703241892,0.018594284564241365,0.0016627657250738634,0.0009361799336292075,0.0010040915131218956,0.00023991672058295603,0.39556782309649186,0.0037814135802837962,0.2590888843261304,0.30778920247434893,0.4992725761564142,0.0005935639794548319,0.5355400676544665,0.3716149354917858,0.25377063770064984,0.5901578368857407,0.8698250270671076,0.05545411447320245,1.050205445120022,0.4063033124961227,0.3564387788986666,0.00031303121445767386
