aaaaaa,aaaaad,aaaadd,aaaada,aaadda,aaaddd,aaadad,aaadaa,aaddaa,aaddad,aadddd,aaddda,aadada,aadadd,aadaad,aadaaa,addaaa,addaad,addadd,addada,adddda,addddd,adddad,adddaa,adadaa,adadad,adaddd,adadda,adaada,adaadd,adaaad,adaaaa,ddaaaa,ddaaad,ddaadd,ddaada,ddadda,ddaddd,ddadad,ddadaa,ddddaa,ddddad,dddddd,ddddda,dddada,dddadd,dddaad,dddaaa,dadaaa,dadaad,dadadd,dadada,daddda,dadddd,daddad,daddaa,daadaa,daadad,daaddd,daadda,daaada,daaadd,daaaad,daaaaa
1.9237167291172748,33.227891840764094,3.0521140278447794,4.857793624881302,126.29937721286026,22.42903725868647,65.97768267325986,3.003324136481934,11.792554845873541,7.54105531067919,20.855443233184968,0.06292335064398581,16.4841842683254,11.645665393365562,6.354393635582734,0.3592965030226633,1.3602287721362345,0.010945865333816439,0.4232374736422538,0.6841448174499483,2.761912454190853,0.097907575325327,3.286377765551535,0.5284005732482661,1.0898911288457636,2.8366963831170313,2.7768436863560617,0.07548846527426147,3.7758281999410856,1.5698187382405948,1.155530230330057,0.007085689095501049,0.039772934551927874,0.012187205700232285,0.1131325131823894,0.05718236506876707,0.00019436984760939942,0.020685630515688357,0.005840306031319844,0.0034019599725704027,0.21796303356662106,0.0010036942402770262,0.14174054282200574,0.0005228029063899802,0.015770367756079814,0.007041147323909105,0.0002416381184308877,0.005303243658246789,0.3753530454683188,0.008149562601376503,0.087868512014191,0.09376841732068951,0.6297203379138271,0.005313586424014923,0.8993468069696938,0.23085738806842282,0.2508317282824603,0.5607515432402399,0.7520316053537894,5.562533799840918e-05,1.1019136146878943,0.5292210798498752,0.2998343707259139,2.6393978800025764e-05
