aaaaaa,aaaaad,aaaadd,aaaada,aaadda,aaaddd,aaadad,aaadaa,aaddaa,aaddad,aadddd,aaddda,aadada,aadadd,aadaad,aadaaa,addaaa,addaad,addadd,addada,adddda,addddd,adddad,adddaa,adadaa,adadad,adaddd,adadda,adaada,adaadd,adaaad,adaaaa,ddaaaa,ddaaad,ddaadd,ddaada,ddadda,ddaddd,ddadad,ddadaa,ddddaa,ddddad,dddddd,ddddda,dddada,dddadd,dddaad,dddaaa,dadaaa,dadaad,dadadd,dadada,daddda,dadddd,daddad,daddaa,daadaa,daadad,daaddd,daadda,daaada,daaadd,daaaad,daaaaa
0.03959226893337752,18.44737478512899,10.910754795273146,2.352449597570665,112.12641629049668,22.32850075307939,56.07461372507305,6.0816622802527025,10.299720221072441,7.459395291727156,26.48775009845595,1.155946170635255,19.52532802578979,6.544211097782158,7.9017799455055036,0.13978425586164206,1.661019793869438,0.24477136735270935,1.3567755586813925,2.041150406437139,1.8918706269258927,0.0019312350325964734,2.0486449938143156,1.0100230379367485,0.9981770959399902,2.8580661260364,3.38060073290703,0.5940760027005366,4.052845106521495,1.0579441425911564,1.5132585860203698,0.010999099933751106,0.05359216065135184,0.009818772651143988,0.08423166209689754,0.06853963789942356,0.003746933784439534,0.00019911073121911803,0.0005688953339020213,0.03388606497710787,0.20698314033048346,0.0009287616187655565,0.2950286937416035,0.02053032043559151,0.0005822528864399904,0.009287894936194536,0.0034414194895602476,0.0009583663290534283,0.41127905984805696,0.007838493536545877,0.27230518638390694,0.3336489519319523,0.4298170121278912,0.009227336450070817,0.5532652488711052,0.37590057688963013,0.23256259147607206,0.5772003293600644,0.8790852457122301,0.06636360265708201,1.1485598904446208,0.36947936479173926,0.3822447358800948,0.000163357429960388
