aaaaaa,aaaaad,aaaadd,aaaada,aaadda,aaaddd,aaadad,aaadaa,aaddaa,aaddad,aadddd,aaddda,aadada,aadadd,aadaad,aadaaa,addaaa,addaad,addadd,addada,adddda,addddd,adddad,adddaa,adadaa,adadad,adaddd,adadda,adaada,adaadd,adaaad,adaaaa,ddaaaa,ddaaad,ddaadd,ddaada,ddadda,ddaddd,ddadad,ddadaa,ddddaa,ddddad,dddddd,ddddda,dddada,dddadd,dddaad,dddaaa,dadaaa,dadaad,dadadd,dadada,daddda,dadddd,daddad,daddaa,daadaa,daadad,daaddd,daadda,daaada,daaadd,daaaad,daaaaa
0.9879861885136478,26.842740221428688,4.731189440899654,3.9587501414699577,114.78409354624978,23.003876166967434,55.84857423551327,4.937383190065939,10.595302121478033,7.141182321807161,23.257355366784665,0.12482566868269795,17.0193039699835,9.444096327952892,6.727896586042458,0.23104452976634554,1.4259562930676053,0.051268128333788625,0.7649588654315042,1.1473168864618684,2.257997923268991,0.023334109756884637,2.370807659922375,0.8656631307204706,0.9802665760354239,2.713153498617671,3.013931458290161,0.2241645719399941,3.7084269691748752,1.3683317117672857,1.2171554959728244,0.009476221053280954,0.04018384687123678,0.011081623407633452,0.09368947760114422,0.06143282599553129,0.0011274861064396067,0.007862131330968887,0.00028972385093006575,0.015172263407460376,0.20577156537043434,0.001010719549854136,0.2048307835362181,0.004717294747142427,0.0037987723676350276,0.0001581516632327441,0.0021119272136723515,0.0007520732426196859,0.38138345376284905,0.0010206436568321888,0.15759434374398953,0.17445239540490173,0.512542854626689,3.607657590441199e-06,0.6535939768899259,0.331984524495556,0.2277686693250653,0.5412767245668748,0.8036492235604116,0.011981457151434215,1.0783707149368325,0.4594942539829204,0.31370777072293954,9.24961461631749e-05
