aaaaaa,aaaaad,aaaadd,aaaada,aaadda,aaaddd,aaadad,aaadaa,aaddaa,aaddad,aadddd,aaddda,aadada,aadadd,aadaad,aadaaa,addaaa,addaad,addadd,addada,adddda,addddd,adddad,adddaa,adadaa,adadad,adaddd,adadda,adaada,adaadd,adaaad,adaaaa,ddaaaa,ddaaad,ddaadd,ddaada,ddadda,ddaddd,ddadad,ddadaa,ddddaa,ddddad,dddddd,ddddda,dddada,dddadd,dddaad,dddaaa,dadaaa,dadaad,dadadd,dadada,daddda,dadddd,daddad,daddaa,daadaa,daadad,daaddd,daadda,daaada,daaadd,daaaad,daaaaa
0.05035195867090848,19.629550157607962,6.171153968027294,2.118460870441414,104.34514834043715,17.122844289217742,56.42783020079773,2.73187213225971,9.772803685694164,7.050493152433125,17.644425864136934,0.06577441534187162,14.167055748521614,8.01200629799649,6.056990438189026,0.20884266111377514,1.0761938953718853,0.05030305019765538,0.44213735793251496,0.7736229557957979,2.2693556994963897,0.043887729339793354,2.5277290226286153,0.4821281343952225,0.9228853134189363,2.5428837812158207,2.300173502706582,0.19785501254630825,3.22744940145066,1.1234159703919684,1.1551097096964795,0.00529354586442987,0.03723007367086851,0.010763918252084944,0.08785405615861715,0.04687579366819658,6.556210121543491e-05,0.008365981852010021,0.0030925507935989595,0.00670706321701198,0.1873096549555046,0.0016385943886736613,0.14744047342863367,0.0005026096475193708,0.007357393011393148,0.0010404006643905338,0.0004920533342942331,0.0006788520111200877,0.2884957946249033,0.0004012195144460008,0.09066942137479432,0.11247459135460218,0.515683225511977,0.0009097172492310093,0.6820830090320966,0.20243563243780663,0.21419359015500802,0.5101023466668779,0.6154752783848139,0.011485813978222695,0.92905659240519,0.38001758253317974,0.29831160578268584,1.574778071531769e-05
