aaaaaa,aaaaad,aaaadd,aaaada,aaadda,aaaddd,aaadad,aaadaa,aaddaa,aaddad,aadddd,aaddda,aadada,aadadd,aadaad,aadaaa,addaaa,addaad,addadd,addada,adddda,addddd,adddad,adddaa,adadaa,adadad,adaddd,adadda,adaada,adaadd,adaaad,adaaaa,ddaaaa,ddaaad,ddaadd,ddaada,ddadda,ddaddd,ddadad,ddadaa,ddddaa,ddddad,dddddd,ddddda,dddada,dddadd,dddaad,dddaaa,dadaaa,dadaad,dadadd,dadada,daddda,dadddd,daddad,daddaa,daadaa,daadad,daaddd,daadda,daaada,daaadd,daaaad,daaaaa
0.49470769409044635,23.865044344414425,4.377166414608697,3.385573538748279,105.53600153069857,16.886370022857054,54.261009773187105,2.8163840365780715,10.640337155076296,7.034410298776907,18.89102860732003,0.036430297149214336,12.997965103446363,9.423171903033971,5.53880203344544,0.28101376046444965,1.211966080708024,0.04518063179344329,0.5512942407076001,0.8647184261249902,2.5258667727386728,0.11714983659590542,2.476608228844016,0.4990796299094521,1.047574886846847,2.5806865069286835,2.5120363917820994,0.16122991003528336,3.0700582148628044,1.2516647949389736,1.0757163065287132,0.007560512017761928,0.03650031660170534,0.01063261362776733,0.08937183778971182,0.05053707325109358,0.00015252280563199649,0.01477075714862307,0.0026664155586074894,0.006027224338129185,0.18901580583837285,0.0012967313000944532,0.14715920539162622,0.0009251034692682738,0.01644904892916378,0.006070977783388989,2.3138272829813523e-06,0.004025294585305823,0.3213334614098348,0.0007844605719837281,0.11146611386520067,0.1281797550869141,0.5725513619741995,0.008207140970665208,0.674345935929896,0.21127990539212516,0.23718086718788275,0.5098177587173646,0.6619726480233352,0.006155697408436966,0.8903646026128785,0.4245030468043664,0.27614203607284116,1.5945863057455164e-05
