aaaaaa,aaaaad,aaaadd,aaaada,aaadda,aaaddd,aaadad,aaadaa,aaddaa,aaddad,aadddd,aaddda,aadada,aadadd,aadaad,aadaaa,addaaa,addaad,addadd,addada,adddda,addddd,adddad,adddaa,adadaa,adadad,adaddd,adadda,adaada,adaadd,adaaad,adaaaa,ddaaaa,ddaaad,ddaadd,ddaada,ddadda,ddaddd,ddadad,ddadaa,ddddaa,ddddad,dddddd,ddddda,dddada,dddadd,dddaad,dddaaa,dadaaa,dadaad,dadadd,dadada,daddda,dadddd,daddad,daddaa,daadaa,daadad,daaddd,daadda,daaada,daaadd,daaaad,daaaaa
0.11200237754506798,26.4328736853122,8.193930905183867,2.9793884679550544,137.8840764304636,24.124092288671655,73.85955437639588,4.079483864419425,11.989163483868706,8.561560458561605,24.079578108496523,0.10563908303441655,20.219300033529997,9.979378602576341,8.321605508570467,0.2419255154794964,1.4305540197486666,0.06217148791235567,0.6094246605221961,1.0596598687151297,2.736391017573168,0.023521980392875754,3.2575655347140335,0.7141832599289345,1.079109500545623,3.1615584834565005,3.0908011547583323,0.2618066160235803,4.477002850650606,1.4402019083914417,1.5507282122903019,0.007752984007316017,0.05023450210838261,0.013799243289559615,0.11642302138742898,0.06360594234932075,0.00046418971871317876,0.0074058543316073725,0.0026887526476619527,0.011650449847551226,0.2442352568289202,0.0017469200307094466,0.21142222330283597,0.00157580647866792,0.00412685210267013,3.0934225777872154e-06,0.0022429571364831246,0.00011064398361771316,0.3837751392053707,0.0008461200281981677,0.12532639446263105,0.15485433559861805,0.622844706622918,3.934871576080238e-05,0.8807339135364929,0.29311727304692814,0.2535640415737898,0.6360910784008499,0.8328189885803994,0.015728465439533316,1.284514486920925,0.49007040498041465,0.399821289503024,8.770216775443622e-06
