aaaaaa,aaaaad,aaaadd,aaaada,aaadda,aaaddd,aaadad,aaadaa,aaddaa,aaddad,aadddd,aaddda,aadada,aadadd,aadaad,aadaaa,addaaa,addaad,addadd,addada,adddda,addddd,adddad,adddaa,adadaa,adadad,adaddd,adadda,adaada,adaadd,adaaad,adaaaa,ddaaaa,ddaaad,ddaadd,ddaada,ddadda,ddaddd,ddadad,ddadaa,ddddaa,ddddad,dddddd,ddddda,dddada,dddadd,dddaad,dddaaa,dadaaa,dadaad,dadadd,dadada,daddda,dadddd,daddad,daddaa,daadaa,daadad,daaddd,daadda,daaada,daaadd,daaaad,daaaaa
0.8318727135627456,28.19842717903839,5.433203578794782,4.080554291293678,122.7125206196815,24.28190810586486,61.12918134711033,4.902892337695993,10.778399782561337,7.2402927516723645,24.01869708143838,0.09591359587667526,18.672551578618727,9.594649730246017,7.2753687529450985,0.23496397642946373,1.4868034674645418,0.05422711006536717,0.7506879259784492,1.1540903403756861,2.3261533011189663,0.0158242786923779,2.6397591738773944,0.8534672317343542,0.9759059011802136,2.7891634327145507,3.105062833027652,0.22313401511240633,4.038659391231589,1.400425003024138,1.3123820957528456,0.009414304847984606,0.04335893355585431,0.01188673602272867,0.10115274567717193,0.0643006312628296,0.0013776399147652737,0.007293093033700047,0.0006260399399859684,0.014751713410701079,0.21562668909950644,0.0008339664908157828,0.2108649768051036,0.003754734187140574,0.0027696820153050358,9.40971228276929e-08,0.0026247308950970083,0.0004446271046511619,0.39759150113486186,0.0010887995267287371,0.15481355763195265,0.1742916496150883,0.5293033066794137,0.0002620799527192553,0.7246211325694103,0.33246495109896496,0.22750612750126495,0.556375633038028,0.8312749458154908,0.01135248593553595,1.1704371343579363,0.4732122658596933,0.3389748052715436,6.0207655479005886e-05
