aaaaaa,aaaaad,aaaadd,aaaada,aaadda,aaaddd,aaadad,aaadaa,aaddaa,aaddad,aadddd,aaddda,aadada,aadadd,aadaad,aadaaa,addaaa,addaad,addadd,addada,adddda,addddd,adddad,adddaa,adadaa,adadad,adaddd,adadda,adaada,adaadd,adaaad,adaaaa,ddaaaa,ddaaad,ddaadd,ddaada,ddadda,ddaddd,ddadad,ddadaa,ddddaa,ddddad,dddddd,ddddda,dddada,dddadd,dddaad,dddaaa,dadaaa,dadaad,dadadd,dadada,daddda,dadddd,daddad,daddaa,daadaa,daadad,daaddd,daadda,daaada,daaadd,daaaad,daaaaa
0.055508660394091636,27.385926613265664,7.6162078931372506,2.9549763393935735,142.7310934530924,20.119055221268408,80.17147720775841,2.376035202828527,14.356466713112102,10.078702119189739,21.95004126058976,0.00866254541993148,16.964208918748028,11.891769635536889,7.492325060378625,0.3776463390333263,1.4082431340759793,0.057838955996077086,0.4822267527121447,0.872367632020171,3.5268284788085813,0.1662268456224406,3.8440642116642003,0.42235938364974424,1.4151985557891904,3.5622296099190542,2.918385326226071,0.19958323762313948,4.095266468717876,1.559313985364608,1.4987707994536776,0.006546745926223512,0.04959766836316473,0.015112789001145903,0.12623637073114521,0.057880168600567085,0.0012252706926919707,0.01995020893866209,0.009669684699696979,0.0033578174178103388,0.25701178813078335,0.0026461095052515435,0.16314157389306475,0.0006441151967507414,0.0262520797280299,0.009887635721118324,0.00019541869335116922,0.004887850904713564,0.37849728860277115,0.0008012639453023646,0.09700943266251462,0.12254041261019123,0.7987330359346937,0.012259111169653867,1.0305081281623374,0.198582295917628,0.32024783621154035,0.7055566340594359,0.7749427645979268,0.007605188417020986,1.1822724436829883,0.5287063420763269,0.38581685276330724,0.00014231804150508057
