aaaaaa,aaaaad,aaaadd,aaaada,aaadda,aaaddd,aaadad,aaadaa,aaddaa,aaddad,aadddd,aaddda,aadada,aadadd,aadaad,aadaaa,addaaa,addaad,addadd,addada,adddda,addddd,adddad,adddaa,adadaa,adadad,adaddd,adadda,adaada,adaadd,adaaad,adaaaa,ddaaaa,ddaaad,ddaadd,ddaada,ddadda,ddaddd,ddadad,ddadaa,ddddaa,ddddad,dddddd,ddddda,dddada,dddadd,dddaad,dddaaa,dadaaa,dadaad,dadadd,dadada,daddda,dadddd,daddad,daddaa,daadaa,daadad,daaddd,daadda,daaada,daaadd,daaaad,daaaaa
0.36480901405199595,23.158938443903384,5.695452236998901,3.297534386577422,108.50632410066514,19.900000540395695,53.76642627995055,4.296276951208758,10.345251053770165,7.047636488433803,22.004998214121915,0.22105884041281093,15.431137997516709,8.690140783088026,6.375674351724022,0.2226200201807147,1.352183281891498,0.07566008396238039,0.7941939926124658,1.2033793900076621,2.2628433744516556,0.037124334731649423,2.237680422466819,0.7535618886436074,0.9926613923748079,2.645157008267831,2.8612775318182972,0.26718525198250764,3.4401118462089633,1.2365401955570148,1.2056743661526215,0.009402996030260725,0.039615270369859075,0.010984646600077044,0.08744852264244052,0.05789277547861924,0.000498507131433798,0.007179993894615011,0.0003285181622285217,0.014564881696051317,0.1952837292130248,0.0011051864692961117,0.19969585103141782,0.0052968649989249645,0.005550422980497746,0.0003753424323177709,0.0008555092243765625,0.0008884461767594748,0.35580009283668834,1.2705069656663212e-05,0.1614241758525276,0.18588653868052551,0.5118709923958489,0.0003056227164200366,0.6120719670224173,0.2936799138898139,0.22747984032942917,0.5257798855222597,0.7532616633001858,0.017773639912900655,0.996528784991385,0.41754726404735204,0.30893534599968314,0.00010333283836467447
