aaaaaa,aaaaad,aaaadd,aaaada,aaadda,aaaddd,aaadad,aaadaa,aaddaa,aaddad,aadddd,aaddda,aadada,aadadd,aadaad,aadaaa,addaaa,addaad,addadd,addada,adddda,addddd,adddad,adddaa,adadaa,adadad,adaddd,adadda,adaada,adaadd,adaaad,adaaaa,ddaaaa,ddaaad,ddaadd,ddaada,ddadda,ddaddd,ddadad,ddadaa,ddddaa,ddddad,dddddd,ddddda,dddada,dddadd,dddaad,dddaaa,dadaaa,dadaad,dadadd,dadada,daddda,dadddd,daddad,daddaa,daadaa,daadad,daaddd,daadda,daaada,daaadd,daaaad,daaaaa
0.5864376330570419,30.70505194324722,6.149449739119122,4.384048718957743,138.22813612152626,22.770762791760117,69.96290596343134,4.191373865522072,13.928245900791483,9.286794893859156,25.830629024348713,0.10584445485445913,17.44833227332023,12.14751521077504,7.450800868624714,0.3491639103196957,1.6344937447280221,0.07155950913856333,0.821365412946765,1.26680524153506,3.244285296905888,0.13092399989384182,3.0931672151843563,0.7442406919536662,1.3694973197435232,3.4096973894784948,3.4150420398058157,0.25257394250112347,4.083756183269938,1.6322867769015819,1.4458895192447594,0.010910384162034778,0.04851077696219236,0.013987799110689526,0.11514041898303133,0.06840478656827341,7.11998327679391e-05,0.01686735518354438,0.0022177037551960412,0.010588208614956941,0.24896290932468068,0.0017017414357290454,0.21093136575759383,0.002374160104688666,0.018450450485479195,0.005886645755412936,2.4978039930517325e-05,0.004142899040562429,0.43076887306003103,0.000497002071365492,0.16607281306742175,0.19083371223694595,0.73498294296971,0.007938193554474908,0.8445993953787281,0.30538835597378516,0.3111171051876318,0.6753445880714729,0.8981291379461206,0.012254912425438877,1.183124345966413,0.5535136911575254,0.37029833717777944,4.7716994555582647e-05
