aaaaaa,aaaaad,aaaadd,aaaada,aaadda,aaaddd,aaadad,aaadaa,aaddaa,aaddad,aadddd,aaddda,aadada,aadadd,aadaad,aadaaa,addaaa,addaad,addadd,addada,adddda,addddd,adddad,adddaa,adadaa,adadad,adaddd,adadda,adaada,adaadd,adaaad,adaaaa,ddaaaa,ddaaad,ddaadd,ddaada,ddadda,ddaddd,ddadad,ddadaa,ddddaa,ddddad,dddddd,ddddda,dddada,dddadd,dddaad,dddaaa,dadaaa,dadaad,dadadd,dadada,daddda,dadddd,daddad,daddaa,daadaa,daadad,daaddd,daadda,daaada,daaadd,daaaad,daaaaa
0.0673017028153466,18.4864483194878,7.045662481701434,1.9435743837601898,104.03968587024066,20.699917156406833,52.90674220838339,4.673323035962101,9.589963304907972,7.244701245102109,20.86423563464788,0.37087527357711797,16.470721298863932,7.266866697614897,6.858267700636609,0.1424253657512639,1.1693796931875826,0.07127674264836961,0.6495507888880023,1.0728689332416632,1.9471181350631734,0.001976220394073356,2.1142330166588663,0.8114430784277504,0.8539385869782398,2.580201969443668,2.620371477189804,0.3139288138414081,3.554531825612686,1.0975194539805848,1.2508764269776311,0.006527025318565344,0.03856284298526891,0.010803539890715207,0.08354804755307821,0.052860573429227495,0.0020916854933047267,0.001621000141317584,9.31951285595425e-05,0.018528945737217865,0.20810598789482632,0.003470131267960905,0.21420935012436199,0.008080844579670728,0.0007774177181684827,0.0008611752277903091,0.003468759693744828,0.0002695054900047504,0.30359836504830573,0.0001476934488412881,0.13196727241772732,0.1609303663665058,0.4490066804103513,0.0018661409531391406,0.5822757719582885,0.3006048553889204,0.20605690013383737,0.5293484753833751,0.7055721912094688,0.027647861268349175,1.0124562268435124,0.3744350777826531,0.3230039961823335,4.7902152378665495e-05
