aaaaaa,aaaaad,aaaadd,aaaada,aaadda,aaaddd,aaadad,aaadaa,aaddaa,aaddad,aadddd,aaddda,aadada,aadadd,aadaad,aadaaa,addaaa,addaad,addadd,addada,adddda,addddd,adddad,adddaa,adadaa,adadad,adaddd,adadda,adaada,adaadd,adaaad,adaaaa,ddaaaa,ddaaad,ddaadd,ddaada,ddadda,ddaddd,ddadad,ddadaa,ddddaa,ddddad,dddddd,ddddda,dddada,dddadd,dddaad,dddaaa,dadaaa,dadaad,dadadd,dadada,daddda,dadddd,daddad,daddaa,daadaa,daadad,daaddd,daadda,daaada,daaadd,daaaad,daaaaa
0.00245387660963318,20.978336103746315,10.556532549825626,2.811177523423469,121.84573851051046,22.96480169502458,59.84650906633617,6.290476859434688,12.032502836233297,8.571535909086789,28.841054772448505,1.1783848313072418,19.10713067725764,8.201579819333013,8.125282443965364,0.18741689538436593,1.747309441704799,0.22473784046091658,1.4572701866201305,2.15291460254136,2.3712181098672973,0.007698678564514459,2.196576953894211,1.0737038405453991,1.1971789894525828,3.2114312652203383,3.7037848131776347,0.6173131951955233,4.116164703886459,1.247392584609973,1.5809999451300512,0.013375299990478958,0.05949318807250092,0.00933886014307969,0.09382553031082276,0.0714701596089617,0.001745883955895672,0.001909887553092442,0.0003172036758375425,0.03266452490965051,0.23229311029920652,0.001618451159648819,0.3157988967823803,0.022121655973455206,0.0007948694129539947,0.0026968701191517315,0.001758307817044636,0.0002139650185348563,0.43375733341928024,0.005460563965864139,0.29106107643501034,0.35060614349382696,0.5351268794022357,0.0015204719037321612,0.5965035236033407,0.3999274499561474,0.27370627539057235,0.6423117770966534,0.9550967993498762,0.06547104066785187,1.1744562150420201,0.4306267675194461,0.40117379111943907,0.0003067462102532561
