aaaaaa,aaaaad,aaaadd,aaaada,aaadda,aaaddd,aaadad,aaadaa,aaddaa,aaddad,aadddd,aaddda,aadada,aadadd,aadaad,aadaaa,addaaa,addaad,addadd,addada,adddda,addddd,adddad,adddaa,adadaa,adadad,adaddd,adadda,adaada,adaadd,adaaad,adaaaa,ddaaaa,ddaaad,ddaadd,ddaada,ddadda,ddaddd,ddadad,ddadaa,ddddaa,ddddad,dddddd,ddddda,dddada,dddadd,dddaad,dddaaa,dadaaa,dadaad,dadadd,dadada,daddda,dadddd,daddad,daddaa,daadaa,daadad,daaddd,daadda,daaada,daaadd,daaaad,daaaaa
0.09242357149263604,22.380121506435334,11.57445358119465,2.5835519582230555,137.6674316810529,20.55433088922425,70.94282582314779,4.616071532402652,14.509550332035168,10.50680315060654,27.57077930152596,0.7814761267710324,17.445580689308983,10.560823410255415,8.212928048059092,0.2835305824450265,1.667536302603246,0.18833946810812477,1.1515737932985362,1.8035664275878909,3.343304207138283,0.11065325235454081,2.802731605669592,0.820743563401921,1.5000464726752578,3.7451676593647067,3.5967830737455997,0.5459352065576978,4.119083100124523,1.4449601294692358,1.6953208401652697,0.012116443769064508,0.0541665265453972,0.015197061124726258,0.10734722561010418,0.07025808777163457,5.979828341710938e-05,0.008616303971222657,0.0006798448878711283,0.019472069625236413,0.2585632343508177,0.0027389277860956516,0.2692707089332004,0.008901089182077824,0.015463018123230794,0.0021934286404595178,5.074947142406856e-06,0.00155167593927235,0.42568363644479307,0.0035119995575245704,0.2293441560674924,0.28532297526764605,0.750237608076636,0.005036837781050904,0.7533107544140387,0.32766928098593645,0.33666700394907606,0.7431092165685763,0.9235974178505834,0.05117863304580059,1.184469497379758,0.49022028575966553,0.43086356888567234,0.00019134409711382607
