aaaaaa,aaaaad,aaaadd,aaaada,aaadda,aaaddd,aaadad,aaadaa,aaddaa,aaddad,aadddd,aaddda,aadada,aadadd,aadaad,aadaaa,addaaa,addaad,addadd,addada,adddda,addddd,adddad,adddaa,adadaa,adadad,adaddd,adadda,adaada,adaadd,adaaad,adaaaa,ddaaaa,ddaaad,ddaadd,ddaada,ddadda,ddaddd,ddadad,ddadaa,ddddaa,ddddad,dddddd,ddddda,dddada,dddadd,dddaad,dddaaa,dadaaa,dadaad,dadadd,dadada,daddda,dadddd,daddad,daddaa,daadaa,daadad,daaddd,daadda,daaada,daaadd,daaaad,daaaaa
0.2283151281325869,26.076285419583225,7.456894334322867,3.4045855002209433,129.9140614858147,23.196693330242738,65.42546309587567,4.903585623526164,12.534996786179224,8.786024207005537,25.591991889810473,0.2829126464939132,18.232517921250928,10.245384834294793,7.7090611062179075,0.25628558648918287,1.5589816644006749,0.09326129331562989,0.8829581856027767,1.3759183606586083,2.763604968200953,0.04604946565017542,2.7236637976310973,0.8630099633957956,1.205539953268527,3.2357567682854027,3.3207989962480373,0.3332367381473641,4.0892732797408655,1.4570540935385037,1.4656146060271844,0.010130741100257658,0.04752464093301924,0.013262730032293195,0.10503256552475303,0.06662386422142039,0.0003278354659382528,0.008362358318987684,0.0006569911222555001,0.016517364031704226,0.2376082969265835,0.0017652856511864204,0.23351225021344052,0.005368288062193986,0.00709567633622063,0.000529855256815204,0.0009686550708216294,0.0008333046907251082,0.4108152845342042,2.819169889940655e-07,0.17974633540812843,0.21124699930217922,0.6248730469554147,0.0004546366196602042,0.7421641959958541,0.3378528306681961,0.27697306229192464,0.6453869928077325,0.8753608272999317,0.023472758994410692,1.182934737864577,0.49122650950478025,0.376387422136304,8.4806903006222e-05
