aaaaaa,aaaaad,aaaadd,aaaada,aaadda,aaaddd,aaadad,aaadaa,aaddaa,aaddad,aadddd,aaddda,aadada,aadadd,aadaad,aadaaa,addaaa,addaad,addadd,addada,adddda,addddd,adddad,adddaa,adadaa,adadad,adaddd,adadda,adaada,adaadd,adaaad,adaaaa,ddaaaa,ddaaad,ddaadd,ddaada,ddadda,ddaddd,ddadad,ddadaa,ddddaa,ddddad,dddddd,ddddda,dddada,dddadd,dddaad,dddaaa,dadaaa,dadaad,dadadd,dadada,daddda,dadddd,daddad,daddaa,daadaa,daadad,daaddd,daadda,daaada,daaadd,daaaad,daaaaa
0.581792394992077,25.414822077686033,3.51223281715945,3.145391769464984,108.43142598224432,15.973683992083117,64.65165511174028,0.948117272575539,8.971772165887126,5.727644140860841,14.461045083709338,0.19165815463827854,13.688267650435721,9.026229916618467,5.225574767217501,0.3419890140323809,0.9489697537370164,0.00435116038308783,0.1741030433684309,0.3531478439255475,2.3734477355578067,0.08883353467437352,3.5239968467102623,0.17168297299679344,0.8050739309606688,2.1945403396158856,1.935478694567261,0.03635700120275249,3.226462005290798,1.1715774823129157,1.0015856488782633,0.004454095456658537,0.034754092962136406,0.010766433835027138,0.1028524899331572,0.040522598190668314,0.0004505688415234362,0.019271337703968217,0.01591864107984504,0.0001982246725754439,0.17012817605279107,0.0002923845436452984,0.08585091388794881,0.004619097499654504,0.018799183719858423,0.008632523686235828,0.00013944026893906276,0.00633347220225369,0.26780656380541695,0.00800397616116006,0.03584437302090527,0.04283184820163723,0.5431484918232975,0.0053913652746634365,0.9441028948118233,0.09878971184861712,0.183342078917339,0.428657844942361,0.529327507588516,0.0006667500952126483,0.9343053405593944,0.40095184044530774,0.2597055150300145,0.000255254171465154
