aaaaaa,aaaaad,aaaadd,aaaada,aaadda,aaaddd,aaadad,aaadaa,aaddaa,aaddad,aadddd,aaddda,aadada,aadadd,aadaad,aadaaa,addaaa,addaad,addadd,addada,adddda,addddd,adddad,adddaa,adadaa,adadad,adaddd,adadda,adaada,adaadd,adaaad,adaaaa,ddaaaa,ddaaad,ddaadd,ddaada,ddadda,ddaddd,ddadad,ddadaa,ddddaa,ddddad,dddddd,ddddda,dddada,dddadd,dddaad,dddaaa,dadaaa,dadaad,dadadd,dadada,daddda,dadddd,daddad,daddaa,daadaa,daadad,daaddd,daadda,daaada,daaadd,daaaad,daaaaa
0.08475252972213623,18.38698738361015,9.245836857000766,1.7106991128410678,115.41424705525542,17.51928776059137,63.03950579594182,3.0635005609215016,11.278488208226445,8.445928053897843,20.01043027424626,0.2702436987451293,15.318110752416414,8.36348741625428,6.975766105312035,0.2098909758551794,1.204903468952723,0.1008918453272239,0.5911645775120783,1.0381204636471282,2.6254406547645166,0.05574398409564099,2.6834934506297023,0.5404585575154753,1.1050351782465748,2.9817869363234264,2.599871671290077,0.32732666953807044,3.5419244341505594,1.1719960745033298,1.3818659381828609,0.006131491655657227,0.04409122400127586,0.012288374253723332,0.0946125354192642,0.05205479990258493,0.00010943742993378499,0.007168097368795835,0.0026485948574448853,0.009905517058061997,0.21277318721576977,0.0024550268295670604,0.18159803445608147,0.0016549281285224348,0.00869722702569627,0.0007578249244368781,0.00023758265134981048,0.0003836560092454268,0.3155363369206335,0.00033132687072550787,0.1194849096342078,0.15581923205265075,0.5945725447973127,0.0014247059533680584,0.7185753543619207,0.22534844992252914,0.2545115678939906,0.5991698637667227,0.6859165511632157,0.026917968631931154,1.0138714066285048,0.3979625307219764,0.3548258098554881,3.5715189609592824e-05
