aaaa,aaad,aadd,aada,adda,addd,adad,adaa,ddaa,ddad,dddd,ddda,dada,dadd,daad,daaa
270.4631645951671,68.65509178977065,4.595708838788365,9.153819660457195,1.3987976049205626,1.805206280544797,1.2151658346195664,0.07393963500152673,0.1962328322405425,0.04403342607380733,0.8504890133547693,0.09128074119185611,0.13291682479841582,0.16414944339856904,0.05373938662365839,0.006879445890835287
