aaaa,aaad,aadd,aada,adda,addd,adad,adaa,ddaa,ddad,dddd,ddda,dada,dadd,daad,daaa
215.3604049777686,60.000543561975746,4.760025978024141,9.094001158444849,1.526616008217571,1.587957414832072,1.0784772392128361,0.049436774021147205,0.15860589184556823,0.04298597593153572,0.6656203667246275,0.08187370786537147,0.10834543615556043,0.14947508079677438,0.04379608932913867,0.00525470348572019
