aaaa,aaad,aadd,aada,adda,addd,adad,adaa,ddaa,ddad,dddd,ddda,dada,dadd,daad,daaa
226.20554908501023,55.78745345734865,3.5755201068018123,8.868218787636804,1.4237825275731775,1.248812631424504,1.0045418293883754,0.03953770205029935,0.1854251606175434,0.02837336466872794,0.7014415584319128,0.07442517042660882,0.09183221005467572,0.11370704012452695,0.04549641132064547,0.005685362275424486
