aaaa,aaad,aadd,aada,adda,addd,adad,adaa,ddaa,ddad,dddd,ddda,dada,dadd,daad,daaa
242.93253692964333,61.64015549580358,3.95925389711393,7.7630055983167345,1.101437292564249,1.6295491244846116,1.1063596392502995,0.07095311232316255,0.16901136493293462,0.03809481162538084,0.7667682687996791,0.07999400511364706,0.11686115406414264,0.14481994820592486,0.047675223449414,0.006242447509870662
