aaaa,aaad,aadd,aada,adda,addd,adad,adaa,ddaa,ddad,dddd,ddda,dada,dadd,daad,daaa
233.39317678913625,61.07473158609398,4.218543016390377,9.26265516856739,1.468731305641105,1.56314539024073,1.0906742080564436,0.04686399705413537,0.1836227776236822,0.035049229766959386,0.7319518374386151,0.0794910593447923,0.11083973389111565,0.1372567456498275,0.04895309711539731,0.006380464173223152
