aaaa,aaad,aadd,aada,adda,addd,adad,adaa,ddaa,ddad,dddd,ddda,dada,dadd,daad,daaa
239.61484231352432,59.84997487546434,3.8881847437591692,7.736397229805294,1.1968670444564902,1.6202904677165209,1.1438561630220188,0.08480018147122069,0.1816419060266811,0.03850141158201086,0.7663063308909138,0.07499009074490934,0.11959771767717788,0.14228031221798135,0.04820892976620634,0.006424962649719832
