aaaa,aaad,aadd,aada,adda,addd,adad,adaa,ddaa,ddad,dddd,ddda,dada,dadd,daad,daaa
234.3012673171835,62.1613656627022,4.116361851668412,7.825113611188121,1.0784033377332565,1.5540528653997725,1.0895520167911512,0.07538429312252568,0.15024126751170042,0.04194381695657917,0.7271203623587899,0.07775970478704944,0.11536974953984658,0.1541804220812111,0.04334978335806613,0.006221194471605789
