aaaa,aaad,aadd,aada,adda,addd,adad,adaa,ddaa,ddad,dddd,ddda,dada,dadd,daad,daaa
277.391467699116,71.04464558441802,5.075500913329907,9.993790140837836,1.6902681280530176,1.9364538237800746,1.3431501342833367,0.09175019168649222,0.22022882052026793,0.04845798298649974,0.8794475833240233,0.09218961965211396,0.14404005821558996,0.17437279036646125,0.05765181683626335,0.0071529911208098205
