aaaa,aaad,aadd,aada,adda,addd,adad,adaa,ddaa,ddad,dddd,ddda,dada,dadd,daad,daaa
271.44142251657934,68.36773118557225,6.522889499576877,8.265013332952279,1.3252613355714218,2.1865766556702573,1.3099799635434877,0.12423177371603393,0.21693967140815493,0.06207770472536805,0.9125390030032056,0.07586003044382489,0.16318355241982296,0.1851513823558695,0.05146041124038602,0.008499888550127845
