aaaa,aaad,aadd,aada,adda,addd,adad,adaa,ddaa,ddad,dddd,ddda,dada,dadd,daad,daaa
260.3516079103198,65.19611168734572,4.333200142219499,8.603355463463023,1.315434063936779,1.7414261670317255,1.161409109285248,0.07124318861902848,0.1917730475960552,0.040986009934392345,0.8222849808976563,0.08615249671052631,0.12713533952994008,0.1533899977345082,0.051961797526279004,0.006666037181591541
