aaaa,aaad,aadd,aada,adda,addd,adad,adaa,ddaa,ddad,dddd,ddda,dada,dadd,daad,daaa
245.35910081267645,52.72489216673168,6.932556517563222,9.803686076505283,1.7775355159353843,0.939906438647043,0.8846110061579452,0.025438330930242774,0.19664116024562672,0.023102757425448543,0.7399167711662868,0.07630364005495088,0.0787048938709317,0.0952709892789358,0.04730145099680755,0.005350134952682372
