aaaa,aaad,aadd,aada,adda,addd,adad,adaa,ddaa,ddad,dddd,ddda,dada,dadd,daad,daaa
236.99420334003378,61.90040184834361,5.032310980820438,10.952545428392158,1.876661290675421,1.411190252357929,1.090084774674464,0.03670323305613722,0.18941394431531233,0.03776657147940339,0.7191888587666981,0.08681274078605976,0.10178998022258315,0.139525434286256,0.04901522456518719,0.005777980104137799
