aaaa,aaad,aadd,aada,adda,addd,adad,adaa,ddaa,ddad,dddd,ddda,dada,dadd,daad,daaa
269.00688508198897,72.27522190236674,7.040621528109682,9.404913528773355,1.7304094215649517,2.0798355144349685,1.394650530858538,0.1335745528741858,0.22698661726564853,0.06508027729044948,0.8833700883147755,0.07700801761609613,0.15322109288828115,0.19482453378764075,0.051459574163534624,0.008642182163210235
