aaaa,aaad,aadd,aada,adda,addd,adad,adaa,ddaa,ddad,dddd,ddda,dada,dadd,daad,daaa
251.56694958518844,65.39919537507062,5.976807737842073,8.958425853082577,1.6651652122275402,1.9585101438521577,1.266280826561716,0.10832532054698699,0.21557460404872925,0.046525504631764206,0.8241598816686307,0.07371490736904027,0.13843543932191035,0.16537175991564027,0.05273346246583776,0.007191425533781216
