aaaa,aaad,aadd,aada,adda,addd,adad,adaa,ddaa,ddad,dddd,ddda,dada,dadd,daad,daaa
231.1193446167925,47.81431934171042,5.977806986292852,8.94980038370282,1.695149311007001,0.8759015391919479,0.7950456646132393,0.02249331351558314,0.1939592073385738,0.02007747808784852,0.6949821899921921,0.07104612321485895,0.07588958926053592,0.08335262418570805,0.04607514818597152,0.004922642578513567
