aaaa,aaad,aadd,aada,adda,addd,adad,adaa,ddaa,ddad,dddd,ddda,dada,dadd,daad,daaa
262.91895498283577,69.69897715173418,4.939171829085777,11.190122604317763,1.7156111823910225,1.5869176345207718,1.2164572657841242,0.04966267009778601,0.20420789187251695,0.04080841723293767,0.8168745057758422,0.08833338407271968,0.11639012204250533,0.15528681371070135,0.053033867453887475,0.0072121554549721386
