aaaa,aaad,aadd,aada,adda,addd,adad,adaa,ddaa,ddad,dddd,ddda,dada,dadd,daad,daaa
255.33787408548378,64.4571698834922,4.900958566904175,11.085297372100394,1.8453245091237278,1.3773781795205897,1.140003765403547,0.03882906022191011,0.2096978172750394,0.03078362319344601,0.7807836566282635,0.08669889876810001,0.10122072625376628,0.12898305519194136,0.05215323924108632,0.005830486802509641
