aaaa,aaad,aadd,aada,adda,addd,adad,adaa,ddaa,ddad,dddd,ddda,dada,dadd,daad,daaa
222.1125020265882,52.25129366995265,3.003972758700527,7.525449746056532,1.2294755426913933,1.3231920841202236,0.9634556813535747,0.04404153462009674,0.17944545128755052,0.029847216293830938,0.6931554241242759,0.07096049214571253,0.09651991679701297,0.1077594261782629,0.0454915213443637,0.005470087110204478
