aaaa,aaad,aadd,aada,adda,addd,adad,adaa,ddaa,ddad,dddd,ddda,dada,dadd,daad,daaa
220.94868803539833,48.815388475558116,6.630252180193628,9.52875709317624,1.757958365393999,0.861724215861469,0.8199583430392822,0.02189696670243797,0.17930420241391037,0.022740967783113766,0.6634788475032466,0.0719962039615222,0.07237754030648907,0.09014550666030985,0.04349449933979155,0.004777031316918199
