aaaa,aaad,aadd,aada,adda,addd,adad,adaa,ddaa,ddad,dddd,ddda,dada,dadd,daad,daaa
217.35593829232195,55.12028429780803,3.3205032411552615,7.562078958641958,1.1401649268843208,1.3670882272256988,1.0169103318087338,0.052045717497581696,0.16014435941609992,0.033475228062920324,0.6827174870770064,0.07038009882383243,0.09523484425359321,0.12120382335405146,0.04294588437771886,0.00557553657505764
