aaaa,aaad,aadd,aada,adda,addd,adad,adaa,ddaa,ddad,dddd,ddda,dada,dadd,daad,daaa
284.6566216320147,71.43124516076101,6.026989387369971,12.56947173365261,2.077601021657581,1.4435721246141706,1.2498657292644508,0.040648821601677994,0.2265012399708212,0.03530770888037216,0.865411751286856,0.09684518569433058,0.10843613064281113,0.14577368292046416,0.057377312060694075,0.006376679844855991
