aaaa,aaad,aadd,aada,adda,addd,adad,adaa,ddaa,ddad,dddd,ddda,dada,dadd,daad,daaa
219.43968635178084,55.697842466893306,3.7915718813479335,7.958116672487118,1.3090969966325936,1.448769904874199,0.9868302336911849,0.0508304578960557,0.1636712996827468,0.03653933477541211,0.6831751257514609,0.07903406184663951,0.10759136036563728,0.13372846149367915,0.04509931493077489,0.0052859451543383505
