aaaa,aaad,aadd,aada,adda,addd,adad,adaa,ddaa,ddad,dddd,ddda,dada,dadd,daad,daaa
243.04652047304435,56.07158395237464,3.6640215290133002,9.453670496548739,1.6731390591136295,1.246231467942683,0.9887866801028523,0.03359096743770072,0.2128430715857643,0.025586225610016198,0.7420756036084728,0.07931523448474415,0.09837341637506386,0.10594718997302603,0.05085208657903274,0.005678635156533241
