aaaa,aaad,aadd,aada,adda,addd,adad,adaa,ddaa,ddad,dddd,ddda,dada,dadd,daad,daaa
242.3083017547837,53.18177182500436,4.320018134874967,8.883438810810055,1.540374705666357,1.0572069415591965,0.9240994470805385,0.030939879113097285,0.20082491880252745,0.022070131680502647,0.7402927333602357,0.0731556936822349,0.08459785782770589,0.09235720212300769,0.048659224102549706,0.005451281624298286
