aaaa,aaad,aadd,aada,adda,addd,adad,adaa,ddaa,ddad,dddd,ddda,dada,dadd,daad,daaa
269.1847907323064,73.97806067352609,5.714194940536734,11.210187369080106,1.8564682814386948,1.9200148787772333,1.3236178464263126,0.06035834582988686,0.19720496342341579,0.05261306299340988,0.8318972428811828,0.09819521344428017,0.13059400312462482,0.18034712300827238,0.05481765310763656,0.0064591252159976464
