aaaa,aaad,aadd,aada,adda,addd,adad,adaa,ddaa,ddad,dddd,ddda,dada,dadd,daad,daaa
275.06246721780593,69.3810540233968,5.56273640546163,8.260103650268857,1.296749549814826,2.0200685725772796,1.3852872461940455,0.1351250168044298,0.23037926846294488,0.046282099354665936,0.9047385889852891,0.0768770795900245,0.1483095820550157,0.17374943303719975,0.05323535099214868,0.00814778370695599
