aaaa,aaad,aadd,aada,adda,addd,adad,adaa,ddaa,ddad,dddd,ddda,dada,dadd,daad,daaa
271.64404153320277,68.20166169686361,5.372323994664764,8.438395970000379,1.3652782000464343,1.944835829064991,1.3534605941456872,0.12449129708955341,0.23211648617626857,0.04691844884920287,0.8872312346555854,0.07852630212916034,0.14835147235005045,0.1737984620712745,0.05252892959925591,0.007956264689602185
