aaaa,aaad,aadd,aada,adda,addd,adad,adaa,ddaa,ddad,dddd,ddda,dada,dadd,daad,daaa
236.93478108779203,57.595978623345985,4.680214477086699,7.431647843967266,1.2901762000014458,1.6919801771810248,1.1350269787531442,0.09722364390718714,0.20697756914365043,0.042454719614294055,0.780981416845798,0.06514307468652819,0.1257991116016822,0.13968911242066648,0.047649812742714494,0.007019186713601117
