aaaa,aaad,aadd,aada,adda,addd,adad,adaa,ddaa,ddad,dddd,ddda,dada,dadd,daad,daaa
254.5157188498111,59.310400234220204,5.167082939410403,10.291365133054276,1.780955410666017,1.139027349699396,1.0353397464825236,0.031715761590204485,0.21103049504008625,0.02509472420053963,0.7786261311984974,0.08113750045299853,0.0902638387738529,0.10739541041783555,0.05105783569421577,0.005783284498808377
