aaaa,aaad,aadd,aada,adda,addd,adad,adaa,ddaa,ddad,dddd,ddda,dada,dadd,daad,daaa
257.3419925951892,67.77252145025142,4.90754865916798,10.750515135854977,1.806797004153249,1.6969093419866608,1.2312727211414882,0.049643184920660506,0.2050897261704679,0.04350727666466463,0.7968202098642753,0.09124464474412235,0.11679285463081068,0.15260462481509088,0.053666597714803026,0.006457073754586049
