aaaa,aaad,aadd,aada,adda,addd,adad,adaa,ddaa,ddad,dddd,ddda,dada,dadd,daad,daaa
244.23554296698606,60.362325207733136,4.7868411477579835,10.63372686587702,1.8284092699314782,1.2607111987931068,1.0675062333761338,0.032700026767415125,0.20554420537318513,0.028123303874758407,0.7457750060740906,0.08416020921716788,0.09632316388905024,0.1211198591618636,0.050822341936391104,0.005614661053193288
