aaaa,aaad,aadd,aada,adda,addd,adad,adaa,ddaa,ddad,dddd,ddda,dada,dadd,daad,daaa
231.82985235249288,55.06864604042716,3.181009095436256,8.307009381699427,1.3590178931509087,1.291615146966009,0.9949319819963923,0.04061793707649077,0.1928610445556343,0.02543602071286936,0.7213656662827063,0.07359491316206802,0.09462230889776763,0.10708474297014646,0.04748120681322741,0.005797472931238702
