aaaa,aaad,aadd,aada,adda,addd,adad,adaa,ddaa,ddad,dddd,ddda,dada,dadd,daad,daaa
223.11440550592135,55.03948925205797,3.6939418294678035,8.778778554234414,1.3588838487297983,1.1692115489628498,0.9845566723758664,0.03847518160638103,0.17679915586904246,0.027150738998763236,0.6894490178165985,0.07181704298192186,0.0858701787222107,0.11078646564115893,0.043821977948699825,0.005457568261385547
