aaaa,aaad,aadd,aada,adda,addd,adad,adaa,ddaa,ddad,dddd,ddda,dada,dadd,daad,daaa
243.832404481345,60.313870509744945,4.726776166473939,10.543457424614328,1.7598547506613977,1.266823930707517,1.0577907409295875,0.03544353176395578,0.19642247183941555,0.030651054136276796,0.7428887998859633,0.08373453463543892,0.09594452379956676,0.12564791567960393,0.04940874749515105,0.005644738940227023
