aaaa,aaad,aadd,aada,adda,addd,adad,adaa,ddaa,ddad,dddd,ddda,dada,dadd,daad,daaa
225.70316306780964,50.13416351725168,5.770097812563733,9.39126976221829,1.6798323264359305,0.9188215447426769,0.8490655254764115,0.02508722843449593,0.1821725409827904,0.023433850890531537,0.6796872852258403,0.07217452845581733,0.0758863714450442,0.09220540761830572,0.04474045132373922,0.0048203019308881104
