aaaa,aaad,aadd,aada,adda,addd,adad,adaa,ddaa,ddad,dddd,ddda,dada,dadd,daad,daaa
229.25981502980244,58.96837175502207,3.945439914890812,9.090227405938652,1.3975310814220676,1.2950827379303442,1.0401333471633096,0.04539246694822257,0.16846548139155423,0.03342135485236408,0.7003123680595115,0.07732787989134987,0.09496729777587729,0.1309792869050692,0.04420144009399958,0.005777274689538171
