aaaa,aaad,aadd,aada,adda,addd,adad,adaa,ddaa,ddad,dddd,ddda,dada,dadd,daad,daaa
223.92915299486054,59.33816522868857,4.928244052447734,8.1060360077295,1.415904396510306,1.6593723339121762,1.1360445942833846,0.09809205063666143,0.182654136573668,0.043175016869294265,0.7277544703815133,0.06710250896379334,0.12450886370539932,0.1541236340009062,0.04553534818577445,0.0063390688557505796
