aaaa,aaad,aadd,aada,adda,addd,adad,adaa,ddaa,ddad,dddd,ddda,dada,dadd,daad,daaa
239.19287253418844,62.63719210987884,5.320959655947709,8.45820032836383,1.4980544250030259,1.8075849165596702,1.2078525013401011,0.10302206410826004,0.19852103648648886,0.044208562334384346,0.7806069921204823,0.07076788032978037,0.13175112860801952,0.15911227025050811,0.04945920816176371,0.006788294145029828
