aaa,aad,add,ada,dda,ddd,dad,daa
290.2585154847269,11.713510013779368,4.4734562253179835,0.5252226032889495,0.2789744031956529,0.11170650380506543,0.09173416802736441,0.04105677007129872
