aaa,aad,add,ada,dda,ddd,dad,daa
299.0293362401859,18.527537758835457,4.638078889762461,0.5248208089416565,0.2881992675918025,0.10129551313609501,0.09891692102081132,0.03918301207090854
