aaa,aad,add,ada,dda,ddd,dad,daa
272.4401917430211,13.552972322427424,3.8270680757254163,0.5002005329622404,0.26378470298776385,0.09527185757819193,0.08561753550983434,0.03811939148948399
