aaa,aad,add,ada,dda,ddd,dad,daa
322.0997044595947,12.057354399663314,5.556901337019297,0.5860098531382931,0.3121310966738896,0.1324648233400814,0.1073463036437091,0.04648331163046385
