aaa,aad,add,ada,dda,ddd,dad,daa
298.02133585884496,14.121776151137485,4.7400501033540445,0.5322983962900371,0.28407840603830525,0.11158915514070077,0.098031212693221,0.04132789760315481
