aaa,aad,add,ada,dda,ddd,dad,daa
295.89824099430416,12.3258519630267,4.174807847549078,0.5498056125939598,0.28633839906885483,0.10793828107018362,0.09096932407257627,0.04176055043671294
