aaa,aad,add,ada,dda,ddd,dad,daa
289.5206070399389,12.319895002319077,5.315704372734896,0.5185028599960462,0.28031547593754247,0.11950349276839099,0.09960920030798064,0.0418020857838774
