aaa,aad,add,ada,dda,ddd,dad,daa
336.1871383035472,13.758709585580359,6.428085965164594,0.5824030420592715,0.320909525082045,0.14279687712577407,0.11775420311783542,0.04692765729263911
