aaa,aad,add,ada,dda,ddd,dad,daa
315.13268878162603,16.77977382408631,4.678150788252837,0.5615491206982421,0.302640511617479,0.11238288103344392,0.10310997462465225,0.043718501797027215
