aaa,aad,add,ada,dda,ddd,dad,daa
332.55574851422426,12.063370853518112,6.336643581572566,0.583377481022139,0.3219682050318338,0.14592305571502595,0.11190379645212226,0.04824828034079957
