aaa,aad,add,ada,dda,ddd,dad,daa
307.714999737029,12.901103625410096,4.757046058710477,0.5586345196143464,0.2957761616899144,0.11725543691499037,0.09769462552849896,0.043368871472739504
