aaa,aad,add,ada,dda,ddd,dad,daa
314.01550127144327,13.24979752174574,4.760300318759371,0.5696044649790225,0.3016857106282344,0.11881136332678734,0.09995458772610316,0.043843974302769796
