aaa,aad,add,ada,dda,ddd,dad,daa
302.89304382037153,14.59159444066304,5.091426824460997,0.5414011498523912,0.2919784427222245,0.11651517388579635,0.10096234465795656,0.042235763243150315
