aaa,aad,add,ada,dda,ddd,dad,daa
265.41563353741986,11.467066561042698,4.257494123628062,0.47513149245822056,0.25257543958160644,0.10217076269739918,0.08633551915904646,0.03666939627959959
