aaa,aad,add,ada,dda,ddd,dad,daa
340.7493765467494,20.393646064579357,5.049983310733679,0.599779030012336,0.32506618349927047,0.1179395015257184,0.1118207022910598,0.045954376581525215
