aaa,aad,add,ada,dda,ddd,dad,daa
317.8453802000665,16.07954998882697,4.826744000513895,0.5763317561339514,0.3072191726855539,0.11518143412924835,0.10363321535919888,0.044133139869905386
