aaa,aad,add,ada,dda,ddd,dad,daa
270.22640048293397,15.827498310586362,4.127068011974311,0.4737027870474178,0.25810123191891626,0.09558646870117347,0.08820159052816376,0.036718909910457606
