aaa,aad,add,ada,dda,ddd,dad,daa
309.78352503973287,17.888831200154193,5.097042847200889,0.5475078575606082,0.2980359019657143,0.11318184233686662,0.10509450458106602,0.04333792463520487
