aaa,aad,add,ada,dda,ddd,dad,daa
317.5202115520335,17.361429223452358,4.380350109731785,0.5788612287906157,0.3073366478378757,0.10836422794373929,0.09992422066608411,0.0439170699526724
