aaa,aad,add,ada,dda,ddd,dad,daa
257.9809675893457,11.304881018332857,5.137848228286345,0.457203183348953,0.249913133498636,0.10951302115473266,0.09436503448678574,0.03668640704574218
