aaa,aad,add,ada,dda,ddd,dad,daa
256.79809422542365,12.769236102379606,3.868797322492465,0.4550503942317461,0.24500055724788036,0.09353291997251512,0.08297510439239952,0.03501814459176835
