aaa,aad,add,ada,dda,ddd,dad,daa
314.13771060039966,16.252202454024804,4.790543604653229,0.5618250309336493,0.3018504151211639,0.11375722671424958,0.10272737481438468,0.04324333971712031
