aaa,aad,add,ada,dda,ddd,dad,daa
324.1840025309579,17.769587887111012,5.673255462988121,0.5660810367945422,0.3094925542295703,0.12297244730142512,0.11191533394640178,0.044345106673821515
