aaa,aad,add,ada,dda,ddd,dad,daa
292.04851856776094,13.464866997710606,4.1801193238990395,0.533142996493377,0.2809607852857647,0.10513817484595668,0.09164278390617546,0.040822959750807915
