aaa,aad,add,ada,dda,ddd,dad,daa
268.48998102906245,12.596964336772752,4.180947937093151,0.47811739092409544,0.2564338852473233,0.10092169585572094,0.08670179170117179,0.03751827260373853
