aaa,aad,add,ada,dda,ddd,dad,daa
310.71570603835715,17.884635483079222,5.444050510459999,0.5346996834921636,0.2952528987728819,0.11767611591337604,0.11022049621787235,0.042314441197063325
