aaa,aad,add,ada,dda,ddd,dad,daa
304.95005773349345,14.897328295566574,4.886671108080125,0.5395711247748044,0.29159344557107236,0.11493339561662436,0.09996117755779255,0.0421264833539184
