aaa,aad,add,ada,dda,ddd,dad,daa
325.4113672973311,12.333420069759176,6.515477192782956,0.5664935802529568,0.313715385239412,0.1437540081256214,0.1155251853996878,0.04687995508212848
