aaa,aad,add,ada,dda,ddd,dad,daa
314.88774173603434,16.874637497110534,5.130582228545386,0.5602377721812734,0.3038110529264747,0.11660849008142886,0.1070082962299966,0.04321743966660082
