aaa,aad,add,ada,dda,ddd,dad,daa
324.55801377614745,18.40371075407701,5.68145419566892,0.5568131608286471,0.3087486231623983,0.1235848164203984,0.11478351366483769,0.04412438703585128
