aaa,aad,add,ada,dda,ddd,dad,daa
297.8099680571608,16.184555028113554,4.141276043359873,0.5367355458791949,0.2909525754041659,0.09817846737027172,0.09437645658382125,0.0437426900727348
