aaa,aad,add,ada,dda,ddd,dad,daa
330.2155226234048,12.562454950446588,5.29511668309097,0.5992479028398116,0.31795046171782126,0.13058769233098427,0.10597287685876615,0.04642390765409276
