aaa,aad,add,ada,dda,ddd,dad,daa
272.610319750378,12.01551334456082,4.283779936162118,0.46803324120326584,0.25517559376398924,0.10368348867968481,0.08831653479855837,0.036948490684994714
