aaa,aad,add,ada,dda,ddd,dad,daa
270.54205706529183,14.061580108575917,3.8754903803993055,0.4878908867699172,0.2603476941126072,0.09534592771876042,0.084626111420051,0.03750708316817902
