aaa,aad,add,ada,dda,ddd,dad,daa
321.0505419709686,11.180669992550806,6.178185114929499,0.5769315488306777,0.3127385524284843,0.1414582309764287,0.11100005735793242,0.04747553646935121
