aaa,aad,add,ada,dda,ddd,dad,daa
310.55277659662676,13.71986046423798,5.105816585736433,0.5458443286909924,0.29510527011714255,0.1202908832789615,0.10285361444747264,0.04313371633966992
