aaa,aad,add,ada,dda,ddd,dad,daa
294.65783671382184,12.904484870191688,5.348762915889439,0.529131921075931,0.28516723069539834,0.12000173573406903,0.10289909354413097,0.04159291953469593
