aaa,aad,add,ada,dda,ddd,dad,daa
290.65532324788376,10.938334025687004,5.432840736829546,0.515418840484179,0.28069618592990137,0.12465566803866446,0.1001682945888571,0.04137097175281529
