aaaa,aaad,aadd,aada,adda,addd,adad,adaa,ddaa,ddad,dddd,ddda,dada,dadd,daad,daaa
179.16105287558224,103.27225517816707,57.653113624433885,5.731004635658978,1.5885709849821468,1.934837260198536,0.3139769552963099,0.02546908185237501,0.46112260208103445,0.14842837618198354,0.12903930876365563,0.3228659455345105,0.15613935498083362,0.023183967919592183,0.06924269841974279,0.007878838065206025
