aaaa,aaad,aadd,aada,adda,addd,adad,adaa,ddaa,ddad,dddd,ddda,dada,dadd,daad,daaa
154.94273292542508,80.59202615436088,41.40741517871966,4.290101353957085,1.2875313452992354,1.372524202357929,0.25592336728856163,0.017721272576118975,0.39008266026935845,0.1328008203107266,0.10817909428953247,0.276603720398897,0.10959509040281365,0.01565010888802418,0.0518562222166939,0.005864033457065072
