aaaa,aaad,aadd,aada,adda,addd,adad,adaa,ddaa,ddad,dddd,ddda,dada,dadd,daad,daaa
185.671604591962,96.62432956608136,58.86047711949168,6.16623813908468,1.4671461343932264,2.2546627559292505,0.3358559496585744,0.034660619588443776,0.4928427058367297,0.15020149327237314,0.14385839449188936,0.3480657758327614,0.19297313571776303,0.024533260166893455,0.06597620945051612,0.008407008896719208
