aaaa,aaad,aadd,aada,adda,addd,adad,adaa,ddaa,ddad,dddd,ddda,dada,dadd,daad,daaa
159.83518401779054,84.4772129190833,44.042657429389216,4.3216672686504625,1.059471540301876,1.5353676369377023,0.2716417811397039,0.019200623553184398,0.40200603553834313,0.1362288356925237,0.11437453166418243,0.2931852319435607,0.12941071899326748,0.015644900735272017,0.05448288587351468,0.006050742073775257
