aaaa,aaad,aadd,aada,adda,addd,adad,adaa,ddaa,ddad,dddd,ddda,dada,dadd,daad,daaa
182.12859924793463,95.2823327316975,51.42187303278517,5.3583068082696705,1.6496753916707994,1.692353359110724,0.3064292358975698,0.02181596929551111,0.45970303277871144,0.15359752883926306,0.12528876393729432,0.32385132371533043,0.13815038921569878,0.020853572671301866,0.06480686771622102,0.007623449849154346
