aaaa,aaad,aadd,aada,adda,addd,adad,adaa,ddaa,ddad,dddd,ddda,dada,dadd,daad,daaa
149.69502194963374,93.6561538637212,59.02658364706026,5.022364404311307,0.8722315391179493,2.4263338857912142,0.3836454433841586,0.03532736394228469,0.43852514178490776,0.12023879884799936,0.15671852874757441,0.31160182317542273,0.20869536725581803,0.02560181972595827,0.05155199331806897,0.004698776709639881
