aaaa,aaad,aadd,aada,adda,addd,adad,adaa,ddaa,ddad,dddd,ddda,dada,dadd,daad,daaa
139.93045210679782,86.07318548853296,43.48656221546903,3.9338009232047697,0.9950085107552975,1.445539524719617,0.24194975141419978,0.020086086121859286,0.3539166086276896,0.11953927656013483,0.10069321892160997,0.2538477267211882,0.11761018647561712,0.014620154051011157,0.05112467228940765,0.005299145747779666
