aaaa,aaad,aadd,aada,adda,addd,adad,adaa,ddaa,ddad,dddd,ddda,dada,dadd,daad,daaa
157.56697477301967,82.69270359556641,43.253323226942086,4.51273113719815,1.5044191879679385,1.3803658624410922,0.26518113526616455,0.019090114162367375,0.3940825849145453,0.13418131622325216,0.10516440883242675,0.27665959116388666,0.11152689612255678,0.016999536584454956,0.056123703473839784,0.00651368421777547
