aaaa,aaad,aadd,aada,adda,addd,adad,adaa,ddaa,ddad,dddd,ddda,dada,dadd,daad,daaa
153.28494973547623,91.82835122194241,51.35129519455599,5.067314366552755,1.2835394380701863,1.773910518051127,0.27306030657715746,0.023726369602875247,0.39683131840869795,0.12221719868926816,0.1111309749432212,0.2766036028564072,0.15210538150207,0.018484192792088218,0.06498645184994571,0.0075942073938713535
