aaaa,aaad,aadd,aada,adda,addd,adad,adaa,ddaa,ddad,dddd,ddda,dada,dadd,daad,daaa
188.73018706379537,87.54040311271073,39.86688591362352,4.484611763353674,1.3636295456785459,1.3024949327518711,0.2922721473915079,0.016874483000809844,0.4454162527457122,0.1733819878979593,0.12324975645667924,0.332077919416744,0.09796792891394632,0.016259179774450985,0.05049078543553257,0.00556469185046364
