aaaa,aaad,aadd,aada,adda,addd,adad,adaa,ddaa,ddad,dddd,ddda,dada,dadd,daad,daaa
140.2288582568663,78.05182710726436,47.404665359970174,4.756287940380059,1.0555309412336114,1.8279642575079171,0.2624530139375116,0.02826932631369043,0.3756779768397524,0.1140520084869238,0.11163463537132903,0.26595801653829293,0.1546768526033019,0.019448704727831008,0.051425848302819065,0.00637861324897473
