aaaa,aaad,aadd,aada,adda,addd,adad,adaa,ddaa,ddad,dddd,ddda,dada,dadd,daad,daaa
182.18932455233,94.41413077554591,56.11198309708328,5.886922188987193,1.4941651333801669,1.9782757131117035,0.3258986480364595,0.022533391856337317,0.46869018383566685,0.15197977855866546,0.12940201088818853,0.33627038233374834,0.16960402505137956,0.020074957814474322,0.06847554134746711,0.009460028323296572
