aaaa,aaad,aadd,aada,adda,addd,adad,adaa,ddaa,ddad,dddd,ddda,dada,dadd,daad,daaa
150.28478950833585,81.50831984222708,38.27019386388851,3.8383987537651825,1.1664696452752217,1.2461019754203708,0.2476083753407641,0.017278656196350585,0.3729115101226637,0.13123570275773064,0.10299902776942504,0.26691517459981023,0.09811307420138671,0.014058743228187811,0.04906606287524254,0.0052493905985734664
