aaaa,aaad,aadd,aada,adda,addd,adad,adaa,ddaa,ddad,dddd,ddda,dada,dadd,daad,daaa
160.57882187959433,70.18317177445354,33.03347093826175,3.9163306994015925,1.3533024379567473,1.02321366388061,0.2520423830068242,0.014359340647585872,0.37965257037452255,0.1408694992242326,0.1009694411426868,0.27553815871127335,0.07991895429059108,0.014964206094016396,0.045776872429698516,0.0057026364898030805
