aaaa,aaad,aadd,aada,adda,addd,adad,adaa,ddaa,ddad,dddd,ddda,dada,dadd,daad,daaa
163.35866836426254,94.00347417715675,56.17318878273475,5.574605850774687,1.2350902454126613,2.1439769042537997,0.3033798240317702,0.03466390032896433,0.43875728808205267,0.130809875824806,0.12958172450912056,0.30807323660125746,0.18540090059463235,0.02219418521373002,0.06223142103516894,0.007536131680930278
