aaaa,aaad,aadd,aada,adda,addd,adad,adaa,ddaa,ddad,dddd,ddda,dada,dadd,daad,daaa
165.95496502433775,104.12844515120433,62.56096687973709,5.502925957737513,0.9366092282730402,2.5073159758654056,0.341804578573132,0.038995101605757795,0.4732095876174955,0.13024238281618997,0.15946883907142678,0.32786732029044235,0.21417001232124985,0.023016634887947644,0.06115885370177456,0.00583265419346239
