aaaa,aaad,aadd,aada,adda,addd,adad,adaa,ddaa,ddad,dddd,ddda,dada,dadd,daad,daaa
155.5063537818173,89.090927185559,51.64582692533856,4.572332305255004,0.8276501748639246,2.0613319384671747,0.31709850416570995,0.02967886918695888,0.43214480128153215,0.12539159790983387,0.14467818660033901,0.3089311124637935,0.17417294698829447,0.01942758306429812,0.05058708686601451,0.004953538107245981
