aaaa,aaad,aadd,aada,adda,addd,adad,adaa,ddaa,ddad,dddd,ddda,dada,dadd,daad,daaa
160.01313373463714,96.54777905428787,60.58103373482487,5.701688060798683,1.0507976961801637,2.455768128588743,0.3217273989880024,0.03787137318488067,0.46107065539790076,0.12291147867190656,0.15604787469340375,0.3143047623674544,0.20604325573465562,0.025282364154741218,0.056509409955755374,0.00481426089694382
