aaaa,aaad,aadd,aada,adda,addd,adad,adaa,ddaa,ddad,dddd,ddda,dada,dadd,daad,daaa
168.18338625669128,93.42973147366263,59.33952032584586,5.5668879964408315,1.0531652474899584,2.4284924751113723,0.3679728427942582,0.030947190970009027,0.4835303199900351,0.13003097240248312,0.16432333733018575,0.3348028938873388,0.20732991292778394,0.023345094915729774,0.057566535614695574,0.005622670666201442
