aaaa,aaad,aadd,aada,adda,addd,adad,adaa,ddaa,ddad,dddd,ddda,dada,dadd,daad,daaa
240.819880236199,54.95718231297727,18.148892865439418,10.880549842886136,4.897956589054409,1.667374710746904,2.2379709939453347,0.9253697661655709,0.006358102666219208,0.013059965005554442,0.011860079556370716,0.031606224478620513,0.17051805190121438,0.027141048002318507,0.13894974588520495,0.016941296261680335
