aaaa,aaad,aadd,aada,adda,addd,adad,adaa,ddaa,ddad,dddd,ddda,dada,dadd,daad,daaa
232.86863224030554,57.1921290282182,11.841819056045269,18.142620868645235,6.079448443959207,2.2573861418499255,2.067686278737962,1.1104409703345428,0.004427727638235831,0.016744641706533822,0.019802241063706594,0.03624580153272359,0.2901212938593455,0.06884499258090743,0.1611200078827118,0.017973670666430453
