aaaa,aaad,aadd,aada,adda,addd,adad,adaa,ddaa,ddad,dddd,ddda,dada,dadd,daad,daaa
232.1950363360607,52.954491562465606,19.627184645612925,11.273146036156534,5.23915913388553,1.5252776268664738,2.3526650814999353,0.9170942231675202,0.006029920049140357,0.011922547033948558,0.011168692059765797,0.039380166470091106,0.19023058221267758,0.031314739736276305,0.1437937757997681,0.017042376567498328
