aaaa,aaad,aadd,aada,adda,addd,adad,adaa,ddaa,ddad,dddd,ddda,dada,dadd,daad,daaa
210.2315031153661,49.541167174150985,12.202309056252629,13.202482187291553,4.794165052063647,1.7213947358592026,1.8782009345361574,0.9074778674846676,0.004569364851929909,0.021808170586704832,0.014248378682013797,0.032912069450838334,0.20543599010564254,0.03643501713420904,0.13628061456441756,0.01523241051788162
