aaaa,aaad,aadd,aada,adda,addd,adad,adaa,ddaa,ddad,dddd,ddda,dada,dadd,daad,daaa
262.95298312107053,60.05503866826692,15.999384327084375,20.097447867312045,6.830558150300485,2.1525626040086343,2.537922090856062,1.2223313980136288,0.004602565816084976,0.02569785191078711,0.017762337678758667,0.047676205634328506,0.3303331514535909,0.06312771054611506,0.1879827333159907,0.020518774828316447
