aaaa,aaad,aadd,aada,adda,addd,adad,adaa,ddaa,ddad,dddd,ddda,dada,dadd,daad,daaa
230.46635535685255,55.00919822478494,19.902851119750157,10.65979099338424,5.2569795048672106,1.5741916280787938,2.292202502980628,0.9012517399716562,0.006282502302808638,0.01277718060663727,0.011573022519904724,0.04322837761966994,0.18753855969514902,0.03362637942131824,0.14368574230923462,0.016709603686982214
