aaaa,aaad,aadd,aada,adda,addd,adad,adaa,ddaa,ddad,dddd,ddda,dada,dadd,daad,daaa
238.0256409602534,52.47245533531196,25.48259888144212,9.125845826272048,5.213497849627384,1.4372251504775033,2.495486771740064,0.8895469588502988,0.007010741491910487,0.01172890566926949,0.011133800374674721,0.05766207549607983,0.17090139801559295,0.04175689977091732,0.13953388717717555,0.016994678495074002
