aaaa,aaad,aadd,aada,adda,addd,adad,adaa,ddaa,ddad,dddd,ddda,dada,dadd,daad,daaa
245.6382829620154,57.63906535352992,15.769296317160205,13.713494629849622,5.525906137999501,1.847429919232868,2.3658862087580417,0.992771315279731,0.006995614703062662,0.01457569553276221,0.012954933310866144,0.02773486710464784,0.2142983543449332,0.0370002434115814,0.14829562744978414,0.018161165410164232
