aaaa,aaad,aadd,aada,adda,addd,adad,adaa,ddaa,ddad,dddd,ddda,dada,dadd,daad,daaa
220.6821517329576,51.759028504537795,16.71288845929723,8.694435174800097,4.304571560763823,1.5499471604208526,1.947084418997232,0.8129367191785738,0.006511403108171591,0.012933056914325334,0.011426552375499888,0.03259380859955477,0.141186075936833,0.02512910485729266,0.12151904221763614,0.014813057990701864
