aaaa,aaad,aadd,aada,adda,addd,adad,adaa,ddaa,ddad,dddd,ddda,dada,dadd,daad,daaa
260.3569860381751,62.03761780786835,12.084450300844912,18.86056490802043,5.973408816186282,2.409205483164489,2.1521688124934815,1.2146692373949923,0.004748925776415721,0.017915529145682525,0.01978000966961227,0.026534668739366864,0.28007936425768915,0.06848378903146361,0.16845343216049305,0.019478031161791098
