aaaa,aaad,aadd,aada,adda,addd,adad,adaa,ddaa,ddad,dddd,ddda,dada,dadd,daad,daaa
233.90300110275857,48.578096404234266,27.125810729664988,7.384389562447799,4.32279085343366,1.4985720737414743,2.3232739875022017,0.8299407877137628,0.006877369080468326,0.01177154660390186,0.012097995882275057,0.050539599743016285,0.1286848089158027,0.04663068972845625,0.12631758471981958,0.016255578259754173
