aaaa,aaad,aadd,aada,adda,addd,adad,adaa,ddaa,ddad,dddd,ddda,dada,dadd,daad,daaa
210.26960037166916,46.67650273767099,17.98990960637481,8.497243003940266,4.192827247858358,1.3613428956805245,1.9705622160092255,0.789707453566913,0.005973391313094174,0.010948046371229163,0.009928606748323684,0.03444780643668021,0.13937789531227474,0.025556929704947412,0.1175823722037919,0.014722743495067357
