aaaa,aaad,aadd,aada,adda,addd,adad,adaa,ddaa,ddad,dddd,ddda,dada,dadd,daad,daaa
218.73364875788704,45.4434513140153,26.33920260585063,7.056599132240118,4.269364971036511,1.3616170367546174,2.2376906239915395,0.7823215350950843,0.006606136379455604,0.011296252293480392,0.01199139864457237,0.0529607361095906,0.1288539341557771,0.04755657624780508,0.11821226311232824,0.01532681369504236
