aaaa,aaad,aadd,aada,adda,addd,adad,adaa,ddaa,ddad,dddd,ddda,dada,dadd,daad,daaa
240.82863091123048,56.962073077497706,21.451220785607866,10.236524432125625,5.3292204706733814,1.586106371744668,2.3473969885148933,0.9220441807015702,0.006693585994388156,0.01332774404575816,0.011560720429537813,0.04787326474635851,0.18104197331083793,0.034887482092069,0.14416175705043482,0.017198119344427613
