aaaa,aaad,aadd,aada,adda,addd,adad,adaa,ddaa,ddad,dddd,ddda,dada,dadd,daad,daaa
214.59677243554762,50.947504422787546,12.112115681031526,13.12136358946897,4.756747579534267,1.7879628893136514,1.8821975197654552,0.915136363722994,0.004942819100301182,0.022187067872297354,0.014612976803273094,0.031678523027191305,0.20123260425116402,0.03624888478149228,0.13746780753736687,0.015250061421132562
