aaaa,aaad,aadd,aada,adda,addd,adad,adaa,ddaa,ddad,dddd,ddda,dada,dadd,daad,daaa
254.14991097715836,55.718772689805185,20.250420654252935,14.262258822816811,5.923476332523354,1.633835169206147,2.6369113707844405,1.0420925332025888,0.005624168416262819,0.012442006296423905,0.012059032973341367,0.03464212657302585,0.22519493291450748,0.033253298574174965,0.155129881804534,0.019677047578913667
