aaaa,aaad,aadd,aada,adda,addd,adad,adaa,ddaa,ddad,dddd,ddda,dada,dadd,daad,daaa
209.3023609925919,44.93722791831468,21.86186456292055,9.510005451696632,4.741408996550993,1.2091712265807735,2.25080663423799,0.824100546893163,0.005675830768393248,0.009513157829229233,0.009544090378875318,0.0445916764387296,0.17055640639559227,0.03319749688220417,0.13149684042508758,0.016003151048888994
