aaaa,aaad,aadd,aada,adda,addd,adad,adaa,ddaa,ddad,dddd,ddda,dada,dadd,daad,daaa
220.66321030262458,50.367705537362134,21.369787561319033,10.53069474566134,5.231800289908074,1.3647506241650633,2.34663911102069,0.8785107409689761,0.005789310054519642,0.011071013592726069,0.010310805345907604,0.04659099929041914,0.18854355034052028,0.034446967031111116,0.14149523641676312,0.016694339740052903
