aaaa,aaad,aadd,aada,adda,addd,adad,adaa,ddaa,ddad,dddd,ddda,dada,dadd,daad,daaa
253.22147162893927,59.16115048749231,13.538027515064785,17.978766188277923,5.977454154475917,2.2017888373563985,2.200988954907679,1.1681492513592047,0.004734325318240482,0.020205005545509865,0.017160239947233147,0.03058745974223697,0.2716296891515088,0.057129555154570695,0.16493558478265122,0.019222303785748227
