aaaa,aaad,aadd,aada,adda,addd,adad,adaa,ddaa,ddad,dddd,ddda,dada,dadd,daad,daaa
222.55114015106545,51.041176005987815,19.73851341550747,9.515694847943681,4.695230667594107,1.4596934652152682,2.170888974363202,0.855364264808286,0.006208753603508611,0.011708221030683636,0.010712640769553932,0.03914050526433881,0.16209087596956404,0.03047488796638983,0.13361669216734595,0.01589570805438984
