aaaa,aaad,aadd,aada,adda,addd,adad,adaa,ddaa,ddad,dddd,ddda,dada,dadd,daad,daaa
202.28948972009806,41.662220324442416,21.645852424939246,7.451400295771757,3.9714467130264177,1.2104265336085431,2.0409819399833826,0.7461533515199171,0.005617395926518266,0.009628524222093305,0.009581662493235986,0.04050183286262731,0.12834221704063814,0.0325111705148684,0.11347984387896629,0.014463102570628569
