aaaa,aaad,aadd,aada,adda,addd,adad,adaa,ddaa,ddad,dddd,ddda,dada,dadd,daad,daaa
222.2612443596166,49.15293100341171,20.170404312012845,7.663323336335783,3.9576043731404447,1.4968974476014418,1.9961450835981809,0.8038039598867478,0.006407903099781798,0.01192236728492594,0.010790331295285236,0.0344530112186221,0.12336197094104424,0.02852365187003377,0.12026965170650855,0.014889747943186772
