aaaa,aaad,aadd,aada,adda,addd,adad,adaa,ddaa,ddad,dddd,ddda,dada,dadd,daad,daaa
229.10242258511337,51.70907548573406,17.406916849960442,14.540763808486899,5.870165790804645,1.5676645348319416,2.35270649822363,0.9838215293201166,0.005742764635943935,0.018843615606258357,0.0143048107150039,0.047703987873632184,0.2391771431239022,0.0360096639918352,0.14876459682617593,0.01785884676180496
