aaaa,aaad,aadd,aada,adda,addd,adad,adaa,ddaa,ddad,dddd,ddda,dada,dadd,daad,daaa
274.7008358777539,66.5692922879962,20.862574401530072,17.7627490493958,7.5935670602420124,2.0651393466548638,2.84719945847422,1.1910010668159918,0.00808758161492026,0.028232503336433002,0.01903706734526372,0.07740966879952726,0.3174766585872725,0.051488058847047206,0.18678034163125298,0.02080160858490263
