aaaa,aaad,aadd,aada,adda,addd,adad,adaa,ddaa,ddad,dddd,ddda,dada,dadd,daad,daaa
223.4937753448306,49.734840912306545,21.89661095567413,8.928057238518766,4.808775740150695,1.3762006747776672,2.252046292898218,0.8425252289449497,0.006489027839840076,0.011266015901078029,0.010401651990674403,0.0480944794270825,0.15981652257324264,0.03443356805978943,0.1298250248737689,0.01602459534971031
