aaaa,aaad,aadd,aada,adda,addd,adad,adaa,ddaa,ddad,dddd,ddda,dada,dadd,daad,daaa
214.79127197179756,49.82680122195526,13.033755067273312,13.612203721766946,4.825843650682105,1.721116095585163,2.001618588436261,0.9206508100083948,0.0056970392487455885,0.01953591147679404,0.014862499932379567,0.029960426896556435,0.20595250105956278,0.03634305871320834,0.1395790594073355,0.01598879485997692
