aaaa,aaad,aadd,aada,adda,addd,adad,adaa,ddaa,ddad,dddd,ddda,dada,dadd,daad,daaa
229.95121310621238,49.660748790067366,19.136320310217616,11.254065057885347,4.940635164006032,1.4336938701104929,2.2961400919169397,0.9075619379088138,0.00548398573574654,0.011201240157866168,0.010653024526046837,0.03301221120312387,0.1781058814156787,0.026718518095003807,0.13602522864196592,0.017164352451803134
