aaaa,aaad,aadd,aada,adda,addd,adad,adaa,ddaa,ddad,dddd,ddda,dada,dadd,daad,daaa
215.4009921759978,39.815407497096615,20.012426472515905,6.375457941743449,3.245669711214662,1.3920102406915869,1.771856205420087,0.6478724948104598,0.0031594785573197137,0.006655154004112572,0.014991730945899461,0.00862207645903754,0.1232342965795068,0.0350127027153681,0.09929696457389557,0.010880290145661066
