aaaa,aaad,aadd,aada,adda,addd,adad,adaa,ddaa,ddad,dddd,ddda,dada,dadd,daad,daaa
228.118627557826,47.04811098528245,15.531978411730648,9.334868865585044,3.9672059837191185,1.4592824930603465,1.8601113012179817,0.7602806903854357,0.0034418526498878116,0.009465614379309682,0.019517063809107355,0.004984593738749729,0.17917690755622107,0.015089241624488145,0.1284820425486056,0.011650717668042604
