aaaa,aaad,aadd,aada,adda,addd,adad,adaa,ddaa,ddad,dddd,ddda,dada,dadd,daad,daaa
246.31254687459761,49.38615154844606,24.25657831736039,9.246845029993713,5.090218512897449,1.3295199751651472,2.384981099805683,0.794481573954966,0.003793628528988354,0.009256780263409613,0.020101171881949063,0.01854435752193091,0.20411349235634457,0.03235008662936616,0.13901559641975547,0.01242088078032502
