aaaa,aaad,aadd,aada,adda,addd,adad,adaa,ddaa,ddad,dddd,ddda,dada,dadd,daad,daaa
254.9727535024887,52.3865415145555,19.01617091908795,10.631886636995917,4.7774799747684344,1.5367295726949566,2.205339497376354,0.8523550791196365,0.0035604218858834046,0.01081443773544983,0.022156030435615825,0.008226398211489872,0.21200318338521407,0.018145512359545184,0.14676381416300435,0.013037805679581299
