aaaa,aaad,aadd,aada,adda,addd,adad,adaa,ddaa,ddad,dddd,ddda,dada,dadd,daad,daaa
265.0793512530413,53.98835475713363,18.658104766014677,13.527868064624633,5.524844315290764,1.5460203487539756,2.4170919158041073,0.9477016038321465,0.003730721873077486,0.01337087106178436,0.0258163336504865,0.00798378546531004,0.26390274252916274,0.01354808240323634,0.17077321890903455,0.014560615355994552
