aaaa,aaad,aadd,aada,adda,addd,adad,adaa,ddaa,ddad,dddd,ddda,dada,dadd,daad,daaa
223.22124025569363,41.89388430367577,17.079865273155,10.090074057510748,4.091255934879049,1.242214706632475,1.9747069072317864,0.7665820929996281,0.0032697535899622234,0.009248033775899831,0.018917002408179243,0.005261039981828483,0.18879940124853142,0.013866395463944053,0.13427629363662416,0.012297810388054506
