aaaa,aaad,aadd,aada,adda,addd,adad,adaa,ddaa,ddad,dddd,ddda,dada,dadd,daad,daaa
233.7712816800979,48.95798829149605,23.067097837360816,5.604956111908386,3.6162537104510433,1.6754484389589446,1.9026414910680052,0.65496648602096,0.0034719712513420512,0.00760899427067325,0.01732907441002593,0.01669356331390526,0.12505089972188868,0.05354666550132987,0.0985236700969109,0.010703829243255499
