aaaa,aaad,aadd,aada,adda,addd,adad,adaa,ddaa,ddad,dddd,ddda,dada,dadd,daad,daaa
212.87367515002987,44.52190670307475,19.578076795267336,4.3649271920233925,2.7581764246450833,1.7331605141058115,1.4735870316239261,0.5667607720924199,0.002982511104365699,0.006990471080140281,0.015382200469906787,0.013221858583858366,0.08828556786544285,0.05324643560776155,0.07370268051280057,0.009331840105787704
