aaaa,aaad,aadd,aada,adda,addd,adad,adaa,ddaa,ddad,dddd,ddda,dada,dadd,daad,daaa
214.73149304709398,45.35181224298755,13.928274480319928,9.734228159775089,4.050478164540216,1.3579683587688745,1.7933442650971363,0.7399188777698997,0.0029430705752531774,0.010264973907028865,0.019635929917515664,0.005404727224302804,0.18833327296747468,0.011979494769444975,0.12646617957464015,0.011212728950189812
