aaaa,aaad,aadd,aada,adda,addd,adad,adaa,ddaa,ddad,dddd,ddda,dada,dadd,daad,daaa
204.73315444720728,43.00400755215078,20.39007279720288,6.460781174007628,3.930160302712466,1.2360578612658215,1.9020922984136197,0.6216721942610219,0.0031053769224368764,0.007226846980914913,0.01625078240515551,0.0168114412265753,0.14898207033727234,0.03527394849015974,0.10628686024909374,0.009719960932224004
