aaaa,aaad,aadd,aada,adda,addd,adad,adaa,ddaa,ddad,dddd,ddda,dada,dadd,daad,daaa
211.23645726834388,44.777495638593635,17.5793140048648,6.914323961293655,3.6925127490982685,1.3454842150739958,1.7933746437922964,0.6488855854915162,0.002995129012857562,0.007796197990053502,0.017074299212834418,0.010069157833913869,0.14715892520625262,0.025711160464447328,0.10832396543454477,0.009956757600804831
