aaaa,aaad,aadd,aada,adda,addd,adad,adaa,ddaa,ddad,dddd,ddda,dada,dadd,daad,daaa
214.32108472120552,40.78007360417372,20.836645563511667,5.765642429391486,3.1526559975940973,1.4662441095923855,1.7704852325160425,0.6245028779498821,0.0032305259345552506,0.006555572765158717,0.015040407786092445,0.010041637987871365,0.11531390701658584,0.04194234172657501,0.09587452018173188,0.010554145470797154
