aaaa,aaad,aadd,aada,adda,addd,adad,adaa,ddaa,ddad,dddd,ddda,dada,dadd,daad,daaa
208.4291048998342,39.28622883866924,23.4650289050229,6.0463239132196485,3.672584564014903,1.2717658424475116,1.9355710364560643,0.623154371041322,0.0033569511494198736,0.0064401470577694474,0.014598590151403863,0.01729194842202178,0.1322365427056496,0.047147654620128994,0.10019557320726015,0.010444773514869431
