aaaa,aaad,aadd,aada,adda,addd,adad,adaa,ddaa,ddad,dddd,ddda,dada,dadd,daad,daaa
223.7921206072272,47.696483116199104,22.57971754331749,5.942104238080738,3.879319804607946,1.4940216900932501,1.9743958656586198,0.6423460908919907,0.0032895767149924535,0.007580973193721852,0.017441948872052932,0.018658889075856423,0.1393097134960081,0.04682300955433411,0.10419536280609468,0.010234798551769161
