aaaa,aaad,aadd,aada,adda,addd,adad,adaa,ddaa,ddad,dddd,ddda,dada,dadd,daad,daaa
207.80472134553835,42.62194636880067,20.17231072565334,6.587197922275935,3.8120148202774584,1.2622593993049072,1.8872190913172224,0.6342592503435862,0.003185396225732101,0.007261406465356716,0.016253346177009725,0.014299223274032978,0.14566547452909942,0.03366005746463742,0.10665039922129017,0.01011406643873404
