aaaa,aaad,aadd,aada,adda,addd,adad,adaa,ddaa,ddad,dddd,ddda,dada,dadd,daad,daaa
247.94856322629755,47.11643109525819,21.953751683102173,7.580770516774895,3.849544106613938,1.5891089030032683,2.0128137460076725,0.7547355401500877,0.0034864085556747743,0.007996445650189256,0.017330231206440394,0.009822838609039838,0.14816133994418954,0.03593742094999368,0.11511060340129148,0.012315404453005128
