aaaa,aaad,aadd,aada,adda,addd,adad,adaa,ddaa,ddad,dddd,ddda,dada,dadd,daad,daaa
245.93217777800692,46.57325806609137,19.71103351499637,9.004037349402202,4.016461186762301,1.4859990720062397,2.0427216539029884,0.7911213576147726,0.0035241271661418687,0.008767463738916357,0.018761942666752334,0.0065372272063762135,0.1692812632364165,0.023244155039077834,0.1286094366275095,0.012794699347256692
