aaaa,aaad,aadd,aada,adda,addd,adad,adaa,ddaa,ddad,dddd,ddda,dada,dadd,daad,daaa
254.56739269116164,53.59849176012784,16.42122112430939,11.94957536640726,4.927629025643105,1.585626036770091,2.130184161648192,0.890745548300241,0.0037068401994753055,0.011043348295819959,0.02386409027611155,0.006699599304677228,0.22400148605043463,0.013542408379327986,0.1450815954030584,0.013415206589501011
