aaaa,aaad,aadd,aada,adda,addd,adad,adaa,ddaa,ddad,dddd,ddda,dada,dadd,daad,daaa
224.6369998983549,48.99568374847234,16.94434276467415,10.633456577894746,4.980332155498618,1.3265667092671172,2.1040975896550917,0.7752159039719054,0.0032356951183865313,0.011131562174610364,0.02292599167358467,0.01168102318120463,0.22620185043748592,0.014037415550483217,0.14114486417264735,0.011573315817003929
