aaaaa,aaaad,aaadd,aaada,aadda,aaddd,aadad,aadaa,addaa,addad,adddd,addda,adada,adadd,adaad,adaaa,ddaaa,ddaad,ddadd,ddada,dddda,ddddd,dddad,dddaa,dadaa,dadad,daddd,dadda,daada,daadd,daaad,daaaa
18.553558220876464,46.64527524667991,150.77570290247095,1.8878512944694392,28.84681589796259,5.007990704032468,4.58895948582083,1.1741835615520537,0.4878741592538366,0.2125180211781556,0.6075464821997371,1.5213924224707818,0.8403727333537269,0.2681642745063381,0.24440815352114897,0.010552686067090982,0.13372451993713788,0.0024196165005824152,0.010748635009695256,0.02712959696528044,0.2265527667883127,0.1878528741920095,0.10223386123079731,0.2579756750769106,0.03687514830491496,0.004023263325049237,0.12660044550017577,0.20735371765296928,0.03554565521483148,0.021425319581480005,0.06165214702712124,0.010456643319472325
