aaaaa,aaaad,aaadd,aaada,aadda,aaddd,aadad,aadaa,addaa,addad,adddd,addda,adada,adadd,adaad,adaaa,ddaaa,ddaad,ddadd,ddada,dddda,ddddd,dddad,dddaa,dadaa,dadad,daddd,dadda,daada,daadd,daaad,daaaa
22.956527599676605,64.51577428014396,190.79016038876557,2.1436330268324357,41.9130261650998,9.087710452617198,7.577933444396013,1.5675815844757652,1.1575209058016955,0.7944240992771464,1.2999325367689503,1.3888271269663337,1.6585564424437653,0.3043816472526256,0.352406558200208,0.016087385556208242,0.18337059146460408,0.003020463008517385,0.016667596869691985,0.03662364522972055,0.29119120567652823,0.21021885409538496,0.19117468577726732,0.44266751716516123,0.03151403657817651,0.014661557391587745,0.22554309431942837,0.2491960685766058,0.06746965789527702,0.02339341168750732,0.08364615433946762,0.0149194518602331
