aaaaa,aaaad,aaadd,aaada,aadda,aaddd,aadad,aadaa,addaa,addad,adddd,addda,adada,adadd,adaad,adaaa,ddaaa,ddaad,ddadd,ddada,dddda,ddddd,dddad,dddaa,dadaa,dadad,daddd,dadda,daada,daadd,daaad,daaaa
13.11223086618039,56.35009109726433,155.71595717451152,1.6804568594708613,31.996045435718614,6.8490897025257995,6.708125184081769,1.0639454892320652,0.929177684340052,0.5759795465634459,0.9648004215107487,1.1334257154808138,1.2240556230235295,0.2528839272902553,0.3067582796086436,0.012705872218060075,0.1366637087102519,0.00241319368280353,0.01581772991600434,0.02565655557664562,0.2328818612657923,0.17542899206053952,0.15511230861374997,0.34461392670409746,0.020818514352610826,0.009983586365313027,0.17746463711174856,0.19341385313273934,0.04956279164715278,0.018896219874323102,0.06925267397127537,0.01249265268970941
