aaaaa,aaaad,aaadd,aaada,aadda,aaddd,aadad,aadaa,addaa,addad,adddd,addda,adada,adadd,adaad,adaaa,ddaaa,ddaad,ddadd,ddada,dddda,ddddd,dddad,dddaa,dadaa,dadad,daddd,dadda,daada,daadd,daaad,daaaa
15.660191393163297,58.13963820200554,168.54894416757932,1.8669352873180394,36.31457384320491,6.603693330847341,6.242804201491943,1.2772445205250733,0.8311059740041179,0.5315938582585437,0.9424504872381096,1.43902660838146,1.2639639103685245,0.2618155407098977,0.30855963368605754,0.013038371215119643,0.14918675435405748,0.0026459233241179956,0.01503233783728096,0.030744470914607712,0.25057649791549175,0.19131308354140988,0.15655498299330986,0.3505969745769775,0.03127156716603219,0.0073438289232026395,0.17191006632505884,0.23014499377837153,0.05079779522798431,0.020809020717360526,0.07193457120126064,0.012667693875884253
