aaaaa,aaaad,aaadd,aaada,aadda,aaddd,aadad,aadaa,addaa,addad,adddd,addda,adada,adadd,adaad,adaaa,ddaaa,ddaad,ddadd,ddada,dddda,ddddd,dddad,dddaa,dadaa,dadad,daddd,dadda,daada,daadd,daaad,daaaa
14.951281342834266,55.24490686587773,156.3828042195208,1.738452367533876,34.82972273711008,7.359040819867797,6.464473857093114,1.259457131300079,1.0004471717390082,0.721114659449947,1.0777587957144652,1.135977875012367,1.3721113900794186,0.24021230550318878,0.2961431145506307,0.013281450232680913,0.1458173113906962,0.0024775892243139542,0.015053978251488527,0.02925104161752663,0.23261702408812587,0.16630683756030742,0.16914362241816613,0.37313741440227566,0.024434078347137362,0.013652618830159611,0.18313852991967686,0.20484393198762854,0.05405548241166849,0.018330927751096016,0.06827320344178273,0.012359997506793105
