aaaaa,aaaad,aaadd,aaada,aadda,aaddd,aadad,aadaa,addaa,addad,adddd,addda,adada,adadd,adaad,adaaa,ddaaa,ddaad,ddadd,ddada,dddda,ddddd,dddad,dddaa,dadaa,dadad,daddd,dadda,daada,daadd,daaad,daaaa
17.97106468987435,68.43150668769897,184.47181659644414,2.439604720869435,39.00883215632487,10.18410372270009,9.781646106107702,1.3121761594557382,1.5730477881263722,0.9886795287474337,1.5258010276598386,1.0460486070921085,1.7974592269781546,0.3230799403124312,0.395761491583262,0.017661276723839405,0.17459574646946316,0.0029165358595161003,0.020749913705856955,0.030014400264649927,0.2833694005022388,0.19856058646541425,0.2119393350375967,0.4841669533363926,0.016781221213828152,0.026824451291840145,0.2585464358414939,0.20898681455360368,0.07444043838931672,0.021837372721872698,0.08745460395497968,0.016096916447636805
