aaaaa,aaaad,aaadd,aaada,aadda,aaddd,aadad,aadaa,addaa,addad,adddd,addda,adada,adadd,adaad,adaaa,ddaaa,ddaad,ddadd,ddada,dddda,ddddd,dddad,dddaa,dadaa,dadad,daddd,dadda,daada,daadd,daaad,daaaa
11.735490539064116,57.823621058312995,160.18831959299598,1.7967663327124113,33.26937561313832,5.8851519252024955,6.205855593546336,1.0526176477941571,0.7382344838629135,0.4421230657181206,0.8141633087946811,1.4040178053403605,1.1210913933307916,0.2517751443797951,0.3063745189463596,0.011816843079638479,0.1315811811138572,0.002159529596048041,0.014904655589236733,0.027999801958311466,0.23691757751086498,0.18753305392967193,0.1448791345103371,0.3141161440391087,0.026879492082816404,0.005124747162756452,0.15771974841039998,0.21493865948509847,0.044333570263022336,0.019879647221767143,0.06932976100059271,0.012252807169939414
