aaaaa,aaaad,aaadd,aaada,aadda,aaddd,aadad,aadaa,addaa,addad,adddd,addda,adada,adadd,adaad,adaaa,ddaaa,ddaad,ddadd,ddada,dddda,ddddd,dddad,dddaa,dadaa,dadad,daddd,dadda,daada,daadd,daaad,daaaa
13.52121924666793,50.43394770446777,153.45097772399805,2.2348048359096215,28.079122675433204,4.871027217509055,4.875049416617347,1.0542950118576477,0.4640172198592609,0.2133305475736097,0.5671704293848113,1.5558212027616922,0.7734411849164674,0.2699035549931188,0.2614309910386238,0.010162660872104313,0.12609956924455004,0.002083574464108544,0.012163701925044512,0.025855294083670512,0.22482776357042833,0.1915583970087517,0.10576006798020514,0.2497822705029697,0.0359696911128656,0.003047555274188078,0.12387798180071642,0.20437596204047534,0.03231950892480799,0.02139387406298435,0.06252933340483269,0.010739627792564408
