aaaaa,aaaad,aaadd,aaada,aadda,aaddd,aadad,aadaa,addaa,addad,adddd,addda,adada,adadd,adaad,adaaa,ddaaa,ddaad,ddadd,ddada,dddda,ddddd,dddad,dddaa,dadaa,dadad,daddd,dadda,daada,daadd,daaad,daaaa
20.433478193261394,55.98893706380694,176.9405438764867,2.1806734253335396,37.24076517996732,6.415762291336667,5.375112820874955,1.575165405689615,0.7147639885582712,0.4641198848859836,0.9107113509414826,1.675563040033842,1.1704827157053372,0.2782658539369614,0.2829278767720783,0.013645621254735417,0.16452063327172428,0.0028751147195656404,0.013464042316665604,0.034720090156507843,0.2587728168115871,0.19932220639058432,0.14978987455357382,0.3510238539534097,0.04439361012784284,0.006922711540944263,0.16124356799444645,0.25102461459521785,0.04717248885308737,0.02290680195900822,0.0705795401627595,0.012362274042695352
