aaaaa,aaaad,aaadd,aaada,aadda,aaddd,aadad,aadaa,addaa,addad,adddd,addda,adada,adadd,adaad,adaaa,ddaaa,ddaad,ddadd,ddada,dddda,ddddd,dddad,dddaa,dadaa,dadad,daddd,dadda,daada,daadd,daaad,daaaa
11.91581076979137,54.25631369529317,150.50360947137239,1.6750335791599567,34.39038573794285,6.231202002310018,5.922993052156551,1.1500327770613523,0.8418010691889243,0.6135254136431361,0.9409780536999984,1.2398970863647438,1.2524194050459043,0.22015806826297013,0.2854091480881753,0.012240502348875764,0.13259188717491188,0.002212220392669423,0.01453888262852905,0.02807228117648201,0.22134277137209238,0.16376395908635188,0.15693858607664166,0.33484155356592554,0.026062860617762185,0.009608602270910184,0.161550009965054,0.20926891775773787,0.0488778640713884,0.017388554567959992,0.06444213146007825,0.011679493652776906
