aaaaa,aaaad,aaadd,aaada,aadda,aaddd,aadad,aadaa,addaa,addad,adddd,addda,adada,adadd,adaad,adaaa,ddaaa,ddaad,ddadd,ddada,dddda,ddddd,dddad,dddaa,dadaa,dadad,daddd,dadda,daada,daadd,daaad,daaaa
15.03644313369925,59.349098966098744,159.7697733435837,2.084290755172072,35.33446644970421,8.841856504878718,8.213914394617742,1.2072961246097083,1.3415476265020716,0.9294642539696658,1.3282037610541106,0.9371364819519296,1.6040875728984398,0.26807756680118233,0.3372920660046755,0.015420998709175588,0.15150384045737952,0.002612111534276763,0.017685307713711622,0.027678916831424438,0.24312703328203816,0.16751472720534286,0.19052517631281923,0.423805299316032,0.016629622436594185,0.02450560623093347,0.21992209429630583,0.1897626539775925,0.06518267624177222,0.018375436451067078,0.07466317934242536,0.013741673642516713
