aaa,aad,add,ada,dda,ddd,dad,daa
261.9135634465181,5.8305804372633006,2.0635706461164642,0.836017420578545,0.08737680145063532,0.06996079238824558,0.012723458414978841,0.021361910679584224
