aaa,aad,add,ada,dda,ddd,dad,daa
258.0806823944307,6.469594243212429,1.9039407846367495,0.8151056932638652,0.08092395303772522,0.06834564805715695,0.011501990019255625,0.020384238324882786
