aaa,aad,add,ada,dda,ddd,dad,daa
251.0854789328829,5.76342460670905,1.649237670232445,0.8221777780626316,0.08694355984012989,0.06471574735884919,0.010870463899933982,0.020443111881640396
