aaa,aad,add,ada,dda,ddd,dad,daa
294.8080242096188,4.4934617599807645,3.0365120814574924,0.9119452208702801,0.09309162099523033,0.07897065458155238,0.01509508370240029,0.024102788274872135
