aaa,aad,add,ada,dda,ddd,dad,daa
261.14448044404514,5.608544362330147,2.3007627872710352,0.8033016794686042,0.08018741581265393,0.06978564078579347,0.012081825866036917,0.020769558169694932
