aaa,aad,add,ada,dda,ddd,dad,daa
298.7962877021505,3.5477672409951064,2.724727831761581,0.9490504149948993,0.09556087627000377,0.07636585457560241,0.013407844506669563,0.025124442046634287
