aaa,aad,add,ada,dda,ddd,dad,daa
265.4666149075203,7.2336719555424756,1.8970107811787373,0.8411229992519503,0.08439127776932001,0.07090156117442023,0.012143037851321719,0.02108718004380682
