aaa,aad,add,ada,dda,ddd,dad,daa
279.9937459905025,7.802326914977111,1.7221143231049085,0.9144404423460976,0.09371375156529879,0.07078626773409556,0.012007359077693859,0.02214203395909498
