aaa,aad,add,ada,dda,ddd,dad,daa
314.0427841756978,4.473775797609191,3.504229688476203,0.9605465347722401,0.09715532998059825,0.08404913100513253,0.016624632403590817,0.025703826379790348
