aaa,aad,add,ada,dda,ddd,dad,daa
270.43139418017176,6.1312443797978755,1.5354089689039254,0.9004422919621348,0.09446847426158277,0.06713724620691869,0.010392044650450937,0.02203973333927872
