aaa,aad,add,ada,dda,ddd,dad,daa
292.47374357799106,6.475846880175464,2.1597921806339024,0.9361494081663642,0.09566411924238619,0.07680617242374892,0.012918206633144035,0.023576371348305387
