aaa,aad,add,ada,dda,ddd,dad,daa
265.4759654313209,3.879080229575643,2.927879048072528,0.8160776436420514,0.08432703946509618,0.07218474334455406,0.014311345034238393,0.022065602062441708
