aaa,aad,add,ada,dda,ddd,dad,daa
247.1441998838018,5.552783698668025,1.9584674668317017,0.7838679491563516,0.07956676453603868,0.06535582360915225,0.01156279128926034,0.01965770455894828
