aaa,aad,add,ada,dda,ddd,dad,daa
256.6337143449049,6.760554223487903,1.583828116411639,0.8309760543755034,0.08254562944391136,0.06661803456224717,0.010436246889627056,0.020506099736203404
