aaa,aad,add,ada,dda,ddd,dad,daa
249.40781006541076,4.370573127644229,2.1848229363672713,0.7909603395470455,0.08249498236582527,0.06633880831380423,0.01239067009212118,0.020413318081856816
