aaa,aad,add,ada,dda,ddd,dad,daa
281.95273322400976,6.4930188826085615,2.2679968178887946,0.8988619828035733,0.09495378997362433,0.07419675570710069,0.014283200591746684,0.022591301884030218
