aaa,aad,add,ada,dda,ddd,dad,daa
274.78911549352136,5.926610026582559,2.276891116928562,0.8719483647205934,0.09108482468938395,0.07226879786211556,0.013728698782722103,0.0220554177908557
