aaa,aad,add,ada,dda,ddd,dad,daa
265.42701055251877,4.474429591332114,2.5051750078250783,0.8389224643537175,0.08911293148983221,0.07153337493016858,0.013615871070642662,0.021877123398666657
