aaa,aad,add,ada,dda,ddd,dad,daa
271.4031465494834,3.803250696986745,2.7141669900323415,0.8654501660087875,0.0944503909606403,0.07244740297056816,0.014279930651937474,0.022985206050430647
