aaa,aad,add,ada,dda,ddd,dad,daa
282.4269199116428,3.587784065341758,3.1933739594290977,0.8747099175128806,0.08943644570952958,0.07478985970591531,0.014938833429177224,0.02351790254175284
