aaa,aad,add,ada,dda,ddd,dad,daa
303.3150043919438,4.00968073765236,3.6938819828630414,0.9294974521359304,0.09657154505692295,0.0824962038809005,0.017318151013357052,0.025494805529274123
