aaa,aad,add,ada,dda,ddd,dad,daa
291.58627564086254,3.693693637604148,2.964951362770443,0.9280682568323844,0.10021097999390163,0.07756512750506071,0.01508510836057346,0.025013315231979288
