aaa,aad,add,ada,dda,ddd,dad,daa
330.96555185955924,4.239875130232864,4.106693912104991,1.0267075965191101,0.11029084629332975,0.09040461458228519,0.019609997880402037,0.028448864802736056
