aaa,aad,add,ada,dda,ddd,dad,daa
285.05859850795304,4.173568123760309,3.2952230713189117,0.8742786994653902,0.09077866351915256,0.07752584897076002,0.015914413223001665,0.02358875595690095
