aaa,aad,add,ada,dda,ddd,dad,daa
261.99430817292244,6.064331939545955,1.8420900345535758,0.835989541227574,0.08396125385414681,0.06891323819109527,0.011219003326545124,0.021045149802145394
