aaa,aad,add,ada,dda,ddd,dad,daa
267.5347050717121,5.391577993348034,2.247791437508574,0.8495871034147228,0.08919201709220559,0.07114313754816677,0.012684740092010717,0.021684914386815933
