aaa,aad,add,ada,dda,ddd,dad,daa
289.20115826180006,4.837089236496809,2.459259311592729,0.9089940930049389,0.0908464226464337,0.07550241622575299,0.01303709978235865,0.023620101752355894
