aaa,aad,add,ada,dda,ddd,dad,daa
288.5019687693392,4.819414429624921,2.2665666819149712,0.9111541665620023,0.09033094596523619,0.0740506357094642,0.011142546571330937,0.02341999319155073
