aaa,aad,add,ada,dda,ddd,dad,daa
305.10664098505276,3.9877677231488096,3.1381493156654208,0.9598799458941211,0.10083010779138002,0.08136508523991594,0.015591059673911365,0.025842545220639283
