aaaa,aaad,aadd,aada,adda,addd,adad,adaa,ddaa,ddad,dddd,ddda,dada,dadd,daad,daaa
217.13453576527877,112.560621691941,15.576403504194422,22.796351377100457,2.003420363514143,2.3940380598419138,1.7905091492425276,0.8900468883129212,0.3579532883586952,0.25831294265497057,0.16585658560822286,0.5926431470590319,0.02227488880271207,0.19041669387199034,0.28855499936592327,0.09738883542078788
