aaaa,aaad,aadd,aada,adda,addd,adad,adaa,ddaa,ddad,dddd,ddda,dada,dadd,daad,daaa
179.30340467552796,88.37897059075425,13.28380947201972,16.38718407899933,2.052447879564925,1.6783412750667257,1.272869068962113,0.7281496921287776,0.28900676770349,0.20247826456609455,0.13082019071178075,0.48797683851700036,0.014499819098286234,0.15188233758147426,0.22618561786599797,0.08461822103772183
