aaaa,aaad,aadd,aada,adda,addd,adad,adaa,ddaa,ddad,dddd,ddda,dada,dadd,daad,daaa
196.526811129425,109.069618252257,15.786731530300786,22.23499528744096,0.8299638308781662,1.7621510158636968,1.8650001336067659,0.7336507933440968,0.3040526099468832,0.2771133673763365,0.15222920361711578,0.47013630334348194,0.044029680040262684,0.13283103274167127,0.2750398416936307,0.08044358192048558
