aaaa,aaad,aadd,aada,adda,addd,adad,adaa,ddaa,ddad,dddd,ddda,dada,dadd,daad,daaa
206.07717530477012,108.65835135397752,15.13899135261453,21.223855104597202,1.9481318920292787,2.258075020286425,1.653130266326648,0.847785049617152,0.33965607392191516,0.252299585560334,0.15802616091036384,0.5711397416964882,0.02179809403557977,0.18355730878053672,0.2705143701816633,0.09406082314873049
