aaaa,aaad,aadd,aada,adda,addd,adad,adaa,ddaa,ddad,dddd,ddda,dada,dadd,daad,daaa
188.8030174362102,107.38707338277865,22.084648653833003,20.48058926630073,0.1525133852773346,0.6500763435387801,2.1065911976736786,0.5827711105715346,0.2527422439966903,0.326649397228951,0.13994177518964485,0.35348014557439716,0.07446580241895227,0.0823398375423721,0.2536031665864353,0.06570605673513075
