aaaa,aaad,aadd,aada,adda,addd,adad,adaa,ddaa,ddad,dddd,ddda,dada,dadd,daad,daaa
189.90803375750485,98.48230483334689,12.597307205245354,22.01829315644098,2.1120314964796143,2.533802962717406,1.4963024979463986,0.8332213973171769,0.33098302694898996,0.20460994425888387,0.14305518886736923,0.5733797771787332,0.024187000683053468,0.18526929483889926,0.2634628855639212,0.08854781762330395
