aaaa,aaad,aadd,aada,adda,addd,adad,adaa,ddaa,ddad,dddd,ddda,dada,dadd,daad,daaa
188.15706585523216,107.35206679120206,14.65058889353468,20.78306690334411,1.159951670828746,1.8741735190355437,1.621432389100708,0.729760845054464,0.30752697888609554,0.2649227197955247,0.14637938147881027,0.49942566099525343,0.036508577953048384,0.15122284026630003,0.2575913652598748,0.08227693433154681
