aaaa,aaad,aadd,aada,adda,addd,adad,adaa,ddaa,ddad,dddd,ddda,dada,dadd,daad,daaa
202.83886191803208,101.02011794081272,14.275999398332042,21.600408355062136,1.5149398347677465,1.9681870562534842,1.6944470707793464,0.8110890943164546,0.3187308589156589,0.23401882245222363,0.14893640786341686,0.5107846057117439,0.024484417771703564,0.15496406424039763,0.2699488211482889,0.08768260524306888
