aaaa,aaad,aadd,aada,adda,addd,adad,adaa,ddaa,ddad,dddd,ddda,dada,dadd,daad,daaa
218.99152771145742,108.69990370692955,14.856048229330106,23.38226606408379,2.0834734840150553,2.4902222279721777,1.8216603920175733,0.9118488057417778,0.3585244248156089,0.24040839167593528,0.16464061758146312,0.591129328916204,0.01990194934118462,0.1899415698845208,0.2913499508742124,0.09690626187326427
