aaaa,aaad,aadd,aada,adda,addd,adad,adaa,ddaa,ddad,dddd,ddda,dada,dadd,daad,daaa
193.5570717290755,105.51088266771377,14.26615624885671,24.75935892709396,0.8184317782001005,1.9361287216225642,1.9268609210541818,0.7467955421042848,0.3145425006365989,0.24995447612575192,0.15017595771682085,0.48220227065672716,0.05237390847229983,0.1309255968822302,0.2768019354081454,0.07717912314467901
