aaaa,aaad,aadd,aada,adda,addd,adad,adaa,ddaa,ddad,dddd,ddda,dada,dadd,daad,daaa
197.9917304361662,102.90443763949419,14.997362420196568,22.50262919404162,0.9213792226816424,1.7874579762938718,1.870837636552006,0.752544228644962,0.30227124232727043,0.25216002176848656,0.1493543574944036,0.4625785122200564,0.03813340601806672,0.13007606403225574,0.27467588763431755,0.08022405154618903
