aaaa,aaad,aadd,aada,adda,addd,adad,adaa,ddaa,ddad,dddd,ddda,dada,dadd,daad,daaa
178.7929213756669,98.51976113951645,13.20024944507293,20.686361804844548,1.0980532980572133,1.8009490235992935,1.5813555987618493,0.7029857260099183,0.29385337410934537,0.23531978005622062,0.13759217643291344,0.4719396438507483,0.03474782353717893,0.13903876807421822,0.2461866721513319,0.07668326977353657
