aaaa,aaad,aadd,aada,adda,addd,adad,adaa,ddaa,ddad,dddd,ddda,dada,dadd,daad,daaa
191.26245198703256,108.00616108376397,14.146822440552924,25.54750077221964,0.772054612749783,2.0093981616754726,1.934372509018719,0.7398733523813027,0.3190868307804702,0.25533482745167907,0.1511559609227359,0.4922581941911151,0.06047226349726256,0.1347204809270337,0.27762223054099533,0.07616177947580038
