aaa,aad,add,ada,dda,ddd,dad,daa
290.7483352475879,13.547832723393242,5.236766400016652,1.166241722649231,0.3466788870015444,0.2143629185556506,0.07701989982529972,0.03802219440135331
