aaa,aad,add,ada,dda,ddd,dad,daa
310.83899989532654,16.13973166430343,7.457428475898085,1.3338730024405916,0.3796037801587064,0.29913821055309947,0.09236122885257213,0.0382876084021057
