aaa,aad,add,ada,dda,ddd,dad,daa
304.3617611334126,14.878813901844481,6.384853761473071,1.2366768673418311,0.34587649860558434,0.25191173794302624,0.09606142758701217,0.03893804796134352
