aaa,aad,add,ada,dda,ddd,dad,daa
272.5878513795021,13.707484485784269,5.10167110622801,1.0685029421467873,0.3345323354049881,0.2025613348136858,0.07261815741875358,0.03717965131877053
