aaa,aad,add,ada,dda,ddd,dad,daa
294.6878084793106,17.165048564430105,5.498689873370612,1.1214120050074707,0.3561712753048618,0.21677991101487598,0.07788377328152686,0.041047928819135736
