aaa,aad,add,ada,dda,ddd,dad,daa
291.97144305337935,13.567413338670262,5.0412303110025345,1.171780157739999,0.3447337709300712,0.21504836521980747,0.07619213572929555,0.03738140898615062
