aaa,aad,add,ada,dda,ddd,dad,daa
274.63240672242586,14.430944915802764,4.851324847381661,1.0533263202840535,0.32533048024520783,0.20042266595179173,0.07255077434802856,0.03667253035691962
