aaa,aad,add,ada,dda,ddd,dad,daa
317.8417629055777,14.502851503648102,6.332175142269158,1.4305526859728142,0.37196156732838287,0.2882372161467939,0.08729926118457736,0.037957791547598596
