aaa,aad,add,ada,dda,ddd,dad,daa
325.83592840768466,15.580596749531761,7.282563639824208,1.423665304258654,0.393374257150551,0.31237497717624424,0.09198846083719803,0.03870286775064002
