aaa,aad,add,ada,dda,ddd,dad,daa
276.43025336454497,11.725301900715023,5.023043011921667,1.1971043010690368,0.3226028083884378,0.23782851371162808,0.078409397920901,0.03250048483174154
