aaa,aad,add,ada,dda,ddd,dad,daa
284.7708048256941,13.892545156180939,5.454784229647251,1.1046102840787844,0.32422916612739616,0.21173264400393155,0.07810005564998822,0.03718614236575469
