aaa,aad,add,ada,dda,ddd,dad,daa
284.56640434747743,15.735095463079116,4.747561735046445,1.0737315674965284,0.3515301004029347,0.20158860978591905,0.07264685765142993,0.03922051071590498
