aaa,aad,add,ada,dda,ddd,dad,daa
312.6420575603347,13.975711125394195,5.745630342595166,1.267734641225439,0.3813928891820281,0.22562738130550586,0.0852438111854533,0.042354953463253395
