aaa,aad,add,ada,dda,ddd,dad,daa
286.3782155401796,17.044281117025715,4.583135192429679,1.0797404478742032,0.3547635942015238,0.20069230478296451,0.07119758815129214,0.03858076120649712
