aaa,aad,add,ada,dda,ddd,dad,daa
276.19262173775695,12.74693119146768,5.415360453209829,1.1012659468539239,0.34053904336737634,0.20161775010978328,0.07753452688411626,0.03858333292428202
