aaa,aad,add,ada,dda,ddd,dad,daa
262.3818677381827,12.384631969864751,4.13064852352401,1.0579969714289972,0.31494045377862734,0.1895871081873474,0.06585523658454889,0.03311513926704735
