aaa,aad,add,ada,dda,ddd,dad,daa
270.8607604578414,14.250635337941542,3.8859266693988705,1.0331728307107497,0.34298990765366216,0.18266303281096768,0.06484273198081246,0.03617687623325087
