aaa,aad,add,ada,dda,ddd,dad,daa
258.47205928279885,13.544285470413547,4.6960728027201055,0.9954072837920146,0.32050920812291356,0.18855471726138687,0.06796656704655389,0.035815537361435786
