aaa,aad,add,ada,dda,ddd,dad,daa
318.52160026674994,13.878788713704354,5.7325771975244395,1.286961855701303,0.3870887706472411,0.2275027146957873,0.08762223211548424,0.0431095118923172
