aaa,aad,add,ada,dda,ddd,dad,daa
336.58800762342713,14.962583086514398,5.262624722276096,1.3353873759064816,0.397494723562183,0.2381845042862888,0.08751843542379896,0.04289001065342154
