aaa,aad,add,ada,dda,ddd,dad,daa
285.7595543394053,12.114628314356654,5.058484976392391,1.2277571233419424,0.34150397433385354,0.23116963773686444,0.08193039923498091,0.03530148601822257
