aaa,aad,add,ada,dda,ddd,dad,daa
269.1636695773454,11.486212201227538,4.814575941682867,1.1899472916961227,0.3230691489253942,0.23096333344688566,0.07500599835247194,0.03210791467352616
