aaa,aad,add,ada,dda,ddd,dad,daa
300.11002063048096,18.08162781922774,4.932882690362531,1.1134115595527754,0.36681433248748246,0.21145100282900284,0.07563626889898649,0.041530936598514534
