aaa,aad,add,ada,dda,ddd,dad,daa
264.28649125854645,13.64094250137071,4.469231855299667,1.0133074859200728,0.30481788914668423,0.1937209174665889,0.0691855821774343,0.03396856800477436
