aaa,aad,add,ada,dda,ddd,dad,daa
319.7045689779712,14.943215263655427,6.444802277899908,1.2687398698517416,0.3620900883617942,0.23756305475209707,0.09267523806232239,0.042597539496596976
