aaa,aad,add,ada,dda,ddd,dad,daa
272.4401988687596,12.834242867995872,4.764355550644757,1.055777938288936,0.3044914289661143,0.19912709157648836,0.07334169772915419,0.03445515230087834
