aaa,aad,add,ada,dda,ddd,dad,daa
279.35940571279957,15.477659564986242,4.742304138825617,1.049950986026665,0.35423431188981513,0.1971952804507433,0.07126166396991786,0.039452229145093665
