aaa,aad,add,ada,dda,ddd,dad,daa
259.3338007106579,13.175840100293989,4.3831358735197865,1.0154529170964215,0.30861342003690573,0.18810173935630847,0.06672281204924994,0.03387229694546301
