aaa,aad,add,ada,dda,ddd,dad,daa
300.49784275806985,12.5988455244796,5.503585042347703,1.3326486497945393,0.37328616026408806,0.257273922971181,0.08132171437853077,0.03720563673716544
