aaa,aad,add,ada,dda,ddd,dad,daa
309.18625919763866,14.999067210426162,4.700839290459339,1.1981085908393212,0.3657325389409298,0.21721646899488214,0.07848723940222128,0.039586527412714706
