aaa,aad,add,ada,dda,ddd,dad,daa
307.1466564747961,14.610711836318703,5.435209953346578,1.2111507609305514,0.3542754811205643,0.2268529777278475,0.08157312060885212,0.039331753822020976
