aaa,aad,add,ada,dda,ddd,dad,daa
274.62135988889446,13.463658793823441,4.736020845300825,1.0633040168925647,0.31412998861431113,0.20105398623652307,0.0724754733995441,0.03512055117082165
