aaa,aad,add,ada,dda,ddd,dad,daa
269.2238920534907,12.760808442683542,5.530807327238423,1.1540425540211126,0.32345533356716594,0.23765566974520583,0.08046318524757926,0.03340409347678678
