aaa,aad,add,ada,dda,ddd,dad,daa
301.71231367648903,9.578055695018463,3.4828486121085636,0.9352114436193784,0.051285702254411564,0.06817201638740412,0.008847509085806535,0.014047019826874379
