aaa,aad,add,ada,dda,ddd,dad,daa
334.12012487092767,9.088371084624542,4.475337299166683,1.0298530279436193,0.05415231109425336,0.07449238534308512,0.009476490398663912,0.01596261368509584
