aaa,aad,add,ada,dda,ddd,dad,daa
334.5423308768436,12.777014211029174,3.770138171899811,1.0182503748612692,0.054257810300562516,0.07586692652397972,0.010140538315287924,0.014819582298967711
