aaa,aad,add,ada,dda,ddd,dad,daa
305.5439602178108,12.758914137548837,2.2353686828324584,0.9937864941153239,0.05820245494594154,0.0671761408381503,0.008567815338910044,0.0143132266781533
