aaa,aad,add,ada,dda,ddd,dad,daa
322.6001403867735,9.330438939568637,3.141863566201272,1.0342480653424269,0.06061571268179731,0.07100492421275935,0.008874187950162716,0.01545832431459321
