aaa,aad,add,ada,dda,ddd,dad,daa
289.7011250889115,7.896943152696589,2.674620276507005,0.938465389037519,0.05505165141305121,0.06299031552015733,0.007673638237128659,0.013848672199769096
