aaa,aad,add,ada,dda,ddd,dad,daa
293.10059852373365,13.929782360215764,1.830712625085807,0.9601810664417954,0.05158757167531244,0.06432967658158154,0.00576411602196042,0.013886707649059095
