aaa,aad,add,ada,dda,ddd,dad,daa
294.21278663831606,8.600411069022941,4.31426687694039,0.8847471957569895,0.04463524178879496,0.06605545558685987,0.008678794599346357,0.013833882026905884
