aaa,aad,add,ada,dda,ddd,dad,daa
337.0543074712039,11.992136988408838,2.7341196042820077,1.092660543001003,0.06476108373684314,0.07375115341169798,0.00923252927047417,0.01590605754083747
