aaa,aad,add,ada,dda,ddd,dad,daa
300.080681579702,13.629996163564163,2.162180925264124,0.9600843467479225,0.05162962064185197,0.06570518975250586,0.008263613918278479,0.013516372140060524
