aaa,aad,add,ada,dda,ddd,dad,daa
304.3640566853696,10.28387478238933,3.5175922969852094,0.9351379095875318,0.04959173789207132,0.06726632203197573,0.008762220643750174,0.013626364335942262
