aaa,aad,add,ada,dda,ddd,dad,daa
273.18317850342214,8.26970712804188,2.5246506911641218,0.8675171482389751,0.048125806607321076,0.05999579956113267,0.007013009541721572,0.012695851879281947
