aaa,aad,add,ada,dda,ddd,dad,daa
304.4662587104647,11.519915549348648,2.41011160445236,0.9837426249311644,0.056989844267222256,0.06641993657728575,0.008251395535777684,0.014079298074940086
