aaa,aad,add,ada,dda,ddd,dad,daa
317.9031664556865,10.132829258226117,3.74061321823732,0.9886282273661052,0.05447092024109773,0.0721429207174768,0.00943971036927104,0.014872619852555018
