aaa,aad,add,ada,dda,ddd,dad,daa
324.24202440975876,9.81292507984519,4.503224262048707,0.9760908622989884,0.05001796037855044,0.07384641441831008,0.009520793908687653,0.015101335328474168
