aaa,aad,add,ada,dda,ddd,dad,daa
328.4061092148719,9.785596651442958,4.2434464315644576,0.9745843095859223,0.047810419569715004,0.07265080408811331,0.009271143058315985,0.01472080436646045
