aaa,aad,add,ada,dda,ddd,dad,daa
311.29585122677264,10.724366109620492,3.028796410604419,0.97921856086335,0.05488817778568401,0.06982876142224775,0.00857635773839799,0.014409825838025529
