aaa,aad,add,ada,dda,ddd,dad,daa
273.1818563387862,8.365723843977275,2.9345830335052967,0.8467788600032681,0.04587216792054789,0.06138178997053605,0.007647428429397978,0.012648966810383657
