aaa,aad,add,ada,dda,ddd,dad,daa
339.66543452819104,8.245988098223236,5.704395011629825,1.039966692109149,0.05330214531529156,0.07515308985210858,0.010914144710796839,0.017421415737360505
