aaa,aad,add,ada,dda,ddd,dad,daa
304.1549539431563,10.142088390355491,3.130388180660635,0.9414331497713214,0.05027084475827722,0.06732667776159476,0.00815431611788658,0.013750209594725227
