aaa,aad,add,ada,dda,ddd,dad,daa
260.9398763541889,9.513966746698685,4.754818823722702,0.7942444107363316,0.04258846978222891,0.060127975371098624,0.009733748009553955,0.012994728754131437
