aaa,aad,add,ada,dda,ddd,dad,daa
334.04191514239574,8.439455655019856,5.566897742885336,1.0219560702315769,0.05325565371894118,0.07540164615901669,0.010967915944134736,0.017131265195100723
