aaa,aad,add,ada,dda,ddd,dad,daa
325.7074262685009,11.091360114226855,4.58262404532159,0.974043219149879,0.04992343084299877,0.07440913752984535,0.009907141450886812,0.014810852955460151
