aaa,aad,add,ada,dda,ddd,dad,daa
315.8961804885444,9.377686201289574,4.379383415115288,0.9928676558921129,0.05541887119907622,0.07168644023024497,0.00960169036916159,0.01542870608820739
