aaa,aad,add,ada,dda,ddd,dad,daa
311.1556458463408,10.130521278479039,3.4920664498196383,0.9591286901317725,0.051585365932450764,0.07000264234578538,0.00900303313841848,0.014187361981286754
