aaa,aad,add,ada,dda,ddd,dad,daa
337.1610664420009,13.57204523128927,4.341051093029597,1.0123384349761997,0.05287964580623836,0.07925923918657549,0.010797054303134499,0.014828132746239283
