aaa,aad,add,ada,dda,ddd,dad,daa
298.9063211974832,9.195287203916063,3.347002987778199,0.9452479294214738,0.05469772711613759,0.06664842318529592,0.008820983543876323,0.014067050484781973
