aaa,aad,add,ada,dda,ddd,dad,daa
291.10792862787184,9.054010794413603,2.9136080146231382,0.9190428561779059,0.05151643434107475,0.06460163893182226,0.008023447251355268,0.013639616799218483
