aaa,aad,add,ada,dda,ddd,dad,daa
272.9720602303568,10.0998730619918,2.651120841063464,0.8590229651804823,0.04783654751648854,0.06163863087846966,0.007783252638804248,0.012412202677838671
