aaa,aad,add,ada,dda,ddd,dad,daa
309.0621975754788,7.807856744637175,3.8953616669599787,0.9696058300294234,0.05264626609176166,0.06752498730664352,0.008484155802754698,0.014944501999774746
