aaa,aad,add,ada,dda,ddd,dad,daa
271.95811922406773,10.296156725817502,3.2534107707268403,0.8365451701701702,0.04538896546665224,0.0629311773064775,0.008606006451050478,0.01234137012118767
