aaa,aad,add,ada,dda,ddd,dad,daa
303.7958010782324,11.905137045762702,2.968913786333258,0.9476837993262909,0.05279853442102909,0.0688853441265042,0.008899680335220886,0.013829494868035298
