aaaa,aaad,aadd,aada,adda,addd,adad,adaa,ddaa,ddad,dddd,ddda,dada,dadd,daad,daaa
209.7921294520095,53.12345072091442,12.602897083691923,5.685921825058541,2.9561473383344428,0.5877610953757744,0.5988544776943859,0.07620433817033045,0.07257797936211714,0.0930211131136349,0.025165303765732852,0.22908612665429195,0.06877840731179746,0.05096562120144919,0.002854785269407969,0.005247486950915103
