aaaa,aaad,aadd,aada,adda,addd,adad,adaa,ddaa,ddad,dddd,ddda,dada,dadd,daad,daaa
243.32114818478212,61.61302951961215,17.21892854294845,6.341213606191288,3.1169762947112822,0.4777001414699347,0.6466835329373313,0.08547893739883199,0.08068520164301,0.11148609767073643,0.02783487460608535,0.23779405349172367,0.08561156219065472,0.056471668146442215,0.00420330367103528,0.005082431992649293
