aaaa,aaad,aadd,aada,adda,addd,adad,adaa,ddaa,ddad,dddd,ddda,dada,dadd,daad,daaa
197.49295098274243,49.292463715820176,11.20466581253703,4.635594687011403,2.625356437192288,0.4621523124647028,0.5497739985189738,0.07134604966063388,0.06587822279445184,0.08551666509377591,0.023689802341361112,0.2130479528602625,0.061397611509622196,0.0473946345825562,0.0025275127343894997,0.005275132400642669
