aaaa,aaad,aadd,aada,adda,addd,adad,adaa,ddaa,ddad,dddd,ddda,dada,dadd,daad,daaa
216.7037315093262,53.7768238009653,12.16072682722697,4.458736246987428,2.6175310720430423,0.3590776782554421,0.5777067615796054,0.07695013421629505,0.06848713937275244,0.09365698529092305,0.025778273782481927,0.21777193439168469,0.067337740363337,0.049484990589564404,0.0028660056748043583,0.00528389355045979
