aaaa,aaad,aadd,aada,adda,addd,adad,adaa,ddaa,ddad,dddd,ddda,dada,dadd,daad,daaa
200.7762608707696,48.39774920825949,14.45193073996028,3.5404612421815687,2.0393430070432195,0.17286120312355013,0.44904443211632633,0.06586932494337432,0.057522034472228686,0.09108397726086792,0.02444291290654632,0.17412256226497363,0.06770777738788866,0.04006787619928969,0.0039516111493284175,0.004216681597455265
