aaaa,aaad,aadd,aada,adda,addd,adad,adaa,ddaa,ddad,dddd,ddda,dada,dadd,daad,daaa
236.75896621214147,59.64710437404393,16.41844796649335,3.0234821954889415,1.93589064252116,0.10856802547799581,0.45062204677951223,0.07790574887719957,0.06464605417728467,0.10989061650808361,0.029553211020933733,0.16923306233136215,0.08572503141465598,0.040921176067311237,0.006093051614581254,0.004144601032250006
