aaaa,aaad,aadd,aada,adda,addd,adad,adaa,ddaa,ddad,dddd,ddda,dada,dadd,daad,daaa
233.57041457776262,58.80612499897887,19.133198299029193,5.094747292080896,2.649589902046352,0.29867990222751917,0.5602185703397784,0.07852384337100625,0.07191594571798031,0.10983117991342826,0.02666176213024166,0.20305355771093617,0.08459191623781515,0.05139511811510326,0.005134297843519134,0.004183919631903162
