aaaa,aaad,aadd,aada,adda,addd,adad,adaa,ddaa,ddad,dddd,ddda,dada,dadd,daad,daaa
231.65034479111742,58.22249850843289,14.869314916303589,7.3478042873786125,3.6435089974477988,0.9225754415928138,0.7074068525794774,0.08435952894113649,0.08519133267443874,0.10194802919069423,0.02999565918393382,0.2764537057706947,0.07600234102744516,0.059340295924224594,0.0030558129892705884,0.00621933295568642
