aaaa,aaad,aadd,aada,adda,addd,adad,adaa,ddaa,ddad,dddd,ddda,dada,dadd,daad,daaa
211.1438615637595,53.82376866979683,13.20209004427467,5.0423011891122265,2.609455122855745,0.36836610051611185,0.5548545548937199,0.07628440261249374,0.06912795409153367,0.0947997521011795,0.02339822476534163,0.2038983685886519,0.07252981188058966,0.04815501128605323,0.0033356582467755206,0.004957593814708269
