aaaa,aaad,aadd,aada,adda,addd,adad,adaa,ddaa,ddad,dddd,ddda,dada,dadd,daad,daaa
222.03738627633288,55.87335140632966,17.500898353071925,3.830266259166483,2.2029109408881693,0.1802799380994724,0.48347456800574085,0.0745200715701801,0.06455692196543687,0.10360547515266043,0.025815634896276262,0.17649058099029355,0.08028410725481894,0.04519475926592126,0.005224501950205729,0.004082091707657417
