aaaa,aaad,aadd,aada,adda,addd,adad,adaa,ddaa,ddad,dddd,ddda,dada,dadd,daad,daaa
236.8393250323654,59.093716530517675,16.404219823675973,5.4567125211787975,2.8438107136586575,0.37257239579538026,0.6113978422593317,0.0824345238292903,0.074791518255394,0.10714538137804476,0.027550296004235426,0.225350278157165,0.08074539010889495,0.053631195326151807,0.0039365071349947225,0.0050477345160653804
