aaaa,aaad,aadd,aada,adda,addd,adad,adaa,ddaa,ddad,dddd,ddda,dada,dadd,daad,daaa
204.95361753862164,51.75821729491092,11.428103842369538,3.6713410376388538,2.163948508153861,0.18301919752513185,0.5009852138015242,0.07234488041118244,0.06183701469874894,0.09096291627165537,0.023114582221495938,0.17899180194690154,0.06776773323984339,0.04372172112595786,0.0031083930770733096,0.0041994407788791994
