aaaa,aaad,aadd,aada,adda,addd,adad,adaa,ddaa,ddad,dddd,ddda,dada,dadd,daad,daaa
188.47515809533826,46.2150766066325,13.398503263114474,3.7062520733646003,2.060234916592709,0.2064621819261594,0.4475677494197853,0.06319263976561856,0.05617058187916736,0.08599371569604522,0.02230255361953554,0.16976099562627345,0.06405422740430686,0.039579566566614204,0.003529228117101094,0.003801665009535826
