aaaa,aaad,aadd,aada,adda,addd,adad,adaa,ddaa,ddad,dddd,ddda,dada,dadd,daad,daaa
244.2192416596925,61.48678516738347,14.568020943653194,5.193764880330403,2.8814992158181245,0.3551474213583404,0.6251744598655687,0.08639449731481451,0.0776790658625215,0.108968354050872,0.028025672417471455,0.2326652534992753,0.08079381024899532,0.054068763035268565,0.00369285279625149,0.005340796634516838
