aaaa,aaad,aadd,aada,adda,addd,adad,adaa,ddaa,ddad,dddd,ddda,dada,dadd,daad,daaa
232.61030104035336,58.90752372542154,16.16608325132244,4.961855434096008,2.629741903111751,0.2797070548380037,0.5729458852812808,0.08168588005414656,0.07217209414573082,0.10626085745762785,0.025857709554004894,0.206459978948648,0.08168234862968667,0.051261092871531584,0.0042811926461057215,0.004885407185487924
