aaaa,aaad,aadd,aada,adda,addd,adad,adaa,ddaa,ddad,dddd,ddda,dada,dadd,daad,daaa
215.51280495129407,53.105323766194424,19.748938470507674,3.6528520004016554,2.0699623092003687,0.20960874692201378,0.4268230018763919,0.06692472620586208,0.06186921667621472,0.10261377763587592,0.02680337952721065,0.16921831652397026,0.07987924366291195,0.04068808898766373,0.006520085282632038,0.0034811601971989153
