aaaa,aaad,aadd,aada,adda,addd,adad,adaa,ddaa,ddad,dddd,ddda,dada,dadd,daad,daaa
233.39584162313454,59.53750793765904,17.05343625516956,4.092588802070199,2.3265916142987404,0.17327439167667333,0.5044882895807463,0.07796168915429819,0.06942364110329113,0.10971150069821421,0.0265442440683893,0.18402672339981746,0.08438546776808017,0.046692159611049035,0.005252981095459893,0.0039571798138809886
