aaaa,aaad,aadd,aada,adda,addd,adad,adaa,ddaa,ddad,dddd,ddda,dada,dadd,daad,daaa
203.95231720773822,51.00872149124698,11.071071908619603,4.11002407291582,2.467225604964335,0.3372010926740595,0.5405442778243168,0.07304820645057279,0.06543509599243888,0.08812578362410792,0.023798140723522213,0.2047471150094371,0.06364110889005585,0.04642327841103172,0.0026709523104209236,0.005178522307754708
