aaaa,aaad,aadd,aada,adda,addd,adad,adaa,ddaa,ddad,dddd,ddda,dada,dadd,daad,daaa
245.06582985310274,61.191357572032224,12.973774981625038,5.475204193224593,3.3223459913791924,0.6085520530481039,0.6915033633087312,0.08935648432609689,0.08273796016184903,0.10350240585220939,0.029982944938673595,0.2707601990553312,0.07274130885331938,0.060093797466631835,0.002941588476166718,0.006873286201043048
