aaaa,aaad,aadd,aada,adda,addd,adad,adaa,ddaa,ddad,dddd,ddda,dada,dadd,daad,daaa
215.4221246963793,55.08562481738028,11.425909620629046,5.008058654319541,2.7666287746019638,0.45106401220269293,0.5885482095520854,0.07905686497926095,0.07302029130159206,0.09299384313998581,0.024792160094687217,0.22075809980149844,0.06887537178015249,0.05142886886875249,0.002775749983994902,0.0052979848789462165
