aaaa,aaad,aadd,aada,adda,addd,adad,adaa,ddaa,ddad,dddd,ddda,dada,dadd,daad,daaa
212.56069526249146,52.42482333587322,16.302266974686617,4.607528951694106,2.4341536138989635,0.279148399851239,0.5031425571766704,0.07080096804140096,0.06526888015699209,0.09869163284208558,0.024882652909313123,0.1939748088783176,0.07447377702445838,0.045362632734496526,0.004319035177409342,0.004206934307840494
