aaaa,aaad,aadd,aada,adda,addd,adad,adaa,ddaa,ddad,dddd,ddda,dada,dadd,daad,daaa
228.67417838278263,57.19811126336193,18.55007741349332,5.243706276789117,2.670200068096449,0.32591956741012673,0.5493993730852906,0.07773883828131628,0.07163076859431514,0.10681936120247396,0.026050720183491645,0.20655120447192343,0.0823797398870848,0.05045408920120058,0.00487291337526733,0.004752500043304499
