aaaa,aaad,aadd,aada,adda,addd,adad,adaa,ddaa,ddad,dddd,ddda,dada,dadd,daad,daaa
217.98353671540883,55.19818060332205,16.83088171476137,4.387426926494394,2.3548016374370024,0.2269422792401786,0.4957613015886188,0.07458987252517171,0.06629327946788163,0.10221867256870923,0.02445177321553282,0.18433550050622027,0.07913800452947853,0.04606370959579451,0.004816562967865431,0.004285187026986036
