aaaa,aaad,aadd,aada,adda,addd,adad,adaa,ddaa,ddad,dddd,ddda,dada,dadd,daad,daaa
202.2411000360502,49.69606380660133,16.66230491898324,5.481810614487705,2.6280211376799616,0.431960160161605,0.5327966610191713,0.06851364713148064,0.06620224916836508,0.09302151552891119,0.02424205550706155,0.20157106161126076,0.07111871110522741,0.04739877540884122,0.0037613848281966063,0.004281660945035763
