aaaa,aaad,aadd,aada,adda,addd,adad,adaa,ddaa,ddad,dddd,ddda,dada,dadd,daad,daaa
220.28874300908515,54.9545024909346,13.41139045715896,6.18583859683389,3.2839379572694907,0.7505681632226253,0.6539564514596607,0.0800608488002032,0.07785449041701145,0.09521270149668179,0.027984378745569204,0.2567524562004585,0.06892594873858057,0.0555421707597106,0.0028384993930246137,0.006237370670046354
