aaaa,aaad,aadd,aada,adda,addd,adad,adaa,ddaa,ddad,dddd,ddda,dada,dadd,daad,daaa
181.7752347901708,44.867884447877685,13.013475846743265,4.055152542600058,2.1393803477993925,0.2664765508117303,0.4558411162402832,0.0623802329999465,0.05682362088326448,0.0821288273588471,0.021221127820579316,0.17215501067220088,0.061956699728451865,0.040320314384130376,0.0031772514927103776,0.004082556822914367
