aaaa,aaad,aadd,aada,adda,addd,adad,adaa,ddaa,ddad,dddd,ddda,dada,dadd,daad,daaa
231.04897543139683,56.074903335644976,15.542612835342831,5.047927935478805,2.752677160768742,0.3693785167508994,0.5984330114891697,0.07902049217118211,0.07186367472378241,0.10164084879267067,0.028090661211929185,0.2283807226139806,0.07449725947184459,0.051615790059194554,0.003474171841478689,0.00535587799881459
