aaaaa,aaaad,aaadd,aaada,aadda,aaddd,aadad,aadaa,addaa,addad,adddd,addda,adada,adadd,adaad,adaaa,ddaaa,ddaad,ddadd,ddada,dddda,ddddd,dddad,dddaa,dadaa,dadad,daddd,dadda,daada,daadd,daaad,daaaa
5.476897723994688,160.8442826120528,56.3016254237519,45.18580191514917,11.19648987380552,5.592819298801222,10.391659186876906,3.2743363838867663,0.5467953907224715,0.6699607838200268,0.178912258626326,1.1778188253181556,1.156556314781106,0.30910372414946885,0.48968163343279847,0.043364070893150995,0.1592514918697676,0.1212062303296469,0.2626809456990784,0.05032304234419575,0.06292466771451204,0.0795402801107212,0.051178021505578264,0.36450048439897265,0.013649874984035292,0.006516230543071558,0.031033455694330928,0.15782110380559367,0.16537221338828642,0.04375924853070335,0.08362393068243483,0.01668480888380761
