aaaaa,aaaad,aaadd,aaada,aadda,aaddd,aadad,aadaa,addaa,addad,adddd,addda,adada,adadd,adaad,adaaa,ddaaa,ddaad,ddadd,ddada,dddda,ddddd,dddad,dddaa,dadaa,dadad,daddd,dadda,daada,daadd,daaad,daaaa
7.901328070030345,180.10901409872045,55.60798755080659,53.1547757858461,11.313687852808613,5.648001321712604,13.77912779800083,4.387529763174027,0.5613255463607433,0.7255703279615838,0.24275979964193006,1.5793516869440067,1.4996768864880274,0.3498930780568389,0.5706553916612712,0.05896472446222734,0.19294359974062059,0.1325961747184935,0.26252663909846163,0.04787755101523167,0.06775743481559666,0.09334525582764938,0.051817139224823595,0.3967206022071625,0.01791727360027885,0.0018435484766207771,0.02705935972442563,0.17716417314729754,0.20813127228518366,0.046640594785226704,0.0911216640937608,0.016817593334515754
