aaaaa,aaaad,aaadd,aaada,aadda,aaddd,aadad,aadaa,addaa,addad,adddd,addda,adada,adadd,adaad,adaaa,ddaaa,ddaad,ddadd,ddada,dddda,ddddd,dddad,dddaa,dadaa,dadad,daddd,dadda,daada,daadd,daaad,daaaa
6.242289941722797,151.56151845645823,49.16387092578136,43.658055847439776,9.570801861322092,5.130114056421216,11.815697217790834,3.800241018647795,0.35098755616679245,0.4467629292105211,0.16511338833565567,1.1764105744373885,1.365557175650071,0.2808729310075993,0.4521585128574856,0.0445572668625648,0.15980601030764433,0.10794449526893357,0.23446034246852482,0.04144278701780989,0.05786512734269271,0.07886061882657631,0.045071998892061774,0.3106152519827375,0.01919977664448413,0.0008787018579457783,0.02157021384198676,0.13305484355807207,0.17655908595555175,0.036113474868543306,0.07289737019146293,0.013785377366031136
