aaaaa,aaaad,aaadd,aaada,aadda,aaddd,aadad,aadaa,addaa,addad,adddd,addda,adada,adadd,adaad,adaaa,ddaaa,ddaad,ddadd,ddada,dddda,ddddd,dddad,dddaa,dadaa,dadad,daddd,dadda,daada,daadd,daaad,daaaa
5.948267478659313,160.41587969087325,52.822041451644,46.145492149456075,10.657384335863028,5.318888055527808,11.214145630582358,3.5459798781538168,0.5251497461552518,0.6609604447757075,0.19130521562550035,1.280430869929307,1.2338835725318398,0.30787316655783636,0.4972549477312963,0.04725670546837758,0.16463622017312957,0.11928292093041917,0.24816886495869608,0.04666256463273776,0.06161103941903935,0.08127462758013101,0.048477017207322545,0.3581861376435699,0.014610563661630552,0.0038107708543097065,0.027542780735205073,0.15774967764483896,0.17382966944806794,0.042710362740173854,0.082524318432661,0.01590234272001583
