aaaaa,aaaad,aaadd,aaada,aadda,aaddd,aadad,aadaa,addaa,addad,adddd,addda,adada,adadd,adaad,adaaa,ddaaa,ddaad,ddadd,ddada,dddda,ddddd,dddad,dddaa,dadaa,dadad,daddd,dadda,daada,daadd,daaad,daaaa
6.595467087030111,176.8312121547189,57.66993240078589,49.470857982368045,13.843998650453736,5.6529054555884635,9.907253121411507,3.099784794812338,1.5099699143370946,1.7392003887344452,0.31768923116758946,1.4704196665618952,0.9769198364183348,0.37310743162442933,0.6113271344347722,0.06333423302825414,0.22003128834995642,0.16566278422122963,0.2237977920103366,0.042079672601828585,0.07782439379989167,0.09490716270744454,0.048328571383349304,0.4859160272056706,0.008578600322128482,0.03575608862118416,0.05038952146148545,0.22412991005334473,0.1667218528213644,0.058348573307160624,0.10318836504894753,0.01949854767327349
