aaaaa,aaaad,aaadd,aaada,aadda,aaddd,aadad,aadaa,addaa,addad,adddd,addda,adada,adadd,adaad,adaaa,ddaaa,ddaad,ddadd,ddada,dddda,ddddd,dddad,dddaa,dadaa,dadad,daddd,dadda,daada,daadd,daaad,daaaa
5.062350177089808,148.0591811858731,57.85040654759765,41.29014059060597,10.373092739081592,5.867025359991597,10.716909256651695,3.620300770548488,0.2229342227200132,0.2573911138328382,0.10008092809491546,0.9039794564486386,1.3545221208055263,0.2641283425532442,0.3995663201457654,0.030740683516984998,0.1462265689128857,0.10597797572854084,0.271771657115986,0.05166943952297861,0.06074224328082349,0.07570819652467183,0.056213850390197176,0.2835206862784041,0.028169912086281935,0.0020719099119054546,0.025362042773851644,0.11574199695181507,0.16228789363885687,0.03311304114095547,0.06784411686262837,0.014337497808455472
