aaaaa,aaaad,aaadd,aaada,aadda,aaddd,aadad,aadaa,addaa,addad,adddd,addda,adada,adadd,adaad,adaaa,ddaaa,ddaad,ddadd,ddada,dddda,ddddd,dddad,dddaa,dadaa,dadad,daddd,dadda,daada,daadd,daaad,daaaa
5.432100259404145,160.86102908862583,56.94390752252809,49.35825231734398,11.897749855307511,4.629213813567418,11.273154932690495,3.96097421771716,0.8333189835047718,1.1009985503813602,0.35614939108299737,1.6221377959793966,1.0031082015147508,0.3913025272408056,0.5589483088055374,0.053495266096907475,0.19969955322130722,0.1471369419841044,0.22984745635349724,0.04435564482219999,0.06854190393440635,0.08785934137228975,0.05596399865206654,0.42273607877821334,0.011175794371887978,0.012621546623890733,0.03974198376294419,0.20813200017497901,0.16469553251627994,0.052539132382559264,0.08940927947464435,0.017419980989139175
