aaaaa,aaaad,aaadd,aaada,aadda,aaddd,aadad,aadaa,addaa,addad,adddd,addda,adada,adadd,adaad,adaaa,ddaaa,ddaad,ddadd,ddada,dddda,ddddd,dddad,dddaa,dadaa,dadad,daddd,dadda,daada,daadd,daaad,daaaa
6.129700283442125,154.75114786981686,51.86338132511607,44.526851210898286,9.826021881542523,5.310984487842571,12.451170391900924,4.100102860413507,0.31349132889444303,0.3950260689036944,0.1652155375182852,1.1807901598117156,1.453942502503945,0.2888852581375795,0.4545241914221173,0.04371886024525309,0.16471455017104572,0.11031868236320953,0.24537150415612266,0.04281037612943146,0.05992657492481009,0.08082975830031354,0.0476859844876562,0.3126311409441229,0.02341581627344007,0.0008183578226551446,0.02139556357508245,0.13208851306698766,0.18264543615486453,0.03594673149800791,0.07274907280216505,0.013841290648129776
