aaaaa,aaaad,aaadd,aaada,aadda,aaddd,aadad,aadaa,addaa,addad,adddd,addda,adada,adadd,adaad,adaaa,ddaaa,ddaad,ddadd,ddada,dddda,ddddd,dddad,dddaa,dadaa,dadad,daddd,dadda,daada,daadd,daaad,daaaa
5.969543509692997,146.8750866035286,45.53657036781952,41.952424826933644,11.473894082461232,4.518012722945364,8.504458849309696,2.6658452537661437,1.2757846429559456,1.525354470102887,0.28451657586022844,1.2999493372302056,0.8125684007995794,0.311038991790418,0.522659329581043,0.05676803258455878,0.1857361297820762,0.13823129272437937,0.17617497342979763,0.03378805080606142,0.06388583360112135,0.07923339021216336,0.0396307173843185,0.40258285301589086,0.00710597560516136,0.029184304125095713,0.041774631059414945,0.1929645477185035,0.14260685867297962,0.04879409308185197,0.08632091224159417,0.01590687166758753
