aaaaa,aaaad,aaadd,aaada,aadda,aaddd,aadad,aadaa,addaa,addad,adddd,addda,adada,adadd,adaad,adaaa,ddaaa,ddaad,ddadd,ddada,dddda,ddddd,dddad,dddaa,dadaa,dadad,daddd,dadda,daada,daadd,daaad,daaaa
5.814915547136749,166.25793552305524,57.99073001491624,48.18687117112139,10.938749048735042,5.687513007609731,12.3369376828181,4.060550341398493,0.41503881560138084,0.5143825561467663,0.1829832391216595,1.2922764860579674,1.4038920978506042,0.3235397324284296,0.494037854342844,0.04373902592492127,0.1733249669624887,0.12273751582610117,0.27063851675216277,0.05034110539124578,0.06556516250992485,0.08531233649460267,0.05383813563120357,0.35645934606498764,0.02167204004524864,0.0019722641473929182,0.026434464430332927,0.15331371463773907,0.186862442929756,0.041463770506888355,0.08169685022226494,0.016267351435107054
