aaaaa,aaaad,aaadd,aaada,aadda,aaddd,aadad,aadaa,addaa,addad,adddd,addda,adada,adadd,adaad,adaaa,ddaaa,ddaad,ddadd,ddada,dddda,ddddd,dddad,dddaa,dadaa,dadad,daddd,dadda,daada,daadd,daaad,daaaa
5.409414387558436,153.8945785868598,60.51020696153619,44.532352430514045,10.815641951209166,6.048112745220475,11.184333329083056,3.822324825002772,0.24050516880465536,0.27460773536886046,0.1128369753970592,1.0205886557326056,1.4145747577024972,0.285630039065907,0.4180609501392118,0.0310270499717514,0.15340173272388866,0.11228500081955414,0.2848756654014003,0.05481801809369559,0.06398995243711353,0.07934753922680389,0.06016305423852944,0.3001710856297351,0.03041716920565033,0.002505544902082696,0.02547309278849126,0.12592827523991978,0.1716563764656361,0.03482051935827132,0.07121221406215186,0.015349171408272359
