aaaaa,aaaad,aaadd,aaada,aadda,aaddd,aadad,aadaa,addaa,addad,adddd,addda,adada,adadd,adaad,adaaa,ddaaa,ddaad,ddadd,ddada,dddda,ddddd,dddad,dddaa,dadaa,dadad,daddd,dadda,daada,daadd,daaad,daaaa
6.006863579591481,159.9611169100287,53.168118737522605,45.36034018172793,10.4404490075665,5.528870490503847,11.470585960236045,3.615827661755949,0.42425960786129063,0.532442727823981,0.16386051878814112,1.185092317166213,1.319277836976577,0.2949799441567664,0.47674885980274834,0.04475445071015603,0.16313726778634294,0.11498325443765538,0.2531027113409536,0.04645190625363091,0.06136386777697989,0.08164709814175918,0.04853529131716825,0.33637260819863607,0.01666093345706466,0.0022799889652466215,0.02580291994151647,0.14406271802448267,0.1768695559141598,0.03968119181929761,0.07915949783852835,0.015407050312713673
