aaaaa,aaaad,aaadd,aaada,aadda,aaddd,aadad,aadaa,addaa,addad,adddd,addda,adada,adadd,adaad,adaaa,ddaaa,ddaad,ddadd,ddada,dddda,ddddd,dddad,dddaa,dadaa,dadad,daddd,dadda,daada,daadd,daaad,daaaa
5.171513818225236,134.96160742993553,44.34927864396636,38.65672442338542,8.76522084366645,4.455892782685049,9.75014232133296,3.1029961634160936,0.4075180602288438,0.5170736789456232,0.15784604343076708,1.0624267195573058,1.082208108465679,0.2571227713776676,0.4146814972716202,0.039534708612459335,0.1403115251695714,0.09935454625863006,0.20791147641281554,0.038423997590293364,0.0516824130849209,0.06894566720708452,0.040811530675471504,0.2963215394341692,0.01314997990179625,0.0022098891364710186,0.022196394591261746,0.1283653541591136,0.14915240150821826,0.034899536458155835,0.06841022655868803,0.013043335049244624
