aaaaa,aaaad,aaadd,aaada,aadda,aaddd,aadad,aadaa,addaa,addad,adddd,addda,adada,adadd,adaad,adaaa,ddaaa,ddaad,ddadd,ddada,dddda,ddddd,dddad,dddaa,dadaa,dadad,daddd,dadda,daada,daadd,daaad,daaaa
6.58840317781195,164.01752554576618,50.502624325294214,47.07808049296627,11.198339567363504,5.455515481177148,10.639716420399921,3.143813073341864,0.656101436959974,0.833314199307777,0.20509889427119657,1.3201462551622878,1.1661284677560544,0.30422289318527435,0.5227156928413512,0.05308569162724983,0.16243284505940872,0.12192684424011437,0.2438362688509027,0.04587786343265821,0.061326394660462386,0.0818463202389617,0.046355987540234074,0.37055360374560875,0.00962823771004641,0.007115827843567553,0.03035635555801336,0.16739925847485396,0.17436911240300756,0.04471519487046427,0.086584507238903,0.016526856527403058
