aaaaa,aaaad,aaadd,aaada,aadda,aaddd,aadad,aadaa,addaa,addad,adddd,addda,adada,adadd,adaad,adaaa,ddaaa,ddaad,ddadd,ddada,dddda,ddddd,dddad,dddaa,dadaa,dadad,daddd,dadda,daada,daadd,daaad,daaaa
5.598015893087853,161.2863509877453,58.345403707312435,44.625034154947386,10.797828667468751,6.025235411201534,11.996911526715305,3.9415229772859486,0.2878612569236686,0.35016844729916213,0.1278861907368131,1.0405097978688977,1.458664463366488,0.28785294636518227,0.45035435859329825,0.03871671961187162,0.1627663929335292,0.11381477635439347,0.27616526580105216,0.049837286876282,0.06378062831358057,0.08241656477747067,0.05439364171277647,0.31556040007168407,0.025257413572498992,0.0015765105847174992,0.025718325787767234,0.1297203732923142,0.17964245210738375,0.03676741636192105,0.07512805276578458,0.015101572527577193
