aaaaa,aaaad,aaadd,aaada,aadda,aaddd,aadad,aadaa,addaa,addad,adddd,addda,adada,adadd,adaad,adaaa,ddaaa,ddaad,ddadd,ddada,dddda,ddddd,dddad,dddaa,dadaa,dadad,daddd,dadda,daada,daadd,daaad,daaaa
7.409514221413296,171.90168763148444,53.2469290948014,46.341655253104975,11.343304839323201,5.990462317205012,11.100576546312393,3.209011863723776,0.5975545090421348,0.7549525561233174,0.1710532862791054,1.173792217430739,1.2524754953286672,0.2976328113159408,0.5255826112279441,0.05332423030487872,0.16743792008421535,0.12032231586005898,0.2583279105102704,0.04711077500425585,0.06321928671940936,0.08603504493349885,0.04706926848656508,0.3684961460230561,0.009685878826928708,0.006016282890011114,0.031459480766420356,0.157064975057746,0.17781280570145225,0.04449034921231362,0.08891535900441232,0.01673304686221209
