aaaaa,aaaad,aaadd,aaada,aadda,aaddd,aadad,aadaa,addaa,addad,adddd,addda,adada,adadd,adaad,adaaa,ddaaa,ddaad,ddadd,ddada,dddda,ddddd,dddad,dddaa,dadaa,dadad,daddd,dadda,daada,daadd,daaad,daaaa
5.835196824240866,160.28934805496212,55.44649522715929,46.0070235949372,10.342019677427816,5.444518131297102,12.3144876718992,4.071022102485472,0.37193031430898604,0.46380710001369446,0.17416124860841217,1.2269048387872907,1.4057886107262463,0.3080550988793091,0.4747720053897731,0.04347722416380011,0.16909572211975332,0.1171288477857527,0.2588104386925066,0.046289267753740454,0.06276755478802298,0.08257045453625882,0.05086738241397436,0.33887945489325144,0.02210597869583825,0.0012622653315171913,0.024335308849960526,0.14325942637702105,0.18334287290304688,0.03911570068271307,0.07747456221479643,0.015078616822199435
