aaaa,aaad,aadd,aada,adda,addd,adad,adaa,ddaa,ddad,dddd,ddda,dada,dadd,daad,daaa
86.69930862314371,195.39277323465407,47.320400611927454,11.007351120510023,2.9023369246737523,2.145049820166897,1.8832412218304715,0.4511070956363578,0.1603942309051352,0.06204041591305747,0.39318458069652473,0.709087653771972,0.05676920899918843,0.43272795673931713,0.06448376257645336,0.07785247992188463
