aaaa,aaad,aadd,aada,adda,addd,adad,adaa,ddaa,ddad,dddd,ddda,dada,dadd,daad,daaa
92.65212946924723,216.59050743626528,46.27264318016457,9.29072571868586,1.7938931996310508,2.385865028801071,1.584350424960301,0.4388414122580585,0.16041263817193088,0.0661612424910177,0.47508105722463606,0.575946153141307,0.05498255185747959,0.442955184570238,0.06119709878359265,0.08050848456391684
