aaaa,aaad,aadd,aada,adda,addd,adad,adaa,ddaa,ddad,dddd,ddda,dada,dadd,daad,daaa
70.90572100106856,167.3365163521518,30.796810193154215,5.563414104082074,0.7190695897061473,1.9776372534937845,0.9357176464892663,0.26923059004706196,0.13045204774801505,0.050347234235649296,0.3876010864588291,0.33347301639821475,0.06407658711758675,0.3118646091079228,0.044464582174913725,0.05628809643801942
