aaaa,aaad,aadd,aada,adda,addd,adad,adaa,ddaa,ddad,dddd,ddda,dada,dadd,daad,daaa
79.04628445097063,187.95389162854582,50.000536509570395,8.426658414809788,2.504602768576252,2.40068511574992,1.6802034902069478,0.37075984830905284,0.14689379283607215,0.07101974162164333,0.3536488623680396,0.6567188309141615,0.07957530424233106,0.42681912460163823,0.0556424199154,0.06663941876607814
