aaaa,aaad,aadd,aada,adda,addd,adad,adaa,ddaa,ddad,dddd,ddda,dada,dadd,daad,daaa
82.52079108463306,199.64231688730018,40.139502994769394,7.759677917121257,1.3559937653003085,2.2584728036942847,1.2683897921519183,0.3781775610938891,0.14222419706098022,0.06149196275305678,0.4290247287765463,0.49526276766912725,0.05693520140828647,0.3888765113136878,0.051232031446942064,0.0706222099195986
