aaaa,aaad,aadd,aada,adda,addd,adad,adaa,ddaa,ddad,dddd,ddda,dada,dadd,daad,daaa
71.19668070169188,172.22035201653208,33.550467053740846,6.151590198284675,0.9193812292698649,2.0213779656298243,1.0301280835704545,0.30287535771237767,0.12667530979320632,0.05272776718640286,0.3858588750171452,0.38034218391842933,0.05644354786149386,0.3304427609865746,0.04478911193054885,0.05944866445522055
