aaaa,aaad,aadd,aada,adda,addd,adad,adaa,ddaa,ddad,dddd,ddda,dada,dadd,daad,daaa
70.77434017760079,175.62399001840262,30.945518823676473,6.249280374847555,0.7411919317530993,1.989774396047087,0.9149287793198646,0.3242899518154191,0.11498324020962895,0.05061312112211469,0.3974847932527158,0.3470621970017033,0.05310208717058737,0.3161849702777588,0.042796624719494726,0.061131617224612016
