aaaa,aaad,aadd,aada,adda,addd,adad,adaa,ddaa,ddad,dddd,ddda,dada,dadd,daad,daaa
70.23348482227394,161.50985691830058,34.57935077107749,7.559253346548804,1.5186655939705813,1.709163967973338,1.2446775850266905,0.34851835157451555,0.11870997128862579,0.048213341931956706,0.35406636184126616,0.4530956041856192,0.035806009713152204,0.33386869960126203,0.04710530499713526,0.06227054559399892
