aaaa,aaad,aadd,aada,adda,addd,adad,adaa,ddaa,ddad,dddd,ddda,dada,dadd,daad,daaa
70.6317262725376,169.7170827354806,34.72249426679997,6.6194399334946095,1.1280580094808785,1.9484507390539272,1.1044366299285386,0.32498829804290014,0.12063920243637885,0.052285028888972275,0.3724467984829087,0.41195467409612413,0.04791505387219955,0.3349950802942877,0.04459559353997862,0.06066778243970217
