aaaa,aaad,aadd,aada,adda,addd,adad,adaa,ddaa,ddad,dddd,ddda,dada,dadd,daad,daaa
75.57692077128372,179.9694390520578,32.615250491385055,6.324218758726371,0.7805663892117143,2.0247842048797002,1.0140809082398983,0.3139777241851105,0.132874300375444,0.05172314315123196,0.4236076605047935,0.3545390871601967,0.057886788095128865,0.33381827927382735,0.047291070387233104,0.0626826744123896
