aaaa,aaad,aadd,aada,adda,addd,adad,adaa,ddaa,ddad,dddd,ddda,dada,dadd,daad,daaa
73.7097097825709,178.2979625369656,42.19795237003364,6.932121560932203,1.4739689118447699,2.3299317548408727,1.3166563356310899,0.33842632547327695,0.12783337219415544,0.06202965827725686,0.3714412965312402,0.48507168111448556,0.060213257138434895,0.3791360883935149,0.048121481766828636,0.061981110508266254
