aaaa,aaad,aadd,aada,adda,addd,adad,adaa,ddaa,ddad,dddd,ddda,dada,dadd,daad,daaa
72.75996611743166,166.48574037543204,38.13471137158387,7.799597582605752,1.740806970719993,1.8329550394046399,1.3885679604182903,0.35114915037235594,0.12935610971131364,0.052573859102716516,0.35788626132574636,0.49739553833183914,0.04342129449304655,0.3569550295963924,0.0514491118159244,0.06360841255207426
