aaaa,aaad,aadd,aada,adda,addd,adad,adaa,ddaa,ddad,dddd,ddda,dada,dadd,daad,daaa
76.48042928926105,195.13858215469835,30.7926603303668,6.1487474857869024,0.5612870247163546,2.2631100852613177,0.8737894484885753,0.3193600048145172,0.13273975181241549,0.054857575354211485,0.4466120616914312,0.33093754990520935,0.07591284005955948,0.32782577658854023,0.048153398402287995,0.06418679586422399
