aaaa,aaad,aadd,aada,adda,addd,adad,adaa,ddaa,ddad,dddd,ddda,dada,dadd,daad,daaa
69.1914387765691,175.79447009201323,33.99140605367155,5.846687380917155,0.8135089179127328,2.260585269236293,0.9492810821176807,0.2987613272941464,0.12035646702398414,0.0563018814434566,0.377885562866785,0.3747959130827056,0.06544650535200884,0.32968114597894316,0.042244034032514345,0.05769326583665646
