aaaa,aaad,aadd,aada,adda,addd,adad,adaa,ddaa,ddad,dddd,ddda,dada,dadd,daad,daaa
76.34759948109442,179.95803358594284,44.60250371578392,8.014018699918784,2.0322465665654446,2.194250981494474,1.5092934539842855,0.3671090767369168,0.13406940721240668,0.06334198926270758,0.3595248498679935,0.5720020155141441,0.05956939126763479,0.3942939319555218,0.05224641654213964,0.06537240998232055
