aaaa,aaad,aadd,aada,adda,addd,adad,adaa,ddaa,ddad,dddd,ddda,dada,dadd,daad,daaa
85.41659541988413,202.72872953319265,44.68865711825837,7.878328497469044,1.5552715776301422,2.4284362662045478,1.4474546520844305,0.37524693886111493,0.1551734293670778,0.06620409048021662,0.4381331231800797,0.5283604076513502,0.06507587067506024,0.4189416443221325,0.05661061195725442,0.07164989486269578
