aaaa,aaad,aadd,aada,adda,addd,adad,adaa,ddaa,ddad,dddd,ddda,dada,dadd,daad,daaa
76.27870518660163,189.70287924850814,38.587284509625725,6.534223190237976,1.0909395878087378,2.3898110664923813,1.128765606573803,0.3201889357858605,0.1384987500953888,0.062248264193093615,0.40296207360172837,0.44455669908948825,0.07004505056909457,0.36865599933745313,0.04736632068883171,0.06248768211213556
