aaaa,aaad,aadd,aada,adda,addd,adad,adaa,ddaa,ddad,dddd,ddda,dada,dadd,daad,daaa
72.55289701929654,166.42375517645297,35.7960956037529,7.424762171111909,1.499335173648679,1.7783311846602943,1.2792620352216517,0.34029957598000155,0.12915986408555052,0.050388746365115394,0.3668834516641419,0.4601261753765971,0.04113963746066025,0.3452404040820747,0.04952800567488058,0.06303661789506432
