aaaa,aaad,aadd,aada,adda,addd,adad,adaa,ddaa,ddad,dddd,ddda,dada,dadd,daad,daaa
70.76940399068306,169.4471710997072,31.12465408171147,6.097154506378726,0.8295027066419385,1.8765158687635621,0.975076504960098,0.30083863295455054,0.12465965720089699,0.04921805140054286,0.3891585904891129,0.35578301020480185,0.05230230277542937,0.3166097827337149,0.0442896519265616,0.059397877435280313
