aaaa,aaad,aadd,aada,adda,addd,adad,adaa,ddaa,ddad,dddd,ddda,dada,dadd,daad,daaa
74.2977670873013,178.5147182164036,42.16687626805817,6.891322707492829,1.49686423995177,2.305831858204921,1.3362210016530394,0.3289538855111288,0.1340473873337788,0.062229886357625226,0.3755759914737991,0.48819548691186143,0.06269053685482542,0.381584655235527,0.04990950893042404,0.061637310888436395
