aaaa,aaad,aadd,aada,adda,addd,adad,adaa,ddaa,ddad,dddd,ddda,dada,dadd,daad,daaa
81.77294810031862,195.76220958696567,40.11323514866431,6.864478703853507,1.0825541013174362,2.4283005337679917,1.2293069713485836,0.33389057743713224,0.1493214130155951,0.062738138085379,0.4396741690980202,0.4399362926857892,0.07042574616242747,0.386917801341502,0.052677215400418954,0.0665556938053502
