aaaa,aaad,aadd,aada,adda,addd,adad,adaa,ddaa,ddad,dddd,ddda,dada,dadd,daad,daaa
67.61460891108223,175.1148551189658,31.33353785938954,5.587933446798722,0.6598097438834187,2.229717381067517,0.8449785498792874,0.2906600885884912,0.1159581717252525,0.0543096025963437,0.3772872062512075,0.3436061042389422,0.06796677208931992,0.3123806451444025,0.04097397549614628,0.056415116776711974
