aaaa,aaad,aadd,aada,adda,addd,adad,adaa,ddaa,ddad,dddd,ddda,dada,dadd,daad,daaa
79.1573708311995,201.3795371107943,35.337569661351075,6.328962829413589,0.6786795612669838,2.543271536631095,0.980423775974384,0.3234273695253352,0.14132329053633078,0.06105088526463582,0.4521442090002673,0.3712751052550743,0.08282121646664767,0.3581637382684517,0.04967845928342161,0.06552037130083668
