aaaa,aaad,aadd,aada,adda,addd,adad,adaa,ddaa,ddad,dddd,ddda,dada,dadd,daad,daaa
78.76620921851853,191.26474875950586,40.05239811299983,7.215311010463948,1.2560090502036239,2.2996519157530613,1.240754508102947,0.35598244199623086,0.13655474562106626,0.06099712917940874,0.41404052688025106,0.46586628267962205,0.05896610394868111,0.3804990607951031,0.04965479510233122,0.06677498468024266
