aaaa,aaad,aadd,aada,adda,addd,adad,adaa,ddaa,ddad,dddd,ddda,dada,dadd,daad,daaa
70.25284298072387,180.12006014426007,31.27075305788159,5.839196436814288,0.6534758425106162,2.1960285547950824,0.8675979303740702,0.30409583716459704,0.12032828747122021,0.05404485536577739,0.3968355931049284,0.3435843452138054,0.06712929364249125,0.31761867386882797,0.04318002740432286,0.05935635745022347
