aaaa,aaad,aadd,aada,adda,addd,adad,adaa,ddaa,ddad,dddd,ddda,dada,dadd,daad,daaa
78.35055626911253,184.83674959855315,40.13490755884455,7.7269634379491094,1.4233985366258666,2.1345174119258994,1.326186433803445,0.3774981250140395,0.12985364672569424,0.0574886976448211,0.4075729553158287,0.4729234625217353,0.04771160430514961,0.378836471683412,0.05084316596620585,0.0681307926327717
