aaaa,aaad,aadd,aada,adda,addd,adad,adaa,ddaa,ddad,dddd,ddda,dada,dadd,daad,daaa
71.54957168889895,181.23350013698473,34.759884239319035,5.842091390022229,0.7206808699431151,2.406753806438374,0.9647868294947527,0.29779039812006963,0.12699485377467112,0.05763588201991719,0.40236494159977815,0.35958540538722694,0.0726331298222655,0.33924578157162916,0.0446938655243323,0.05919330112069804
