aaaa,aaad,aadd,aada,adda,addd,adad,adaa,ddaa,ddad,dddd,ddda,dada,dadd,daad,daaa
75.87756417551007,173.27682456946738,41.98301582490382,8.62673433522386,2.132318942222126,1.9507435500757537,1.556484220116316,0.3798723501889428,0.13441825121418538,0.05672743055959863,0.3597837464885122,0.5631910795582608,0.049446817573793475,0.381261518527132,0.05496733551185432,0.06679865037430659
