aaaaa,aaaad,aaadd,aaada,aadda,aaddd,aadad,aadaa,addaa,addad,adddd,addda,adada,adadd,adaad,adaaa,ddaaa,ddaad,ddadd,ddada,dddda,ddddd,dddad,dddaa,dadaa,dadad,daddd,dadda,daada,daadd,daaad,daaaa
11.620221231868,70.00769984450113,187.18522477941974,2.207782664140497,49.389112327367755,7.484601173555556,7.6551877534008135,1.5549404992977434,0.8495251091153603,0.8781561415765242,1.4738034881834639,1.84510042012416,1.7597546330002394,0.2385896736088149,0.32294821826431125,0.02426892856230132,0.16532700408422663,0.0027025221273849873,0.02256783855035551,0.02716901742761814,0.3130790632674982,0.24887337415809815,0.19618938275152092,0.3943237417914532,0.033463191778444076,0.017562548226189117,0.18996831132390046,0.3110254956922301,0.08973860018254776,0.017005054733187856,0.10040485545632363,0.020216646176672088
