aaaaa,aaaad,aaadd,aaada,aadda,aaddd,aadad,aadaa,addaa,addad,adddd,addda,adada,adadd,adaad,adaaa,ddaaa,ddaad,ddadd,ddada,dddda,ddddd,dddad,dddaa,dadaa,dadad,daddd,dadda,daada,daadd,daaad,daaaa
8.019291436744988,85.1634331252631,195.14526298866105,2.7438241234026974,57.5964077951035,13.359508923248036,12.667949651124378,1.8459267756302762,1.7857578137358503,2.199862373180231,2.486378834441176,1.1870129057503076,2.502214771528581,0.28987585122644377,0.41885997351887605,0.019480439005019508,0.19899156723006042,0.0050018154102266345,0.05161747050755577,0.0113093871588349,0.3311545259095415,0.23437028260656015,0.29793427745175827,0.5384012591183679,0.016905800592090372,0.08344056061813691,0.2901758360779444,0.2863001083133095,0.13839496844095653,0.016488976479068985,0.11202676659513822,0.026058190212376996
