aaaaa,aaaad,aaadd,aaada,aadda,aaddd,aadad,aadaa,addaa,addad,adddd,addda,adada,adadd,adaad,adaaa,ddaaa,ddaad,ddadd,ddada,dddda,ddddd,dddad,dddaa,dadaa,dadad,daddd,dadda,daada,daadd,daaad,daaaa
8.069955592615688,67.71112069989908,164.3089699928703,2.1030316061610375,47.02921397488875,9.933242774577387,9.147623374633435,1.489944075067643,1.2122479149058716,1.4883491892350567,1.8405532047504813,1.1399320639283452,1.899040628765863,0.22268490306200142,0.3288182096562219,0.015329973604042037,0.1666962036744911,0.00326271842688775,0.034737204116500865,0.012153995721837004,0.27573169201488124,0.20864812932751098,0.2226887367019997,0.41794763658708134,0.015549168576621837,0.046682184179375946,0.22686470104371526,0.2409995135844107,0.10781420962093692,0.013898065789914427,0.09211245482749181,0.020474505566666926
