aaaaa,aaaad,aaadd,aaada,aadda,aaddd,aadad,aadaa,addaa,addad,adddd,addda,adada,adadd,adaad,adaaa,ddaaa,ddaad,ddadd,ddada,dddda,ddddd,dddad,dddaa,dadaa,dadad,daddd,dadda,daada,daadd,daaad,daaaa
10.577060085136976,57.94542486766999,151.99518180148897,1.883641079710931,43.24331599437434,8.318713327374793,7.135096645150473,1.391575238301648,0.8921374223444903,1.107757884542073,1.5499106983070388,1.2361587725684784,1.6913136413949048,0.1995314843696633,0.2783053068549145,0.013419773563422974,0.15083273925510715,0.002078341084013872,0.02315467377490529,0.017416026026404584,0.260302182566778,0.1933372314183162,0.18591183935218822,0.37174326658537893,0.019533793703522394,0.028416399284824808,0.1932576571149822,0.2414604450559771,0.09360512452116942,0.013316746391387139,0.08428513411250435,0.01772112655738636
