aaaaa,aaaad,aaadd,aaada,aadda,aaddd,aadad,aadaa,addaa,addad,adddd,addda,adada,adadd,adaad,adaaa,ddaaa,ddaad,ddadd,ddada,dddda,ddddd,dddad,dddaa,dadaa,dadad,daddd,dadda,daada,daadd,daaad,daaaa
5.877775751026317,70.94887269318018,155.31941752480364,2.6501773384896943,45.34567659302735,12.122665617209408,12.801315730618313,1.497238945995035,1.9010674744651825,2.1610393529311662,2.3634062327753,0.7684259454217234,2.2818487069889968,0.2809436360914343,0.36691728726665596,0.019332689515889928,0.15431739183795593,0.005308437095100437,0.04246449077300329,0.00960709839184762,0.2585762765955158,0.178039565678147,0.27043275654568616,0.5109310105866058,0.0121722368685519,0.10403526591521231,0.26079609293604156,0.21081683506364385,0.125852384861729,0.014547057140616666,0.09409465817377516,0.02202601446770034
