aaaaa,aaaad,aaadd,aaada,aadda,aaddd,aadad,aadaa,addaa,addad,adddd,addda,adada,adadd,adaad,adaaa,ddaaa,ddaad,ddadd,ddada,dddda,ddddd,dddad,dddaa,dadaa,dadad,daddd,dadda,daada,daadd,daaad,daaaa
14.19129193353934,76.57902961330649,210.0389875370847,2.4576205685294723,50.23312755577756,8.05849331784291,8.462907305775554,1.6218674563945117,0.853730866924891,0.7787240376707154,1.4860353701456825,2.03301431868275,1.7311177057950622,0.29003053706017184,0.3578100551525441,0.026441698726715694,0.18467486279124942,0.0022024291517088773,0.023091448421988767,0.031134166392739707,0.35180264661679755,0.2894715567498535,0.1988234642993113,0.41810074079995874,0.03501690999014603,0.013597097703490225,0.20357561630846407,0.32577260046585554,0.08898022716096933,0.020536883942179653,0.11398519339504601,0.022527594720762288
