aaaaa,aaaad,aaadd,aaada,aadda,aaddd,aadad,aadaa,addaa,addad,adddd,addda,adada,adadd,adaad,adaaa,ddaaa,ddaad,ddadd,ddada,dddda,ddddd,dddad,dddaa,dadaa,dadad,daddd,dadda,daada,daadd,daaad,daaaa
12.091449271179686,58.95701283784002,175.40659052144403,3.085742801048939,40.12096230693022,4.74812156452839,5.456154830929247,1.3367156014279182,0.444247889106862,0.331362723243397,0.877382142063787,2.2386561277971717,1.1305486880162712,0.24211124255395547,0.2622394649564058,0.021959153214680963,0.15003518042089936,0.0014859793572119164,0.01603513362942751,0.02747348338807231,0.27995476544022224,0.26265160584972314,0.1306097957498237,0.27700134355233025,0.04201592610126758,0.0026054040763276516,0.1239612651066145,0.2881098269441745,0.052239581783800254,0.018811282072031792,0.09042919410770611,0.016910089132196965
