aaaaa,aaaad,aaadd,aaada,aadda,aaddd,aadad,aadaa,addaa,addad,adddd,addda,adada,adadd,adaad,adaaa,ddaaa,ddaad,ddadd,ddada,dddda,ddddd,dddad,dddaa,dadaa,dadad,daddd,dadda,daada,daadd,daaad,daaaa
12.24331378405648,57.731322149984976,157.22324560333357,1.8495319352620823,42.64537647567735,7.75457872966889,6.804314727966988,1.4607304096364453,0.857822324959037,0.9410406243332838,1.4753009161285482,1.3269424818413431,1.6745293038274305,0.20711719228612072,0.2711463448959617,0.01749606226941004,0.14533675939716265,0.003036871483079502,0.017267141774633402,0.027396933786120528,0.26678286571253285,0.19603805196446097,0.18186096651835765,0.38264805350240144,0.026672601724124126,0.02327168734114183,0.18146227451300753,0.26012096069516805,0.08697850748267043,0.014392061149848964,0.08639449008168924,0.017293569671481504
