aaaaa,aaaad,aaadd,aaada,aadda,aaddd,aadad,aadaa,addaa,addad,adddd,addda,adada,adadd,adaad,adaaa,ddaaa,ddaad,ddadd,ddada,dddda,ddddd,dddad,dddaa,dadaa,dadad,daddd,dadda,daada,daadd,daaad,daaaa
12.73792804545899,64.75962389105037,171.10463548064055,2.0684407608418516,44.498165491160684,9.43625347276642,8.631389296771976,1.4741417667667012,1.0605296222501812,1.138740308954451,1.6965742324440933,1.2435035764021949,1.7539517935422075,0.24929104510751163,0.3202279263261656,0.01586980875244799,0.1741183452837441,0.00205047708920313,0.028019335534055972,0.01595640195610527,0.2948234681206451,0.22651687350301158,0.19805827574908966,0.41087191963285263,0.017471083169694777,0.031259136872346174,0.2202736292697871,0.24363396693538925,0.09996149912663602,0.01603012254330277,0.09672898428884888,0.02046825371751037
