aaaaa,aaaad,aaadd,aaada,aadda,aaddd,aadad,aadaa,addaa,addad,adddd,addda,adada,adadd,adaad,adaaa,ddaaa,ddaad,ddadd,ddada,dddda,ddddd,dddad,dddaa,dadaa,dadad,daddd,dadda,daada,daadd,daaad,daaaa
9.982766632080114,74.57128657690767,186.834622641524,2.243107572511197,52.59440083441197,9.626620576570689,9.155410777462766,1.639316258440798,1.188828196828165,1.3384551701334853,1.8658606643935578,1.4940552827370712,2.131547718082109,0.2416433750170246,0.34965371299482606,0.01776935404312778,0.1661025040654527,0.0031998402633757117,0.024084905547589592,0.030990199669748905,0.3123344550797789,0.22630163950444898,0.2436563519100388,0.47414548972793996,0.024898129972937486,0.03506722802086077,0.2234769071128519,0.3072080468785193,0.10662333154605406,0.016271868972313776,0.10443944383152197,0.021728369941707508
