aaaaa,aaaad,aaadd,aaada,aadda,aaddd,aadad,aadaa,addaa,addad,adddd,addda,adada,adadd,adaad,adaaa,ddaaa,ddaad,ddadd,ddada,dddda,ddddd,dddad,dddaa,dadaa,dadad,daddd,dadda,daada,daadd,daaad,daaaa
11.806409255787708,66.02756206274528,184.54615858633076,2.481509566952311,50.65090128432441,6.558979033163209,6.381361017099644,1.7061294787546493,0.7156061795786349,0.7939917445885053,1.3854944513493639,2.107845072346613,1.6738554270641246,0.21847190176213538,0.29030992038594366,0.024627049177491193,0.16850012253920305,0.002179569300777506,0.020506707502713648,0.02899775395063466,0.30209585804209443,0.24100829765299772,0.18511979408300228,0.37051147261491035,0.04312205532511881,0.011479163590297345,0.1678983391481143,0.33215817063803316,0.08216106069639423,0.01662718790040885,0.09415856991897213,0.018487027977357382
