aaaaa,aaaad,aaadd,aaada,aadda,aaddd,aadad,aadaa,addaa,addad,adddd,addda,adada,adadd,adaad,adaaa,ddaaa,ddaad,ddadd,ddada,dddda,ddddd,dddad,dddaa,dadaa,dadad,daddd,dadda,daada,daadd,daaad,daaaa
16.691286432847026,58.64785389931791,176.53876223125383,2.1355025568929156,41.27611752431439,6.161028712286333,6.150276870098869,1.4057119216671463,0.5743141472523571,0.4697397905387738,1.1126202471040785,1.930568937079529,1.3350266703639144,0.25507003098172093,0.2737095390500382,0.025136798202767128,0.16603911643144129,0.0010340273139953888,0.01732938192186448,0.024981620181090992,0.2997352222407131,0.2586834093701449,0.13895567029544778,0.3148094083107281,0.03623819831631133,0.005634154312778349,0.15566497749942604,0.2796405981799386,0.06744586875069065,0.018930070032873836,0.09370018598252976,0.01801940107621404
