aaaaa,aaaad,aaadd,aaada,aadda,aaddd,aadad,aadaa,addaa,addad,adddd,addda,adada,adadd,adaad,adaaa,ddaaa,ddaad,ddadd,ddada,dddda,ddddd,dddad,dddaa,dadaa,dadad,daddd,dadda,daada,daadd,daaad,daaaa
16.77052574769177,60.25397844145259,165.03530896091098,2.3016305124203615,42.169592544722846,10.55784762747484,8.805274070438955,1.5514008016144702,1.1862418148046432,1.241033214495818,1.8542746589510908,1.0089722346844225,1.7936182334549127,0.2623947794735233,0.30880150956634045,0.018404783497158045,0.18594044199263737,0.0019006112757953635,0.031144518422454727,0.011375553332887011,0.2947918722145301,0.21959987170178216,0.19010087786431457,0.41295170162733774,0.01717687181069164,0.040540171825020135,0.2356646906025762,0.22254465176612429,0.1063129698066697,0.01611936051171722,0.09395780041415178,0.02022976904301208
