aaaaa,aaaad,aaadd,aaada,aadda,aaddd,aadad,aadaa,addaa,addad,adddd,addda,adada,adadd,adaad,adaaa,ddaaa,ddaad,ddadd,ddada,dddda,ddddd,dddad,dddaa,dadaa,dadad,daddd,dadda,daada,daadd,daaad,daaaa
8.502416661576465,78.03698420208192,183.60221768870258,2.5362219506570027,51.66661629576623,11.743292161885188,11.673107243399429,1.6118703453641505,1.6042780225819413,1.8029100158696607,2.2197130072822384,1.1519279006669132,2.2196367976043594,0.27853024358234435,0.3903345015878066,0.018429551830295397,0.18697016676559763,0.003938948137446643,0.044500188412374776,0.011835088685650705,0.31399752080870297,0.22329660682285127,0.26720339741762045,0.503518642252759,0.014734089172303462,0.06852062767083146,0.26582452382419197,0.26958964345367953,0.12609524771330852,0.016247756459422894,0.10726292086403628,0.023957351670708706
