aaaaa,aaaad,aaadd,aaada,aadda,aaddd,aadad,aadaa,addaa,addad,adddd,addda,adada,adadd,adaad,adaaa,ddaaa,ddaad,ddadd,ddada,dddda,ddddd,dddad,dddaa,dadaa,dadad,daddd,dadda,daada,daadd,daaad,daaaa
8.658437852327951,75.66034095701858,187.76619691081103,2.271698287656749,55.64444892721093,9.603741777000158,8.724731869733002,1.7652694549476495,1.1492419961080158,1.466399736961932,1.8814345002281834,1.6285798353385932,2.190574707874393,0.22496971882050673,0.3434575120219907,0.017866768003532443,0.16283469394515687,0.004099704341681967,0.02434171684726811,0.03335386050345902,0.30589144855271566,0.2173925528699713,0.2559218512102225,0.48484463114540016,0.03011931260563936,0.0373902429161305,0.21842028837017963,0.3306154417848434,0.10632086732645711,0.015492777901420915,0.10300173538538045,0.02130832527683307
