aaaaa,aaaad,aaadd,aaada,aadda,aaddd,aadad,aadaa,addaa,addad,adddd,addda,adada,adadd,adaad,adaaa,ddaaa,ddaad,ddadd,ddada,dddda,ddddd,dddad,dddaa,dadaa,dadad,daddd,dadda,daada,daadd,daaad,daaaa
9.340369081417105,76.41595371447274,199.1877134764501,2.596484507483023,60.886760058802324,8.368318757454432,7.560492400196084,1.8200664472054469,0.97119568457002,1.298292638249538,1.8139967784312407,2.1872762166674233,2.1618907001876018,0.21379960408087134,0.3327099754904046,0.025194902987686545,0.1739101088586692,0.0033299370768945487,0.023946571368734123,0.035742573415850014,0.316021554799878,0.24675640964933654,0.2578025676433106,0.44322009400304363,0.036757155281205815,0.019624563053166188,0.20760799455671947,0.36921122955743724,0.09419014301672579,0.016671060234296292,0.10684673411858463,0.02181462776142923
