aaaaa,aaaad,aaadd,aaada,aadda,aaddd,aadad,aadaa,addaa,addad,adddd,addda,adada,adadd,adaad,adaaa,ddaaa,ddaad,ddadd,ddada,dddda,ddddd,dddad,dddaa,dadaa,dadad,daddd,dadda,daada,daadd,daaad,daaaa
12.787697767748341,64.12237354475324,167.28439721384072,2.1947968434069227,43.80616362791123,9.786183957080855,8.98474101085823,1.4368476661148792,1.1399708403419089,1.1929953581840915,1.7757913374996819,1.1153147846847038,1.7881726413667047,0.2502312399776944,0.3240796392649806,0.015836871755034513,0.175201268884507,0.00197137147255054,0.03019501947914929,0.013233682331595288,0.29164996139855975,0.22631676798063366,0.19601256680198936,0.40647731212362503,0.015236210717512225,0.03657053861614196,0.2309898359417068,0.22772427573494256,0.10598375136225432,0.015528037274988473,0.09526361434788498,0.020586196760229686
