aaaaa,aaaad,aaadd,aaada,aadda,aaddd,aadad,aadaa,addaa,addad,adddd,addda,adada,adadd,adaad,adaaa,ddaaa,ddaad,ddadd,ddada,dddda,ddddd,dddad,dddaa,dadaa,dadad,daddd,dadda,daada,daadd,daaad,daaaa
15.067012152601926,59.79371669556468,173.99632860912692,2.0312898313808723,43.9710105459684,6.492172285799258,6.394123076687107,1.4544524733263078,0.6550853211099013,0.6202380505859081,1.2538009831814263,1.8489291752611825,1.5017434336491837,0.23527135710441485,0.279675410800561,0.024213521621984077,0.1646019466323174,0.0012711127426923887,0.018604833919061647,0.024309567306626895,0.2971771815999031,0.2453690077476094,0.1545473029247482,0.33301013614556624,0.034439871312129805,0.008802158971193429,0.1647929844995976,0.2877100636476715,0.07578204035188334,0.01739042437124851,0.09264716440563657,0.01804012466060711
