aaaaa,aaaad,aaadd,aaada,aadda,aaddd,aadad,aadaa,addaa,addad,adddd,addda,adada,adadd,adaad,adaaa,ddaaa,ddaad,ddadd,ddada,dddda,ddddd,dddad,dddaa,dadaa,dadad,daddd,dadda,daada,daadd,daaad,daaaa
19.549695799424846,55.57817822273952,168.49071239830053,1.87840632444831,40.78192735541296,6.4955766062888065,6.186892893355212,1.4184138075764652,0.6273978649615383,0.5001511304043413,1.2064810606798946,1.6814658159913674,1.4355048706142002,0.24735609000306594,0.26676484711823206,0.02494749198830419,0.16433824854090348,0.000977184813574766,0.015475530547375065,0.025351947398944735,0.29790781779560155,0.24474406735071408,0.13585408598799953,0.3208109232336939,0.032779975117856866,0.007063537210451727,0.1639173998735488,0.26618457710118887,0.07497668886930149,0.01809437134268931,0.09084351037379347,0.017712039406679807
