aaaaa,aaaad,aaadd,aaada,aadda,aaddd,aadad,aadaa,addaa,addad,adddd,addda,adada,adadd,adaad,adaaa,ddaaa,ddaad,ddadd,ddada,dddda,ddddd,dddad,dddaa,dadaa,dadad,daddd,dadda,daada,daadd,daaad,daaaa
9.614781900652153,59.311166008718075,165.0292864183607,2.4095518469508095,45.57399183275572,5.162210635058832,5.524829376918741,1.4454049090367782,0.5682433265401686,0.6017530388551786,1.1395569184252194,2.075051712086538,1.43470394174073,0.1942991983920151,0.25872211785795984,0.02020015241829144,0.14734122370905264,0.0016423716371667953,0.017640079187257143,0.0270125965269236,0.2682815740301597,0.22234372516220482,0.15687684838759364,0.30883927355960505,0.03975379174465231,0.006150880424554148,0.13499561496833276,0.305129633808515,0.06614328051157543,0.015159595861758439,0.0841246357509823,0.016588613180188474
