aaaaa,aaaad,aaadd,aaada,aadda,aaddd,aadad,aadaa,addaa,addad,adddd,addda,adada,adadd,adaad,adaaa,ddaaa,ddaad,ddadd,ddada,dddda,ddddd,dddad,dddaa,dadaa,dadad,daddd,dadda,daada,daadd,daaad,daaaa
11.322089047826662,67.42858242716767,188.9476419053795,2.7174563143280883,47.62084383416022,5.802210776998688,6.556185631178298,1.4566033360001323,0.6128327774050919,0.5599764458122144,1.1522713817423316,2.300740880168488,1.4562932488348743,0.2433002742966607,0.3044358166844697,0.024019001188286183,0.1665191109031479,0.0016367626992282618,0.020937200282247215,0.02748107967921398,0.3077524362571566,0.2677859538555087,0.16472179866520195,0.3342303584788488,0.039622771677434034,0.005342662658582515,0.15361652170782653,0.3233141405354139,0.06847242950550156,0.018499093102520053,0.09885707962847695,0.019159952311364678
