aaaaa,aaaad,aaadd,aaada,aadda,aaddd,aadad,aadaa,addaa,addad,adddd,addda,adada,adadd,adaad,adaaa,ddaaa,ddaad,ddadd,ddada,dddda,ddddd,dddad,dddaa,dadaa,dadad,daddd,dadda,daada,daadd,daaad,daaaa
16.782508455628474,57.28988832910855,169.16647371302216,1.9203529741454233,43.15834144127417,6.677750202311233,6.298961722575136,1.454899989540347,0.6689410997204682,0.6327670865775081,1.2795156802580803,1.7343868023292013,1.5240675458759485,0.23210979805433357,0.27116192967564207,0.024750053915140652,0.16390704761735028,0.0012763741230101097,0.017926309281341375,0.023160807253180198,0.29495675420257805,0.23896633159010236,0.15097341125089458,0.33042472304593395,0.03402400637051291,0.010450409499635275,0.16857365471304758,0.2782875530802296,0.07904498603798367,0.01698152318175006,0.09024791036108237,0.017742664077562236
