aaaaaa,aaaaad,aaaadd,aaaada,aaadda,aaaddd,aaadad,aaadaa,aaddaa,aaddad,aadddd,aaddda,aadada,aadadd,aadaad,aadaaa,addaaa,addaad,addadd,addada,adddda,addddd,adddad,adddaa,adadaa,adadad,adaddd,adadda,adaada,adaadd,adaaad,adaaaa,ddaaaa,ddaaad,ddaadd,ddaada,ddadda,ddaddd,ddadad,ddadaa,ddddaa,ddddad,dddddd,ddddda,dddada,dddadd,dddaad,dddaaa,dadaaa,dadaad,dadadd,dadada,daddda,dadddd,daddad,daddaa,daadaa,daadad,daaddd,daadda,daaada,daaadd,daaaad,daaaaa
1.8027611781157322,105.14512784708948,0.3267407466974577,61.96994927160493,76.1428685966085,1.0169228317658916,64.87341155489565,8.889454437873852,2.9732320995181545,1.2465692916582913,0.6525434341978089,13.899111976852547,4.492586068509555,2.0798178109722416,4.257604681657172,0.13912838242771,2.0955611794096654,0.17359563422434449,5.23597208694728,0.5099061111546852,2.817634911980751,1.7208672062387378,3.561340927746606,0.9551747820739476,0.9579890702218875,1.3224016327530639,0.7677163413211074,4.430471919437132,1.8908076058761325,0.14929218803606026,1.067019561038984,0.061489527738050116,0.05403503410038461,0.0044422248703701595,0.18688419962287275,0.0008212630420781971,0.14516968091884971,0.029573840785638978,0.24077982648888216,0.0184638457817582,0.04096568084617908,0.1633504690858001,0.2567156807313564,0.015190975676857309,0.08412331188788498,0.01768231623308844,0.00032101703767517585,0.0036244919217028994,0.39850936535733755,0.0014781331245482953,1.1145021910429425,0.02629163762211634,0.2763485335278543,0.5727407360001638,0.44205532032102707,0.3362750829637178,0.226263779207027,0.16674947835758708,0.19669392092901491,0.785608546455204,0.4984823579156409,0.09064106546840395,0.25881911240122374,0.0014686321907503653
