aaaaaa,aaaaad,aaaadd,aaaada,aaadda,aaaddd,aaadad,aaadaa,aaddaa,aaddad,aadddd,aaddda,aadada,aadadd,aadaad,aadaaa,addaaa,addaad,addadd,addada,adddda,addddd,adddad,adddaa,adadaa,adadad,adaddd,adadda,adaada,adaadd,adaaad,adaaaa,ddaaaa,ddaaad,ddaadd,ddaada,ddadda,ddaddd,ddadad,ddadaa,ddddaa,ddddad,dddddd,ddddda,dddada,dddadd,dddaad,dddaaa,dadaaa,dadaad,dadadd,dadada,daddda,dadddd,daddad,daddaa,daadaa,daadad,daaddd,daadda,daaada,daaadd,daaaad,daaaaa
3.3019000315090326,104.53341623867988,0.9794351044781113,62.9364796131724,60.87859063347969,0.34894522784019655,60.22384329177216,10.02570555131421,0.8769163671674606,3.2761630413213894,0.26475641162838714,15.427399193132738,7.967154829481136,0.34286258116323015,3.62363663647757,0.13559343915577374,1.5253640343506716,0.029749379318719,4.821145164592759,0.34633943196629785,1.0364370704787431,0.5015735893205373,3.8585660598265252,1.2465908800922818,0.4543638003328951,1.9231299148185204,0.583805076285446,4.589816710589527,2.2816484518455415,0.02075943950184076,0.8452845472179809,0.05688378102361157,0.04080590180381888,0.011578263888295654,0.14295998527662113,0.0015074930910939821,0.04897373549889444,0.0011897767525304059,0.19040262128611488,0.010641790075884327,0.06897624694941625,0.1079450054207355,0.2935553620315745,0.00529246412519423,0.011442960201219475,0.0014313866491350146,0.000486015331543743,0.0060801087072116285,0.32201273580764167,0.0019123765590883198,1.0654162430936036,0.017665451894896093,0.06216968704414404,0.24505132660997928,0.5208669613742154,0.4298780357804193,0.11044195483201165,0.2777273917042474,0.1630747619860817,0.8059568398183545,0.5785742021143505,0.04089922608007464,0.19428101422305602,0.0003141296732236732
