aaaaaa,aaaaad,aaaadd,aaaada,aaadda,aaaddd,aaadad,aaadaa,aaddaa,aaddad,aadddd,aaddda,aadada,aadadd,aadaad,aadaaa,addaaa,addaad,addadd,addada,adddda,addddd,adddad,adddaa,adadaa,adadad,adaddd,adadda,adaada,adaadd,adaaad,adaaaa,ddaaaa,ddaaad,ddaadd,ddaada,ddadda,ddaddd,ddadad,ddadaa,ddddaa,ddddad,dddddd,ddddda,dddada,dddadd,dddaad,dddaaa,dadaaa,dadaad,dadadd,dadada,daddda,dadddd,daddad,daddaa,daadaa,daadad,daaddd,daadda,daaada,daaadd,daaaad,daaaaa
2.683345889131326,83.22334052018441,1.0136850141027902,48.695380527829236,50.45215657729658,0.46412827015167485,48.525394390463006,8.234571223493035,1.2362815486305447,1.8192448139603812,0.09772622047376373,13.317460068761093,5.457324419351785,0.5004546097376844,3.031227330232835,0.1333505193845873,1.3027494716884853,0.040823271225009464,4.399791608737366,0.44917226605086846,1.1749005605558185,0.6521669242959808,3.146124262333361,1.036132751354734,0.49284949923183763,1.3119565298630347,0.4301069021706799,3.7803933479168776,1.7081773993652998,0.030032732291974392,0.6476199005353571,0.036914063848368234,0.031033376986416658,0.010761004437290377,0.12687786136763793,0.0003986763158959067,0.04654067496160535,0.002471379690759195,0.1572021952922916,0.009901251471216224,0.038104370201725565,0.11094308700888993,0.2546221845466682,0.0018859066482339374,0.017829557034001745,0.0002677957772149078,0.0006874207276405484,0.0057882555093961684,0.27832075328896067,0.0011166185940766165,0.9604245074112226,0.030975969649311076,0.08844123352591521,0.2665604740354198,0.4329320043176787,0.35936970164588766,0.12241625977441647,0.17588583280770287,0.12111748803447117,0.6653506988517779,0.41550219240344055,0.045288955373764817,0.1544848125736371,0.0002885358687646657
