aaaaaa,aaaaad,aaaadd,aaaada,aaadda,aaaddd,aaadad,aaadaa,aaddaa,aaddad,aadddd,aaddda,aadada,aadadd,aadaad,aadaaa,addaaa,addaad,addadd,addada,adddda,addddd,adddad,adddaa,adadaa,adadad,adaddd,adadda,adaada,adaadd,adaaad,adaaaa,ddaaaa,ddaaad,ddaadd,ddaada,ddadda,ddaddd,ddadad,ddadaa,ddddaa,ddddad,dddddd,ddddda,dddada,dddadd,dddaad,dddaaa,dadaaa,dadaad,dadadd,dadada,daddda,dadddd,daddad,daddaa,daadaa,daadad,daaddd,daadda,daaada,daaadd,daaaad,daaaaa
3.7514279304008746,103.83864145936697,1.0258190635316615,64.14077010923737,58.881902214083475,0.3424076492269791,54.01417818935229,8.223343492848377,0.9478118983722303,3.027299895991705,0.48464568943317954,13.626573759168714,6.825599142557979,0.5456381056449444,3.4084369271300137,0.1200756791752002,1.5305649644720978,0.028844116494482056,4.316904008278952,0.22083971285322074,1.1617450651778005,0.6011244835652771,3.245520878442954,0.9269960731335707,0.4740871087404765,1.8220391686398811,0.6928822250620892,4.19195030442931,2.0692543149806584,0.03274894538442298,0.7850118312911581,0.053887115156554366,0.03672898080319839,0.013767927759972176,0.13563664724284458,0.0022903510363971396,0.054706659470922264,0.002147499425247213,0.17301480508816938,0.007048796514072982,0.061297423536045476,0.11406184785494278,0.24140072858368214,0.013582556793381665,0.023125568901073017,0.00035949927124392315,1.6886366053054497e-05,0.0026370769619495703,0.3238236827672561,0.001422586825492221,0.9531945864944676,0.00657519373526615,0.07883599626544166,0.2777749975505339,0.42350223543180426,0.3425120563460995,0.11679474022286772,0.25769132755254703,0.18100208447584767,0.7469672218141284,0.5263691983937498,0.0495461003969192,0.19180547600152292,0.00045647493232212706
