aaaaaa,aaaaad,aaaadd,aaaada,aaadda,aaaddd,aaadad,aaadaa,aaddaa,aaddad,aadddd,aaddda,aadada,aadadd,aadaad,aadaaa,addaaa,addaad,addadd,addada,adddda,addddd,adddad,adddaa,adadaa,adadad,adaddd,adadda,adaada,adaadd,adaaad,adaaaa,ddaaaa,ddaaad,ddaadd,ddaada,ddadda,ddaddd,ddadad,ddadaa,ddddaa,ddddad,dddddd,ddddda,dddada,dddadd,dddaad,dddaaa,dadaaa,dadaad,dadadd,dadada,daddda,dadddd,daddad,daddaa,daadaa,daadad,daaddd,daadda,daaada,daaadd,daaaad,daaaaa
1.936683012281332,86.70989686266863,0.27691674923517706,53.81118033103264,52.78549178287892,0.2750222707130491,51.57691302154939,7.989668669008543,0.38306666024166225,3.6165876720910477,0.3567297697522781,11.936168104465565,7.479591905270678,0.1740189178809593,3.140240824398256,0.10167265669961957,1.2198607145351348,0.022548944397323033,3.585393428620207,0.20048546896071862,0.7521927070626606,0.3207795084880347,3.1118539532559164,0.9489475211672967,0.27954501230632167,1.8492522736717831,0.5381585666421884,3.6978464291840245,2.103385990105894,0.008687936362682452,0.7670987682784176,0.04698385106209089,0.035345335503539035,0.007825162454946372,0.10386755487124308,0.002662797646083829,0.03976662695499984,0.0004534848315384387,0.15545846170367658,0.007179120980315545,0.06856555980609073,0.0782889758236574,0.22301142658453954,0.008094949622020361,0.007585155819911526,0.002461009005599698,9.873489887057448e-05,0.0034350635073086204,0.25590108613445617,0.0018094425941967741,0.8081830329516981,0.007142059025906235,0.03723937594384907,0.16884952179949236,0.42556165553879854,0.34329317125763753,0.06617477965843686,0.28124745658448336,0.14973106863878266,0.6435995261467029,0.5299770915480575,0.026676559458970465,0.17656858990701668,0.000299877135703777
