aaaaaa,aaaaad,aaaadd,aaaada,aaadda,aaaddd,aaadad,aaadaa,aaddaa,aaddad,aadddd,aaddda,aadada,aadadd,aadaad,aadaaa,addaaa,addaad,addadd,addada,adddda,addddd,adddad,adddaa,adadaa,adadad,adaddd,adadda,adaada,adaadd,adaaad,adaaaa,ddaaaa,ddaaad,ddaadd,ddaada,ddadda,ddaddd,ddadad,ddadaa,ddddaa,ddddad,dddddd,ddddda,dddada,dddadd,dddaad,dddaaa,dadaaa,dadaad,dadadd,dadada,daddda,dadddd,daddad,daddaa,daadaa,daadad,daaddd,daadda,daaada,daaadd,daaaad,daaaaa
8.24103181701468,91.2769799731665,3.6887368810207026,57.50312351119606,38.48887784011464,0.06220648101807313,36.815576333821994,6.589999653187889,0.36412000289552954,3.440023215764348,0.42519163639653135,11.460362951816217,6.501126631772715,0.1493930429132983,2.214460194008083,0.09330181705960416,1.1424363693293085,0.0004598502560122353,3.4211997996601635,0.06954560561021547,0.4255461829525621,0.1980288145456494,2.496478635479661,0.7499310152821436,0.2836152305656924,1.7104683529160116,0.5741773467202358,3.5184588472266944,1.6397786258746934,0.0067824498608400315,0.4589376892998588,0.05192455078270764,0.040548043921287004,0.012423118388644589,0.10735635838507813,0.007658183434229606,0.02360469019725452,1.548763139609577e-05,0.12444625536041765,0.003787858054428157,0.07287277359342086,0.07089312591990578,0.2173446739071129,0.00879191453162928,0.001153858608870665,0.0041619502922464234,0.0014886890845474238,0.0029295935113689835,0.23979649887885526,0.008994498506457482,0.7657758959394374,0.0001761979137345621,0.009621843759127651,0.1239531351981622,0.3279817407530687,0.2834415950703471,0.06517190234178231,0.2657222590392976,0.15415663854464717,0.6303780260224296,0.4367886717679659,0.02796828761271911,0.11340033396799525,0.00023528534533834685
