aaaaaa,aaaaad,aaaadd,aaaada,aaadda,aaaddd,aaadad,aaadaa,aaddaa,aaddad,aadddd,aaddda,aadada,aadadd,aadaad,aadaaa,addaaa,addaad,addadd,addada,adddda,addddd,adddad,adddaa,adadaa,adadad,adaddd,adadda,adaada,adaadd,adaaad,adaaaa,ddaaaa,ddaaad,ddaadd,ddaada,ddadda,ddaddd,ddadad,ddadaa,ddddaa,ddddad,dddddd,ddddda,dddada,dddadd,dddaad,dddaaa,dadaaa,dadaad,dadadd,dadada,daddda,dadddd,daddad,daddaa,daadaa,daadad,daaddd,daadda,daaada,daaadd,daaaad,daaaaa
4.443314388685553,96.63548121491205,1.5181584004921103,58.94311835038114,53.31540028113063,0.25004878151052695,50.465536972370025,8.090732865983288,0.9686423253793531,2.647793609900677,0.4275288726454544,12.921790527446756,6.55719308713385,0.45166528075581075,3.0501988526443986,0.10585742191563158,1.3927664868134202,0.017332621444195166,4.109938314436643,0.2023637557376084,0.9632507375841141,0.4877512769862013,3.1635188191591657,0.9466710964354683,0.47102794846177326,1.6289639660492763,0.6322473895188687,3.953679727982867,1.9146227057668115,0.028275856658808256,0.7072407538551434,0.05386957979969124,0.03678290181448437,0.012256594801167253,0.12742003323800724,0.002494701787499641,0.04713181475602806,0.0014182491761861888,0.16678239952729743,0.007681845540386498,0.06011565998236937,0.10374599423331765,0.241783554730947,0.00958116862028343,0.015407435976973438,0.00013378631361885232,0.00012619147774199427,0.0030344999948495764,0.29311186595164135,0.00248246633466936,0.9090901991722873,0.006442943511525661,0.05948908179799193,0.23501244818890257,0.4205805427604879,0.3433944074434077,0.1123568796270234,0.23438444462194122,0.1704844416038306,0.6987259863252515,0.49853604028696225,0.043347628784616184,0.17021096788491277,0.0003366749056092096
