aaaaaa,aaaaad,aaaadd,aaaada,aaadda,aaaddd,aaadad,aaadaa,aaddaa,aaddad,aadddd,aaddda,aadada,aadadd,aadaad,aadaaa,addaaa,addaad,addadd,addada,adddda,addddd,adddad,adddaa,adadaa,adadad,adaddd,adadda,adaada,adaadd,adaaad,adaaaa,ddaaaa,ddaaad,ddaadd,ddaada,ddadda,ddaddd,ddadad,ddadaa,ddddaa,ddddad,dddddd,ddddda,dddada,dddadd,dddaad,dddaaa,dadaaa,dadaad,dadadd,dadada,daddda,dadddd,daddad,daddaa,daadaa,daadad,daaddd,daadda,daaada,daaadd,daaaad,daaaaa
3.6053156209640322,92.16452292181874,1.0760153549993436,55.34954883767873,63.803792937204314,0.8201698470816641,49.58209205054041,6.227478726534958,3.4605598598896274,0.6126914158574497,1.3354520288180132,9.691408755663963,2.5880754709592986,2.859319278222082,3.2356988912790867,0.08830476036131542,1.9760617881030949,0.15418737790755013,4.047575047612665,0.2293460970262986,2.782144246675617,1.8050243777517896,2.5634674789834344,0.5711498210051245,0.993757908323445,0.967396515099873,0.9165839098997006,3.3882771429237946,1.3563030464111776,0.19386431641886986,0.8494710876463966,0.06361748043388382,0.04233474633723097,0.0068448654984750576,0.14313456592422436,0.00030660943062350724,0.1305951555561039,0.027111818426826577,0.1903650053998189,0.009943118352586232,0.021856091688340774,0.17802577950550771,0.1649241420357112,0.034586713353378026,0.12390801291595682,0.047066192941601574,0.003238482101111677,0.00023939061050373543,0.38991318120935814,0.0028086730776544647,0.8651132966680983,0.005948753825503539,0.30475975180734066,0.601786015169559,0.31179449870649556,0.2290464235589734,0.23672948708169295,0.11389428072797866,0.23264301995074382,0.5919199432197607,0.3736902882449057,0.10313599141120891,0.2117219574908765,0.0017531282061028792
