aaaaaa,aaaaad,aaaadd,aaaada,aaadda,aaaddd,aaadad,aaadaa,aaddaa,aaddad,aadddd,aaddda,aadada,aadadd,aadaad,aadaaa,addaaa,addaad,addadd,addada,adddda,addddd,adddad,adddaa,adadaa,adadad,adaddd,adadda,adaada,adaadd,adaaad,adaaaa,ddaaaa,ddaaad,ddaadd,ddaada,ddadda,ddaddd,ddadad,ddadaa,ddddaa,ddddad,dddddd,ddddda,dddada,dddadd,dddaad,dddaaa,dadaaa,dadaad,dadadd,dadada,daddda,dadddd,daddad,daddaa,daadaa,daadad,daaddd,daadda,daaada,daaadd,daaaad,daaaaa
5.269907940884307,114.71173766358272,1.754059190987817,69.97312773884664,65.82738925267267,0.3938729362045544,58.06294183479458,8.503695944034948,1.7754189603398278,2.308463796185491,0.7918547131528909,14.035993332886939,6.342958794032341,1.044951107049979,3.5763445519130994,0.10547987800595586,1.7917188706594764,0.03864929460332382,4.798653137148625,0.22297667359568937,1.5929396178192834,0.8905134490009587,3.453567902089076,0.9365892047712178,0.7365016111228808,1.6559131180731042,0.88698521634039,4.41517002535683,2.0613243504630456,0.07083070190717851,0.8265851857603769,0.05599050820534694,0.04599363504849418,0.012770615239118387,0.13913002838141905,0.004726257434549493,0.07726428437417333,0.005814080719412084,0.18968679161330687,0.0063800983403751454,0.05562749870816312,0.14768115363231793,0.24455184979517006,0.022308019516115222,0.04020062571719749,0.003848763171118375,0.000873314605543489,0.0004554854346430833,0.36869076081017277,0.0014679029644333638,1.0709175779116538,0.0071324764714107165,0.12172936280268279,0.36982832455300607,0.4617868243751111,0.3672735661766605,0.17509151579319213,0.2268015523969222,0.2300877404038362,0.7830809024109795,0.5409526721334054,0.07096566911136203,0.20929562995455636,0.0005148729488084994
