aaaaaa,aaaaad,aaaadd,aaaada,aaadda,aaaddd,aaadad,aaadaa,aaddaa,aaddad,aadddd,aaddda,aadada,aadadd,aadaad,aadaaa,addaaa,addaad,addadd,addada,adddda,addddd,adddad,adddaa,adadaa,adadad,adaddd,adadda,adaada,adaadd,adaaad,adaaaa,ddaaaa,ddaaad,ddaadd,ddaada,ddadda,ddaddd,ddadad,ddadaa,ddddaa,ddddad,dddddd,ddddda,dddada,dddadd,dddaad,dddaaa,dadaaa,dadaad,dadadd,dadada,daddda,dadddd,daddad,daddaa,daadaa,daadad,daaddd,daadda,daaada,daaadd,daaaad,daaaaa
7.813312270203276,97.51525548143847,2.955379999587315,62.78539930032847,42.32514983556717,0.049449975799959626,41.34744808060052,7.196047961025119,0.13102230080989946,4.9249370665545165,0.6461958404910328,11.438369474745599,8.051198682664623,0.05653532536653513,2.4253984668728465,0.08888873732904151,1.1586384242908183,0.0009717806416070522,3.401557655395853,0.04476154918381701,0.32225167065041466,0.11588292634933485,2.7417373483125265,0.8168604622710183,0.1948278793290895,2.170987478065593,0.6825649839128809,3.6375546572004236,1.9716385259985343,0.0010956490025874057,0.5273407597874339,0.05559210642458328,0.04207944928425958,0.012817845706979239,0.10525741877997666,0.009901227502485805,0.02044398037955161,0.00042082089722996255,0.1350140403567016,0.00391288225201491,0.0939121915673678,0.06365348563280529,0.21650920227046505,0.01378920260683597,0.00032222872164922793,0.008535271627926307,0.0007537676309727513,0.0024221505944151157,0.24510065400739148,0.011175627944487091,0.7606790955975696,0.0003129103629443256,0.002461981737497183,0.09645296997291235,0.35980892948188337,0.30781201986240114,0.04265704628716413,0.3548022217160621,0.18223227435861575,0.6464404203404531,0.5210193568745389,0.021860463631476115,0.13241018838355506,0.0002778163630214718
