aaaaaa,aaaaad,aaaadd,aaaada,aaadda,aaaddd,aaadad,aaadaa,aaddaa,aaddad,aadddd,aaddda,aadada,aadadd,aadaad,aadaaa,addaaa,addaad,addadd,addada,adddda,addddd,adddad,adddaa,adadaa,adadad,adaddd,adadda,adaada,adaadd,adaaad,adaaaa,ddaaaa,ddaaad,ddaadd,ddaada,ddadda,ddaddd,ddadad,ddadaa,ddddaa,ddddad,dddddd,ddddda,dddada,dddadd,dddaad,dddaaa,dadaaa,dadaad,dadadd,dadada,daddda,dadddd,daddad,daddaa,daadaa,daadad,daaddd,daadda,daaada,daaadd,daaaad,daaaaa
9.843663720032856,97.06336587411874,3.602010828706462,65.48758293053908,35.995801187200925,0.015399932400808919,33.102789531438354,5.525912433601359,0.03628899244557916,6.811976711704424,0.9707912595503793,9.629842659667535,8.317308195318038,0.003708939404539189,2.20679568484986,0.1085238148156555,1.0037381863820358,0.01637160445668667,2.663338383017641,0.0009092626187946703,0.1384300506935763,0.033391432815528546,2.069961612644555,0.5281104760168516,0.0680644889223509,2.5603589504831663,0.7641765137438252,3.2315944484558004,1.8823594933245134,0.0005344102164919454,0.4586474208743797,0.06758802814223298,0.04166718713962534,0.014940212928824907,0.08953068799250415,0.01747049608471853,0.011170952411393546,0.0023037891559813334,0.1075670501661478,0.0012813321867635112,0.12364364983447601,0.03833772188334446,0.1773921400844571,0.022246772672935552,0.0008003156748491589,0.014014019229962269,0.001663489494056421,0.0024915154833224126,0.21675124008642718,0.019160738701709902,0.6039142859317361,0.012550725398323578,0.0012909930330483443,0.05669643817056909,0.25353530843244715,0.21908739359875073,0.013714003235114677,0.44150218375174444,0.19904886939470018,0.5786339474961525,0.5084341160182665,0.014405307270400304,0.11643733734761937,0.0004953334592944552
