aaaaaa,aaaaad,aaaadd,aaaada,aaadda,aaaddd,aaadad,aaadaa,aaddaa,aaddad,aadddd,aaddda,aadada,aadadd,aadaad,aadaaa,addaaa,addaad,addadd,addada,adddda,addddd,adddad,adddaa,adadaa,adadad,adaddd,adadda,adaada,adaadd,adaaad,adaaaa,ddaaaa,ddaaad,ddaadd,ddaada,ddadda,ddaddd,ddadad,ddadaa,ddddaa,ddddad,dddddd,ddddda,dddada,dddadd,dddaad,dddaaa,dadaaa,dadaad,dadadd,dadada,daddda,dadddd,daddad,daddaa,daadaa,daadad,daaddd,daadda,daaada,daaadd,daaaad,daaaaa
5.185318294682126,81.20213364781512,1.7760374500086733,51.70526722611386,38.262963813072204,0.06276513205856132,38.28556999017645,6.6006816252884795,0.13496715877186544,4.0747008568957455,0.46343371460120625,10.0581229199713,7.024022670310388,0.04966578858425808,2.2638374110675574,0.08460339481636563,0.9952005484781888,7.36344979401282e-05,2.9427560210383814,0.06133037207176065,0.3198103664571936,0.11417740305543635,2.4811961214635887,0.756684157034885,0.17457234363806703,1.8248150796006806,0.54226459274997,3.1620223664620672,1.7561253637935543,0.0012236125545201833,0.5066716624154611,0.04642879870275258,0.036293100254332335,0.009394066932506986,0.09127237174443936,0.006605524705534394,0.020211474525553812,0.00018631060267177877,0.12285666527158126,0.004351555047040296,0.07931503320263078,0.05433419594623803,0.19258516865912687,0.009515339444182766,0.0004157302051967612,0.007640954487707835,0.000621893739170987,0.002700565499399813,0.21339662526849468,0.007053770059708672,0.6628229570508221,0.00010536766305044128,0.004348873845692927,0.08832578568688333,0.33350134205718035,0.28060475841305504,0.03941791414523455,0.2941244883694843,0.14758506425303974,0.5592029258517903,0.45420402948779537,0.018686759732089563,0.12285532512565595,0.00028720702023989867
