aaaaaa,aaaaad,aaaadd,aaaada,aaadda,aaaddd,aaadad,aaadaa,aaddaa,aaddad,aadddd,aaddda,aadada,aadadd,aadaad,aadaaa,addaaa,addaad,addadd,addada,adddda,addddd,adddad,adddaa,adadaa,adadad,adaddd,adadda,adaada,adaadd,adaaad,adaaaa,ddaaaa,ddaaad,ddaadd,ddaada,ddadda,ddaddd,ddadad,ddadaa,ddddaa,ddddad,dddddd,ddddda,dddada,dddadd,dddaad,dddaaa,dadaaa,dadaad,dadadd,dadada,daddda,dadddd,daddad,daddaa,daadaa,daadad,daaddd,daadda,daaada,daaadd,daaaad,daaaaa
2.523862383702373,104.76427645676405,0.6297748183214238,61.8323444649903,72.36542419770662,0.8363714020491334,62.33143028491749,8.747759349988408,2.6818252993003235,1.3709809497190018,0.602518126570387,13.93242099661513,4.976552450298283,1.6721173312304374,3.997438373070995,0.12716354841172106,1.9042100402946527,0.11041279393404682,5.111959775275393,0.4440541268876239,2.3661628257281864,1.4080536448639138,3.5612313609696065,0.9806102279532944,0.9123623744659956,1.328174633430127,0.776527110712713,4.336134457993903,1.8856132258319283,0.12762829707652174,0.9770400157950909,0.057321267932555826,0.056116974958670435,0.00431037029671581,0.17646742050364664,0.0001720567001729252,0.12975761896646523,0.02377632326915136,0.23299891632063832,0.016964208691106576,0.041564481867535946,0.16012789930673021,0.26327287192239757,0.012937604913731264,0.06460207025951054,0.010604657351253141,0.0004668227191491747,0.002248075428333165,0.3566321928161043,0.0007918767653835445,1.082821355817032,0.020415977563288265,0.21087988152593154,0.481442501497789,0.4419492887873347,0.3391940753833594,0.21048471175362443,0.17463860783883883,0.1956613254988388,0.778041326195443,0.5066326325679024,0.08119585510361871,0.24439878129977427,0.001379346454196284
