aaaaaa,aaaaad,aaaadd,aaaada,aaadda,aaaddd,aaadad,aaadaa,aaddaa,aaddad,aadddd,aaddda,aadada,aadadd,aadaad,aadaaa,addaaa,addaad,addadd,addada,adddda,addddd,adddad,adddaa,adadaa,adadad,adaddd,adadda,adaada,adaadd,adaaad,adaaaa,ddaaaa,ddaaad,ddaadd,ddaada,ddadda,ddaddd,ddadad,ddadaa,ddddaa,ddddad,dddddd,ddddda,dddada,dddadd,dddaad,dddaaa,dadaaa,dadaad,dadadd,dadada,daddda,dadddd,daddad,daddaa,daadaa,daadad,daaddd,daadda,daaada,daaadd,daaaad,daaaaa
5.6504553251742555,99.66718460906624,1.5486433942539846,65.29191664162141,46.31967675346389,0.07125997948563956,45.640231950627864,7.57244235981436,0.02975014117117144,6.561511196529067,0.6756309951577283,11.641164326132321,9.416468195299906,0.009534156525805419,2.859888452518133,0.11784664941573851,1.1582363320040916,0.0005411642091107833,3.2590027249320155,0.037958608639696204,0.2784978025697065,0.07647488812976137,2.850806487168124,0.8315696487789737,0.10711369678789072,2.640151745831373,0.6961017790633722,3.7439948603952966,2.272997572374256,0.00022119498748882538,0.6478807139578673,0.06271157367774124,0.04337589163895453,0.011603845227467163,0.10202276490377865,0.010375443131900627,0.018319151052616448,0.0012671539814069549,0.14165658919290522,0.004196590366267557,0.1177635656398804,0.05012822116527168,0.2160287053193018,0.01561444143767651,8.095115003120272e-05,0.014478027995114641,0.0008301709185148602,0.0038760495967896554,0.24749499897481897,0.010721134701835023,0.7428066957163834,0.0008025146753882857,0.001065546201843266,0.08236559254121664,0.37116498136404175,0.3117272998008289,0.02422653677970054,0.43828813287122814,0.18576181049712628,0.6641372452773077,0.5907709602858355,0.015762400234579355,0.1526524694053172,0.0003433206341206306
