aaaaaa,aaaaad,aaaadd,aaaada,aaadda,aaaddd,aaadad,aaadaa,aaddaa,aaddad,aadddd,aaddda,aadada,aadadd,aadaad,aadaaa,addaaa,addaad,addadd,addada,adddda,addddd,adddad,adddaa,adadaa,adadad,adaddd,adadda,adaada,adaadd,adaaad,adaaaa,ddaaaa,ddaaad,ddaadd,ddaada,ddadda,ddaddd,ddadad,ddadaa,ddddaa,ddddad,dddddd,ddddda,dddada,dddadd,dddaad,dddaaa,dadaaa,dadaad,dadadd,dadada,daddda,dadddd,daddad,daddaa,daadaa,daadad,daaddd,daadda,daaada,daaadd,daaaad,daaaaa
6.796359187513717,109.50748070466025,2.7729337823758695,67.05024124869261,56.70063251106283,0.3052766046071212,50.126695644606556,7.851561084393215,1.4339302649110433,2.395562277011894,0.5808048401686098,13.81978824987015,6.00644635481126,0.8122347920437595,3.1709572583093144,0.12117702191761058,1.650007827607811,0.021613059659549246,4.60140183642031,0.19715079891525175,1.2849567420025798,0.7340466929071965,3.1260930445943194,0.8728092682049252,0.6283841060411747,1.6164312784707409,0.7779807725623016,4.224095312767885,1.849823789865353,0.052553225918158725,0.675700080566874,0.054616557813724015,0.042714964324199384,0.01476065418126629,0.13622971701057696,0.005013638081976666,0.057918457379477456,0.003153772069428045,0.16648372795486546,0.005334428383521769,0.05499063246091218,0.13183026776197254,0.246450633022715,0.015633020274956527,0.02610189454565829,0.0015096675493421411,4.885726384160788e-06,0.0014382289593242957,0.34445153240965226,0.0022901126386557806,1.0166025800781335,0.00578250790235762,0.08931982726114682,0.3169258644278828,0.41136559912322107,0.3385106065634597,0.148992056627881,0.22613335530610507,0.20541511114046526,0.7490287364861077,0.4854913639097889,0.06345404075356698,0.17192908849138436,0.00033645017939915235
