aaaaaa,aaaaad,aaaadd,aaaada,aaadda,aaaddd,aaadad,aaadaa,aaddaa,aaddad,aadddd,aaddda,aadada,aadadd,aadaad,aadaaa,addaaa,addaad,addadd,addada,adddda,addddd,adddad,adddaa,adadaa,adadad,adaddd,adadda,adaada,adaadd,adaaad,adaaaa,ddaaaa,ddaaad,ddaadd,ddaada,ddadda,ddaddd,ddadad,ddadaa,ddddaa,ddddad,dddddd,ddddda,dddada,dddadd,dddaad,dddaaa,dadaaa,dadaad,dadadd,dadada,daddda,dadddd,daddad,daddaa,daadaa,daadad,daaddd,daadda,daaada,daaadd,daaaad,daaaaa
6.280587024780447,90.45719001279241,1.8894696591024367,60.42354619826778,37.798253899237494,0.038373612160014794,37.42551686252545,6.46444945647738,0.07548856343516469,7.023668248090687,0.6406688603174582,10.147613875150025,8.803914948182763,0.002340003072844321,2.434552649472727,0.11983999031283192,0.9944023697319726,0.0037891875800374984,2.7606533766949277,0.0139455207607286,0.14596549871803824,0.029243015038092113,2.375529390586045,0.6892475739015969,0.0473919634945313,2.6192443567212718,0.629013338213803,3.2875164406507067,2.0244747052879686,0.0027344935743095905,0.5260350494681141,0.06040637614604314,0.03935233581133398,0.011883766986204896,0.08754623169987501,0.012474267368651768,0.01048641647383672,0.0027180591333553317,0.11595258655801932,0.002867567055620275,0.12170035608533258,0.03435098413061235,0.18800934886841603,0.014929547895561002,0.0013705536632599921,0.0189342465033048,0.0018204075224502285,0.004308752351806852,0.21397625978797813,0.012914240495739464,0.628223494139652,0.003206661178243393,0.0009863281280733343,0.05114119181533867,0.3045933557071788,0.26214894865160404,0.01038809929860573,0.4470192571356626,0.16864302944945025,0.5834649061881698,0.5269529410995817,0.010351214318203811,0.12457722252152595,0.0003497906465370417
