aaaaaa,aaaaad,aaaadd,aaaada,aaadda,aaaddd,aaadad,aaadaa,aaddaa,aaddad,aadddd,aaddda,aadada,aadadd,aadaad,aadaaa,addaaa,addaad,addadd,addada,adddda,addddd,adddad,adddaa,adadaa,adadad,adaddd,adadda,adaada,adaadd,adaaad,adaaaa,ddaaaa,ddaaad,ddaadd,ddaada,ddadda,ddaddd,ddadad,ddadaa,ddddaa,ddddad,dddddd,ddddda,dddada,dddadd,dddaad,dddaaa,dadaaa,dadaad,dadadd,dadada,daddda,dadddd,daddad,daddaa,daadaa,daadad,daaddd,daadda,daaada,daaadd,daaaad,daaaaa
3.5243873120227787,102.38302824038412,1.0943230329893228,60.83725395984606,69.03198812968928,0.8395603964402515,56.18980100176428,7.539834000261083,3.263510561607296,0.9279103845637551,1.011666826904641,11.95910720951476,3.537116560076555,2.458328237711187,3.6588712667620182,0.11170776913182177,2.029967108233244,0.1348853469314197,4.686068532747195,0.318746606082459,2.723852652438776,1.726209496139721,3.0115574250644923,0.7319228663011139,1.0013182115918897,1.1572092712739461,0.8672254208720297,3.9896271853460923,1.6177758210073365,0.16629140136818635,0.9206862913294102,0.06520152400175827,0.047002861535571164,0.0074319220651778055,0.16973246662677663,0.00011173735343408323,0.1292717102494073,0.02465656450269449,0.21909385184609484,0.014295837022871098,0.03014047214620529,0.1786588245632165,0.2163564474120854,0.023949633916725683,0.10431369739121174,0.032694790098136334,0.0009943332632724935,0.0009798710480622304,0.3968246050083838,0.0012273632808018097,1.0066538861340393,0.012118953439932934,0.27640756125347676,0.5807742150883729,0.3765438824530432,0.28470047367657264,0.23573761599209453,0.1429312834339931,0.22726857428287164,0.6934198198832189,0.4348740255118692,0.09961427233870315,0.22731575440454263,0.0014359154672772558
