aaaaaa,aaaaad,aaaadd,aaaada,aaadda,aaaddd,aaadad,aaadaa,aaddaa,aaddad,aadddd,aaddda,aadada,aadadd,aadaad,aadaaa,addaaa,addaad,addadd,addada,adddda,addddd,adddad,adddaa,adadaa,adadad,adaddd,adadda,adaada,adaadd,adaaad,adaaaa,ddaaaa,ddaaad,ddaadd,ddaada,ddadda,ddaddd,ddadad,ddadaa,ddddaa,ddddad,dddddd,ddddda,dddada,dddadd,dddaad,dddaaa,dadaaa,dadaad,dadadd,dadada,daddda,dadddd,daddad,daddaa,daadaa,daadad,daaddd,daadda,daaada,daaadd,daaaad,daaaaa
4.667292249582569,87.4699181139518,1.8888691792537673,52.75057493315705,47.690783005912955,0.3050699645951399,42.97882712816923,6.829650064059444,1.29748489984278,1.781090227055032,0.3608682553864775,11.71387702289685,4.897021003402801,0.6775483743605051,2.7074098115121634,0.10656880675745194,1.3552849977432622,0.025559815038830074,3.9404950674003167,0.22748781153679085,1.1347820271422242,0.6500161935610816,2.706051903523733,0.7897237389107647,0.5364620637535208,1.2700585558658082,0.5869295282312772,3.5092347518608817,1.5339637121717897,0.04458910274759983,0.5780283856210993,0.04227789700515569,0.033532155896842504,0.011571393610939278,0.1138588666757741,0.0027962723475948143,0.04886023535498642,0.0028699519820767397,0.14074681618833879,0.005360174972027794,0.04155931096907821,0.11107838393028942,0.21299281740033502,0.009341032546688941,0.022216888342114424,0.0011691034658345794,1.8831639685828525e-05,0.0018544632785711117,0.2829624463490084,0.0013418622093958514,0.868739087302612,0.010186898843251753,0.0835164879904604,0.27213698966891764,0.3616539024564307,0.29750985972432326,0.1288959692339125,0.173645097468379,0.1569878253448151,0.6206365300365997,0.3969493676882931,0.052478746086829495,0.14446985842598797,0.0002479357170243232
