aaaaaa,aaaaad,aaaadd,aaaada,aaadda,aaaddd,aaadad,aaadaa,aaddaa,aaddad,aadddd,aaddda,aadada,aadadd,aadaad,aadaaa,addaaa,addaad,addadd,addada,adddda,addddd,adddad,adddaa,adadaa,adadad,adaddd,adadda,adaada,adaadd,adaaad,adaaaa,ddaaaa,ddaaad,ddaadd,ddaada,ddadda,ddaddd,ddadad,ddadaa,ddddaa,ddddad,dddddd,ddddda,dddada,dddadd,dddaad,dddaaa,dadaaa,dadaad,dadadd,dadada,daddda,dadddd,daddad,daddaa,daadaa,daadad,daaddd,daadda,daaada,daaadd,daaaad,daaaaa
4.572001791215189,91.54259050219504,1.220078677950651,59.1802139121733,44.77202269354236,0.09772936492593454,44.264230713374154,7.351312580345533,0.05753786304423512,5.396924805244542,0.5435758748527133,11.18460207465462,8.451794223681723,0.025816044920679383,2.6635993254920933,0.09528281289731812,1.1096805682485833,0.0005372126043284042,3.245939519704886,0.07103467250846716,0.3389197146144382,0.10863018749155795,2.8211031621815486,0.8539044960896645,0.1379474148504869,2.2906215529867784,0.6150301335038633,3.5543732067457197,2.1040175691567575,0.00031430230121886016,0.6136878365132636,0.05230827720488988,0.03902779333934595,0.010250000483748153,0.09701313109773023,0.007773207031571278,0.02023585325617991,0.0005662691103501625,0.13665325524093952,0.004666662531934246,0.0957861863108104,0.05553414943601756,0.20722980139453084,0.012549882766457361,0.0003518162018487129,0.010135269057656025,0.0004113435148825195,0.003204123701278252,0.23553150763335318,0.007649470818500152,0.730449166228564,0.000129690760741393,0.003691585503068445,0.09181771696732038,0.3725251769688316,0.3127746208390218,0.031107477905696644,0.37467795690453604,0.1654012601034177,0.6281951731757054,0.5440858039862526,0.016757014851511567,0.14525675023943907,0.00025254648447094197
