aaaaaa,aaaaad,aaaadd,aaaada,aaadda,aaaddd,aaadad,aaadaa,aaddaa,aaddad,aadddd,aaddda,aadada,aadadd,aadaad,aadaaa,addaaa,addaad,addadd,addada,adddda,addddd,adddad,adddaa,adadaa,adadad,adaddd,adadda,adaada,adaadd,adaaad,adaaaa,ddaaaa,ddaaad,ddaadd,ddaada,ddadda,ddaddd,ddadad,ddadaa,ddddaa,ddddad,dddddd,ddddda,dddada,dddadd,dddaad,dddaaa,dadaaa,dadaad,dadadd,dadada,daddda,dadddd,daddad,daddaa,daadaa,daadad,daaddd,daadda,daaada,daaadd,daaaad,daaaaa
5.13245768038886,96.68519681188326,2.1548543791666512,58.218077056265436,50.470323903969295,0.26221953169817863,48.50365002875534,8.347920294000431,1.0493289879222392,2.4592560234157412,0.22988187615172298,14.017519310289286,6.3468189626373555,0.4248568315968232,2.9663011264531116,0.12427060638353787,1.3934561853533227,0.01713111376988506,4.456839205432074,0.28190726652072695,0.9553399592150719,0.5109529751965377,3.1964099977972706,1.0125668654915325,0.4832243227728681,1.5690795972609877,0.5395267812235286,4.114451324149791,1.8273627088381013,0.02618675639155639,0.6414936521815578,0.050892841340445964,0.0346208733775645,0.015078913703672647,0.1398807077041405,0.001511447367924324,0.04224382368460256,0.0012146651219678236,0.1593513669545124,0.007644468833045304,0.056572564509085724,0.10486721099424554,0.2646059262162511,0.0048851846859427695,0.01114945839305428,0.00040887111971607266,0.00121206717266622,0.0053828309762677115,0.29250037588746947,0.0031331631702310745,0.9827734422968115,0.013652855889045766,0.05841922890829785,0.23804325997246878,0.4249139717211,0.3569798132422032,0.11788468699976389,0.22052362778226117,0.14731761941766727,0.7328492823566277,0.4655799015251333,0.045019266500421595,0.15465657688882997,0.00028946879345243025
