aaaaaa,aaaaad,aaaadd,aaaada,aaadda,aaaddd,aaadad,aaadaa,aaddaa,aaddad,aadddd,aaddda,aadada,aadadd,aadaad,aadaaa,addaaa,addaad,addadd,addada,adddda,addddd,adddad,adddaa,adadaa,adadad,adaddd,adadda,adaada,adaadd,adaaad,adaaaa,ddaaaa,ddaaad,ddaadd,ddaada,ddadda,ddaddd,ddadad,ddadaa,ddddaa,ddddad,dddddd,ddddda,dddada,dddadd,dddaad,dddaaa,dadaaa,dadaad,dadadd,dadada,daddda,dadddd,daddad,daddaa,daadaa,daadad,daaddd,daadda,daaada,daaadd,daaaad,daaaaa
4.576632130276285,105.60132105425397,1.657491798104242,64.22653992894189,56.24704983494117,0.2933933067755996,55.163122202194636,9.508037165115098,0.8144360824728517,3.318059774272324,0.23209606213041978,15.515824741579177,7.596882112678248,0.3306096338888959,3.3850298683609004,0.14433106143856722,1.5197348594602076,0.021411617625773656,4.791117752251113,0.30836754068123845,0.9446201909734282,0.47455063167350153,3.627154850079857,1.171814658096287,0.4327465775832199,1.9209750604213023,0.5667143271390893,4.56752517171567,2.134543888520565,0.01904851827567284,0.7483135386593532,0.057826809893610304,0.04033748045970297,0.013632345721251552,0.14594575994889714,0.0018953178126679849,0.042525383026939666,0.0008118432487840075,0.17647329327200395,0.009070531643114863,0.07021001970616121,0.10343151977021736,0.29094506284555116,0.005110547091616243,0.008934012163573443,0.0015799972700888255,0.0013914020603438052,0.006960045994609661,0.32059279098555304,0.0025615016065458343,1.0530855979895883,0.01431551060176617,0.05212502017737061,0.23392529085625458,0.4823301004770265,0.40688304626038013,0.10597019307871916,0.27739404424154807,0.15629076192673916,0.8093075797134095,0.5404217592201125,0.04230500363053008,0.17604834942317146,0.0002843369298836056
