aaaaaa,aaaaad,aaaadd,aaaada,aaadda,aaaddd,aaadad,aaadaa,aaddaa,aaddad,aadddd,aaddda,aadada,aadadd,aadaad,aadaaa,addaaa,addaad,addadd,addada,adddda,addddd,adddad,adddaa,adadaa,adadad,adaddd,adadda,adaada,adaadd,adaaad,adaaaa,ddaaaa,ddaaad,ddaadd,ddaada,ddadda,ddaddd,ddadad,ddadaa,ddddaa,ddddad,dddddd,ddddda,dddada,dddadd,dddaad,dddaaa,dadaaa,dadaad,dadadd,dadada,daddda,dadddd,daddad,daddaa,daadaa,daadad,daaddd,daadda,daaada,daaadd,daaaad,daaaaa
4.172425533522395,93.54832417997045,0.9096601014209669,61.772512265159676,44.27687284647756,0.08925382483438973,44.22747021769709,7.387351738797785,0.04661043435804309,7.027966084343415,0.5085696820771761,11.402168028206109,9.428668944633962,0.0015499993182099155,2.8526831330539455,0.12947513453544138,1.0906650850002215,0.0006964991009020818,3.100109988104252,0.0508812215398521,0.2376766324630006,0.05713150072996987,2.753379378998436,0.823970894845845,0.062736226545645,2.713042266184534,0.5968753338182059,3.6276666070976074,2.250355898764136,0.0017619637882052453,0.6434339393411718,0.059591112756896734,0.04001244404221268,0.01029706464979171,0.09462941108730462,0.008955440268650172,0.014519259439194587,0.0018401834461231647,0.1306931400047246,0.004063600819985288,0.11824313156394638,0.04130647710356383,0.20814441144537105,0.01270529329611165,0.00042481951347749804,0.018593475561365827,0.0012820739659321725,0.0054645219649361275,0.23305158319991814,0.008770890674136039,0.7051055085828764,0.0002633742582695821,0.0003891400881403756,0.06882230675470678,0.35771605731038203,0.3036248459561088,0.014267569748203117,0.45432656336805066,0.1615158331368085,0.6400278986328952,0.57475432536377,0.011874739903446925,0.1476357496068706,0.0002767610404839786
