aaaaaa,aaaaad,aaaadd,aaaada,aaadda,aaaddd,aaadad,aaadaa,aaddaa,aaddad,aadddd,aaddda,aadada,aadadd,aadaad,aadaaa,addaaa,addaad,addadd,addada,adddda,addddd,adddad,adddaa,adadaa,adadad,adaddd,adadda,adaada,adaadd,adaaad,adaaaa,ddaaaa,ddaaad,ddaadd,ddaada,ddadda,ddaddd,ddadad,ddadaa,ddddaa,ddddad,dddddd,ddddda,dddada,dddadd,dddaad,dddaaa,dadaaa,dadaad,dadadd,dadada,daddda,dadddd,daddad,daddaa,daadaa,daadad,daaddd,daadda,daaada,daaadd,daaaad,daaaaa
5.0803889449191315,93.15124634475359,2.131552475616233,56.02678309659343,51.444237667384066,0.41773096079588623,44.90829212261091,7.0577792063629765,1.5755955695656636,1.6979421262856682,0.38107128160135517,12.48633387821017,4.718582608233901,0.9011930877092064,2.94236329391151,0.12840814677349513,1.4694249022996053,0.031063950365828468,4.290529540544045,0.2674917091818689,1.3733608276326827,0.8210431571512478,2.7680082035082196,0.7837165024439996,0.6218699668770598,1.2828385974083794,0.6343160519757243,3.71624997907464,1.5266759182539689,0.06484737430767755,0.6198497633014218,0.04772417077695279,0.048937068303507573,0.006432739492692312,0.14156049639634502,0.0008116951865313256,0.07435502539548836,0.01003571409570696,0.16636774646809555,0.009442512162442946,0.0434457507164758,0.11942272002399039,0.2349231255136553,0.00836618740080494,0.0266499970612268,0.0020626976676314554,0.00019087352648117662,0.0027505595571216583,0.2797913904240944,0.003258290562315965,0.9202797070348003,0.010632427207134245,0.09631806019457734,0.30393822688238215,0.3484364589996817,0.2849386804573939,0.14280674857946585,0.1788630914344163,0.16048497290690217,0.6735603209196922,0.4151921807452494,0.0570791187652182,0.15868162243794834,0.0005220894220690714
