aaaaaa,aaaaad,aaaadd,aaaada,aaadda,aaaddd,aaadad,aaadaa,aaddaa,aaddad,aadddd,aaddda,aadada,aadadd,aadaad,aadaaa,addaaa,addaad,addadd,addada,adddda,addddd,adddad,adddaa,adadaa,adadad,adaddd,adadda,adaada,adaadd,adaaad,adaaaa,ddaaaa,ddaaad,ddaadd,ddaada,ddadda,ddaddd,ddadad,ddadaa,ddddaa,ddddad,dddddd,ddddda,dddada,dddadd,dddaad,dddaaa,dadaaa,dadaad,dadadd,dadada,daddda,dadddd,daddad,daddaa,daadaa,daadad,daaddd,daadda,daaada,daaadd,daaaad,daaaaa
4.377131367447226,94.41501169033499,1.1791637389833356,60.34388177708743,46.987906811787006,0.09813158080879834,48.71985486777598,8.472209608791607,0.0706811662187422,5.703432132984928,0.4430149023067927,12.287786667134899,9.20158058918092,0.01362147812196533,2.9076734129716226,0.11487622784758114,1.1682998830531315,0.0017021167651608635,3.504951459552535,0.10236818535006673,0.3312163653450139,0.09818309030652127,3.1484778514576806,1.0036899219472195,0.14322289088214013,2.4018784846561423,0.5849153433875084,3.8324950381600096,2.2724595903835074,0.0004222925314372723,0.6622938026140063,0.05423518646638439,0.04220217860541853,0.009774826995574972,0.10487596196440534,0.006857967416307336,0.020812359162083224,0.0006753786607558415,0.14975609992332578,0.006329893465150934,0.10312749374620357,0.05553155920541765,0.23418957208865104,0.009194493754484381,0.00012344052357121953,0.014658286705995453,0.0009696139369994223,0.004960132112644796,0.2512823486905061,0.006674126488053126,0.7907997835971455,0.0008854334821908551,0.0027220928183082395,0.08821007178485449,0.4270810970818462,0.3603785745390309,0.03277952355216648,0.3919207867476219,0.162542097378571,0.6724219961168609,0.5738574565952548,0.016700453220206194,0.1551992941000017,0.0003585440976417597
