aaaaaa,aaaaad,aaaadd,aaaada,aaadda,aaaddd,aaadad,aaadaa,aaddaa,aaddad,aadddd,aaddda,aadada,aadadd,aadaad,aadaaa,addaaa,addaad,addadd,addada,adddda,addddd,adddad,adddaa,adadaa,adadad,adaddd,adadda,adaada,adaadd,adaaad,adaaaa,ddaaaa,ddaaad,ddaadd,ddaada,ddadda,ddaddd,ddadad,ddadaa,ddddaa,ddddad,dddddd,ddddda,dddada,dddadd,dddaad,dddaaa,dadaaa,dadaad,dadadd,dadada,daddda,dadddd,daddad,daddaa,daadaa,daadad,daaddd,daadda,daaada,daaadd,daaaad,daaaaa
3.30045655851157,95.02919483094176,1.0256494339323308,56.34544701839787,63.40637970025518,0.6751702556775084,52.786189843089524,7.171047334156625,2.817637372527185,0.9637711729068285,0.8176875883938849,11.504246110700935,3.8265702718997106,1.8853249617905081,3.3637049717382506,0.09749045972506572,1.7639888693390522,0.09453796459961361,4.38818526287403,0.30159380249396267,2.2508640128214226,1.383478035644754,2.9348790748781077,0.7473225932836111,0.9144473241082411,1.0808803865492196,0.7872442331757541,3.7322514401752542,1.5588268537014447,0.13915297164649448,0.8346693942145046,0.05529641172255624,0.04895230287327573,0.005066552670085521,0.15918380873869034,0.00011405411832734776,0.12228584666944904,0.02357249271182246,0.20493139641875252,0.01337683155227011,0.03596541652190001,0.14871760164884573,0.2148095620536174,0.01794630311585628,0.07095831280361217,0.016524793818049503,0.0007081293835181201,0.0010934817820795048,0.33305967017100896,0.0005059670057004935,0.9350680979251313,0.011052272100119992,0.21217872369209237,0.47304099894111273,0.3599275142873588,0.27224440117833953,0.2124954250404274,0.13709480368148574,0.19743844322247098,0.6683993021913756,0.42648839742964445,0.0834637936765932,0.2126640409352002,0.001411958345259691
