aaaaaa,aaaaad,aaaadd,aaaada,aaadda,aaaddd,aaadad,aaadaa,aaddaa,aaddad,aadddd,aaddda,aadada,aadadd,aadaad,aadaaa,addaaa,addaad,addadd,addada,adddda,addddd,adddad,adddaa,adadaa,adadad,adaddd,adadda,adaada,adaadd,adaaad,adaaaa,ddaaaa,ddaaad,ddaadd,ddaada,ddadda,ddaddd,ddadad,ddadaa,ddddaa,ddddad,dddddd,ddddda,dddada,dddadd,dddaad,dddaaa,dadaaa,dadaad,dadadd,dadada,daddda,dadddd,daddad,daddaa,daadaa,daadad,daaddd,daadda,daaada,daaadd,daaaad,daaaaa
2.652600909179502,91.71000632930335,0.6933628242432319,55.22101999486018,58.94327675136205,0.5845740784528929,51.592116322424516,7.488387814751708,1.6408605572396617,1.7369693785266578,0.46255403826253655,12.246531360880244,4.933747078334002,1.0235682143676328,3.346837900836642,0.11929845939556587,1.5491648288280255,0.06547789747199906,4.234886113672172,0.3127068376314759,1.6537849415957526,0.9521357228770121,2.987514700865149,0.8298034651980544,0.6362472965464177,1.3305410671625308,0.6593590652034412,3.744577162888341,1.698846804061741,0.0754210925123066,0.7772645028482246,0.046862197209759204,0.04891309847533801,0.004294708515625642,0.1391206676513543,0.0002624889448693566,0.09079716285539577,0.013416345699745279,0.18584752192832202,0.011933870688108411,0.04268111692081085,0.12394510788338606,0.22597104860748163,0.010893987387362875,0.039746197714332396,0.004112296934697842,0.00014914540138683192,0.0020793513999078444,0.2948562436485114,0.0010401321492766091,0.9111173385007355,0.013060931542487476,0.12923994932242477,0.34160594785592946,0.38131028714936727,0.2998720941055467,0.14612247803944745,0.18452756883746846,0.16618413264885099,0.6734898415937,0.4557244041560729,0.05742790930192785,0.19325100056123132,0.0007358807252179629
