aaaaaa,aaaaad,aaaadd,aaaada,aaadda,aaaddd,aaadad,aaadaa,aaddaa,aaddad,aadddd,aaddda,aadada,aadadd,aadaad,aadaaa,addaaa,addaad,addadd,addada,adddda,addddd,adddad,adddaa,adadaa,adadad,adaddd,adadda,adaada,adaadd,adaaad,adaaaa,ddaaaa,ddaaad,ddaadd,ddaada,ddadda,ddaddd,ddadad,ddadaa,ddddaa,ddddad,dddddd,ddddda,dddada,dddadd,dddaad,dddaaa,dadaaa,dadaad,dadadd,dadada,daddda,dadddd,daddad,daddaa,daadaa,daadad,daaddd,daadda,daaada,daaadd,daaaad,daaaaa
6.495664896671067,99.52928151482355,2.546226859644844,62.505645314832144,45.15632731604706,0.08775607162400287,46.254864431374855,8.504972095054281,0.2562758794106409,4.4712920348155265,0.3469666628587049,13.420480157102881,8.115918591941742,0.08288627043481243,2.711899576202907,0.11169385485308195,1.2967846975335837,0.002342299832473814,3.913043157421691,0.1297519014170099,0.4426741444195335,0.18113960867011275,3.15828479239466,1.027322144012807,0.25370511414474994,2.0913237662445794,0.5619246665298535,4.077868708210613,2.020084065873545,0.0034266770236871524,0.58946088528649,0.056036741215153965,0.04438450041307608,0.011976346805189846,0.12042303682411279,0.006206601943903724,0.024140454757076733,0.00011659286839007518,0.147882814466533,0.006088635580004393,0.08709522585522528,0.07196160118267461,0.2559465374653684,0.00694009854502991,0.0004679611814547665,0.009502433940212558,0.001641929327563719,0.004556907861334245,0.27346165569359737,0.006515910319272928,0.8780855454773995,0.0022059052858432364,0.008096549238541707,0.1216536195524548,0.4258265072239471,0.3681355644170437,0.05794705611000343,0.3298707396957868,0.15710851139558038,0.7195098310066927,0.5197591352020784,0.026079984032367564,0.13898787885295744,0.00026787598547794013
