aaaaaa,aaaaad,aaaadd,aaaada,aaadda,aaaddd,aaadad,aaadaa,aaddaa,aaddad,aadddd,aaddda,aadada,aadadd,aadaad,aadaaa,addaaa,addaad,addadd,addada,adddda,addddd,adddad,adddaa,adadaa,adadad,adaddd,adadda,adaada,adaadd,adaaad,adaaaa,ddaaaa,ddaaad,ddaadd,ddaada,ddadda,ddaddd,ddadad,ddadaa,ddddaa,ddddad,dddddd,ddddda,dddada,dddadd,dddaad,dddaaa,dadaaa,dadaad,dadadd,dadada,daddda,dadddd,daddad,daddaa,daadaa,daadad,daaddd,daadda,daaada,daaadd,daaaad,daaaaa
5.231544139874646,89.54899066235886,1.9740120787681932,55.65502821295291,44.11094016562009,0.15032165194675812,42.78476024108424,7.346821622991869,0.46754617568667206,3.2319160449000988,0.3144550319111525,12.146422167927767,6.654560530703927,0.1920598895234223,2.600468400420093,0.1063217907135164,1.2207244300562987,0.006274965555262032,3.6589386998486493,0.14503228598600834,0.5933325203196876,0.28131445509631764,2.8127848598082954,0.8800963843897107,0.30871992675051263,1.7004074648987608,0.528337012790782,3.6689927817477686,1.774933056025948,0.009848388779502445,0.5713660293440679,0.05082591285277089,0.03760206525339964,0.010699217312805535,0.11082995325573819,0.004199761219454881,0.031003784218483245,0.00019587901279991647,0.13857158224872113,0.005464293349050518,0.06802688845986503,0.07825726564801748,0.2299329072285082,0.006998524178749622,0.0038873641462829588,0.002719594534364682,0.001033458232149439,0.004306398172642814,0.2530859538080121,0.004547644912209661,0.8181644842764524,0.003870941819070645,0.023530625119574995,0.15456832113781838,0.3753900532589001,0.3165157669578079,0.07423092829495465,0.2577493129386815,0.14538731479234357,0.6544466738074546,0.46156743149194523,0.030045432844799495,0.1358451333816872,0.0002452177454514652
