aaaaaa,aaaaad,aaaadd,aaaada,aaadda,aaaddd,aaadad,aaadaa,aaddaa,aaddad,aadddd,aaddda,aadada,aadadd,aadaad,aadaaa,addaaa,addaad,addadd,addada,adddda,addddd,adddad,adddaa,adadaa,adadad,adaddd,adadda,adaada,adaadd,adaaad,adaaaa,ddaaaa,ddaaad,ddaadd,ddaada,ddadda,ddaddd,ddadad,ddadaa,ddddaa,ddddad,dddddd,ddddda,dddada,dddadd,dddaad,dddaaa,dadaaa,dadaad,dadadd,dadada,daddda,dadddd,daddad,daddaa,daadaa,daadad,daaddd,daadda,daaada,daaadd,daaaad,daaaaa
5.4379511024325335,93.68674751620114,2.1976427464994917,57.2585306128446,48.056858247796065,0.23576747513696078,44.12344606766468,7.187934781593017,1.013552221995558,2.346907567030343,0.38053647362814713,12.401807816462803,5.67672194848219,0.5138462629602156,2.7506200943083376,0.10837441663815234,1.3520188471297412,0.01414674445227954,3.9911297823783483,0.18762737374045432,0.9594982781520872,0.5243618033351466,2.8037233352754565,0.8218017362465517,0.4710968021464075,1.4930709014537074,0.6051812840734326,3.7412106940336085,1.6828171016253881,0.03087588460064053,0.5915633035382049,0.048017574798084196,0.03348020276566053,0.014578808228611418,0.12686364034007921,0.002533027715414371,0.04361609080839473,0.0015644182193587607,0.14644349916821534,0.005590109287264405,0.051710516479861225,0.10514122474225517,0.2289871068254083,0.009062224325221116,0.015970535068396373,0.00022175528045904316,0.00030821108886347113,0.0027715175858559083,0.2852522318616153,0.0026816856524818403,0.8780369240152235,0.005791742246968492,0.06205794394159925,0.24286036424965304,0.3644748551939104,0.3022206390824136,0.11431229879858201,0.21020196438736471,0.15969755784811862,0.6690770083332428,0.432651132518394,0.04765231601665166,0.1493029115925206,0.00035773588645896887
