aaaaaa,aaaaad,aaaadd,aaaada,aaadda,aaaddd,aaadad,aaadaa,aaddaa,aaddad,aadddd,aaddda,aadada,aadadd,aadaad,aadaaa,addaaa,addaad,addadd,addada,adddda,addddd,adddad,adddaa,adadaa,adadad,adaddd,adadda,adaada,adaadd,adaaad,adaaaa,ddaaaa,ddaaad,ddaadd,ddaada,ddadda,ddaddd,ddadad,ddadaa,ddddaa,ddddad,dddddd,ddddda,dddada,dddadd,dddaad,dddaaa,dadaaa,dadaad,dadadd,dadada,daddda,dadddd,daddad,daddaa,daadaa,daadad,daaddd,daadda,daaada,daaadd,daaaad,daaaaa
5.746436010620327,101.4053703352449,1.839741511178706,64.69931267668484,48.80728216477119,0.1116172661943936,48.0805143799768,8.15520163422859,0.20233123290262972,4.8662041553952715,0.4860304442923311,12.950579782126985,8.457756065434591,0.08961301543613129,2.9220823829354905,0.11602228651016341,1.293953359457961,0.0017153743364951644,3.7673217507772607,0.09790254923129389,0.47612109142226366,0.1882893647473105,3.0905021632411107,0.9437865161320846,0.23280162953442726,2.233382664226393,0.6384128704505079,4.028333241188576,2.156787148138607,0.002905461116949605,0.6523058838617505,0.05894210141042191,0.04344293955376812,0.011569315980556527,0.11522524222350465,0.0069177077138053615,0.027920206144469578,5.633016398121216e-05,0.15126708073257644,0.0051187650728404845,0.09371542330859782,0.07238596541956265,0.24443453620437963,0.010992519224983939,0.0012482955366125946,0.007554300562577879,0.0007990756031326425,0.003993377228410886,0.27291585131905327,0.006786451704818055,0.8454564952848966,0.0006257272702425723,0.010186642862646493,0.12754082918411366,0.41257792038766405,0.34712792485105026,0.05389939127633345,0.3565176828418113,0.1754907077139643,0.713849879387878,0.5578596238146065,0.025599443256709944,0.15623137878513046,0.0003092881831177857
