aaaaaa,aaaaad,aaaadd,aaaada,aaadda,aaaddd,aaadad,aaadaa,aaddaa,aaddad,aadddd,aaddda,aadada,aadadd,aadaad,aadaaa,addaaa,addaad,addadd,addada,adddda,addddd,adddad,adddaa,adadaa,adadad,adaddd,adadda,adaada,adaadd,adaaad,adaaaa,ddaaaa,ddaaad,ddaadd,ddaada,ddadda,ddaddd,ddadad,ddadaa,ddddaa,ddddad,dddddd,ddddda,dddada,dddadd,dddaad,dddaaa,dadaaa,dadaad,dadadd,dadada,daddda,dadddd,daddad,daddaa,daadaa,daadad,daaddd,daadda,daaada,daaadd,daaaad,daaaaa
3.231903393147118,100.8259208366821,0.8040157686874624,61.403558729451724,61.25384139693628,0.3445581057021605,57.13892295222322,8.561912211827135,1.1644489168093592,2.6390190712168424,0.5460465757889558,13.238574530947664,6.874594775691806,0.5923918017613831,3.4698132699641753,0.10477739908803471,1.4994336876951613,0.03117037252312359,4.272081340170134,0.23054613471127688,1.2108766218811309,0.6092396449596896,3.405645149440673,0.9824946552262461,0.5361779371711628,1.6894333357028164,0.7104539154167496,4.11795553415612,2.1094980343728547,0.038851009891581884,0.8435283003184589,0.05453085535672015,0.03630486815885543,0.012299984774573725,0.13312942530971705,0.0018449090364376112,0.059213509923663414,0.002380911888524748,0.18772868557218203,0.009002254780686492,0.0589789631385305,0.1176585805354605,0.24177833395430803,0.013454175280593868,0.02628154428574267,0.0005381466656901843,0.00021929458639462283,0.0020724885036463078,0.3153008569066273,0.0014319768195930676,0.9503079829929956,0.007786879272591643,0.08527586198669207,0.2792469286496878,0.45685160014428966,0.3620128626272672,0.12867803637565128,0.2391076412262194,0.1896708738983575,0.725211959281164,0.5446923925060372,0.049058434879772274,0.20247373752622874,0.00046992898066407126
