aaaaa,aaaad,aaadd,aaada,aadda,aaddd,aadad,aadaa,addaa,addad,adddd,addda,adada,adadd,adaad,adaaa,ddaaa,ddaad,ddadd,ddada,dddda,ddddd,dddad,dddaa,dadaa,dadad,daddd,dadda,daada,daadd,daaad,daaaa
7.627397853548813,169.75094251221125,52.821679602082966,51.369366681553146,11.379326104096961,4.341538221399599,13.004420241570756,4.548807195884253,1.0304542003601986,1.4060185568045651,0.4084987296817707,1.779359378115959,1.0712096757257028,0.4058755413121379,0.6361786972191631,0.07256517659616385,0.2339042364886729,0.16223610428190102,0.19868415051026292,0.03604788694630076,0.07148249515993244,0.09712329455336118,0.05247327957249036,0.44381527300976525,0.008380746210805213,0.012630954001086402,0.04270232593796245,0.2193848922135023,0.17753518984240169,0.05566831389740202,0.09414999678248887,0.01699215404496222
