aaaaa,aaaad,aaadd,aaada,aadda,aaddd,aadad,aadaa,addaa,addad,adddd,addda,adada,adadd,adaad,adaaa,ddaaa,ddaad,ddadd,ddada,dddda,ddddd,dddad,dddaa,dadaa,dadad,daddd,dadda,daada,daadd,daaad,daaaa
9.455598032360468,167.68109529815686,47.93202673480106,49.46226545979013,10.403329282104112,4.55184780773909,12.847752789656912,4.114749056946316,0.8300525343641625,1.103745036059648,0.31253722956945373,1.6394589122153784,1.198997757457177,0.3407253087736983,0.5700548588766227,0.0679250653230524,0.19402687849258804,0.13341814138249491,0.21479458327783915,0.03483675617278232,0.06226487158626904,0.08749024584648606,0.04544602473491774,0.41927298357580983,0.009545825418728117,0.005720148952509614,0.03160447147411674,0.1850271129389346,0.1876497277805733,0.04915533919748629,0.0910683122092509,0.015885994520904754
