aaaaa,aaaad,aaadd,aaada,aadda,aaddd,aadad,aadaa,addaa,addad,adddd,addda,adada,adadd,adaad,adaaa,ddaaa,ddaad,ddadd,ddada,dddda,ddddd,dddad,dddaa,dadaa,dadad,daddd,dadda,daada,daadd,daaad,daaaa
5.410980871792167,158.2496947817394,60.01334945651444,47.82067496274335,10.733500007625096,5.574470842970079,12.079522182958117,4.191853970723628,0.3290317812194846,0.3903813608670508,0.1769140288968659,1.2954887417662764,1.403532721894227,0.32599594364419143,0.45757911580798827,0.036721253908805686,0.16680560505987765,0.12070079960185956,0.27563658428565035,0.05406576215551462,0.06552875426776121,0.08223429384491446,0.05780297425512234,0.3375714380270222,0.029224833981547065,0.0019850341145480643,0.024239011370811643,0.14813549384009497,0.18079351839393523,0.03930807199699979,0.07617405007060717,0.01582993752731577
