aaaaa,aaaad,aaadd,aaada,aadda,aaddd,aadad,aadaa,addaa,addad,adddd,addda,adada,adadd,adaad,adaaa,ddaaa,ddaad,ddadd,ddada,dddda,ddddd,dddad,dddaa,dadaa,dadad,daddd,dadda,daada,daadd,daaad,daaaa
7.240923751275919,169.22436604913395,53.39873706097192,48.573354220165434,10.751059946602117,5.266035948753798,12.559846966330417,4.01148316006261,0.5777794984356748,0.7466153607619669,0.2256555482077812,1.416556216083283,1.334122825214728,0.3285138022083962,0.5400282660533545,0.05560610102229716,0.1792353869606,0.12715851946397894,0.24876383683993855,0.043956646447028846,0.06379825038692818,0.08602473390604179,0.0492026860233287,0.3859531203466788,0.015326823852409443,0.0028914322767718045,0.02812085834298339,0.16930406917439889,0.18992660451154514,0.04525815219462255,0.08671722341949559,0.015964954892077738
