aaaaa,aaaad,aaadd,aaada,aadda,aaddd,aadad,aadaa,addaa,addad,adddd,addda,adada,adadd,adaad,adaaa,ddaaa,ddaad,ddadd,ddada,dddda,ddddd,dddad,dddaa,dadaa,dadad,daddd,dadda,daada,daadd,daaad,daaaa
5.945311142361321,148.14505933883365,49.13794556506812,42.39121412723814,9.40441666673704,5.087181822445018,11.7025965843003,3.8077657967578897,0.31426290868250295,0.39749308754939394,0.15498008057112453,1.1181082253279833,1.3650379588425103,0.27365630818704284,0.4363179777075548,0.04222047334826635,0.15642590588579364,0.10525609553719431,0.23338464057629807,0.040888263680624835,0.05699408032244093,0.07706930266643906,0.045029670054950455,0.29973028214324227,0.020722732109793078,0.0008019029633453131,0.02091154871570758,0.1267986373197699,0.17310113962906457,0.03464973448242385,0.07019932486413616,0.013347828840986354
