aaaaa,aaaad,aaadd,aaada,aadda,aaddd,aadad,aadaa,addaa,addad,adddd,addda,adada,adadd,adaad,adaaa,ddaaa,ddaad,ddadd,ddada,dddda,ddddd,dddad,dddaa,dadaa,dadad,daddd,dadda,daada,daadd,daaad,daaaa
5.286806687466013,146.61667906076153,56.09535267613435,41.62263655531831,10.877572903490424,5.536163761769032,8.797554801258881,2.8195987523241346,0.4477078830063064,0.5291715733768415,0.1522425590781773,1.0078829423991074,1.0307417002034216,0.2871306508632466,0.4257363184577709,0.031808280466583926,0.13957810724731626,0.1113921945933063,0.2611327814113131,0.05442496795556366,0.05974569748290351,0.07214332205302723,0.05281358065402056,0.3256378035389106,0.014463349353595048,0.007992787810868129,0.030672631557286775,0.1414704909434068,0.14487192601499865,0.03972139195560879,0.07609121864229025,0.016363640600198688
