aaaaa,aaaad,aaadd,aaada,aadda,aaddd,aadad,aadaa,addaa,addad,adddd,addda,adada,adadd,adaad,adaaa,ddaaa,ddaad,ddadd,ddada,dddda,ddddd,dddad,dddaa,dadaa,dadad,daddd,dadda,daada,daadd,daaad,daaaa
5.136222913258035,141.52241427304384,48.14850644665995,41.73819024738767,9.147184554337484,4.546660807672342,10.812521107606036,3.6031729884699764,0.401165812492333,0.5067364741963173,0.18492391536613284,1.2079962180052195,1.1786889757391035,0.28599630730514786,0.4382445092430925,0.04111026155369608,0.15162429489943058,0.10743606083011553,0.22166179441686826,0.04104691572585554,0.05541205341976914,0.07277760678455185,0.044751269596269204,0.3166968854298729,0.018044745687739266,0.0015134386594847845,0.022072379268441,0.13928958033768812,0.16123016095629383,0.03700872067342692,0.07091177876639547,0.01361841091857145
