aaaaa,aaaad,aaadd,aaada,aadda,aaddd,aadad,aadaa,addaa,addad,adddd,addda,adada,adadd,adaad,adaaa,ddaaa,ddaad,ddadd,ddada,dddda,ddddd,dddad,dddaa,dadaa,dadad,daddd,dadda,daada,daadd,daaad,daaaa
5.598035773695904,158.00034254758256,55.10792493750388,45.476207125226324,10.343933349084587,5.067624463727022,11.681479313227626,3.904395708263817,0.4831484102414516,0.6096128575576777,0.20199117456157248,1.2860001388578775,1.252850532867242,0.31966248679829695,0.4907826209209782,0.04552432952478391,0.16733739126480662,0.1219557033410529,0.25094241459916644,0.045416235278675735,0.06206633587333036,0.07978545473970354,0.05065013236230245,0.3637143987115342,0.018675049475491468,0.0026203470503933677,0.02696316415473867,0.15714829006305073,0.17482383625178322,0.042409607570010915,0.08010674740388589,0.015414642983577928
