aaaaa,aaaad,aaadd,aaada,aadda,aaddd,aadad,aadaa,addaa,addad,adddd,addda,adada,adadd,adaad,adaaa,ddaaa,ddaad,ddadd,ddada,dddda,ddddd,dddad,dddaa,dadaa,dadad,daddd,dadda,daada,daadd,daaad,daaaa
7.092448298678102,146.97327019118705,44.70933918951681,41.23010882855606,9.143040128348892,4.89219182727152,11.001890318063827,3.3707961802341813,0.40276422568438014,0.5221789625585094,0.15770023956386778,1.1089785002781014,1.2509133239377974,0.2621780681604342,0.4478232003086271,0.04699916907500261,0.15240453753575325,0.10247310910816537,0.2163252275258664,0.03754296176071185,0.05420663474773509,0.07580908823269042,0.040259485364272506,0.3036763064815305,0.013173414531539638,0.0012291373673943133,0.02192861504080391,0.12971806979532913,0.1671897520297793,0.035661608014466634,0.07231046546625851,0.013328491264293032
