aaaaa,aaaad,aaadd,aaada,aadda,aaddd,aadad,aadaa,addaa,addad,adddd,addda,adada,adadd,adaad,adaaa,ddaaa,ddaad,ddadd,ddada,dddda,ddddd,dddad,dddaa,dadaa,dadad,daddd,dadda,daada,daadd,daaad,daaaa
6.6196995079619345,179.51285129701105,57.45219978457298,51.14431257250264,13.626646718244476,5.84030340636053,10.416804091026316,3.1108238211188217,1.12793073202364,1.3530305899099748,0.28529516622300555,1.4570340994584359,1.0095499638073273,0.3702306542928136,0.6077510569090387,0.06578197857582317,0.2124384019483084,0.1564524309693741,0.23434303429140538,0.050052192865486934,0.0758720445867924,0.09990673476343112,0.05251619806602107,0.43497581119367,0.00716627323894612,0.0230584420289141,0.04424621161593985,0.21318381440487627,0.17375372583388551,0.05611401598976746,0.10211307414145257,0.019758148045703493
