aaaaa,aaaad,aaadd,aaada,aadda,aaddd,aadad,aadaa,addaa,addad,adddd,addda,adada,adadd,adaad,adaaa,ddaaa,ddaad,ddadd,ddada,dddda,ddddd,dddad,dddaa,dadaa,dadad,daddd,dadda,daada,daadd,daaad,daaaa
6.467042519850776,173.0472368427725,58.671446608837954,50.6402465957566,11.026802970303397,5.449457667883333,13.499877698558482,4.542844405899154,0.493826107356501,0.6302623140333675,0.23488200359071412,1.4799358513730716,1.4479684086043296,0.35185076098510076,0.539695226660346,0.05161120859077905,0.18720613296758296,0.13197316481532018,0.2685041366026209,0.04798399893047746,0.06762784643282355,0.0891006696892502,0.05443081652239387,0.391761192569753,0.02269372588959106,0.001555916917361265,0.02712219549577083,0.1712181176191161,0.19816139926542944,0.04557697574135701,0.08671205855011613,0.016407630828126227
