aaaaa,aaaad,aaadd,aaada,aadda,aaddd,aadad,aadaa,addaa,addad,adddd,addda,adada,adadd,adaad,adaaa,ddaaa,ddaad,ddadd,ddada,dddda,ddddd,dddad,dddaa,dadaa,dadad,daddd,dadda,daada,daadd,daaad,daaaa
7.1075665862449195,168.78997957525365,53.04739929282021,49.497399174577644,11.434541064993432,4.828528414174143,11.791398657050426,3.8067455575192195,0.9003315389535917,1.148220941322916,0.2989341927603492,1.539509943596114,1.0889543556723653,0.3630623968420539,0.5839991803126044,0.0680857503007103,0.21655389904909383,0.14890527556542835,0.21108628679168728,0.04016636200671047,0.07019394633956501,0.09783729544110445,0.05084768320889748,0.4109036916746384,0.007996477255139198,0.011439614137330814,0.0368293667058131,0.20014715752763151,0.177688503395001,0.0521017623981612,0.09355871086335635,0.017384663034058365
