aaaaa,aaaad,aaadd,aaada,aadda,aaddd,aadad,aadaa,addaa,addad,adddd,addda,adada,adadd,adaad,adaaa,ddaaa,ddaad,ddadd,ddada,dddda,ddddd,dddad,dddaa,dadaa,dadad,daddd,dadda,daada,daadd,daaad,daaaa
6.037467323595893,178.80563521862146,63.747826143960594,53.921065351557026,13.393645570709431,5.232832915172341,12.017179841731602,4.211259054815783,1.0289516706104098,1.317697865098772,0.3718727258326417,1.7018460452470665,1.065633682091359,0.43759952472681574,0.6291708233949495,0.06034950350430049,0.23472419028439354,0.17364510734846322,0.2381113580435553,0.05206604358342798,0.07947283767553681,0.10086169423721231,0.06152455458336969,0.4674754689853968,0.010973249963747322,0.01705840144522509,0.04580049878788204,0.22896492630295048,0.18597790807937478,0.05876587661931801,0.10148076738138792,0.019493316690784926
