aaaaa,aaaad,aaadd,aaada,aadda,aaddd,aadad,aadaa,addaa,addad,adddd,addda,adada,adadd,adaad,adaaa,ddaaa,ddaad,ddadd,ddada,dddda,ddddd,dddad,dddaa,dadaa,dadad,daddd,dadda,daada,daadd,daaad,daaaa
7.584265381263968,170.1054576397756,52.51307474096984,48.17437949085879,10.821034995399218,5.4837350129266875,12.279699463833298,3.801345247939286,0.5642585277319152,0.7292932924687994,0.20418314216944253,1.3478504833198393,1.3425736605524958,0.315653867264362,0.5335758745955198,0.05503231795674568,0.17667478548542984,0.12329584231630965,0.24936413809430433,0.04451422765613153,0.06337752262422647,0.08700616395327054,0.047941790959143256,0.37459680100946235,0.013652495426465638,0.0030439691898277456,0.027874691817678213,0.16328613329930108,0.18788579983720655,0.04437564909235119,0.08715902457560966,0.01612212738065455
