aaaaa,aaaad,aaadd,aaada,aadda,aaddd,aadad,aadaa,addaa,addad,adddd,addda,adada,adadd,adaad,adaaa,ddaaa,ddaad,ddadd,ddada,dddda,ddddd,dddad,dddaa,dadaa,dadad,daddd,dadda,daada,daadd,daaad,daaaa
5.438503496798365,155.1102424000363,52.27368074057953,46.90989381049171,11.171033196706023,4.51829970357395,10.714908374417208,3.6083522658817673,0.7981510441605595,1.0384559555572004,0.3115458115304546,1.508653430354656,0.9915459219654835,0.3544626155020699,0.5292184373286306,0.053627399981094157,0.1867023842238307,0.13633465686953142,0.21715394693797838,0.04144904318587286,0.06386909642010233,0.08394362597756425,0.05035249022990918,0.4005472933103185,0.009304359898973326,0.011285194160839283,0.03568096096504834,0.1929155776039217,0.1626940461632299,0.04847963654614886,0.08522820950617192,0.01627779056559084
