aaaa,aaad,aadd,aada,adda,addd,adad,adaa,ddaa,ddad,dddd,ddda,dada,dadd,daad,daaa
218.34099538667803,51.172859730177734,3.525219679924129,5.697545719008941,0.7621569555353281,1.5779169285018775,0.968410798096987,0.06584420344398853,0.16200304537843893,0.02603819431446847,0.7034035755359749,0.06291845603817951,0.10017341965169436,0.10624344621304305,0.044045354559280554,0.0059080845845531655
