aaaa,aaad,aadd,aada,adda,addd,adad,adaa,ddaa,ddad,dddd,ddda,dada,dadd,daad,daaa
227.66731429176872,55.18898465561201,3.281712800584925,7.373326900193139,1.1445352040566146,1.4627654029339572,1.0364000296331488,0.05222862754264248,0.17937363343239437,0.030911254051120763,0.7204059240596605,0.07050389465248119,0.09930096259894348,0.11401835036437752,0.04639217319857261,0.0059832690059336445
