aaaa,aaad,aadd,aada,adda,addd,adad,adaa,ddaa,ddad,dddd,ddda,dada,dadd,daad,daaa
238.87603077573252,54.29421849265468,3.9429297484402404,5.693414763042316,0.7417869657495466,1.7772518835482072,1.1000884177202233,0.09510385532078756,0.18243324952287812,0.027702198557061297,0.786902753089025,0.06016237704138497,0.11202836899804251,0.11255213002323612,0.04793859965185734,0.007271083800688633
