aaaa,aaad,aadd,aada,adda,addd,adad,adaa,ddaa,ddad,dddd,ddda,dada,dadd,daad,daaa
235.49536284687997,54.15115340154617,3.715055563722088,6.331415489614992,0.9192184475360244,1.660380166775092,1.012567770385977,0.0653864363623797,0.1839114481621395,0.027839517967078578,0.754022602894928,0.06795409722070632,0.10936295815098049,0.112197261740488,0.048080776366073885,0.006332387187898596
