aaaa,aaad,aadd,aada,adda,addd,adad,adaa,ddaa,ddad,dddd,ddda,dada,dadd,daad,daaa
215.96120910112018,48.10948024229991,2.7288499961245707,5.873391806603103,0.8631678071179676,1.3754436049482122,0.9178065316766885,0.050760117839359034,0.1702634254885255,0.024974792112939365,0.6838446804883581,0.06202179803223913,0.09200819983412603,0.09359699674564423,0.043712559457893,0.005830837559231684
