aaaa,aaad,aadd,aada,adda,addd,adad,adaa,ddaa,ddad,dddd,ddda,dada,dadd,daad,daaa
222.12843908191024,50.337160666455404,2.8730876215564067,7.629159504764771,1.2931625376149807,1.1476943439954064,0.9063116329822888,0.03358858470557607,0.19240285846728486,0.02013330764845219,0.6853925668436825,0.06701602512539671,0.08657194638926445,0.08808494331907248,0.04591703256428927,0.005317757489420241
