aaaa,aaad,aadd,aada,adda,addd,adad,adaa,ddaa,ddad,dddd,ddda,dada,dadd,daad,daaa
224.80795766873868,52.31142839908909,2.9911208117605153,7.001202753833541,1.132596666156927,1.4193514131978933,0.9974464457915809,0.046894910405797345,0.19202289314457122,0.025062168774064628,0.706567929810513,0.06640158319902016,0.096100014258956,0.09763165318283948,0.04666612631696809,0.0060503221020462615
