aaaa,aaad,aadd,aada,adda,addd,adad,adaa,ddaa,ddad,dddd,ddda,dada,dadd,daad,daaa
221.30749949293153,52.30489792897235,2.9718205142073724,6.746395838367363,1.0281643535569873,1.4022362767793273,0.9865392465145911,0.049977119188486616,0.17791296507619325,0.02542190013918109,0.7018723740104246,0.06535261600923227,0.09394775511979392,0.10196613093459678,0.045115012975503,0.006024406974367546
