aaaa,aaad,aadd,aada,adda,addd,adad,adaa,ddaa,ddad,dddd,ddda,dada,dadd,daad,daaa
189.67416421095254,45.481525809562044,2.314745800495869,5.897081986749227,0.8457741708811041,1.0936225662771204,0.8520824800467913,0.040911733082953844,0.15268204648502964,0.017497271648271067,0.6015829622606647,0.05446949046631783,0.07304875115781755,0.08034543248752034,0.03744136741487722,0.005189626370105325
