aaaa,aaad,aadd,aada,adda,addd,adad,adaa,ddaa,ddad,dddd,ddda,dada,dadd,daad,daaa
223.30130295616217,53.51983407508922,3.051441436266657,7.7287036565695235,1.2514484211887418,1.3245832618893267,0.9809613093941815,0.042290288465889364,0.18646625248681753,0.02569303613883095,0.6991597541099825,0.06976241631901257,0.09440737649047548,0.10504137231245782,0.046319068466951455,0.005865439480741673
