aaaa,aaad,aadd,aada,adda,addd,adad,adaa,ddaa,ddad,dddd,ddda,dada,dadd,daad,daaa
201.49893364182705,43.055859865025376,3.818164762602285,7.196998706865409,1.3226632214866398,0.8398986141370717,0.7425423041734738,0.02268922622137017,0.17327759734916784,0.016352231783196596,0.6117238432863505,0.059691369459325135,0.0697586791851019,0.06941791072111163,0.040075037708446434,0.0046883621756708925
