aaaa,aaad,aadd,aada,adda,addd,adad,adaa,ddaa,ddad,dddd,ddda,dada,dadd,daad,daaa
243.1582226994181,55.69452368022537,4.585593970324514,6.221314262665286,0.9311825477739744,1.8297665837952082,1.148119007783674,0.10582206455324679,0.21042536324515462,0.030994710199317984,0.8042618327380043,0.06190289463044243,0.12398429557543333,0.125146265272544,0.04923077153044543,0.007207436774832814
