aaaa,aaad,aadd,aada,adda,addd,adad,adaa,ddaa,ddad,dddd,ddda,dada,dadd,daad,daaa
221.36510185633293,51.73218232085746,2.991714006044558,7.094673925035288,1.1498151391168714,1.372549777208593,0.9665178078893676,0.04532240046160188,0.1827764746416965,0.027725290763994007,0.6950793089782502,0.0678842931435334,0.09596886030792619,0.10279992376335566,0.04583356915579588,0.0056597940347902775
