aaaa,aaad,aadd,aada,adda,addd,adad,adaa,ddaa,ddad,dddd,ddda,dada,dadd,daad,daaa
234.46786794578554,55.75999517647671,3.221105443146843,8.416767359483682,1.398874008714863,1.32705968281793,1.0116026307536283,0.040276525276106964,0.20029994896297593,0.024614131692658296,0.7292419019902687,0.07391100212664733,0.09637256767858389,0.10537974435946017,0.048600844393173345,0.0058632577672864065
