aaaa,aaad,aadd,aada,adda,addd,adad,adaa,ddaa,ddad,dddd,ddda,dada,dadd,daad,daaa
204.20697495656475,48.60898072821121,3.3948404313214247,5.991583504967359,0.9591694321566339,1.4411241001716837,0.9535762424961126,0.07182931576480454,0.16623286184642963,0.028626422535525865,0.659424941906037,0.058684110985928524,0.10185033179342946,0.10880361077043678,0.04234545222503622,0.005547063874446731
