aaaa,aaad,aadd,aada,adda,addd,adad,adaa,ddaa,ddad,dddd,ddda,dada,dadd,daad,daaa
216.01111378931978,53.30006142339403,4.340630221009609,6.367191575172854,1.0246813411675464,1.633282213871023,1.0543160444898707,0.09368527082590775,0.1770527988056564,0.03237421467578393,0.713898005153863,0.057965225594612424,0.11338615324130999,0.12518117733124695,0.04476302595144609,0.00629496551988085
