aaaa,aaad,aadd,aada,adda,addd,adad,adaa,ddaa,ddad,dddd,ddda,dada,dadd,daad,daaa
232.94139423705215,56.38718281059365,3.5706822708507664,7.827908406650274,1.289645182619696,1.5330211902501827,1.0603514583867044,0.04854058429445422,0.19520050787868695,0.029975506553118876,0.7315842194927585,0.07259186291558851,0.10239033022033898,0.11226733800908234,0.04888299346422146,0.0061316321487609295
