aaaa,aaad,aadd,aada,adda,addd,adad,adaa,ddaa,ddad,dddd,ddda,dada,dadd,daad,daaa
207.13352713771465,48.39395680481911,3.5204124060825537,5.879298775773464,0.9569857632624553,1.4812186305769939,0.9576178320941968,0.0746848607975805,0.17293922551131694,0.027900019308555606,0.6697533641830059,0.05700851121817976,0.10424645163007985,0.10639018901061892,0.04298729738823898,0.005738830351914571
