aaaa,aaad,aadd,aada,adda,addd,adad,adaa,ddaa,ddad,dddd,ddda,dada,dadd,daad,daaa
214.13353620659083,46.185760385402155,2.7523071201970035,5.633803545853972,0.8788715539571758,1.3743598782103483,0.8753393318698255,0.04611799080014909,0.17809853594936026,0.02233112108148669,0.6696937464762261,0.06040491967220574,0.0932058606751472,0.08639983665453096,0.044260566138519426,0.005610428877914086
