aaaa,aaad,aadd,aada,adda,addd,adad,adaa,ddaa,ddad,dddd,ddda,dada,dadd,daad,daaa
191.22714122519682,43.53116105590351,2.5364177718270264,6.377012645474626,1.0035136338963582,0.9600985069359996,0.7853679106684495,0.031847569205001584,0.1538414720465454,0.0177463131739949,0.5951484195439325,0.05652017653164294,0.06981614513089113,0.0774418742010857,0.037868545400546585,0.004741719342427942
