aaaa,aaad,aadd,aada,adda,addd,adad,adaa,ddaa,ddad,dddd,ddda,dada,dadd,daad,daaa
219.82945882307595,55.839332489864944,3.7758463537549516,7.12839696562733,1.065449572280539,1.5240684051464637,1.0018941867544018,0.06207231446000978,0.15927626436059866,0.03382709921942499,0.6960920493335888,0.07285077819483755,0.10704063606068445,0.13024933351321002,0.044228210027934006,0.005631925030496707
