aaaa,aaad,aadd,aada,adda,addd,adad,adaa,ddaa,ddad,dddd,ddda,dada,dadd,daad,daaa
212.60152363854704,50.83607985433386,3.0177239024768907,6.870943850526437,1.0562499456662828,1.3694481584417444,0.936236236276451,0.04547174765473666,0.17558380977499868,0.024393449581672524,0.6718527982380178,0.06377703666030027,0.09511107317689743,0.1003275781041123,0.044551997187108984,0.005703931476510994
