aaaa,aaad,aadd,aada,adda,addd,adad,adaa,ddaa,ddad,dddd,ddda,dada,dadd,daad,daaa
211.1020103333137,48.2087449239908,2.822750505059162,6.353323973825452,1.0204473060190806,1.3382778153784256,0.9022570234743705,0.04464746272633473,0.1722011682732477,0.026534310390197716,0.6627004255512855,0.06407026825078499,0.09289470490050766,0.096465723799294,0.04371577762965866,0.005406659966405314
