aaaa,aaad,aadd,aada,adda,addd,adad,adaa,ddaa,ddad,dddd,ddda,dada,dadd,daad,daaa
217.02402285482742,47.858661664852924,2.559531064184881,7.0042036518229285,1.173084835272458,1.141300109446064,0.8654236287178283,0.034183875851542304,0.1876181861484126,0.01916666441690148,0.6702208685148318,0.06394384952370381,0.08544895536312738,0.08381091958316644,0.04464155556460282,0.0053241232483183625
