aaaa,aaad,aadd,aada,adda,addd,adad,adaa,ddaa,ddad,dddd,ddda,dada,dadd,daad,daaa
200.1503331346904,48.323126849595745,3.9225354243993795,5.883182632573449,0.9737373736142396,1.492085349245468,0.9585492712617746,0.0822502129026134,0.1686533403884322,0.029012992614091904,0.6590767489842114,0.05341695791079382,0.1045167840503574,0.11186651007712488,0.041905430675112765,0.005799616979559416
