aaaa,aaad,aadd,aada,adda,addd,adad,adaa,ddaa,ddad,dddd,ddda,dada,dadd,daad,daaa
282.9024707057958,57.20433746175552,5.615705622950532,13.434660336083306,1.848174405188959,1.167550019625494,0.8278831686159456,0.023966888250499294,0.14040857552918337,0.04104764684811049,0.5883588212172438,0.08717922600576579,0.07409045480101956,0.10768123364911286,0.012903796226666028,0.004236272040660435
