aaaa,aaad,aadd,aada,adda,addd,adad,adaa,ddaa,ddad,dddd,ddda,dada,dadd,daad,daaa
269.1656943677682,49.63477184357316,4.581046317132219,10.048398421803661,1.2585693368511321,1.0669542143055,0.7055326026822253,0.026415586254923816,0.13516191240075998,0.031311376653658005,0.5788245919584204,0.06341868495317336,0.06702409391237503,0.08545936852083079,0.011944770446326414,0.004130516782778165
