aaaa,aaad,aadd,aada,adda,addd,adad,adaa,ddaa,ddad,dddd,ddda,dada,dadd,daad,daaa
259.34248685790607,48.16572197574804,5.14907945581561,10.976810855280245,1.5631763345399228,0.9649167678818817,0.6607928562237568,0.02054917705304303,0.13674978265638196,0.03316426957293135,0.5417449279049165,0.07070873553598478,0.06615541746834651,0.0845356097381541,0.011834177460089334,0.0036485417573295245
