aaaa,aaad,aadd,aada,adda,addd,adad,adaa,ddaa,ddad,dddd,ddda,dada,dadd,daad,daaa
262.4515446030459,54.60905593313977,3.324197111684821,9.946057138712188,1.1617935514041444,1.338528127723378,0.8232687463366114,0.03717288513918711,0.13250031040184362,0.035730834597138265,0.572434437533601,0.07279161171883858,0.0814294542603458,0.11470429497216564,0.012024313451600564,0.005413120613921389
