aaaa,aaad,aadd,aada,adda,addd,adad,adaa,ddaa,ddad,dddd,ddda,dada,dadd,daad,daaa
239.33342527575044,42.582646314953074,5.067066699515524,9.608116445629868,1.3458399000526287,0.8618692725227717,0.574625351658065,0.019591820185503248,0.12221370732908415,0.02965598218728521,0.5016806967811877,0.061842859394587876,0.058067255940609915,0.0747590393428034,0.01056098943269787,0.0032747554469415396
