aaaa,aaad,aadd,aada,adda,addd,adad,adaa,ddaa,ddad,dddd,ddda,dada,dadd,daad,daaa
229.17384652211118,45.928058371256,4.851915797264825,10.841386886600729,1.4625373364266598,0.9210475796305659,0.6645850280191915,0.019848187587511813,0.1083851369043076,0.03387923718997876,0.47558632727260675,0.0702790842532909,0.05743907242935949,0.08763174448027462,0.010005686037748287,0.003373149659623027
