aaaa,aaad,aadd,aada,adda,addd,adad,adaa,ddaa,ddad,dddd,ddda,dada,dadd,daad,daaa
271.72119255027417,56.47694822191735,3.6606434168478255,10.791585101652043,1.2330900099699196,1.2938749630400015,0.8562094092346618,0.03670324061318838,0.12746927801251837,0.0378163496632154,0.5870407829299424,0.07600898446618941,0.0766795256393709,0.11627511105689299,0.011823815712053024,0.00538872781428113
