aaaa,aaad,aadd,aada,adda,addd,adad,adaa,ddaa,ddad,dddd,ddda,dada,dadd,daad,daaa
295.56046162930335,63.85178391966345,4.2818584912897935,13.11029637361578,1.767416477020844,1.4974528330944323,0.9545687970268005,0.034232562749375604,0.15157429414159568,0.04476235561724735,0.6274766892741284,0.09537823815768894,0.092338385060917,0.13665759335575237,0.014375390968439148,0.005670832761920907
