aaaa,aaad,aadd,aada,adda,addd,adad,adaa,ddaa,ddad,dddd,ddda,dada,dadd,daad,daaa
256.1720368559691,55.54691794292384,3.7268095771031744,10.733906261929944,1.3320407234136697,1.2929441039659637,0.8309630708978671,0.03601262917234788,0.12178706337678674,0.04059126489657477,0.5461168870368527,0.08062845923266602,0.0815683294117597,0.12584283842773555,0.01126065275277702,0.005292402670477599
