aaaa,aaad,aadd,aada,adda,addd,adad,adaa,ddaa,ddad,dddd,ddda,dada,dadd,daad,daaa
245.80417631089838,52.68930671494134,3.927973357048726,10.862697299450147,1.294845712012952,1.1237426569229358,0.8064361976607632,0.028875652067188354,0.11058148578137707,0.03513334336749953,0.5231373420850578,0.07242297171612384,0.06426949276934807,0.10359347691227686,0.011053700379655347,0.004287431958698576
