aaaa,aaad,aadd,aada,adda,addd,adad,adaa,ddaa,ddad,dddd,ddda,dada,dadd,daad,daaa
258.53424012333863,52.51373714330879,4.399596481863946,11.715247701528744,1.5657215237759157,1.1050813861712043,0.7673739607693397,0.023833653183665832,0.13035917934609556,0.0361456002240811,0.5433509615464351,0.07735843102223264,0.0699149250886204,0.09929297012048978,0.011962932757867131,0.004153229984025913
