aaaa,aaad,aadd,aada,adda,addd,adad,adaa,ddaa,ddad,dddd,ddda,dada,dadd,daad,daaa
216.37484313119825,42.87941464415388,3.803889635469571,9.060129483310245,1.0561436212060735,0.8829985769636931,0.6364676152925114,0.024685901861186313,0.0922672462918771,0.030581626219565974,0.45686431317006293,0.06055041064320979,0.05162131810094192,0.0847080883647195,0.008665517334766245,0.0035985794397964464
