aaaa,aaad,aadd,aada,adda,addd,adad,adaa,ddaa,ddad,dddd,ddda,dada,dadd,daad,daaa
222.53476530555707,42.584848564003366,5.892829450218937,10.635275222459592,1.449844537991791,0.8173755662036929,0.6015604858379321,0.0179828662699007,0.09723666443591965,0.034607106343309706,0.454851704150741,0.0684414463486339,0.049907161357178625,0.08338046239847179,0.008962790244868263,0.0029488455411803612
