aaaa,aaad,aadd,aada,adda,addd,adad,adaa,ddaa,ddad,dddd,ddda,dada,dadd,daad,daaa
224.2277209002454,42.38985044045524,3.832130278034996,9.146947395464334,1.1574028058942931,0.8889739149852136,0.6081810779567371,0.021952756218542938,0.10790430828633185,0.029763826725835045,0.4753227325991641,0.061062313007265494,0.05597855016038728,0.08031319897404285,0.0095193064441775,0.0036133966967828867
