aaaa,aaad,aadd,aada,adda,addd,adad,adaa,ddaa,ddad,dddd,ddda,dada,dadd,daad,daaa
269.43019316098014,52.574958074143204,3.778116239698507,10.6237981685317,1.2965401823447342,1.1675176748681733,0.7693623591602512,0.02945255178628123,0.13459850119226735,0.035243080871011384,0.5782540826074161,0.07294142432155501,0.0732180438859874,0.10165631677905564,0.011867199643683188,0.004862887326887745
