aaaa,aaad,aadd,aada,adda,addd,adad,adaa,ddaa,ddad,dddd,ddda,dada,dadd,daad,daaa
227.90995142898137,46.060012135607636,2.857900424972674,8.410234480086194,0.9277043258110205,1.1052087939241946,0.6938572120634627,0.03208860603067626,0.11104764231621421,0.030106578682430725,0.4977544132942859,0.0602832223241783,0.0662743659057353,0.09432187995074673,0.00988182753511642,0.004654629155861175
