aaaa,aaad,aadd,aada,adda,addd,adad,adaa,ddaa,ddad,dddd,ddda,dada,dadd,daad,daaa
258.7129711357362,48.895021129223196,5.9694818634394995,11.861656142185556,1.7228710780019754,0.9520852858809142,0.6709250155650118,0.01925134339977064,0.13228379269915183,0.03627768730782808,0.5353897590063462,0.07595661789044722,0.06439551427046379,0.08898730338116917,0.011663538745103744,0.0034742600947369525
