aaaa,aaad,aadd,aada,adda,addd,adad,adaa,ddaa,ddad,dddd,ddda,dada,dadd,daad,daaa
213.793377887082,41.760468893230154,3.9599283195923483,9.126926120308715,1.1244657653975803,0.8514059753531134,0.6100077963709869,0.021884068425344492,0.0958680420369863,0.029965787938581217,0.4506826034331539,0.06038225795588886,0.05156309225799311,0.08092952257552291,0.00884929267291044,0.0033977377090933
