aaaa,aaad,aadd,aada,adda,addd,adad,adaa,ddaa,ddad,dddd,ddda,dada,dadd,daad,daaa
221.09819319829097,45.21297117034415,4.857346637390771,10.638286003141973,1.3916572799332594,0.8965326185226624,0.6659872356042468,0.019918471829518454,0.09834539456066917,0.03404298626241458,0.4581571882835166,0.06891375941616618,0.05357099944749869,0.08856416891501177,0.009450498052420948,0.0032849548990939144
