aaaa,aaad,aadd,aada,adda,addd,adad,adaa,ddaa,ddad,dddd,ddda,dada,dadd,daad,daaa
222.95736597983745,44.32781657472109,4.214718790320344,10.148638949121251,1.3515850104073508,0.9030569539638355,0.6411847934126919,0.019905900404715078,0.10743816976743369,0.03237091121371277,0.46615614985959597,0.06718768298972357,0.05684182356588123,0.08550759831718042,0.009787971850699661,0.003449263622974284
