aaaa,aaad,aadd,aada,adda,addd,adad,adaa,ddaa,ddad,dddd,ddda,dada,dadd,daad,daaa
213.4812152834414,39.39032478784506,5.028523534197958,9.264439513573492,1.2014840127926247,0.7731875443502189,0.5565286481308271,0.019386788946982314,0.09241781791587289,0.03043410435177047,0.44308909721081435,0.06003287811114818,0.046833703196952334,0.0759313461703567,0.00841737417267306,0.0029615526431811695
