aaaa,aaad,aadd,aada,adda,addd,adad,adaa,ddaa,ddad,dddd,ddda,dada,dadd,daad,daaa
264.3649339619356,49.18370345547306,5.068041221007507,10.819145318028905,1.3269416656104311,1.0083400762634172,0.7067109700893588,0.026784604749423443,0.11698873568348098,0.0360979574509333,0.5569405242344602,0.07171969809657039,0.06119638564166686,0.0953066586798924,0.010531650856293671,0.0041310834477002595
