aaaa,aaad,aadd,aada,adda,addd,adad,adaa,ddaa,ddad,dddd,ddda,dada,dadd,daad,daaa
283.4368663762086,57.118687558878655,3.851081849631846,11.074300366046012,1.2596908689871846,1.298501123475357,0.8507443039760324,0.03686811503504789,0.13348938756097142,0.03990239462246325,0.6097606906156802,0.07893883740809508,0.07955030803555031,0.11893890082282133,0.011760460393173749,0.005650334451148461
