aaaa,aaad,aadd,aada,adda,addd,adad,adaa,ddaa,ddad,dddd,ddda,dada,dadd,daad,daaa
264.39312772185434,54.0299037461721,4.0073158344298925,10.723091710928529,1.1909960418558416,1.1629497474452481,0.8184545762922645,0.034326423354718735,0.11364631531840927,0.037011377528247597,0.5648085372306988,0.07310968071144847,0.0667576416519036,0.10858895692401485,0.010791238261583597,0.004833743855806479
