aaaaaa,aaaaad,aaaadd,aaaada,aaadda,aaaddd,aaadad,aaadaa,aaddaa,aaddad,aadddd,aaddda,aadada,aadadd,aadaad,aadaaa,addaaa,addaad,addadd,addada,adddda,addddd,adddad,adddaa,adadaa,adadad,adaddd,adadda,adaada,adaadd,adaaad,adaaaa,ddaaaa,ddaaad,ddaadd,ddaada,ddadda,ddaddd,ddadad,ddadaa,ddddaa,ddddad,dddddd,ddddda,dddada,dddadd,dddaad,dddaaa,dadaaa,dadaad,dadadd,dadada,daddda,dadddd,daddad,daddaa,daadaa,daadad,daaddd,daadda,daaada,daaadd,daaaad,daaaaa
11.99609064924791,102.83094327976355,6.342022040491531,62.36045107402446,45.642653692938886,0.1286059615136801,40.18093514448815,6.828574658863462,1.6734882901343076,1.7162711846303589,0.7009924956914924,12.166839666670066,5.235112316960381,0.7455290720440123,2.2883745951619816,0.07331768072369882,1.3688849538459118,0.0030714756051162637,4.212025318335157,0.10358723905431189,0.9240054136932495,0.5458277402995851,2.6941058597691323,0.7506251402437917,0.6892313495921092,1.2792876643573274,0.7838933626361305,3.7724501910833994,1.5093985818334434,0.04914818374996352,0.4784531162662773,0.05559258362407883,0.0381787791725905,0.01945950329428128,0.13764562704279407,0.005630934875500689,0.048879563779573455,0.0024932713370467937,0.14716220058521506,0.0039547687222489854,0.04887827127264335,0.1273781831716653,0.23067016879355548,0.014825135746364597,0.018324936817414712,0.0014271920281331528,6.676185809982752e-05,0.0004568112341916624,0.2719992813788817,0.012206334967606586,0.9453132498011341,0.0020283135174314184,0.0519510613758829,0.24765585781326885,0.3571818731837821,0.2995833327192291,0.15212520703583682,0.18682533454296157,0.2102173932050667,0.6686623861910945,0.431415095871722,0.05489331658309978,0.12622438980442952,0.00020527664029607284
