aaaaaa,aaaaad,aaaadd,aaaada,aaadda,aaaddd,aaadad,aaadaa,aaddaa,aaddad,aadddd,aaddda,aadada,aadadd,aadaad,aadaaa,addaaa,addaad,addadd,addada,adddda,addddd,adddad,adddaa,adadaa,adadad,adaddd,adadda,adaada,adaadd,adaaad,adaaaa,ddaaaa,ddaaad,ddaadd,ddaada,ddadda,ddaddd,ddadad,ddadaa,ddddaa,ddddad,dddddd,ddddda,dddada,dddadd,dddaad,dddaaa,dadaaa,dadaad,dadadd,dadada,daddda,dadddd,daddad,daddaa,daadaa,daadad,daaddd,daadda,daaada,daaadd,daaaad,daaaaa
9.000459867345285,97.78090181235689,3.9743494913942286,59.61587249065236,53.90430190013126,0.32100145300524674,40.848969875574014,5.189264521040354,3.262261291685298,0.6529393634546659,1.8482351193176072,8.764926695551537,2.8464944979357174,2.4040213888250737,2.465828590612304,0.047257043851860435,1.6948966084085482,0.03277261023680695,3.548047470560577,0.04691081410749722,1.9653015723447413,1.2709522610773534,2.168315257198425,0.4225254593950133,1.0355065431693888,0.9001831845200693,1.0890189806478663,3.1754905905729336,1.239000150261333,0.16621066126744427,0.621393470370154,0.06278292781176616,0.04545458032114524,0.009996505003576251,0.14020025998976418,0.002376399265503263,0.10849682185551654,0.0189851222868372,0.17974944040455784,0.007223449313886997,0.030021195159721775,0.16385933650772153,0.1580569407618844,0.041560382925453894,0.08943724857161846,0.034745509318467836,0.002863792979275334,0.0006724239219770718,0.33006164596057785,0.0012439516363045456,0.767534969607461,0.0014042457353271426,0.1850886804377472,0.4586579632722309,0.25993082343172536,0.19149331621315296,0.23640680881199222,0.11301114467537393,0.27269191405387944,0.5621918976113336,0.3655156615629738,0.09711232285698898,0.17122886482576405,0.0014439574602781034
