aaaaaa,aaaaad,aaaadd,aaaada,aaadda,aaaddd,aaadad,aaadaa,aaddaa,aaddad,aadddd,aaddda,aadada,aadadd,aadaad,aadaaa,addaaa,addaad,addadd,addada,adddda,addddd,adddad,adddaa,adadaa,adadad,adaddd,adadda,adaada,adaadd,adaaad,adaaaa,ddaaaa,ddaaad,ddaadd,ddaada,ddadda,ddaddd,ddadad,ddadaa,ddddaa,ddddad,dddddd,ddddda,dddada,dddadd,dddaad,dddaaa,dadaaa,dadaad,dadadd,dadada,daddda,dadddd,daddad,daddaa,daadaa,daadad,daaddd,daadda,daaada,daaadd,daaaad,daaaaa
15.976135125901115,105.44004079307308,8.252324434964942,66.80248886819996,37.76204345406629,0.00472111631727866,34.66758228578293,6.318117833817863,0.604685536159915,3.2437334306059165,0.9119308486391614,11.282593118919696,6.485429042804916,0.2607898700434606,1.9561233064659518,0.07282946548973936,1.2289884431434102,0.015406872182678406,3.514518753566457,0.006773828265808907,0.3742572117821556,0.18602942011724674,2.4096659303495644,0.6607950576962593,0.40265725291183535,1.6913003252959062,0.8289146821335001,3.605201021072725,1.586708600805738,0.012623142155075564,0.3827957931905764,0.06281437513338255,0.047421478302751126,0.016904144322876697,0.11855359906712315,0.013575819342389722,0.026228693216133456,1.539808246307093e-05,0.13134778068240296,0.0025127241256468775,0.08136392163264274,0.0852247900619533,0.22282438224650286,0.017243533608690728,0.001426897671030369,0.0025442784749912747,0.0008800908865760803,0.0007097446945537437,0.2560060844779167,0.018648160137969293,0.7840368611969013,0.004002871069607828,0.005355216990183982,0.12947867095399077,0.31031234872052427,0.2690020213401742,0.08898090056234466,0.267550013063936,0.2158282118922653,0.6548643087396349,0.4494295316053246,0.03825980170725337,0.1088838781417984,0.00035020689539763173
