aaaaaa,aaaaad,aaaadd,aaaada,aaadda,aaaddd,aaadad,aaadaa,aaddaa,aaddad,aadddd,aaddda,aadada,aadadd,aadaad,aadaaa,addaaa,addaad,addadd,addada,adddda,addddd,adddad,adddaa,adadaa,adadad,adaddd,adadda,adaada,adaadd,adaaad,adaaaa,ddaaaa,ddaaad,ddaadd,ddaada,ddadda,ddaddd,ddadad,ddadaa,ddddaa,ddddad,dddddd,ddddda,dddada,dddadd,dddaad,dddaaa,dadaaa,dadaad,dadadd,dadada,daddda,dadddd,daddad,daddaa,daadaa,daadad,daaddd,daadda,daaada,daaadd,daaaad,daaaaa
11.340697043154634,103.28566224745045,5.43859188832056,64.30829698652828,43.988930039018804,0.053827465666300145,40.63145453166206,6.992043726756804,0.8692420161692593,2.8009993749031166,0.7296907881739089,12.042627505979834,6.451024399296828,0.3709297269770928,2.342110833145563,0.08110589332021848,1.3241155538802802,0.0014753620089943491,3.7853755026240417,0.047465558080054086,0.5936999426547621,0.3016094964433284,2.726088200942056,0.7731526699808998,0.47400434280859904,1.613512942119538,0.7706491696564696,3.778995696099198,1.702351178831501,0.0212708130357245,0.4957644958158011,0.059701424770546636,0.04571585139213519,0.014535684894920225,0.12208110065919857,0.009186533240562027,0.035943584824202054,0.0003907722135373512,0.1468514224224527,0.004168170019129281,0.07124690602436072,0.09622300634267489,0.23314689243548473,0.014200172520190367,0.0056611901808287365,0.0008397636526981609,0.0004873073939015797,0.0012683605756895811,0.27218137166290907,0.011417226686777372,0.851185761239263,4.784076435718525e-05,0.02117073506899537,0.1734760329699037,0.3567516967743842,0.3010530615925691,0.10875620473641479,0.24243748001676124,0.2012642635342062,0.6815953743329147,0.47145819264785177,0.04176732523154235,0.13022930676665634,0.00032903447282375435
