aaaaaa,aaaaad,aaaadd,aaaada,aaadda,aaaddd,aaadad,aaadaa,aaddaa,aaddad,aadddd,aaddda,aadada,aadadd,aadaad,aadaaa,addaaa,addaad,addadd,addada,adddda,addddd,adddad,adddaa,adadaa,adadad,adaddd,adadda,adaada,adaadd,adaaad,adaaaa,ddaaaa,ddaaad,ddaadd,ddaada,ddadda,ddaddd,ddadad,ddadaa,ddddaa,ddddad,dddddd,ddddda,dddada,dddadd,dddaad,dddaaa,dadaaa,dadaad,dadadd,dadada,daddda,dadddd,daddad,daddaa,daadaa,daadad,daaddd,daadda,daaada,daaadd,daaaad,daaaaa
11.454459352573128,99.55345602638515,5.619340593864271,61.52377238118605,43.30747515396546,0.06181386249015111,38.9683945584144,6.516370659075469,1.1611793811694342,2.1890806463717545,0.8012973994504314,11.308423697940203,5.698768292976482,0.5221107863909948,2.236962573212227,0.07228990081789641,1.2940233525860119,0.0019164304808473014,3.678602714041898,0.044061044436434764,0.6891815164294167,0.3713837217370802,2.5707273156914616,0.702170526423986,0.5489529531487255,1.4036420286291649,0.7905920519829838,3.576289762225617,1.5651802053149122,0.032143374328061254,0.47735367107756416,0.05786112448408511,0.042131587137238795,0.015023491194299956,0.12155260446426804,0.007856603890984816,0.040917706290559804,0.0010991767126677988,0.14422575167714735,0.004017965725041861,0.06173851618046091,0.10291773121501688,0.22003769859783442,0.015432390203295046,0.010384695241088144,0.0001315104486467031,0.00020946527422985946,0.000770580183765336,0.2670321045009358,0.010514424146394691,0.8209813620849576,0.00013357201625627716,0.032343648788432475,0.19832110374796874,0.33330873357975405,0.27736818673529273,0.12627095919375209,0.20522034313941293,0.20414204852543485,0.6463201826203717,0.43918356884329496,0.047531053522967465,0.12911802223855054,0.00040301109481980326
