aaaaaa,aaaaad,aaaadd,aaaada,aaadda,aaaddd,aaadad,aaadaa,aaddaa,aaddad,aadddd,aaddda,aadada,aadadd,aadaad,aadaaa,addaaa,addaad,addadd,addada,adddda,addddd,adddad,adddaa,adadaa,adadad,adaddd,adadda,adaada,adaadd,adaaad,adaaaa,ddaaaa,ddaaad,ddaadd,ddaada,ddadda,ddaddd,ddadad,ddadaa,ddddaa,ddddad,dddddd,ddddda,dddada,dddadd,dddaad,dddaaa,dadaaa,dadaad,dadadd,dadada,daddda,dadddd,daddad,daddaa,daadaa,daadad,daaddd,daadda,daaada,daaadd,daaaad,daaaaa
13.47860020957141,101.15795118769978,7.0843407736185116,61.945729220464194,43.53852418263308,0.08844078555152786,35.804906418992275,5.57445962571039,1.9836302399110326,1.3290057455521096,1.0800601414486242,10.525317764316327,4.28973037241223,1.073979703384231,2.123962531454223,0.06544019335323235,1.3954329712662847,0.0019331444153381366,3.7345322591528145,0.036991813651912904,1.0158698821606216,0.6282139334646638,2.2760490534203095,0.5471558965413219,0.7682946906148068,1.1119238246571013,0.9227584228096977,3.378995459075622,1.317769294174475,0.07269741377461503,0.43044202228512074,0.05406971582002622,0.03941407627817823,0.018123489894367056,0.12282105322198386,0.00883589187061575,0.05214631825799213,0.003188052976348932,0.13953960120582296,0.0027230707637534383,0.044577926796131505,0.13118743098637145,0.19703328005269607,0.02355185760242181,0.027014197606189748,0.00500924764653177,6.7281267535071e-05,1.0356157387899089e-05,0.2897038183080443,0.008116216984245327,0.8236685282558418,0.0007572391708097362,0.06849962768195711,0.2825163094756532,0.28936662163806115,0.23612622046166407,0.17562492615709788,0.15325131355956012,0.2334447137886826,0.611281664940974,0.37992380424256716,0.06976044715706659,0.12572789667031953,0.00046903278612475576
