aaaaaa,aaaaad,aaaadd,aaaada,aaadda,aaaddd,aaadad,aaadaa,aaddaa,aaddad,aadddd,aaddda,aadada,aadadd,aadaad,aadaaa,addaaa,addaad,addadd,addada,adddda,addddd,adddad,adddaa,adadaa,adadad,adaddd,adadda,adaada,adaadd,adaaad,adaaaa,ddaaaa,ddaaad,ddaadd,ddaada,ddadda,ddaddd,ddadad,ddadaa,ddddaa,ddddad,dddddd,ddddda,dddada,dddadd,dddaad,dddaaa,dadaaa,dadaad,dadadd,dadada,daddda,dadddd,daddad,daddaa,daadaa,daadad,daaddd,daadda,daaada,daaadd,daaaad,daaaaa
10.785977300521676,89.01135021848324,5.129269188384908,55.2971482000866,39.9240672130862,0.055022401661324855,32.96331093924526,4.792426982523294,1.513414147044806,1.4024578191574402,1.2212080081041439,8.609972832373497,4.174100260967595,0.8558745340749836,1.9088924014746715,0.0439825802650822,1.1678418162977213,0.0014278000378654817,2.9854928797161233,0.010348768115479577,0.8125224339440941,0.46603675722583987,1.9817127258355318,0.44575208924374765,0.6235380100747683,1.0648203578936726,0.8857352420146025,2.8842927492221437,1.2635835549935273,0.05778042795650928,0.42625528746224295,0.05067522174283733,0.03325298535278994,0.01577958166163665,0.10620221808044017,0.007490855777052867,0.04788223191565451,0.0025059028141763,0.12999465997209764,0.0026442507417094693,0.044825810394901314,0.10882493413739087,0.15946457489334862,0.02705220642118075,0.02545619220072229,0.004384557303823936,0.0005682879803320918,0.0001247806672820131,0.24365437359447345,0.008474648115118659,0.66324790397737,0.003143900133222965,0.05269579189588797,0.22746193619625044,0.24818363267822285,0.19542748904122254,0.1430025037759452,0.1494857860027723,0.21897216077169715,0.5255830040962693,0.36626684133741955,0.05561352617277366,0.12298622303201111,0.0006227558907457729
