aaaaaa,aaaaad,aaaadd,aaaada,aaadda,aaaddd,aaadad,aaadaa,aaddaa,aaddad,aadddd,aaddda,aadada,aadadd,aadaad,aadaaa,addaaa,addaad,addadd,addada,adddda,addddd,adddad,adddaa,adadaa,adadad,adaddd,adadda,adaada,adaadd,adaaad,adaaaa,ddaaaa,ddaaad,ddaadd,ddaada,ddadda,ddaddd,ddadad,ddadaa,ddddaa,ddddad,dddddd,ddddda,dddada,dddadd,dddaad,dddaaa,dadaaa,dadaad,dadadd,dadada,daddda,dadddd,daddad,daddaa,daadaa,daadad,daaddd,daadda,daaada,daaadd,daaaad,daaaaa
12.801422003578098,97.10998107691952,6.379122503102033,60.26196478227086,41.03060454888908,0.032985061547052635,36.06911635316717,5.861781308911347,1.2328085737418555,1.9662515701356489,1.0417629045240016,10.161557897422917,5.3134626168844665,0.5757050362118227,2.0199225642733203,0.05530686101740613,1.233145162675016,0.004034797267596941,3.3610389681871364,0.014904981008814664,0.6415279275546123,0.346528295070621,2.347257157847402,0.6026509573695209,0.5726907762316248,1.2924011251458736,0.8608121186564387,3.3072435879809414,1.462298756991135,0.036083385698054554,0.4357878899766314,0.056836329526877144,0.04229529796359306,0.014666144982162373,0.11292476016939744,0.009985356082026949,0.04131864174146023,0.0011416893287778838,0.1389056421555658,0.003219923195342657,0.05983155945848491,0.10194628563835564,0.19906663839999839,0.02003064842841086,0.011478606504136644,0.0002666356548288137,5.500305005447866e-05,0.00012216410227222296,0.2529892470284215,0.012683923668363834,0.7554253824654288,0.0018711883232182451,0.02898179337124159,0.1886735225685524,0.30425956112704805,0.24980052372689857,0.12995012637714398,0.18986226203248982,0.21900079450606943,0.6001908143186729,0.4212271515423054,0.04801193723648148,0.12231959538181558,0.00043222424553342523
