aaaaaa,aaaaad,aaaadd,aaaada,aaadda,aaaddd,aaadad,aaadaa,aaddaa,aaddad,aadddd,aaddda,aadada,aadadd,aadaad,aadaaa,addaaa,addaad,addadd,addada,adddda,addddd,adddad,adddaa,adadaa,adadad,adaddd,adadda,adaada,adaadd,adaaad,adaaaa,ddaaaa,ddaaad,ddaadd,ddaada,ddadda,ddaddd,ddadad,ddadaa,ddddaa,ddddad,dddddd,ddddda,dddada,dddadd,dddaad,dddaaa,dadaaa,dadaad,dadadd,dadada,daddda,dadddd,daddad,daddaa,daadaa,daadad,daaddd,daadda,daaada,daaadd,daaaad,daaaaa
7.395774705530181,91.58941701180036,3.789229089508059,54.11417756293473,49.108244690128906,0.43738012386131764,39.474703400554574,5.942607945867628,2.7150043451255286,0.7683520753345756,0.628684165148337,11.140012488707749,3.0942075315608863,1.6938720167736063,2.6232859073722,0.11221162420452123,1.5503693133959768,0.03278051892353095,4.2783552955504724,0.23524953748519667,1.7798013937538473,1.18000287169207,2.388283364309147,0.6080967868666128,0.8774602857187384,0.9115117672646172,0.7084891788859784,3.4583017881146123,1.1783969815172843,0.12529776121717212,0.5582929559300155,0.05558457310031444,0.04664846445901576,0.00799774063790497,0.1573616264253861,0.00030233765486449083,0.0947459306504493,0.018668074603912024,0.16145065922292612,0.008293920573879465,0.03373156686597547,0.1357457563152398,0.2209639556784579,0.011351515213529935,0.04603841508756095,0.011362924580535168,0.0005212955586370284,0.002410048262096978,0.29007680645143047,0.0027276333936708257,0.9063161632583661,0.008870407398923268,0.15625731755019687,0.41014185165650385,0.28161037072025996,0.22548540009156492,0.20120010279188863,0.11657240926234405,0.17634553704960823,0.6305453392216898,0.33821969290731396,0.08137902498871917,0.15141161415758744,0.0010702458152279718
