aaaaaa,aaaaad,aaaadd,aaaada,aaadda,aaaddd,aaadad,aaadaa,aaddaa,aaddad,aadddd,aaddda,aadada,aadadd,aadaad,aadaaa,addaaa,addaad,addadd,addada,adddda,addddd,adddad,adddaa,adadaa,adadad,adaddd,adadda,adaada,adaadd,adaaad,adaaaa,ddaaaa,ddaaad,ddaadd,ddaada,ddadda,ddaddd,ddadad,ddadaa,ddddaa,ddddad,dddddd,ddddda,dddada,dddadd,dddaad,dddaaa,dadaaa,dadaad,dadadd,dadada,daddda,dadddd,daddad,daddaa,daadaa,daadad,daaddd,daadda,daaada,daaadd,daaaad,daaaaa
16.14372881089467,101.27115907726423,8.526661232255616,63.122313369792735,39.6114023776593,0.024876004635047567,33.60238346540693,5.568176043922869,1.3368728429366317,1.9049262056553018,1.161286989225785,10.20489886693129,5.071925529870688,0.6536886818161971,1.9021841891230082,0.05742852378976943,1.238853269319736,0.011712996154589211,3.4185775673492986,0.005693383196029855,0.6281185949976632,0.3583303414239081,2.209321100012138,0.5403967905382089,0.6096442773574328,1.2824321581151448,0.9240121405901192,3.332942833344977,1.385104073301707,0.04009164629925467,0.39119128266009157,0.06201871425169853,0.044006248644199004,0.016982556805499097,0.12119926970297122,0.010853110526016512,0.042342330368662424,0.001535384626476023,0.13689067218742598,0.002796869539839545,0.060055952312538116,0.10670851626541662,0.20089119138677286,0.021977043444837287,0.012145421185866105,0.0006661036311588357,7.4353532527904e-05,7.095298968297988e-05,0.2543761377719286,0.016847092700506758,0.7648512284532857,0.00410346325024416,0.027742007169995538,0.1967584426587308,0.2789549475267705,0.23175404473643674,0.13724021034862688,0.18867765427341585,0.23343403696743067,0.6072213097542042,0.4080962268298868,0.05220870842244055,0.11422893226237568,0.0005094230943975501
