aaaaaa,aaaaad,aaaadd,aaaada,aaadda,aaaddd,aaadad,aaadaa,aaddaa,aaddad,aadddd,aaddda,aadada,aadadd,aadaad,aadaaa,addaaa,addaad,addadd,addada,adddda,addddd,adddad,adddaa,adadaa,adadad,adaddd,adadda,adaada,adaadd,adaaad,adaaaa,ddaaaa,ddaaad,ddaadd,ddaada,ddadda,ddaddd,ddadad,ddadaa,ddddaa,ddddad,dddddd,ddddda,dddada,dddadd,dddaad,dddaaa,dadaaa,dadaad,dadadd,dadada,daddda,dadddd,daddad,daddaa,daadaa,daadad,daaddd,daadda,daaada,daaadd,daaaad,daaaaa
7.945719223192911,92.83975943966809,3.566516903873029,55.7398326385708,53.21171608944292,0.35377064614168224,41.053831331750196,5.317335396791726,3.380511911708759,0.5258028072483582,1.5629235811908968,8.866406604598808,2.7551312670188985,2.337504977928726,2.496379257852237,0.05332907864750675,1.6267697556166973,0.03609286861217839,3.6064455473744896,0.0787150358991221,1.9962090812835325,1.2915369106858936,2.200064791173276,0.4519120252975851,1.0555357971275456,0.8092001588182655,0.9954108902982178,3.1248231334953203,1.1980847578015945,0.16826077100190806,0.6204833127717969,0.058909066188116116,0.04512666246237675,0.008329965565523283,0.14100311279588204,0.001294448089511444,0.11273274520176245,0.021463030452066975,0.1778637042213046,0.00788217362924043,0.02863873471669885,0.1581018059086315,0.16534943804445998,0.03346114699569898,0.08401598987202348,0.031013692316460544,0.002042901625806612,0.00024126669390349043,0.313310201426187,0.0012727082789348327,0.7814476344154657,0.0007441400329608977,0.19205036154439617,0.4577355492039524,0.26724811701852597,0.19706414304474892,0.24156697046015857,0.09887379138460071,0.25146913089312745,0.5523075490218681,0.352250980433891,0.09546148406667,0.1684032825210959,0.0012578332499129919
