aaaaaa,aaaaad,aaaadd,aaaada,aaadda,aaaddd,aaadad,aaadaa,aaddaa,aaddad,aadddd,aaddda,aadada,aadadd,aadaad,aadaaa,addaaa,addaad,addadd,addada,adddda,addddd,adddad,adddaa,adadaa,adadad,adaddd,adadda,adaada,adaadd,adaaad,adaaaa,ddaaaa,ddaaad,ddaadd,ddaada,ddadda,ddaddd,ddadad,ddadaa,ddddaa,ddddad,dddddd,ddddda,dddada,dddadd,dddaad,dddaaa,dadaaa,dadaad,dadadd,dadada,daddda,dadddd,daddad,daddaa,daadaa,daadad,daaddd,daadda,daaada,daaadd,daaaad,daaaaa
11.228422802610323,98.11302780789607,5.271641199572888,61.811408702569196,41.127621600456806,0.0508178119722057,36.88824265251948,6.191302635744197,0.6714390169859421,2.926614583458972,0.8237451080364115,10.849566264754847,6.13987437537766,0.3268481960668465,2.158296136700655,0.07367800413353473,1.193784254529524,0.0038181763286819974,3.4061582665115706,0.024568129159399,0.5237455855711122,0.26240322648815767,2.399028964393341,0.640714740566444,0.40339347272502973,1.6061017974751814,0.770556430135348,3.4807903857742444,1.6167104126549823,0.016576035382081713,0.4604598117127315,0.059149768804597665,0.043600266585094395,0.01382010625013913,0.11357199733844299,0.00950651492250377,0.033852345127004295,0.0003706896893004411,0.13588325122710757,0.0034638698269183004,0.07062869092496114,0.08707714412007099,0.20867203769344986,0.016416374910343118,0.005418418044043292,0.0005982958843914396,0.0002623495845820744,0.000742229640070459,0.24783499807793508,0.01314104899202169,0.763778977193691,0.001017192376926489,0.01658187414484323,0.1557535854175673,0.3106640377851119,0.2612204835110888,0.09158824119564632,0.24568302019595117,0.19996964138912066,0.6266186845259474,0.45084832263188346,0.03686010715561816,0.12192697319302742,0.0003419739841476336
