aaaaaa,aaaaad,aaaadd,aaaada,aaadda,aaaddd,aaadad,aaadaa,aaddaa,aaddad,aadddd,aaddda,aadada,aadadd,aadaad,aadaaa,addaaa,addaad,addadd,addada,adddda,addddd,adddad,adddaa,adadaa,adadad,adaddd,adadda,adaada,adaadd,adaaad,adaaaa,ddaaaa,ddaaad,ddaadd,ddaada,ddadda,ddaddd,ddadad,ddadaa,ddddaa,ddddad,dddddd,ddddda,dddada,dddadd,dddaad,dddaaa,dadaaa,dadaad,dadadd,dadada,daddda,dadddd,daddad,daddaa,daadaa,daadad,daaddd,daadda,daaada,daaadd,daaaad,daaaaa
8.097748885744904,84.29436154587924,4.0002743110401005,50.62645624028871,43.340568436911504,0.24082026480578522,35.42182614509564,5.275534453227483,2.202265577390058,0.8431973901579113,0.7647297482142661,9.56011834884826,3.350091260628286,1.2418920637379405,2.188976333133603,0.07151498905129057,1.2999929801947387,0.01075101050256547,3.530563696359998,0.10946785994816999,1.2943002661219274,0.8175677740356987,2.138791185789317,0.5264029042912172,0.7614944468589313,0.872746477552457,0.7483723858890103,2.9952905876018945,1.1485534599907166,0.09247208111723,0.46762922714022664,0.04524835410048099,0.044202866618173395,0.007310917934146634,0.12428024446582263,0.001964256094978094,0.0751946457171826,0.011526871866417803,0.14622835293253594,0.006396787218783198,0.03255840803764229,0.12330287679096537,0.1855182544758666,0.01497012875277503,0.035571300462622364,0.007742337336176642,8.602223874439109e-05,0.00022930722267270207,0.2435364309318927,0.0057274383119989055,0.7562225703953648,0.0016607342966902844,0.09798632285357461,0.30130253005230434,0.2609262651474833,0.20642015405999725,0.1721949160152806,0.11653464781624767,0.18344035190907002,0.5491429425299679,0.3373052450324042,0.06425387365493955,0.13068051403796754,0.0006417926619416551
