aaaaaa,aaaaad,aaaadd,aaaada,aaadda,aaaddd,aaadad,aaadaa,aaddaa,aaddad,aadddd,aaddda,aadada,aadadd,aadaad,aadaaa,addaaa,addaad,addadd,addada,adddda,addddd,adddad,adddaa,adadaa,adadad,adaddd,adadda,adaada,adaadd,adaaad,adaaaa,ddaaaa,ddaaad,ddaadd,ddaada,ddadda,ddaddd,ddadad,ddadaa,ddddaa,ddddad,dddddd,ddddda,dddada,dddadd,dddaad,dddaaa,dadaaa,dadaad,dadadd,dadada,daddda,dadddd,daddad,daddaa,daadaa,daadad,daaddd,daadda,daaada,daaadd,daaaad,daaaaa
10.048840085757002,92.2672503697494,5.114352758232641,56.35739119070709,39.23190888597792,0.03698797606797557,38.2374930740363,6.961723003325425,0.8253285473368633,2.4436395883738897,0.557588790451972,11.263966240920603,6.070465945520046,0.2781032198358761,2.0677165562733095,0.06469036930065296,1.174590828609911,0.0015193841257698242,3.565676142928219,0.06674791763339671,0.500727227330859,0.24854748065827909,2.655603297591743,0.8112193346742064,0.4407201467048356,1.4170925357676833,0.6449229503411336,3.487297864310519,1.5703455364345744,0.01627822582117871,0.441493483423752,0.04957556659805937,0.04255257478764352,0.012370139769514786,0.11344993577334367,0.007352477440776187,0.030710607351953016,0.00019520721982443044,0.13956438047966166,0.005044945937766541,0.06426220354898395,0.08647014986571346,0.22411655684047674,0.009745252577128816,0.003018946013486836,0.0019817652430046268,0.0005139184362767302,0.0011708226074603565,0.24592056132085197,0.009956841246666914,0.7971330174621722,0.0001703448590383377,0.015752442275922277,0.1440635397387243,0.36056600740527556,0.30574246168401686,0.10139964106180854,0.21336492364371867,0.1728477473092193,0.6277915012545672,0.4287502141414937,0.035818966107638274,0.11473518815529911,0.00028512846978394975
