aaaaaa,aaaaad,aaaadd,aaaada,aaadda,aaaddd,aaadad,aaadaa,aaddaa,aaddad,aadddd,aaddda,aadada,aadadd,aadaad,aadaaa,addaaa,addaad,addadd,addada,adddda,addddd,adddad,adddaa,adadaa,adadad,adaddd,adadda,adaada,adaadd,adaaad,adaaaa,ddaaaa,ddaaad,ddaadd,ddaada,ddadda,ddaddd,ddadad,ddadaa,ddddaa,ddddad,dddddd,ddddda,dddada,dddadd,dddaad,dddaaa,dadaaa,dadaad,dadadd,dadada,daddda,dadddd,daddad,daddaa,daadaa,daadad,daaddd,daadda,daaada,daaadd,daaaad,daaaaa
8.792000864791827,85.16382877818363,3.9423889910772463,53.69160035619026,36.25219137062122,0.03052925202226553,34.74403400244567,6.078448200736399,0.45016448237347334,2.9332621787314697,0.6135856027691597,9.924577810992947,5.9889389321699875,0.1802336712317231,1.9850422191622952,0.06961474486557413,1.0559190677007644,0.001204837576146476,3.041486511757543,0.03359544812828499,0.3840456405934142,0.17220196439226393,2.3245988667668662,0.6747876977602467,0.30906067082394184,1.5091676737232507,0.6305899311314239,3.1344751241666646,1.525551355564847,0.008539615993976207,0.4237625239798531,0.04893585774734987,0.03801711967941379,0.011709739638440254,0.09842902702213013,0.008075964198864782,0.025259084595771284,1.874346725976466e-05,0.12201178755999022,0.0035611160178669376,0.06781778429072303,0.07021465243483654,0.19370844253635472,0.011710479181297282,0.0019304828705435607,0.0027362265655339444,0.000486825409478757,0.0012469851533404525,0.22183524468109322,0.00969834147596736,0.6825365022002847,0.00028418733837264564,0.008475872743055238,0.11421485743740505,0.3081068082424419,0.260629692598601,0.06954621979062299,0.2355455674589633,0.16687740891431685,0.5615717081445776,0.41388729763951393,0.028425086202836305,0.11058247085078532,0.0002923961287191976
