aaaaaa,aaaaad,aaaadd,aaaada,aaadda,aaaddd,aaadad,aaadaa,aaddaa,aaddad,aadddd,aaddda,aadada,aadadd,aadaad,aadaaa,addaaa,addaad,addadd,addada,adddda,addddd,adddad,adddaa,adadaa,adadad,adaddd,adadda,adaada,adaadd,adaaad,adaaaa,ddaaaa,ddaaad,ddaadd,ddaada,ddadda,ddaddd,ddadad,ddadaa,ddddaa,ddddad,dddddd,ddddda,dddada,dddadd,dddaad,dddaaa,dadaaa,dadaad,dadadd,dadada,daddda,dadddd,daddad,daddaa,daadaa,daadad,daaddd,daadda,daaada,daaadd,daaaad,daaaaa
7.255968075418792,83.7109651577305,3.2504108856659344,50.79795534617668,46.28722450423329,0.32289760899424047,35.96185379887357,4.858871026777155,2.5700316916730817,0.6713453190754817,1.1579751640044746,8.482607012620898,2.692293707376315,1.8059697624244393,2.283095194591739,0.06548504075027274,1.4517841358198167,0.030553998218842988,3.304808023824115,0.08120996287874069,1.6539487412165854,1.07134932087017,1.971883123081202,0.4222335717301687,0.8535896733164292,0.8048583498607241,0.8162120518291653,2.912242591085033,1.0832625277457402,0.1323035166480971,0.5452098239827953,0.056014364316065754,0.04365958269756146,0.006615799568273135,0.12670092069717104,0.0012877708095011319,0.09578431901591966,0.018537990837741047,0.1515310542964729,0.006475771614075412,0.030606089852506412,0.1285983159466067,0.15725598678510416,0.025225674777289,0.06017188624079013,0.0196666272759964,0.0005980530786405725,8.216497292936752e-05,0.2760910848796825,0.0015239099402121566,0.7209950803520926,0.0008148397337632441,0.15005199553424234,0.38157803904822657,0.23947416582029823,0.1819017758669831,0.19254927452385912,0.10389116230704198,0.2101190334449307,0.5121294138172353,0.31719382812278324,0.07931119583333425,0.14456007522849385,0.0010072422330575615
