aaaaaa,aaaaad,aaaadd,aaaada,aaadda,aaaddd,aaadad,aaadaa,aaddaa,aaddad,aadddd,aaddda,aadada,aadadd,aadaad,aadaaa,addaaa,addaad,addadd,addada,adddda,addddd,adddad,adddaa,adadaa,adadad,adaddd,adadda,adaada,adaadd,adaaad,adaaaa,ddaaaa,ddaaad,ddaadd,ddaada,ddadda,ddaddd,ddadad,ddadaa,ddddaa,ddddad,dddddd,ddddda,dddada,dddadd,dddaad,dddaaa,dadaaa,dadaad,dadadd,dadada,daddda,dadddd,daddad,daddaa,daadaa,daadad,daaddd,daadda,daaada,daaadd,daaaad,daaaaa
5.725746180306506,86.55866518650257,2.1381760138281956,52.6486122871489,55.76694484475384,0.6209988077179245,41.041969533362895,4.957662464116092,3.6362305424457144,0.38863656224412907,1.731789029165053,7.929857795020711,1.9083465466666965,3.1269824692646884,2.679884516041301,0.07048313027815213,1.863861947818955,0.11635167767698551,3.4960582974076915,0.11109428984850726,2.57773683863001,1.728089502238216,2.087005841655744,0.40968007923828165,1.0301878584914954,0.7788901786073141,0.991777286058343,2.917253609979247,1.0856116025681009,0.2149263990208288,0.6985094420012952,0.06393210680726373,0.040826469009705456,0.00738110559277148,0.1266465787644502,0.0012969533346366777,0.12445315054426483,0.027180447997850694,0.16365851072597373,0.0061769777680596785,0.018669407766551554,0.17251440978830565,0.13195857163946575,0.04451063509026034,0.12713054153411713,0.05637530061097845,0.004155429560987529,0.000804599513342958,0.36496124736925356,0.0015617554097197375,0.7501875543094776,0.0009116770624832328,0.2881631619839855,0.5797640848584366,0.24525290933560956,0.17679526361752715,0.24105210222497322,0.09021746938136795,0.24867227034617767,0.510449431236516,0.31600404935537946,0.10728924881746757,0.18146851726711544,0.0019005325636099076
