aaaaaa,aaaaad,aaaadd,aaaada,aaadda,aaaddd,aaadad,aaadaa,aaddaa,aaddad,aadddd,aaddda,aadada,aadadd,aadaad,aadaaa,addaaa,addaad,addadd,addada,adddda,addddd,adddad,adddaa,adadaa,adadad,adaddd,adadda,adaada,adaadd,adaaad,adaaaa,ddaaaa,ddaaad,ddaadd,ddaada,ddadda,ddaddd,ddadad,ddadaa,ddddaa,ddddad,dddddd,ddddda,dddada,dddadd,dddaad,dddaaa,dadaaa,dadaad,dadadd,dadada,daddda,dadddd,daddad,daddaa,daadaa,daadad,daaddd,daadda,daaada,daaadd,daaaad,daaaaa
6.875184600854701,92.89036177804402,3.0485217040682078,55.738845617115366,50.52318839459449,0.255529092158337,43.329478078174105,6.422132211057138,2.0706909139586416,1.2153861964936659,0.7870515119389191,10.844622394084473,4.400506975886107,1.117577299186558,2.610109825194771,0.07611501990851509,1.4283122173524885,0.016533310254172026,3.8948578833548124,0.13978465411202978,1.3377003245825085,0.7921047751529692,2.6305379273414107,0.6883248114361923,0.7538846382330058,1.092274707055693,0.7966092686753113,3.407934605859888,1.471042996256707,0.07838064322906418,0.5797694043156496,0.04613512053066126,0.03614598124494096,0.012877686975292858,0.11761859726262192,0.004308979730074124,0.06418465917186977,0.00528216507020038,0.15260213913730472,0.004691349239282504,0.038031450489072874,0.13369459114327054,0.19993570540656472,0.0182779236332593,0.037477238768525746,0.006169599945462682,0.0005998884411710653,0.00010077516960878048,0.29529619847761074,0.0024024841776671265,0.8630313116313588,0.0034333107907783384,0.10858746506514823,0.32469501709563026,0.34996123084842035,0.27708289293870453,0.17641790263235746,0.14482158479835594,0.20598394997030336,0.6061722158728068,0.40360123008018717,0.06662310681682672,0.15320522963238223,0.00037877303282818125
