aaaaaa,aaaaad,aaaadd,aaaada,aaadda,aaaddd,aaadad,aaadaa,aaddaa,aaddad,aadddd,aaddda,aadada,aadadd,aadaad,aadaaa,addaaa,addaad,addadd,addada,adddda,addddd,adddad,adddaa,adadaa,adadad,adaddd,adadda,adaada,adaadd,adaaad,adaaaa,ddaaaa,ddaaad,ddaadd,ddaada,ddadda,ddaddd,ddadad,ddadaa,ddddaa,ddddad,dddddd,ddddda,dddada,dddadd,dddaad,dddaaa,dadaaa,dadaad,dadadd,dadada,daddda,dadddd,daddad,daddaa,daadaa,daadad,daaddd,daadda,daaada,daaadd,daaaad,daaaaa
7.51826700246634,93.34071924851719,3.2496465149043194,56.86795692590503,49.59864374755343,0.23059983705114737,41.6727331032544,6.043632337856642,1.870101402135761,1.3753898195290695,0.9559003382466608,10.291697222658781,4.42876285575379,1.0791674393758444,2.5164537504656557,0.06918725774912389,1.395920282885094,0.01076701104320209,3.6921667614084144,0.09564793739720702,1.2491382310852475,0.7326592547369223,2.48822036932963,0.6204026313854863,0.7162307237406401,1.1375943360260843,0.8552458705161556,3.300058449438633,1.4584179148079095,0.07502237072321297,0.5616397191979944,0.04715640823006022,0.04215413278165065,0.010110431277863893,0.11908351083742703,0.004399357025343689,0.07045974071283699,0.007226087492361711,0.15577514117517732,0.005215190590094767,0.04459282838146224,0.12218819761603954,0.19173988073415152,0.02099632165698605,0.0337259351104886,0.0050988521809427955,0.0005852043216632868,4.728523431705611e-05,0.28277558301633826,0.0037367610113433385,0.8082999961985555,0.0007588803096031863,0.0945940931186953,0.303015198469799,0.31913180471112296,0.25068625184915605,0.16186256845069846,0.15841425380529875,0.2119214196179394,0.5984613878571002,0.41167954044613975,0.061762384226610845,0.15547504385919964,0.0007037488344353675
