aaaaaa,aaaaad,aaaadd,aaaada,aaadda,aaaddd,aaadad,aaadaa,aaddaa,aaddad,aadddd,aaddda,aadada,aadadd,aadaad,aadaaa,addaaa,addaad,addadd,addada,adddda,addddd,adddad,adddaa,adadaa,adadad,adaddd,adadda,adaada,adaadd,adaaad,adaaaa,ddaaaa,ddaaad,ddaadd,ddaada,ddadda,ddaddd,ddadad,ddadaa,ddddaa,ddddad,dddddd,ddddda,dddada,dddadd,dddaad,dddaaa,dadaaa,dadaad,dadadd,dadada,daddda,dadddd,daddad,daddaa,daadaa,daadad,daaddd,daadda,daaada,daaadd,daaaad,daaaaa
13.435681275662525,96.93182740309275,5.851214675288164,64.12456851763758,34.677295394067585,0.009902498838964175,31.912660901338924,5.462098881976615,0.04340930271291467,5.315372000895848,1.29581258155785,8.892947824234298,7.459438007570188,0.04697327426862939,1.9329714137082457,0.07906786989501204,1.012116884523616,0.028370274982699194,2.6548067418314907,0.006768998782934633,0.15914112631291835,0.048862721899407005,2.0537485369073827,0.5172640311031911,0.14796638879574162,2.1587947588091922,0.8883614154708663,3.0453142538619056,1.7132514135012946,0.00046049727004017623,0.3989588379570658,0.06709060012550784,0.04292472976863416,0.015463172431457391,0.09169102604102095,0.01860466790899294,0.015239631832357537,0.0012172266707029655,0.11634423101645913,0.0016350047870286176,0.11259694966903397,0.048494622260830386,0.17406807078253755,0.02616633840318928,4.014013133638873e-05,0.007717369932375631,0.0006219524952668611,0.0007096097477415803,0.21574396321611394,0.022471626520698524,0.5990397347708485,0.01770180725048446,0.00045879575642818237,0.06747724614484155,0.2578636504217657,0.21967787165058847,0.031116165047413734,0.36801315908347826,0.22877887085658918,0.5503218123248154,0.482602414014551,0.020129768598515903,0.11045545989767257,0.0005889170951013014
