aaaaaa,aaaaad,aaaadd,aaaada,aaadda,aaaddd,aaadad,aaadaa,aaddaa,aaddad,aadddd,aaddda,aadada,aadadd,aadaad,aadaaa,addaaa,addaad,addadd,addada,adddda,addddd,adddad,adddaa,adadaa,adadad,adaddd,adadda,adaada,adaadd,adaaad,adaaaa,ddaaaa,ddaaad,ddaadd,ddaada,ddadda,ddaddd,ddadad,ddadaa,ddddaa,ddddad,dddddd,ddddda,dddada,dddadd,dddaad,dddaaa,dadaaa,dadaad,dadadd,dadada,daddda,dadddd,daddad,daddaa,daadaa,daadad,daaddd,daadda,daaada,daaadd,daaaad,daaaaa
11.937121917912393,88.5209201513931,5.736138959242973,56.2727636430418,34.32574844214327,0.007787702721193174,31.2113685159796,5.309070647432365,0.4916591074278425,2.8355517880373995,0.9246812137029131,9.11025241024075,5.673554805673192,0.23623474472282774,1.7771621232942332,0.05702349046873379,1.0307991458101105,0.009535006105321587,2.8543406051445994,0.003849899212354847,0.3489561625467621,0.16310279492558363,2.0590303323131742,0.5393683208552498,0.3366425767364558,1.4656492810841906,0.7537023460111121,2.980705841193302,1.4259045669401706,0.011886932482341997,0.3716507152991982,0.05259314999956475,0.03953487098986339,0.01371054688346665,0.0968403704864474,0.011723950065824352,0.025419295008824092,1.6884185674666675e-05,0.116549257072514,0.0022246555506361164,0.07029013831560524,0.07190157241394435,0.17833797582301256,0.017969247165741345,0.002314203487938262,0.0014418701552712067,0.00023724605497709429,0.0003175184198315827,0.2171134945894576,0.01472969401960214,0.6421181252367342,0.004563484473083558,0.006454336257701778,0.11350847381098393,0.2661375634617192,0.22341139689494302,0.07405770187112055,0.23206878201507655,0.19454994761964067,0.539278276090419,0.4011738976521876,0.031631912439683496,0.10344226128599776,0.0003988399424502302
