aaaaaa,aaaaad,aaaadd,aaaada,aaadda,aaaddd,aaadad,aaadaa,aaddaa,aaddad,aadddd,aaddda,aadada,aadadd,aadaad,aadaaa,addaaa,addaad,addadd,addada,adddda,addddd,adddad,adddaa,adadaa,adadad,adaddd,adadda,adaada,adaadd,adaaad,adaaaa,ddaaaa,ddaaad,ddaadd,ddaada,ddadda,ddaddd,ddadad,ddadaa,ddddaa,ddddad,dddddd,ddddda,dddada,dddadd,dddaad,dddaaa,dadaaa,dadaad,dadadd,dadada,daddda,dadddd,daddad,daddaa,daadaa,daadad,daaddd,daadda,daaada,daaadd,daaaad,daaaaa
7.333522186992673,81.09066031961173,3.0445339981489394,51.185035581093416,36.31999609620812,0.036709187066608265,34.71556913866112,5.844502900257579,0.3515144188071607,3.0415261680520747,0.6459464559336344,9.259572695513711,6.0163182375143975,0.150117784258693,1.9946814140023637,0.06552010246095488,0.9916123397537141,0.0008666984534482969,2.846084770851462,0.030675746667949633,0.37084748766571796,0.1581072677105184,2.243210673924298,0.6404600619310776,0.2688892429696697,1.515001852497968,0.6218730314753267,2.9644177553941717,1.541241707797313,0.006663068084259074,0.4410882317564079,0.04699335462382197,0.035623308531995725,0.010470812050174331,0.09090556633790935,0.007608458083210583,0.025033909564799568,5.290873782708e-06,0.12014759661054164,0.0035026536972171244,0.06850225897665344,0.06500141218858249,0.18084215659071087,0.012781243191509752,0.0020427343821452473,0.002881305871112167,0.00022174120088586932,0.0010461800518849116,0.2093992604132106,0.008950921049500227,0.6387949634017142,0.00038010491053605403,0.008370398748028127,0.10683225879244404,0.29890064929570026,0.2485560031586426,0.060635439627272004,0.23982499934808107,0.16537436223009055,0.5300847888698408,0.41537386632438233,0.025427731523394913,0.11430762902107061,0.0003201346712878049
