aaaaaa,aaaaad,aaaadd,aaaada,aaadda,aaaddd,aaadad,aaadaa,aaddaa,aaddad,aadddd,aaddda,aadada,aadadd,aadaad,aadaaa,addaaa,addaad,addadd,addada,adddda,addddd,adddad,adddaa,adadaa,adadad,adaddd,adadda,adaada,adaadd,adaaad,adaaaa,ddaaaa,ddaaad,ddaadd,ddaada,ddadda,ddaddd,ddadad,ddadaa,ddddaa,ddddad,dddddd,ddddda,dddada,dddadd,dddaad,dddaaa,dadaaa,dadaad,dadadd,dadada,daddda,dadddd,daddad,daddaa,daadaa,daadad,daaddd,daadda,daaada,daaadd,daaaad,daaaaa
8.719136262320202,88.98188259640798,3.90197931909407,55.40297315512438,40.813710501663735,0.07098437604547081,37.3133412159712,6.141304319635127,0.7284463037389465,2.5194140094167508,0.7373678508093489,10.127433929036695,5.8012478962632095,0.32727062504729854,2.1403187225979425,0.06560452115926527,1.115004166167154,0.001181931433310088,3.224725882030341,0.0400328137599679,0.5566470149385562,0.2730729677432989,2.3887079909474487,0.654393072180862,0.4027886907967446,1.4425039396961135,0.7055354428940196,3.241083066507109,1.5720731162985704,0.017206989039263976,0.47575221224860587,0.05213153315388952,0.039461070943940954,0.011443231667636925,0.10543087976222346,0.007040172940307194,0.03580520349474215,0.0006281743588763108,0.1355658093249378,0.0043211474997270185,0.06228328615035827,0.08459457401353021,0.19708158376894896,0.014164418234226624,0.00705652515007589,0.00037144518003009395,8.34420035962077e-05,0.0006805453491440714,0.23181936574865833,0.00990647703841171,0.7234170668896092,0.0001145992943971036,0.021535993796607346,0.1550477102942643,0.3162365467146325,0.26133490938915466,0.09227290312696435,0.2172535013579781,0.18421791058706624,0.5802459206738975,0.4335026784976145,0.03450928989456007,0.12397549157160902,0.00032129594407935916
