aaaaaa,aaaaad,aaaadd,aaaada,aaadda,aaaddd,aaadad,aaadaa,aaddaa,aaddad,aadddd,aaddda,aadada,aadadd,aadaad,aadaaa,addaaa,addaad,addadd,addada,adddda,addddd,adddad,adddaa,adadaa,adadad,adaddd,adadda,adaada,adaadd,adaaad,adaaaa,ddaaaa,ddaaad,ddaadd,ddaada,ddadda,ddaddd,ddadad,ddadaa,ddddaa,ddddad,dddddd,ddddda,dddada,dddadd,dddaad,dddaaa,dadaaa,dadaad,dadadd,dadada,daddda,dadddd,daddad,daddaa,daadaa,daadad,daaddd,daadda,daaada,daaadd,daaaad,daaaaa
15.248424281297606,96.41368293944987,7.762846749200308,61.16315430222124,35.1405605933497,0.0018527048105154323,32.40491457777479,5.7827341250236985,0.569083939928992,2.9717762907909484,1.0964017450944683,9.639049013629077,6.076292203650969,0.2441059764572286,1.7267890873506881,0.0491480791563481,1.0964520228939345,0.01894947032948382,3.1068445732671863,0.0014447450695648223,0.31786922814230345,0.14717631704953682,2.2460576186328836,0.6058672531383541,0.3773296351842785,1.5489494351606912,0.8530906724403805,3.1671474910898962,1.495539094392461,0.011317635542279509,0.35206054249990076,0.05496068080282245,0.043564181909312195,0.015859620779035598,0.10554250597624504,0.014111503469283212,0.02460945663733304,7.434888442275023e-06,0.12594394359633987,0.0024903727213304193,0.07574796746805795,0.07896279510553365,0.19235831872753792,0.020243603749824698,0.0018715494699590152,0.0017030948730806723,0.0002698407195870931,0.00017308911366827013,0.22973279660706716,0.01935610693730236,0.695067896653999,0.006538820433863204,0.003596799215860446,0.11115074582329343,0.2915495520661118,0.24831148906145176,0.08191640301420236,0.2471575412914877,0.21843409428833985,0.5757282690247975,0.42820434594748524,0.033621916728440095,0.10259259323144065,0.00036299681349872095
