aaaaaa,aaaaad,aaaadd,aaaada,aaadda,aaaddd,aaadad,aaadaa,aaddaa,aaddad,aadddd,aaddda,aadada,aadadd,aadaad,aadaaa,addaaa,addaad,addadd,addada,adddda,addddd,adddad,adddaa,adadaa,adadad,adaddd,adadda,adaada,adaadd,adaaad,adaaaa,ddaaaa,ddaaad,ddaadd,ddaada,ddadda,ddaddd,ddadad,ddadaa,ddddaa,ddddad,dddddd,ddddda,dddada,dddadd,dddaad,dddaaa,dadaaa,dadaad,dadadd,dadada,daddda,dadddd,daddad,daddaa,daadaa,daadad,daaddd,daadda,daaada,daaadd,daaaad,daaaaa
10.65946313874303,99.49178484566177,4.8774292338380825,61.03309555781062,52.231505957385174,0.24754075789926108,39.76883440342825,5.179073279556367,3.077110684797629,0.7432525269186909,1.7841582435247787,9.062508032083988,3.1800989702360893,2.1102334305297723,2.3979856134800452,0.04981289253352384,1.6177405650340855,0.015383851091255424,3.555344123527169,0.033393385726301746,1.73705998900287,1.1124565944085514,2.168816876975596,0.4272915679822968,1.039694177785801,0.903002395033581,1.0968648034550375,3.2182159672167003,1.2374646159545488,0.1564204844651599,0.5819891150460319,0.06354945485509211,0.05317428292417508,0.008071315855638571,0.141145197962185,0.0031564931578179356,0.11295389412231495,0.02121272634250772,0.17408749014910813,0.005977716516560746,0.03805770453229397,0.14983764431375454,0.1675323108230957,0.03860518852582788,0.06861255754657886,0.023560584382830787,0.0020122346276295815,0.0004991689413639495,0.30906561719388026,0.003954371780795483,0.7756374673832732,0.0020682836580488318,0.15236957141416904,0.4148335289151118,0.25876903557382785,0.19243393825085411,0.2343877301935757,0.11626821835142812,0.27440341336473273,0.5734912221074394,0.3727585484031502,0.09345684986107271,0.1625406151934792,0.001233369990482301
