aaaaaa,aaaaad,aaaadd,aaaada,aaadda,aaaddd,aaadad,aaadaa,aaddaa,aaddad,aadddd,aaddda,aadada,aadadd,aadaad,aadaaa,addaaa,addaad,addadd,addada,adddda,addddd,adddad,adddaa,adadaa,adadad,adaddd,adadda,adaada,adaadd,adaaad,adaaaa,ddaaaa,ddaaad,ddaadd,ddaada,ddadda,ddaddd,ddadad,ddadaa,ddddaa,ddddad,dddddd,ddddda,dddada,dddadd,dddaad,dddaaa,dadaaa,dadaad,dadadd,dadada,daddda,dadddd,daddad,daddaa,daadaa,daadad,daaddd,daadda,daaada,daaadd,daaaad,daaaaa
12.647272877131837,86.20877452090413,6.584079826451847,53.50440263143909,35.157633684990245,0.03581900700397093,30.06434991224224,4.961032472333747,1.177857612625867,1.6096164532346993,0.9103338257800222,8.98703124234147,4.379637705127512,0.5710310820705553,1.719463849188678,0.05364831685311048,1.0738864146240157,0.0066057974017130604,3.0158229327338555,0.012545763795679638,0.5855507778846445,0.3334354162096538,1.964163551050348,0.4912167748216984,0.525936172516651,1.1024567165344317,0.7640840749923973,2.9077904820664493,1.2149719933836496,0.03533821686095093,0.35840373848002394,0.05276980064683992,0.03686516400899132,0.01417977146999135,0.10564981599551326,0.007960943175126852,0.03780271997064063,0.001529818744441902,0.12028579427833185,0.002812853055903146,0.0500749391103544,0.09295260464690074,0.17640652336310456,0.017243629900747716,0.011696082922840113,0.0006901430504290121,8.693529171460639e-05,0.0001581445908329783,0.22202703233555418,0.01244442257534006,0.6709045440541306,0.0019224355776347427,0.02834741671721481,0.17768204255276843,0.24892335583785596,0.20631279674323671,0.11938758304417385,0.1603809493012903,0.19374924385166498,0.5283389632377624,0.3543187075648232,0.04492064484193039,0.10209669507454282,0.00040992267694851944
