aaaaaa,aaaaad,aaaadd,aaaada,aaadda,aaaddd,aaadad,aaadaa,aaddaa,aaddad,aadddd,aaddda,aadada,aadadd,aadaad,aadaaa,addaaa,addaad,addadd,addada,adddda,addddd,adddad,adddaa,adadaa,adadad,adaddd,adadda,adaada,adaadd,adaaad,adaaaa,ddaaaa,ddaaad,ddaadd,ddaada,ddadda,ddaddd,ddadad,ddadaa,ddddaa,ddddad,dddddd,ddddda,dddada,dddadd,dddaad,dddaaa,dadaaa,dadaad,dadadd,dadada,daddda,dadddd,daddad,daddaa,daadaa,daadad,daaddd,daadda,daaada,daaadd,daaaad,daaaaa
9.775686479729561,89.20512668017435,4.616997511157223,54.59053067859177,44.37566920640199,0.14959253190219873,35.335334226140596,4.897769762477553,2.1635775975935743,0.9677998475624798,1.2927937386928778,8.696666358193571,3.5633961373457725,1.309926105416164,2.109115155352239,0.04971030402260291,1.3009792537577511,0.003374863495364532,3.2256915240942248,0.03267566110699315,1.19088349388604,0.7272064828792929,2.0462316749399108,0.4463325486954725,0.7897496351222464,0.9243915081620601,0.9372903866882841,2.9023990469201384,1.2067802179718712,0.0957179741120136,0.4717069161313009,0.048315209675886386,0.043966393551305105,0.00911797982146183,0.11605008442080987,0.00480424711791546,0.07525026832759195,0.00973109643455646,0.14874178754393816,0.004772063173157649,0.03706543102257631,0.12634979390943132,0.16288585115972407,0.027693722154799056,0.040668230345812635,0.010278757967326455,0.0012244948654530324,0.0002363333327006692,0.25241165715822467,0.00698206146640382,0.7004771074451679,0.00146896154505561,0.08790521760954836,0.29073342951990033,0.25077248502819893,0.19239190707351767,0.17570372482485966,0.12712236432396473,0.22808491605179043,0.5302556601375669,0.36115027117580195,0.06660371448005485,0.13684446656953528,0.000808595310643197
