aaaaaa,aaaaad,aaaadd,aaaada,aaadda,aaaddd,aaadad,aaadaa,aaddaa,aaddad,aadddd,aaddda,aadada,aadadd,aadaad,aadaaa,addaaa,addaad,addadd,addada,adddda,addddd,adddad,adddaa,adadaa,adadad,adaddd,adadda,adaada,adaadd,adaaad,adaaaa,ddaaaa,ddaaad,ddaadd,ddaada,ddadda,ddaddd,ddadad,ddadaa,ddddaa,ddddad,dddddd,ddddda,dddada,dddadd,dddaad,dddaaa,dadaaa,dadaad,dadadd,dadada,daddda,dadddd,daddad,daddaa,daadaa,daadad,daaddd,daadda,daaada,daaadd,daaaad,daaaaa
8.711376174252665,88.43941801384432,4.119030225284333,53.95231787901029,42.28543017465403,0.09997461495316143,37.02429288482017,5.752580119336836,1.478129265995778,1.4870594313267052,0.8136098233441261,9.860304221721618,4.590755200549751,0.7320105573000028,2.1476613085189493,0.06033780509347017,1.2036579310702866,0.0017449740470260836,3.358437911632424,0.057246843409857126,0.8603481499733047,0.4843527939537077,2.3093670549530425,0.5981138409588677,0.6012100005402546,1.123081461179934,0.7518461951567152,3.154897979186145,1.3778337700579049,0.04922779216109816,0.48157285930057,0.05054883557967264,0.03300928480923294,0.014767756033214246,0.11443895465028073,0.004620631408974304,0.04652698433174939,0.0022134647188118447,0.1395457762995087,0.004376363216775181,0.04582360990343895,0.10721465873239812,0.18747021142990683,0.01699300313479877,0.021019935706805173,0.0019640101414917675,6.0026890734896416e-05,0.00024778427036075204,0.25008011155821225,0.0064436350960315,0.7446063323152687,0.0001243073947583377,0.056131328377199946,0.2301617378859878,0.29841549367754466,0.24009365147184883,0.1394400603471187,0.15685715539280026,0.19226080723978428,0.5684191147494205,0.38574904341894883,0.052066666377174435,0.13044327810954925,0.0004838425990091854
