aaaaaa,aaaaad,aaaadd,aaaada,aaadda,aaaddd,aaadad,aaadaa,aaddaa,aaddad,aadddd,aaddda,aadada,aadadd,aadaad,aadaaa,addaaa,addaad,addadd,addada,adddda,addddd,adddad,adddaa,adadaa,adadad,adaddd,adadda,adaada,adaadd,adaaad,adaaaa,ddaaaa,ddaaad,ddaadd,ddaada,ddadda,ddaddd,ddadad,ddadaa,ddddaa,ddddad,dddddd,ddddda,dddada,dddadd,dddaad,dddaaa,dadaaa,dadaad,dadadd,dadada,daddda,dadddd,daddad,daddaa,daadaa,daadad,daaddd,daadda,daaada,daaadd,daaaad,daaaaa
10.928735711856062,85.03953193514155,5.351451633969739,53.20817115014194,34.50215116092232,0.012211819648282881,32.4045638412007,5.663064700599569,0.6126257588653008,2.4869592503764157,0.7903320295792186,9.252898662047889,5.547748211931389,0.24211634475348984,1.7775800983918875,0.0549549024249771,1.0233364252628057,0.00611267860715938,2.9412363331094324,0.014240614083100381,0.3756038578046523,0.17637162507334253,2.180821295843658,0.6061428319936252,0.3669221509150555,1.3570619871600995,0.7003276840796082,2.9754073589461116,1.4138599440601725,0.012334545749465166,0.37513354096907053,0.04916526614728729,0.03823110797249023,0.012345456764535311,0.09717043266940405,0.009332832160009083,0.026620357384142226,8.180639189157984e-05,0.12068685709920339,0.003226956800435597,0.06416432335094605,0.07431789031926546,0.1846601275204477,0.014190372217278672,0.0026543708365722586,0.0015374304390919245,0.00023841763468512308,0.0004536562129496829,0.21435507075667604,0.012474098780587722,0.6577249062514834,0.00160697887160862,0.008429428257754482,0.11697926890907367,0.28823080796994216,0.24309417892121404,0.08149097808067977,0.21064536767363834,0.1821585009330284,0.5356229214151359,0.3950802012854498,0.0318631218596461,0.10426127245726378,0.0003294152548163597
