aaaaaa,aaaaad,aaaadd,aaaada,aaadda,aaaddd,aaadad,aaadaa,aaddaa,aaddad,aadddd,aaddda,aadada,aadadd,aadaad,aadaaa,addaaa,addaad,addadd,addada,adddda,addddd,adddad,adddaa,adadaa,adadad,adaddd,adadda,adaada,adaadd,adaaad,adaaaa,ddaaaa,ddaaad,ddaadd,ddaada,ddadda,ddaddd,ddadad,ddadaa,ddddaa,ddddad,dddddd,ddddda,dddada,dddadd,dddaad,dddaaa,dadaaa,dadaad,dadadd,dadada,daddda,dadddd,daddad,daddaa,daadaa,daadad,daaddd,daadda,daaada,daaadd,daaaad,daaaaa
8.333942223256237,84.39955759314678,3.4662674306180246,53.69098445646138,36.93637974232015,0.02673524140527528,34.86487487596876,5.798238201829208,0.3242184387438482,3.270825220009981,0.8331425514780851,9.057160952396666,6.245523420232601,0.14999211263992512,1.9522024126018909,0.0556324711613379,0.9987103322308415,0.0030930003438658523,2.8401172752900763,0.017073081656705492,0.3473314054479428,0.14168234250718043,2.2652388662832417,0.6293472951605242,0.2661996329669941,1.5987779189593265,0.7037505674231138,2.9644393459433163,1.5895281597732436,0.006064000959465019,0.4355320197160611,0.04782133844036614,0.03647971066506002,0.011569425974759122,0.09112800593102295,0.009362777523719367,0.024295300607882615,6.74113393901325e-06,0.12211290228373428,0.003218056354568542,0.0721083835925646,0.06603980659169281,0.1757998451939423,0.016433043776067045,0.0023257440926374453,0.0025266379933975972,0.00012585996999607847,0.0005229152551176244,0.2101731714573356,0.011385336381404711,0.636363128630883,0.0016318057159897849,0.006191957150013302,0.10326538894659655,0.2983616906503578,0.24819150424116876,0.05833522651494627,0.25609710584147266,0.18322054635235194,0.5299262876933548,0.4348608599298737,0.025165554269112857,0.11605247521356053,0.00032180086778551246
