aaaaaa,aaaaad,aaaadd,aaaada,aaadda,aaaddd,aaadad,aaadaa,aaddaa,aaddad,aadddd,aaddda,aadada,aadadd,aadaad,aadaaa,addaaa,addaad,addadd,addada,adddda,addddd,adddad,adddaa,adadaa,adadad,adaddd,adadda,adaada,adaadd,adaaad,adaaaa,ddaaaa,ddaaad,ddaadd,ddaada,ddadda,ddaddd,ddadad,ddadaa,ddddaa,ddddad,dddddd,ddddda,dddada,dddadd,dddaad,dddaaa,dadaaa,dadaad,dadadd,dadada,daddda,dadddd,daddad,daddaa,daadaa,daadad,daaddd,daadda,daaada,daaadd,daaaad,daaaaa
4.7759546491466605,86.71942331181947,1.8824122389046714,51.965225707160066,49.629883771985476,0.28622019083979117,43.72067292436056,6.489007228211337,1.7474709464839224,1.336332752467397,0.6237102268579969,10.606635586594518,4.481844205647017,0.9377719132662621,2.6278480941693294,0.07466881233396631,1.3649288877238608,0.026209848317736283,3.7481100127514124,0.1776586168131879,1.2853587083139295,0.7396886753897892,2.638657801831917,0.7189682249249697,0.6548723526776902,1.1132382363143045,0.6983473053676731,3.305753632056039,1.490113772228236,0.06554491982681322,0.6006794979397901,0.04153763971555319,0.034812361294693735,0.010233335105789883,0.10823089145668946,0.0034913158681619213,0.06233207797674391,0.005283688270505045,0.14612443824131496,0.0049067276816154885,0.03692640791897401,0.1225329650178419,0.1927332981999241,0.015329780213714318,0.034020487919550174,0.0043375988749973105,0.0006329069788364467,0.0002741359521399484,0.28151861811072304,0.0013663623568315997,0.832314570366873,0.00627121854817307,0.10290264503110542,0.2999195504152552,0.3563202717155982,0.28261156453688807,0.15501860901970374,0.14825363988553886,0.18158514957894728,0.5863700051739383,0.3967892167079341,0.05927462575871428,0.15472320398444986,0.0003654134293208599
