aaaaaa,aaaaad,aaaadd,aaaada,aaadda,aaaddd,aaadad,aaadaa,aaddaa,aaddad,aadddd,aaddda,aadada,aadadd,aadaad,aadaaa,addaaa,addaad,addadd,addada,adddda,addddd,adddad,adddaa,adadaa,adadad,adaddd,adadda,adaada,adaadd,adaaad,adaaaa,ddaaaa,ddaaad,ddaadd,ddaada,ddadda,ddaddd,ddadad,ddadaa,ddddaa,ddddad,dddddd,ddddda,dddada,dddadd,dddaad,dddaaa,dadaaa,dadaad,dadadd,dadada,daddda,dadddd,daddad,daddaa,daadaa,daadad,daaddd,daadda,daaada,daaadd,daaaad,daaaaa
8.300876569390478,93.18547980196344,3.624320301375,57.05534311519843,47.32954922079316,0.13046116416435438,40.30599823855346,5.812954829817727,1.7310141204931453,1.4448643281039382,1.0829605567837073,9.8142183815725,4.663575771048897,0.9409384206286427,2.3440792127203514,0.05425689325270102,1.3037810642574463,0.003274813861271023,3.4204285317125835,0.049521747762278245,1.0472223864815815,0.5900050254522111,2.3935550765197364,0.5799175732336731,0.6831244163016724,1.1475976249079156,0.8772982763534537,3.2187151101261016,1.4760219958068492,0.06367747727097622,0.5403428872980536,0.04946788995576529,0.03410431099406309,0.014968979569351335,0.11568426747623296,0.005305125414830689,0.05796740072939424,0.003610902739285111,0.14970907435271266,0.004042881121925957,0.044092321858723284,0.12249164083780792,0.1820071053347163,0.02413296900048837,0.032327456212805715,0.004999608336427339,0.0009253818418937364,1.6357891134694817e-05,0.2725603866096311,0.005095024426590148,0.7597807888334368,0.00025974917194966277,0.07676052997658456,0.2711055422963069,0.3086415675367174,0.24065760551514206,0.15831958997106266,0.15806653019221883,0.2216282238760682,0.578448850971403,0.41171575939367583,0.05993867419335461,0.1488351720406077,0.00059736135332632
