aaaaaa,aaaaad,aaaadd,aaaada,aaadda,aaaddd,aaadad,aaadaa,aaddaa,aaddad,aadddd,aaddda,aadada,aadadd,aadaad,aadaaa,addaaa,addaad,addadd,addada,adddda,addddd,adddad,adddaa,adadaa,adadad,adaddd,adadda,adaada,adaadd,adaaad,adaaaa,ddaaaa,ddaaad,ddaadd,ddaada,ddadda,ddaddd,ddadad,ddadaa,ddddaa,ddddad,dddddd,ddddda,dddada,dddadd,dddaad,dddaaa,dadaaa,dadaad,dadadd,dadada,daddda,dadddd,daddad,daddaa,daadaa,daadad,daaddd,daadda,daaada,daaadd,daaaad,daaaaa
10.03938202580245,92.1774290596311,4.768627277474124,57.27067422304778,40.197333152865895,0.05372696370216476,36.66062153283172,6.154854618960913,0.8855852705682684,2.3226465291410006,0.7234830843771725,10.526980803493423,5.6016488203087125,0.39444151329864807,2.104581893337492,0.06813032512087688,1.1899418332422131,0.0012711531584391703,3.3578785059718586,0.03879152364299562,0.5817093540720923,0.30024426400437615,2.4202127501235253,0.6702545667242423,0.4565952023135224,1.3899443685435415,0.7186080595183779,3.3345187870237316,1.5090902088153568,0.023319770765891208,0.4524882945316045,0.053483489140490933,0.040179299943105796,0.012916392038179453,0.10894737124880231,0.007926350774893388,0.035135028620706464,0.0005991472215645184,0.13339609832995342,0.003756825417604203,0.061424839935322294,0.08963061225235265,0.20379801476871867,0.014164401858046105,0.007313158821079121,0.0002651169339323344,0.0001969072457305522,0.000791766339478374,0.2444792194933585,0.009833148633118304,0.7535639935832675,0.00011980348937299583,0.023669695064974672,0.1669892685441389,0.3164913996889383,0.2643425785280761,0.10470499197434169,0.20676965385027896,0.18639458784175317,0.6011498951615172,0.42076621294131455,0.03983541965860361,0.12033818603209934,0.0003188324220560543
