aaaaaa,aaaaad,aaaadd,aaaada,aaadda,aaaddd,aaadad,aaadaa,aaddaa,aaddad,aadddd,aaddda,aadada,aadadd,aadaad,aadaaa,addaaa,addaad,addadd,addada,adddda,addddd,adddad,adddaa,adadaa,adadad,adaddd,adadda,adaada,adaadd,adaaad,adaaaa,ddaaaa,ddaaad,ddaadd,ddaada,ddadda,ddaddd,ddadad,ddadaa,ddddaa,ddddad,dddddd,ddddda,dddada,dddadd,dddaad,dddaaa,dadaaa,dadaad,dadadd,dadada,daddda,dadddd,daddad,daddaa,daadaa,daadad,daaddd,daadda,daaada,daaadd,daaaad,daaaaa
9.798810079883765,93.89710082524914,4.6789324276768065,57.439995343732754,44.34375658264495,0.10179685637485188,37.8845744866969,5.742644512758596,1.6734732304510662,1.4611182406119607,0.9746678005105553,10.069833054191331,4.592287880777518,0.8736169376553864,2.213219631312629,0.059830341686163496,1.2858567975355712,0.0017763034650930742,3.486051838401789,0.047736461457188205,0.9504059810898395,0.5470608443735816,2.3317426068820732,0.5777117628897188,0.6664208004684906,1.1447020264213104,0.8433183400830507,3.2486422959084877,1.4095301659504824,0.05804667894050154,0.48696493142807123,0.05109960264071608,0.03412008193257113,0.01655473711560831,0.11934470769847316,0.005536359364036561,0.05159316393749246,0.002839013541144614,0.1432834415220853,0.003773987015852134,0.04492771500966029,0.11938698948495317,0.19012693959840485,0.020729335955223145,0.026052583970898296,0.0035538070582047795,0.00017744772733713186,6.0241080303980264e-05,0.26893545124412677,0.006489110287693244,0.7701720368706799,0.00027368914669777435,0.06524847929950744,0.25670305325669834,0.2973370431334423,0.23750454809597565,0.15491560930388795,0.15794579215930069,0.21258959823429094,0.5878603153187418,0.3954499972566954,0.05907626512589375,0.13614081467941502,0.0005418172207889199
