aaaaaa,aaaaad,aaaadd,aaaada,aaadda,aaaddd,aaadad,aaadaa,aaddaa,aaddad,aadddd,aaddda,aadada,aadadd,aadaad,aadaaa,addaaa,addaad,addadd,addada,adddda,addddd,adddad,adddaa,adadaa,adadad,adaddd,adadda,adaada,adaadd,adaaad,adaaaa,ddaaaa,ddaaad,ddaadd,ddaada,ddadda,ddaddd,ddadad,ddadaa,ddddaa,ddddad,dddddd,ddddda,dddada,dddadd,dddaad,dddaaa,dadaaa,dadaad,dadadd,dadada,daddda,dadddd,daddad,daddaa,daadaa,daadad,daaddd,daadda,daaada,daaadd,daaaad,daaaaa
7.188537185443706,86.39509973398283,2.9703295727430685,53.21674958334207,43.95289700684674,0.10081689706067386,38.30787766572614,5.565074848674612,1.2502301521281292,1.712215864735874,0.9992955576868834,9.111976294460504,4.859152316255416,0.6713442663187577,2.2205409922923494,0.0519545174861239,1.1611305031145474,0.001492286090288713,3.085206694910202,0.03852600972958249,0.8306969414215074,0.43869240227483935,2.2816209146514788,0.5654343546396718,0.5501663934223844,1.181306090800466,0.79519361848637,3.0176445177055453,1.4562524158820276,0.046058639533364025,0.5298582494227602,0.05002247800551994,0.03396367667822007,0.012101841359236329,0.10180993934034793,0.005916033956364836,0.04903364156616531,0.0022192936218925607,0.14049608310873543,0.004025343038367463,0.04785935673447438,0.10276938048351844,0.17228748006181704,0.021141663954146087,0.022669843715605303,0.0018981773330769107,0.000684588815546952,2.8193298520890573e-05,0.24319290513612676,0.005764567161895299,0.6887606537302338,0.0003317286985038912,0.05382592992726261,0.2165274950245574,0.2960524415517902,0.23131572097047756,0.12485685703652681,0.17087611526034266,0.20455385703122123,0.537505696411865,0.41098737238544414,0.046421132147994225,0.13894110011647157,0.00045313140373135565
