aaaa,aaad,aadd,aada,adda,addd,adad,adaa,ddaa,ddad,dddd,ddda,dada,dadd,daad,daaa
226.68453843887613,45.47241181404646,2.8310237275170937,8.399574194952695,0.9629717685016119,1.0669070013485629,0.68756865477114,0.028211839650971574,0.11599811781576776,0.02647384592279034,0.49547162185993293,0.05678403473702864,0.06338650108935931,0.08401977223186075,0.010713485048449961,0.004258736301676878
