aaaa,aaad,aadd,aada,adda,addd,adad,adaa,ddaa,ddad,dddd,ddda,dada,dadd,daad,daaa
250.3634303897985,50.498022318675346,2.980102155485643,8.559519298793598,0.9058873887214829,1.2923932528712228,0.7820373392836422,0.037523765581380576,0.1267290559320247,0.028478420955722922,0.5570805091476883,0.059082823408297555,0.07233697428206494,0.09579318078780046,0.011760318224238045,0.005128907898999442
