aaaa,aaad,aadd,aada,adda,addd,adad,adaa,ddaa,ddad,dddd,ddda,dada,dadd,daad,daaa
231.87555086735054,44.17950946903515,3.9190897651016168,8.984159345276117,1.0670106372463852,0.9389180955439703,0.6516451751171499,0.025447707554923735,0.10704262212374324,0.028936142967342496,0.49826383828537024,0.05905135018210896,0.05579588558647953,0.08097799902078152,0.009804489085931626,0.0037175086724887856
