aaaa,aaad,aadd,aada,adda,addd,adad,adaa,ddaa,ddad,dddd,ddda,dada,dadd,daad,daaa
224.43598569514054,45.43278563117983,3.2045482639400267,9.014953260273694,1.0890655732638994,0.9968077482386195,0.6847184981109427,0.025039677917940515,0.11146930954319981,0.027882006788259524,0.48504615393512457,0.059361256093931385,0.05996687148257615,0.08342508753018368,0.010492399406300734,0.003899713874493311
