aaaa,aaad,aadd,aada,adda,addd,adad,adaa,ddaa,ddad,dddd,ddda,dada,dadd,daad,daaa
208.62210254585983,41.20129611835653,3.172841853486623,7.9915077868694295,0.8909610536462139,0.89550466105058,0.6224710121027582,0.026014149522270498,0.0940490375819359,0.025722266094470057,0.4522356407991491,0.05274252404067389,0.051037536673337824,0.07654096256981865,0.008885480170292207,0.003598395722832138
