aaaa,aaad,aadd,aada,adda,addd,adad,adaa,ddaa,ddad,dddd,ddda,dada,dadd,daad,daaa
207.42183669140752,39.0179102254905,2.958812277442098,7.855731811195967,1.0592158089937238,0.8516938222049875,0.5542732965827384,0.01872063692538662,0.115979301765771,0.02302464351308863,0.43993014557139254,0.051048052142768835,0.057447631098736227,0.06531342191924779,0.010035323251343889,0.0033067036975435093
