aaaa,aaad,aadd,aada,adda,addd,adad,adaa,ddaa,ddad,dddd,ddda,dada,dadd,daad,daaa
214.30756404563982,44.983222111072905,2.6705139141413263,7.4017526466450105,0.7634341562034707,1.1819643299774232,0.7024101316725258,0.036955057438538545,0.10496384277323771,0.02637381253737187,0.47879495425774826,0.05295250741396978,0.06527158968203348,0.09150298616092332,0.00996644808548398,0.004599938112798257
