aaaa,aaad,aadd,aada,adda,addd,adad,adaa,ddaa,ddad,dddd,ddda,dada,dadd,daad,daaa
263.459731716033,52.112688087766834,3.8559758307131293,10.727750875670267,1.407742767139631,1.128189903795748,0.7640045625999504,0.025281424422816483,0.14126978066656284,0.031386254762017465,0.5610535632375893,0.06951415325727814,0.07269436059900905,0.09075799422899528,0.012753622845083117,0.004277647340560139
