aaaa,aaad,aadd,aada,adda,addd,adad,adaa,ddaa,ddad,dddd,ddda,dada,dadd,daad,daaa
235.5832818614381,49.33492338396963,2.9514314611745514,8.561568242466125,1.0742369763707196,1.318369586551706,0.758283141821748,0.03397705957178979,0.13111840177674697,0.027582193082801024,0.516214312754931,0.061168163296115734,0.07663733023836161,0.09694936988144623,0.012391366702865211,0.0048336297320926485
