aaaa,aaad,aadd,aada,adda,addd,adad,adaa,ddaa,ddad,dddd,ddda,dada,dadd,daad,daaa
225.64367823061752,42.578748780257264,2.717067965350041,7.1401831897812285,0.7835759145129028,1.0943912513455312,0.6461443270826109,0.029099215371739737,0.12072054521303523,0.021903719320015277,0.4975608649262907,0.047433854938356106,0.06321941197548413,0.07189412305027858,0.010810483908825443,0.004229309998306347
