aaaa,aaad,aadd,aada,adda,addd,adad,adaa,ddaa,ddad,dddd,ddda,dada,dadd,daad,daaa
203.63368956800943,39.00045537066388,3.9054979715527818,8.478287505611313,1.098582730467733,0.7908666116940818,0.5630061343508521,0.019155194576973556,0.0982394410414345,0.026093208580829787,0.431746293205856,0.054524380315921814,0.04942526183983358,0.07026112842626299,0.008929904956519,0.00301419209495002
