aaaa,aaad,aadd,aada,adda,addd,adad,adaa,ddaa,ddad,dddd,ddda,dada,dadd,daad,daaa
237.07163278456778,46.20000703991077,2.795247517295374,8.234967653061952,0.9584559628483469,1.129092334735524,0.692006343230689,0.028485355271222427,0.128955710819561,0.02534488002323177,0.5181070618346998,0.05543387440918516,0.06855755428011039,0.081635736664865,0.011601508426086815,0.004461468975218256
