aaaa,aaad,aadd,aada,adda,addd,adad,adaa,ddaa,ddad,dddd,ddda,dada,dadd,daad,daaa
247.54113237042395,51.79285444571425,3.4117554084987276,7.7815508386292365,0.7546663927187778,1.5401678346070748,0.8218666400879107,0.051519982589002006,0.12707686555095382,0.028612217962557217,0.5669859089268207,0.054880222475598116,0.08204780284074435,0.10729362408073521,0.01164845441784189,0.00580463193044746
