aaaa,aaad,aadd,aada,adda,addd,adad,adaa,ddaa,ddad,dddd,ddda,dada,dadd,daad,daaa
227.1081904295105,45.47756089384155,2.8081566954536226,8.002417034262102,0.8444355419727434,1.1018035252529543,0.7002725285016311,0.032513747618664296,0.1097840810171266,0.026366051260946165,0.5019696987028575,0.05447129065907453,0.06167843705309726,0.08536368889294131,0.010256922579565618,0.0044357642545047584
