aaaa,aaad,aadd,aada,adda,addd,adad,adaa,ddaa,ddad,dddd,ddda,dada,dadd,daad,daaa
222.43651325960872,44.882786883235724,2.8402465939735277,8.326422635778131,0.9422625460973323,1.0425467241678659,0.6823449726940319,0.028214323243334328,0.11105560326310798,0.026381447067113577,0.4865795234544414,0.056108481166802816,0.06109754643909035,0.08350759946179115,0.010360875224644581,0.0041727856109322085
