aaaa,aaad,aadd,aada,adda,addd,adad,adaa,ddaa,ddad,dddd,ddda,dada,dadd,daad,daaa
210.10029867689153,43.21316352941756,2.5354817024371057,7.6480329452129325,0.8746347165768676,1.07876366247066,0.6617040311087008,0.029667427410319695,0.10814311814806124,0.025640329189730422,0.4619775138551696,0.053977032600677835,0.06274095015111766,0.0847296926022187,0.01002417342096383,0.00423052445665354
