aaaa,aaad,aadd,aada,adda,addd,adad,adaa,ddaa,ddad,dddd,ddda,dada,dadd,daad,daaa
214.31029732340787,38.75111014950768,2.95132569592053,6.9824728502163,0.7815737004179111,0.9447882412034481,0.570922734954575,0.025915235869806354,0.1081173702327395,0.022107867981096097,0.4696838600573405,0.04637761415372045,0.055285331937550475,0.06710157930669944,0.009572280410771997,0.0037786889825306507
