aaaa,aaad,aadd,aada,adda,addd,adad,adaa,ddaa,ddad,dddd,ddda,dada,dadd,daad,daaa
216.92394282591752,43.92753151714215,2.557432375754409,7.755887281160703,0.911814200121265,1.1115500011691761,0.6651550158124311,0.02922809712005181,0.1165490575779044,0.025654730154884703,0.4760482582164012,0.0547977653777823,0.06635791261389692,0.08475172891642126,0.010614830018192262,0.004341142147855939
