aaaa,aaad,aadd,aada,adda,addd,adad,adaa,ddaa,ddad,dddd,ddda,dada,dadd,daad,daaa
245.1602421886412,49.53689934203161,3.387748016407807,9.96969895710225,1.2464496803431055,1.0987008991021108,0.737593325498731,0.026143276145799938,0.12624661370816354,0.030959057959267546,0.52697237068115,0.06660806260751818,0.06802946619171832,0.09206803265277776,0.01168200108618093,0.0042965965226358935
