aaaa,aaad,aadd,aada,adda,addd,adad,adaa,ddaa,ddad,dddd,ddda,dada,dadd,daad,daaa
241.86326044939395,50.68697534815731,3.0762783879776303,7.922789799729978,0.7690181681181909,1.3913649695121255,0.8071623517080897,0.04982505765831922,0.11723029431918121,0.029588338396500675,0.5452940333147621,0.05872401591326756,0.07725504733895677,0.10588407101190847,0.010992105813398713,0.005078605047121238
