aaaa,aaad,aadd,aada,adda,addd,adad,adaa,ddaa,ddad,dddd,ddda,dada,dadd,daad,daaa
226.69120870786483,44.51771551338667,3.162863303987199,8.521559601388256,0.9939867254413136,0.9966265475169149,0.6678999309541097,0.02648275526995012,0.11202341893118005,0.026549993388052664,0.4930033572807822,0.056215742926159204,0.05937150120614583,0.08023102340432822,0.010347470832045727,0.0039564090478568705
