aaaa,aaad,aadd,aada,adda,addd,adad,adaa,ddaa,ddad,dddd,ddda,dada,dadd,daad,daaa
216.3772859828309,42.48053116040204,2.6337394109015886,7.890746548602337,0.9404850559478936,1.0092407589842203,0.6339807518271835,0.025441101703110067,0.1146937105109504,0.024985807514150183,0.47060795502385394,0.05371966547217794,0.06157506405029259,0.07767114694987574,0.010270910955344974,0.004023813654211965
