aaaa,aaad,aadd,aada,adda,addd,adad,adaa,ddaa,ddad,dddd,ddda,dada,dadd,daad,daaa
221.88229046696983,41.385507129754934,3.329182056548744,8.32680365059056,1.0824436071418955,0.9031390831939714,0.5900725443663373,0.02108931242302392,0.11876782387271442,0.025187042531773843,0.474330230735363,0.05437339256943387,0.05928877397887998,0.07122921567251757,0.010363877204272013,0.0035737505021995824
