aaaa,aaad,aadd,aada,adda,addd,adad,adaa,ddaa,ddad,dddd,ddda,dada,dadd,daad,daaa
238.3353428472357,46.44107743232437,3.060699273493243,8.111670875526334,0.8204722460360366,1.1253986148001982,0.7147866925745222,0.03483479305320363,0.11092824191379036,0.02682326605075821,0.5278915137556893,0.054714732977894566,0.06129096712643246,0.0858213078679844,0.01033696832921502,0.004564444641852177
