aaa,aad,add,ada,dda,ddd,dad,daa
266.2805477110243,52.5711783058818,5.810675949482707,0.3439941452108909,0.199946341176689,0.45760811096842835,0.038676160228168485,0.04557917297095406
