aaa,aad,add,ada,dda,ddd,dad,daa
301.3013342641246,73.77248873600993,8.085547541729063,0.3012366506200479,0.2282406377816601,0.6147356610653256,0.04105025562407025,0.05168944288970344
