aaa,aad,add,ada,dda,ddd,dad,daa
280.9801469005734,53.41300679805759,5.79249116416398,0.3597605619809243,0.2037328146252868,0.47723198179092474,0.039040809193281664,0.0474290510695651
