aaa,aad,add,ada,dda,ddd,dad,daa
285.270333361698,62.92405639682362,6.8453176834942395,0.36262154826717713,0.20738714808550768,0.516147951428457,0.05351034017962301,0.04933857342530963
