aaa,aad,add,ada,dda,ddd,dad,daa
311.784292675893,49.58276842352943,5.803848419813671,0.4680008603140565,0.22931300220287534,0.503277127676195,0.04318667579588115,0.050657691879881825
