aaa,aad,add,ada,dda,ddd,dad,daa
252.40083047805473,48.64118684151961,5.570513131867677,0.35636934892537453,0.19729407707850255,0.43200392388751424,0.03880986344866221,0.0428461957052735
