aaa,aad,add,ada,dda,ddd,dad,daa
253.6710574580381,52.75747093166734,5.748836470898986,0.3575795398498921,0.19365072290295204,0.4434713093741371,0.040114655565735235,0.04611821749272875
