aaa,aad,add,ada,dda,ddd,dad,daa
268.31902115443535,51.55224096448893,5.620903298524467,0.34859936079469483,0.21105788544477963,0.455799672315568,0.03909368637782678,0.045528625041915745
