aaa,aad,add,ada,dda,ddd,dad,daa
287.80600139302624,42.292296372531474,5.01747215337776,0.39704774419350686,0.22743469944219658,0.44787011300961244,0.04063102472120048,0.04658738285609687
