aaa,aad,add,ada,dda,ddd,dad,daa
314.74403515842613,62.32543122758188,6.7272343451456145,0.3769010611960573,0.22655452167788157,0.5426691694756463,0.04589499207538872,0.05567603122171771
