aaa,aad,add,ada,dda,ddd,dad,daa
254.09991775175027,45.80145255034161,5.180531328658894,0.38859491957462866,0.19291718190729185,0.42151433359135265,0.03765008259793687,0.041937084182414715
