aaa,aad,add,ada,dda,ddd,dad,daa
248.80628599810146,55.86776430699878,5.826608043796645,0.21671935812271345,0.18705011385261644,0.47753277411466166,0.0326191932416878,0.04399550247421361
