aaa,aad,add,ada,dda,ddd,dad,daa
253.2560265834363,57.43740620181378,6.399143729272606,0.26320638768177024,0.19275047999929545,0.5029812316236076,0.036957254141103624,0.04345275989019367
