aaa,aad,add,ada,dda,ddd,dad,daa
285.81515654151576,39.57838175002381,4.77461833082128,0.48259547917718226,0.20453271976194004,0.43389596805584596,0.037959805563683426,0.04338419724828766
