aaa,aad,add,ada,dda,ddd,dad,daa
244.99742464781377,40.516962045758746,4.428139547375408,0.3238949919846394,0.18141898890995353,0.39880747467176364,0.031970191763361376,0.04004061135779836
