aaa,aad,add,ada,dda,ddd,dad,daa
279.7710729944195,56.050544637775175,6.228346384270642,0.3661759498206737,0.21150275537861832,0.48248767380358343,0.04160134770230879,0.0484338482455505
