aaa,aad,add,ada,dda,ddd,dad,daa
247.62232764340536,35.852192851673244,4.181223340866239,0.3448774935203744,0.19180549928205712,0.3893303926018417,0.03184645062041624,0.04081742145353982
