aaa,aad,add,ada,dda,ddd,dad,daa
236.1262985285892,43.76373522649969,4.577007594145786,0.26242314129091787,0.16676553457598758,0.3969598375338671,0.03091962576462645,0.04010651232021022
