aaa,aad,add,ada,dda,ddd,dad,daa
243.49225592734138,45.6979886974377,4.922546701503236,0.3474455062662736,0.17670438726069745,0.4081602970856599,0.03332617298888982,0.03971563711651031
