aaa,aad,add,ada,dda,ddd,dad,daa
282.42914405782597,65.55610770870358,7.0047459803092575,0.2680163894887139,0.21303714780727248,0.5488168364976154,0.038626178799067996,0.04951134917825862
