aaa,aad,add,ada,dda,ddd,dad,daa
288.5983882557242,56.40449298656506,5.9261940628125345,0.32589606477631133,0.20922403460830252,0.4903527626507302,0.04090627329454941,0.050683506572006966
