aaa,aad,add,ada,dda,ddd,dad,daa
257.5816416628115,54.74162531583398,5.753394730344992,0.2200956265751504,0.19760011139567243,0.4856069700329696,0.033936856563652924,0.045906322454558765
