aaa,aad,add,ada,dda,ddd,dad,daa
259.4083329847306,57.33079090049106,6.314754318244188,0.31798344543059487,0.18424470757388067,0.4823675666718221,0.04566798080142145,0.04380834793314183
