aaaa,aaad,aadd,aada,adda,addd,adad,adaa,ddaa,ddad,dddd,ddda,dada,dadd,daad,daaa
75.3599435834416,187.05886697484155,38.90197246823983,6.6108168697372145,1.0736178645500658,2.391969813027021,1.1404443463296836,0.33299175861007163,0.13080048078973444,0.06112076946581586,0.4021527334921683,0.4340459574918593,0.06488943482160456,0.3682559586629032,0.047102398685575086,0.06342314505576167
