aaaa,aaad,aadd,aada,adda,addd,adad,adaa,ddaa,ddad,dddd,ddda,dada,dadd,daad,daaa
82.88447498133934,203.96950999565783,41.230748880577075,7.123071921871417,1.1067023281742756,2.542641065664765,1.2259575588183846,0.3547614058996524,0.14799650011800786,0.06535744140687519,0.44660925143067187,0.4594069907244185,0.07185028929003114,0.39691021664174764,0.052338745014301066,0.06916229880048783
