aaaa,aaad,aadd,aada,adda,addd,adad,adaa,ddaa,ddad,dddd,ddda,dada,dadd,daad,daaa
77.15028980659218,187.14087701190675,38.24774538897508,7.031580418847561,1.0908181621834283,2.24456953157699,1.1778118514740932,0.35498644197893764,0.12956809716672768,0.05802280687476367,0.4172494831356422,0.42647956969620104,0.05516069366542327,0.3677760557255988,0.048446757987644036,0.06621440145067375
