aaaa,aaad,aadd,aada,adda,addd,adad,adaa,ddaa,ddad,dddd,ddda,dada,dadd,daad,daaa
78.45231838671462,185.23145033855036,39.05012526740275,6.861140298019212,1.1916763234004426,2.2193647929052314,1.2447551398881735,0.33040109106552773,0.14281914847578506,0.05893515807268843,0.413812078908646,0.4420746439855925,0.06090254543872018,0.37416218709268223,0.051311535534678064,0.06480973810879537
