aaaa,aaad,aadd,aada,adda,addd,adad,adaa,ddaa,ddad,dddd,ddda,dada,dadd,daad,daaa
79.04628445107838,187.95389162882392,50.000536509677204,8.426658414842711,2.504602768585054,2.4006851157499267,1.6802034902178165,0.37075984831378983,0.14689379283639964,0.07101974162184015,0.3536488623694392,0.6567188309163517,0.07957530424212603,0.4268191246022051,0.055642419916017025,0.06663941876705273
