aaaa,aaad,aadd,aada,adda,addd,adad,adaa,ddaa,ddad,dddd,ddda,dada,dadd,daad,daaa
87.59338435857792,197.07330874667468,51.00579814775881,10.165422935912908,2.7827323480180812,2.382344356340282,1.792751009592845,0.4572471893194396,0.13544758287282987,0.0702250029540543,0.37286219317520225,0.7052986911451306,0.06192008768723714,0.4369043959088186,0.056336504642426885,0.07427323455441366
