aaaa,aaad,aadd,aada,adda,addd,adad,adaa,ddaa,ddad,dddd,ddda,dada,dadd,daad,daaa
72.7893819175365,164.79588909486463,32.907455949912304,6.327842558033897,1.012101818677975,1.8023248220516628,1.1100097166480214,0.300459912720849,0.13091257757109917,0.048740881274098175,0.3866635910871476,0.3774346191185297,0.046876413583808535,0.32758891832383275,0.047669897719582126,0.05979336136192663
