aaaa,aaad,aadd,aada,adda,addd,adad,adaa,ddaa,ddad,dddd,ddda,dada,dadd,daad,daaa
75.33910926848213,182.28728896294334,38.85705392990073,6.9467001451091,1.2509504679230516,2.1967607994222935,1.211025455488516,0.34280945418889175,0.13036031864040823,0.05890529101220209,0.39220400097892416,0.4552590938549414,0.055014839030831486,0.36608933058591264,0.04783745111851329,0.0642057686807206
