aaaa,aaad,aadd,aada,adda,addd,adad,adaa,ddaa,ddad,dddd,ddda,dada,dadd,daad,daaa
76.89169881086703,172.44461573943153,39.516207087214866,7.928868570191154,1.847845907032147,1.8735288682525846,1.4592522118911868,0.3456221000218126,0.14511127888312772,0.054596274496947796,0.3711588988900113,0.5228669505418011,0.051232479750934694,0.37184908076167955,0.05538654347067648,0.06541535499563983
