aaaa,aaad,aadd,aada,adda,addd,adad,adaa,ddaa,ddad,dddd,ddda,dada,dadd,daad,daaa
76.4804292893489,195.13858215501097,30.792660330422855,6.148747485814937,0.5612870247182377,2.2631100852645853,0.8737894484927317,0.3193600048187012,0.13273975181266362,0.054857575354381835,0.4466120616931802,0.3309375499064349,0.07591284005922701,0.3278257765891926,0.04815339840241994,0.0641867958652146
