aaaa,aaad,aadd,aada,adda,addd,adad,adaa,ddaa,ddad,dddd,ddda,dada,dadd,daad,daaa
85.98121301118903,198.01823810819027,46.047010373793036,9.658478953848656,2.2782833098865662,2.1779459432487975,1.6605075486840921,0.4239748975153783,0.15532968393460658,0.06322220591876943,0.40946075035173307,0.6384379003310138,0.05327417534131485,0.42962041835974807,0.06127715047638297,0.07573169978425753
