aaaa,aaad,aadd,aada,adda,addd,adad,adaa,ddaa,ddad,dddd,ddda,dada,dadd,daad,daaa
75.19617066727601,169.7604871333543,39.90172274400714,9.077787341937729,2.186944358129139,1.844021032545877,1.53390646238276,0.39425066664378594,0.12897270333888178,0.05304626021200434,0.35455359499301226,0.5614341363421679,0.04194770580635123,0.3703481718460935,0.05393755536681333,0.06752675676625487
