aaaa,aaad,aadd,aada,adda,addd,adad,adaa,ddaa,ddad,dddd,ddda,dada,dadd,daad,daaa
72.93439109122289,172.635766324104,30.239582032858845,6.503537169063772,0.8262209859043708,1.777904345150394,0.9832766616127826,0.3223780170800367,0.12426123331129015,0.047294527854940684,0.40669827725524227,0.35119771001690075,0.04590074614831188,0.31759034579054857,0.04558882628712209,0.06254427757190605
