aaaa,aaad,aadd,aada,adda,addd,adad,adaa,ddaa,ddad,dddd,ddda,dada,dadd,daad,daaa
70.98009915225887,186.6149484422598,28.454070889505427,5.630383036681499,0.49050718150929395,2.2210319917203587,0.7752579727982153,0.2958725269424287,0.12348432791729874,0.05328105302565417,0.41373628179148525,0.3119420128575659,0.07861191679955788,0.3043633340400336,0.045446968604032106,0.05958696321906835
