aaaa,aaad,aadd,aada,adda,addd,adad,adaa,ddaa,ddad,dddd,ddda,dada,dadd,daad,daaa
68.11169968423108,167.6765298284875,33.68532208104666,5.92012214326568,0.8631992423938796,2.090352598042246,0.999599377989068,0.29966252349973915,0.11781802068405176,0.052761193729419203,0.3730652918898653,0.36577411556694495,0.05599680335647198,0.3249721712210179,0.04262552546421041,0.05744288850484872
