aaaa,aaad,aadd,aada,adda,addd,adad,adaa,ddaa,ddad,dddd,ddda,dada,dadd,daad,daaa
82.05104781976029,201.63082245834596,35.95682154540786,7.259284984556838,0.9283147551250702,2.2384049618233277,1.0895190560913033,0.3689235405618598,0.13746391099786393,0.058244886141080365,0.45550598813749643,0.4141166120376939,0.06018662043457045,0.3672323088258442,0.05013610978412003,0.07044857745921095
