aaaa,aaad,aadd,aada,adda,addd,adad,adaa,ddaa,ddad,dddd,ddda,dada,dadd,daad,daaa
74.43872950618218,174.65147940956885,35.44637162177607,6.471553427436106,1.0242435722269017,2.033698127577264,1.1385483146868338,0.3142226661436447,0.13372269868635045,0.05360398192560505,0.39991577329976885,0.3960287605782409,0.05469122003415373,0.346483708862462,0.048339910838498916,0.06187879473386159
