aaaa,aaad,aadd,aada,adda,addd,adad,adaa,ddaa,ddad,dddd,ddda,dada,dadd,daad,daaa
206.40091556645552,82.65115142928202,22.091575594025656,0.9524866228509381,3.2946255249671346,1.135067360546016,0.31243238095538517,0.01956452407013076,0.1364004930040179,0.07426774755149405,0.00997296874191496,0.17786728102461177,0.05667263755140638,0.015583118669380449,0.02333855141563168,0.005802671905431266
