aaaa,aaad,aadd,aada,adda,addd,adad,adaa,ddaa,ddad,dddd,ddda,dada,dadd,daad,daaa
206.00378318644232,84.53186867814105,19.268515077468216,0.9046216175308686,2.970086838573486,1.0504795824964313,0.32040195703947283,0.017004783653807722,0.1304669856643294,0.07953375359800355,0.009799849964577969,0.16965175855770356,0.05402636584761942,0.010936496428393568,0.021014220323110105,0.005718200309030439
