aaaa,aaad,aadd,aada,adda,addd,adad,adaa,ddaa,ddad,dddd,ddda,dada,dadd,daad,daaa
200.6305131137557,82.11913634828416,14.779242384919408,0.9156596516557832,2.410250384333473,0.7742683629673406,0.2871786973795732,0.01309267406074188,0.12239245152550889,0.07942954563105396,0.009019716021899275,0.15620711175522,0.04803002919082471,0.0055722755301052815,0.015752907306897924,0.005505803146197118
