aaaa,aaad,aadd,aada,adda,addd,adad,adaa,ddaa,ddad,dddd,ddda,dada,dadd,daad,daaa
191.94979725037595,72.8602329349909,22.162539495612346,1.1329870155860422,3.1255418921241973,0.9715666864300029,0.23325183037715896,0.01909770058796086,0.12652548391754265,0.06878759663552744,0.010270550956047382,0.16357696923902135,0.05420634585671761,0.01880656122261132,0.021671136957148576,0.005360333600880361
