aaaa,aaad,aadd,aada,adda,addd,adad,adaa,ddaa,ddad,dddd,ddda,dada,dadd,daad,daaa
181.40055996113895,75.6984467448042,12.870826962013176,0.7852080624948103,2.1437602722642564,0.6775700433256627,0.29546761910324587,0.011766181141179078,0.11525826160326642,0.06732425497981369,0.008310162921856618,0.14380856802654532,0.043406219600099986,0.004212995721185287,0.015379823008299029,0.004948368627372079
