aaaa,aaad,aadd,aada,adda,addd,adad,adaa,ddaa,ddad,dddd,ddda,dada,dadd,daad,daaa
246.09782516468843,89.97381254657614,31.3690176998571,2.275311946557688,4.512218468597264,1.1784840090239443,0.2758146831995551,0.030199536566568517,0.16878505543625402,0.08018381857396724,0.01344549882656036,0.2171389711519413,0.07778756929867812,0.031886259743635015,0.030953113686074906,0.007161600607666947
