aaaa,aaad,aadd,aada,adda,addd,adad,adaa,ddaa,ddad,dddd,ddda,dada,dadd,daad,daaa
253.56817663577147,103.18619206868611,17.749371790581847,1.1499354110036777,2.8930525559761926,0.8961036276281958,0.3552074462455372,0.016335420296357477,0.1529137535913683,0.10085745923190959,0.011743274039518902,0.19206933380034438,0.05915103219230217,0.006111454601444041,0.01949531608385874,0.006805848207480209
