aaaa,aaad,aadd,aada,adda,addd,adad,adaa,ddaa,ddad,dddd,ddda,dada,dadd,daad,daaa
193.64910971172478,83.93358424040679,14.417985451896552,0.8443550496722785,2.523994626474756,0.8584172468011996,0.3747200160112967,0.013682956605416349,0.12870687616800075,0.06790698928232704,0.00817311770513333,0.1627483710662681,0.04886472490946844,0.0045625550298408184,0.017837261924269383,0.004930771832499392
