aaaa,aaad,aadd,aada,adda,addd,adad,adaa,ddaa,ddad,dddd,ddda,dada,dadd,daad,daaa
244.157677049025,94.82957482836672,21.44633478510408,1.1844884613229094,3.201724135958041,0.9226124562442136,0.2861619165230184,0.018504430410576138,0.15172339810318278,0.09355440572540087,0.013159926404504124,0.18848501579267318,0.06121353848253167,0.012889529313212425,0.02320170759700246,0.006280926457230251
