aaaa,aaad,aadd,aada,adda,addd,adad,adaa,ddaa,ddad,dddd,ddda,dada,dadd,daad,daaa
196.17415322042595,74.55552016289397,19.66929554416349,0.9524149438430289,2.6778144171524603,0.8525129617253749,0.23458535834373764,0.01497831475663107,0.12760468361326258,0.06883850696522449,0.010900360227918335,0.15755313548862773,0.051192176932992606,0.012767959492301247,0.02081230214898996,0.005116493825091967
