aaaa,aaad,aadd,aada,adda,addd,adad,adaa,ddaa,ddad,dddd,ddda,dada,dadd,daad,daaa
221.00758478242878,90.70372056781883,21.42371079478054,0.9801156382046641,3.2516703562320974,1.2094126548672546,0.3491001290698183,0.018672496405715135,0.13993455800364343,0.08607668838577666,0.01052616487702045,0.18396140427761026,0.05866605025496401,0.012519810874757972,0.022704278436181953,0.006140461058905497
