aaaa,aaad,aadd,aada,adda,addd,adad,adaa,ddaa,ddad,dddd,ddda,dada,dadd,daad,daaa
217.35216514575754,81.62768033531235,23.226331487420854,1.540337395440854,3.398929358307579,0.890067942318821,0.23489150168675788,0.02107807383851236,0.14123532084252524,0.0783995686768081,0.012070124737497799,0.17830153229013374,0.061693665606813476,0.019934888280246445,0.023576123308168342,0.006175776330016982
