aaaa,aaad,aadd,aada,adda,addd,adad,adaa,ddaa,ddad,dddd,ddda,dada,dadd,daad,daaa
196.4128298266049,74.0067214882492,18.523204654330783,1.044001624805244,2.568066212898337,0.7325054076094193,0.2169812967458786,0.014197195925948262,0.1278855907127156,0.0681521967078904,0.011604721888269371,0.15463311861886098,0.05110710190032174,0.0121147520233101,0.020377522593881352,0.005084211780417046
