aaaa,aaad,aadd,aada,adda,addd,adad,adaa,ddaa,ddad,dddd,ddda,dada,dadd,daad,daaa
213.81896213045604,81.57254545238092,26.783503109151564,1.5155509699202938,3.99973910281351,1.1665732271505387,0.2797782913443591,0.02695996124120039,0.14491086154427643,0.0736991447637127,0.010976649108233134,0.19169837750918034,0.06438872742574007,0.025709170869231725,0.0263225888962211,0.006207257641570273
