aaaa,aaad,aadd,aada,adda,addd,adad,adaa,ddaa,ddad,dddd,ddda,dada,dadd,daad,daaa
224.2519646637401,89.41935023940299,21.71452900447589,0.9875044302284497,3.209621093908032,1.0667151417422218,0.3244349258153268,0.01824145832876166,0.14678726804510037,0.08049623132444607,0.011434402974415751,0.18507444174834412,0.058823677528861085,0.01279804039187502,0.024039407719022823,0.0056541099104109056
