aaaa,aaad,aadd,aada,adda,addd,adad,adaa,ddaa,ddad,dddd,ddda,dada,dadd,daad,daaa
202.19382545608568,84.25920773863811,15.512474575428929,0.8923780340454807,2.482594712196219,0.851810011852393,0.3314758384212388,0.013684380944609758,0.12820781396790376,0.07556759787238126,0.008913961629064198,0.16218649949456154,0.04956937441345508,0.0054208067241649565,0.017623696492878732,0.005560618894578874
