aaaa,aaad,aadd,aada,adda,addd,adad,adaa,ddaa,ddad,dddd,ddda,dada,dadd,daad,daaa
198.57729198368915,81.7127124508529,16.758639106485834,0.8538838474410432,2.6325765750746766,0.9024460973753805,0.3057310066878999,0.013640027725668503,0.1285878213711178,0.07312868212287833,0.008866845936561462,0.1654557963820167,0.050217533884426784,0.007625699267588809,0.01760208075969827,0.005547283221708891
