aaaa,aaad,aadd,aada,adda,addd,adad,adaa,ddaa,ddad,dddd,ddda,dada,dadd,daad,daaa
201.38228577545786,87.61892527120614,10.918155834569767,0.9441685875936483,2.243708840135155,0.5737201726224295,0.3600169318647479,0.013728314172125373,0.12448886756173241,0.07801382669630913,0.009072012493406478,0.15285690298362478,0.04593059887999491,0.0023738464131033412,0.015227683974532835,0.005041108455753387
