aaaaaa,aaaaad,aaaadd,aaaada,aaadda,aaaddd,aaadad,aaadaa,aaddaa,aaddad,aadddd,aaddda,aadada,aadadd,aadaad,aadaaa,addaaa,addaad,addadd,addada,adddda,addddd,adddad,adddaa,adadaa,adadad,adaddd,adadda,adaada,adaadd,adaaad,adaaaa,ddaaaa,ddaaad,ddaadd,ddaada,ddadda,ddaddd,ddadad,ddadaa,ddddaa,ddddad,dddddd,ddddda,dddada,dddadd,dddaad,dddaaa,dadaaa,dadaad,dadadd,dadada,daddda,dadddd,daddad,daddaa,daadaa,daadad,daaddd,daadda,daaada,daaadd,daaaad,daaaaa
14.694686316369902,113.71678163613966,8.434334121185836,82.94333421629405,10.066516275875502,0.03629302548468604,8.98652247827515,4.12720954490264,0.9806254152574049,13.253512416592192,0.25487739301446677,19.205632175977286,5.086858744042618,0.8884203040010837,0.5989541197825687,0.7146595312932236,0.027678675596214158,1.345110724763808,0.5791776901170564,0.42148780493982013,0.3856701806900259,0.006634632351061757,3.061374187132779,0.5221215466623188,0.15482667984308598,3.4467669107356467,0.002931849522053746,4.486715117778595,0.09888677921488168,0.009056640219764038,0.18040046218260647,0.0015123784910815188,0.03492461804406115,0.10852377576247921,0.0014318221939955808,0.06999010168321156,0.002483838144046556,0.0812499492209565,0.03842333909291581,0.1708515611391677,4.113240090344271e-07,1.5683824334976868e-05,0.024899087497611674,0.0195497775526839,0.16788627620749255,0.35651091717568284,0.1641769551400787,0.26779329693119847,0.00034193558915195674,0.1986645111328539,0.16570039213176962,0.0497917797347483,0.06222487786994064,0.0016691028959681573,0.6063935176387294,0.10973183589200321,0.03028771335814908,0.7638407298153007,0.0023469910294037196,0.9394126981750534,0.08756355364385311,0.0003580433036667086,0.005972428135517301,0.0008567508767284204
