aaaaaa,aaaaad,aaaadd,aaaada,aaadda,aaaddd,aaadad,aaadaa,aaddaa,aaddad,aadddd,aaddda,aadada,aadadd,aadaad,aadaaa,addaaa,addaad,addadd,addada,adddda,addddd,adddad,adddaa,adadaa,adadad,adaddd,adadda,adaada,adaadd,adaaad,adaaaa,ddaaaa,ddaaad,ddaadd,ddaada,ddadda,ddaddd,ddadad,ddadaa,ddddaa,ddddad,dddddd,ddddda,dddada,dddadd,dddaad,dddaaa,dadaaa,dadaad,dadadd,dadada,daddda,dadddd,daddad,daddaa,daadaa,daadad,daaddd,daadda,daaada,daaadd,daaaad,daaaaa
13.435543314659439,96.31670972842313,6.859752197714136,73.10271134310777,8.257289113882164,0.016625464757466353,6.844306693625659,3.043152782286509,1.2130615393865103,12.453901445184478,0.0526214877026398,14.21305562260255,4.377820966598873,0.7929753967827498,0.37618517164887777,0.48944886443159746,0.01613792676176177,1.1113917182950859,0.3005108688982086,0.5823687460868511,0.2493053671548096,0.005442016740387905,2.4139379137644883,0.3614535405533651,0.20557024393074466,3.2490129551162155,0.01233869347928058,3.5696711976285393,0.0998407271763147,0.0030209524159650458,0.15089076385470315,0.0007745580090139999,0.026617056072787842,0.086398618547408,0.0032391170879277095,0.0703528612893528,0.0017964058403931319,0.06782273279833242,0.030521738728253704,0.13724420538454468,0.00030502547089687087,0.00012555173723846207,0.007873449835095987,0.004649970585368471,0.1342019982746798,0.292454065157589,0.11231292348535833,0.19396759263811833,2.6101582800157045e-05,0.16619618701273348,0.09067242785260925,0.08045113468070976,0.03678156168660114,0.0006109517646568703,0.47155590345398296,0.07448797822011469,0.03847591067691077,0.7064941591068915,0.005627047860864728,0.7455313541848362,0.07907485287442599,0.00022806835601361784,0.005208563433487304,0.0007405887629729985
