aaaaaa,aaaaad,aaaadd,aaaada,aaadda,aaaddd,aaadad,aaadaa,aaddaa,aaddad,aadddd,aaddda,aadada,aadadd,aadaad,aadaaa,addaaa,addaad,addadd,addada,adddda,addddd,adddad,adddaa,adadaa,adadad,adaddd,adadda,adaada,adaadd,adaaad,adaaaa,ddaaaa,ddaaad,ddaadd,ddaada,ddadda,ddaddd,ddadad,ddadaa,ddddaa,ddddad,dddddd,ddddda,dddada,dddadd,dddaad,dddaaa,dadaaa,dadaad,dadadd,dadada,daddda,dadddd,daddad,daddaa,daadaa,daadad,daaddd,daadda,daaada,daaadd,daaaad,daaaaa
15.164360332467963,110.68547543225654,8.943160831999698,79.81449333562898,11.019664792875785,0.08416211453568852,8.99121498659074,3.954010222853664,0.5179554714911279,11.255801728155681,0.2028908561195211,18.666722106809413,3.921231030986946,0.42857661634981103,0.6808600902001816,0.7878168984897058,0.007035805094308201,1.1321770213453066,0.7027755273528038,0.31908924920129056,0.6728649496479608,0.04449415937426925,3.021408379774994,0.4959910884993358,0.08587666007688362,3.070184252773594,0.00415714414051133,4.352662795431032,0.05875123585403839,0.028483771562910244,0.1606381039242616,0.0004753729007041104,0.032828731659734066,0.10454146027435893,0.001693963205848581,0.07134226494727411,0.0007381525628228742,0.09175413458218215,0.03266700286646604,0.15479585175300298,0.000658903423459835,0.0010119152538533645,0.024644743635867862,0.018927240649929348,0.12953208978021924,0.2988952242788565,0.169742506346096,0.2745449003132328,0.0009514894415554748,0.16156905190081364,0.19811955991993105,0.032687998553081306,0.115754038540196,0.012019809483783816,0.6015132339782729,0.10530049024139788,0.016741074407799064,0.6843268356366454,0.0028614208108987374,0.9175148712266784,0.0700740386236068,0.0013243128086130123,0.004141134199678783,0.001171744456734764
