aaaaaa,aaaaad,aaaadd,aaaada,aaadda,aaaddd,aaadad,aaadaa,aaddaa,aaddad,aadddd,aaddda,aadada,aadadd,aadaad,aadaaa,addaaa,addaad,addadd,addada,adddda,addddd,adddad,adddaa,adadaa,adadad,adaddd,adadda,adaada,adaadd,adaaad,adaaaa,ddaaaa,ddaaad,ddaadd,ddaada,ddadda,ddaddd,ddadad,ddadaa,ddddaa,ddddad,dddddd,ddddda,dddada,dddadd,dddaad,dddaaa,dadaaa,dadaad,dadadd,dadada,daddda,dadddd,daddad,daddaa,daadaa,daadad,daaddd,daadda,daaada,daaadd,daaaad,daaaaa
28.623586680345078,119.59867338311004,15.017220312660175,95.20432229177405,6.663176809616868,0.006133308969342375,3.122754958346848,1.8722416647723863,1.5915484464967662,14.526905248114511,0.15761470630173982,12.080941649057435,3.09010686244453,0.5079041856954035,0.058019219078464884,0.4610396381981624,0.0047624089414023,1.4050903907743233,0.12545287329204213,1.467826111428501,0.3376757756216616,0.0021261597774922176,2.0603244749759173,0.14735663734150878,0.2927641328489858,4.106722926301809,0.07933730911659556,3.7601729792914997,0.0367834329832041,0.011584285353448473,0.2867611568021306,0.0003397200725229295,0.032619112261952916,0.09312658478818606,0.01123351623370244,0.10256019530202713,0.000486194470867387,0.10000993514774087,0.02289258414274273,0.13311089886162794,0.0001750318731825433,0.00044241388252200465,0.0014449920767025657,0.0044682214905561275,0.10573487944543179,0.28637353068269433,0.08730399327238991,0.18095558608444343,0.0005849934501478265,0.21967847655143002,0.04412580185654683,0.2396520901138527,0.0452036625844239,0.0004487156186112202,0.3818626877057374,0.02664968859289694,0.048610551610557655,0.8640924095777277,0.027027873555372256,0.7716713016489141,0.05015119835172795,0.0008029857575651945,0.017448231645059077,0.0013941008778837114
