aaaaaa,aaaaad,aaaadd,aaaada,aaadda,aaaddd,aaadad,aaadaa,aaddaa,aaddad,aadddd,aaddda,aadada,aadadd,aadaad,aadaaa,addaaa,addaad,addadd,addada,adddda,addddd,adddad,adddaa,adadaa,adadad,adaddd,adadda,adaada,adaadd,adaaad,adaaaa,ddaaaa,ddaaad,ddaadd,ddaada,ddadda,ddaddd,ddadad,ddadaa,ddddaa,ddddad,dddddd,ddddda,dddada,dddadd,dddaad,dddaaa,dadaaa,dadaad,dadadd,dadada,daddda,dadddd,daddad,daddaa,daadaa,daadad,daaddd,daadda,daaada,daaadd,daaaad,daaaaa
19.476663918237943,108.44670908966908,10.045524883608714,83.64354985909902,8.841730041858906,0.02677078733193717,5.589571671002396,2.527459772387031,0.9959290627811177,12.491388678172823,0.015972340908012552,13.52122729750604,3.4270301593771926,0.43160233083784705,0.2388059556943844,0.48476404045883953,0.0022541061522913484,1.131170493879941,0.27248528586010684,0.8317873824023275,0.45532126779203197,0.005233687116002211,2.381597303580864,0.26921497295761293,0.18722012848250802,3.4964136116514384,0.03951647308282858,3.741755364087365,0.05843063791252388,0.0150426732125872,0.1892850427056024,0.00016875054483276856,0.028342842315850544,0.08974117292292132,0.007872023082366633,0.09287203650760383,0.00041707073903494144,0.09226136624044205,0.022502715773902175,0.1277446486500891,0.0002625491997862808,0.0006225113836721973,0.0006453643663833955,9.645622165935333e-05,0.10549770034381022,0.2682624939953146,0.09880041158838912,0.18645019496571497,0.0009467613771389965,0.1683841914786593,0.0851168806343487,0.1207443655991544,0.07030240830559345,0.0014626063961109674,0.4603307992694572,0.05349490255634541,0.032622773988226925,0.7547853991444491,0.013960970227860062,0.7851477846895673,0.06373175023075765,0.0006885409516420986,0.00715559349851588,0.001321544210998004
