aaaaaa,aaaaad,aaaadd,aaaada,aaadda,aaaddd,aaadad,aaadaa,aaddaa,aaddad,aadddd,aaddda,aadada,aadadd,aadaad,aadaaa,addaaa,addaad,addadd,addada,adddda,addddd,adddad,adddaa,adadaa,adadad,adaddd,adadda,adaada,adaadd,adaaad,adaaaa,ddaaaa,ddaaad,ddaadd,ddaada,ddadda,ddaddd,ddadad,ddadaa,ddddaa,ddddad,dddddd,ddddda,dddada,dddadd,dddaad,dddaaa,dadaaa,dadaad,dadadd,dadada,daddda,dadddd,daddad,daddaa,daadaa,daadad,daaddd,daadda,daaada,daaadd,daaaad,daaaaa
13.584359898055123,104.20922972560237,7.119816514813384,77.5889580020569,10.540015468046912,0.06247517595981396,8.362557935329875,3.4487687392827007,0.8150732362791445,12.040159406216683,0.07428731579000859,16.242330637709053,4.204518117266018,0.5449954205376875,0.5579680269015392,0.6116162416955732,0.00670754450633358,1.0630816418683298,0.4686996559925246,0.4446540802378365,0.4909676121528121,0.011492276960235274,2.7443025597376147,0.42344053634918105,0.14042904243398593,3.2105483509056536,0.008957627637059856,3.9839573033406603,0.08945798278095785,0.0127454267617197,0.14179257668017275,0.0005108184318919737,0.03122630922370581,0.0995522583884523,0.0026797742376092476,0.07416148646946875,0.0012135644174856464,0.08202487244647325,0.02849300599985912,0.14213067622371553,0.00010551124552692231,0.00020222405119529354,0.011253867834823345,0.007928922785177064,0.12352176062703712,0.2839086637311938,0.13676445644146998,0.22876647118253343,0.0005209527931818502,0.15247614683795438,0.13680561864721127,0.054372541089533065,0.08237747321673619,0.0036046134866475838,0.5437509319981847,0.08773806064963763,0.026390539239437887,0.7094075834319877,0.004496419372870054,0.8432265514488485,0.0800654891441872,0.00028732017665590137,0.003246582904325642,0.0011109558049132839
