aaaaaa,aaaaad,aaaadd,aaaada,aaadda,aaaddd,aaadad,aaadaa,aaddaa,aaddad,aadddd,aaddda,aadada,aadadd,aadaad,aadaaa,addaaa,addaad,addadd,addada,adddda,addddd,adddad,adddaa,adadaa,adadad,adaddd,adadda,adaada,adaadd,adaaad,adaaaa,ddaaaa,ddaaad,ddaadd,ddaada,ddadda,ddaddd,ddadad,ddadaa,ddddaa,ddddad,dddddd,ddddda,dddada,dddadd,dddaad,dddaaa,dadaaa,dadaad,dadadd,dadada,daddda,dadddd,daddad,daddaa,daadaa,daadad,daaddd,daadda,daaada,daaadd,daaaad,daaaaa
16.509915180674614,115.43243095195083,7.776527822962597,90.08945994341826,9.455009273708527,0.017523010723982352,6.8370297174377335,2.9258107538818754,1.7947808065931201,15.811307656479626,0.013156361648688514,15.23763588021801,4.955542456533589,0.8775229800450722,0.37759563946701463,0.5412847580087788,0.01557816916569221,1.3063741977154788,0.22732648854323662,0.9281708554486906,0.27436256098051115,0.008134980411164965,2.545855916951189,0.31019503338885535,0.3142167700112798,4.125691533906418,0.027266403041133258,4.040617023083889,0.11636306882138579,0.002445192122036845,0.17999363309991234,0.0003332819528957841,0.030531718004370986,0.09956112689844514,0.006175976795590402,0.09255107853439365,0.001673965315135761,0.0837053570053844,0.030168103000933425,0.14969548615607803,0.0007800497012548299,0.00039067721686175026,0.0028350013181349188,0.0010175057314564366,0.14682782886403137,0.33083360083100033,0.11957230534930408,0.21348925789631792,5.8752179507593654e-05,0.19684838399815313,0.07264649786314682,0.139254521477572,0.038582596616725556,0.0010937134895843143,0.4905916012256277,0.06234455324628118,0.057712769872773934,0.8881170010326532,0.010616226363550826,0.8432271414677421,0.08979669093644783,9.618918965272343e-05,0.005988607535625828,0.001129150274850329
