aaaaaa,aaaaad,aaaadd,aaaada,aaadda,aaaddd,aaadad,aaadaa,aaddaa,aaddad,aadddd,aaddda,aadada,aadadd,aadaad,aadaaa,addaaa,addaad,addadd,addada,adddda,addddd,adddad,adddaa,adadaa,adadad,adaddd,adadda,adaada,adaadd,adaaad,adaaaa,ddaaaa,ddaaad,ddaadd,ddaada,ddadda,ddaddd,ddadad,ddadaa,ddddaa,ddddad,dddddd,ddddda,dddada,dddadd,dddaad,dddaaa,dadaaa,dadaad,dadadd,dadada,daddda,dadddd,daddad,daddaa,daadaa,daadad,daaddd,daadda,daaada,daaadd,daaaad,daaaaa
21.530388359883613,119.40718698357603,10.374030560154852,94.94290308852737,8.203923214494287,0.01198426569216168,5.288035598768725,2.567691001037172,2.19629325237595,16.85212235576571,0.059492329419080725,13.684429581406675,4.572650178184819,0.8875030428909568,0.20308977681406842,0.501451113293261,0.013494829346851315,1.4017073225815067,0.14231245803517836,1.2800323005215528,0.23234671722966907,0.019704692232852847,2.3837017689280677,0.24112300182899984,0.3876220206219329,4.467281574185648,0.05396144985239896,3.9281839474068,0.09761070144818874,0.0017793062187241027,0.22311155511366404,0.00021099691542053026,0.03146899635396394,0.09883537903831993,0.008797297062044504,0.10146269479752199,0.0017676127747492628,0.0888491963061123,0.028518420711559786,0.14987854974470977,0.001186559118836565,0.000713591325929151,0.00038500246099729016,0.0008930721555188818,0.14097470923516883,0.3308268116646415,0.1044905419454488,0.19765780793193882,0.00025317591549849354,0.21541444184088038,0.04862713063269941,0.2029650272750786,0.029947168475266867,0.003782488143729946,0.4528209748766735,0.04596546859900995,0.06840924352852226,0.9527526337709303,0.019816780050265395,0.8133630494684567,0.0810147686457485,2.2255119271729066e-05,0.010103633700092143,0.0011006007457874363
