aaaaaa,aaaaad,aaaadd,aaaada,aaadda,aaaddd,aaadad,aaadaa,aaddaa,aaddad,aadddd,aaddda,aadada,aadadd,aadaad,aadaaa,addaaa,addaad,addadd,addada,adddda,addddd,adddad,adddaa,adadaa,adadad,adaddd,adadda,adaada,adaadd,adaaad,adaaaa,ddaaaa,ddaaad,ddaadd,ddaada,ddadda,ddaddd,ddadad,ddadaa,ddddaa,ddddad,dddddd,ddddda,dddada,dddadd,dddaad,dddaaa,dadaaa,dadaad,dadadd,dadada,daddda,dadddd,daddad,daddaa,daadaa,daadad,daaddd,daadda,daaada,daaadd,daaaad,daaaaa
25.029242931843324,107.1276711117898,12.040965281931985,88.15096920863475,5.948631226697316,0.0072148330941544415,1.583379497819198,0.8455825692142291,1.6332289205075448,13.436969059366938,0.31912449068196796,9.384500527211175,2.4080912791163214,0.3426024453290752,0.037203493119960754,0.38329159924794537,0.004882251555367149,1.2650820156103115,0.04255589375700068,1.6106171597098233,0.3388133365146712,0.0019331240923704408,1.3583522792240383,0.03454209589718287,0.31748831397715827,3.822084498714434,0.09445854765163421,3.152639052632759,0.027600265034983446,0.011907202806531538,0.2455960786185843,0.0011930972644784814,0.029221990763107122,0.08062501226774825,0.013741276914836537,0.09896238867239347,6.744923131142509e-05,0.09554291647568348,0.012834814868295194,0.0962812710472075,1.80015125467649e-05,0.0003131650450129564,0.006392584469766846,0.012286302180084236,0.07726449565567056,0.2296613516870389,0.06598880625101584,0.1466066077732157,0.00029787129408070814,0.2045509073400649,0.018981436945319306,0.2761131979783616,0.044342836631858874,0.00040465553171365923,0.24081240931858497,0.005058175886753743,0.05285154294948941,0.7935947897649448,0.029972049893621133,0.6427842440255663,0.03871539374365097,0.0011616618856987368,0.015303003187209438,0.0018658722536886042
