aaaaaa,aaaaad,aaaadd,aaaada,aaadda,aaaddd,aaadad,aaadaa,aaddaa,aaddad,aadddd,aaddda,aadada,aadadd,aadaad,aadaaa,addaaa,addaad,addadd,addada,adddda,addddd,adddad,adddaa,adadaa,adadad,adaddd,adadda,adaada,adaadd,adaaad,adaaaa,ddaaaa,ddaaad,ddaadd,ddaada,ddadda,ddaddd,ddadad,ddadaa,ddddaa,ddddad,dddddd,ddddda,dddada,dddadd,dddaad,dddaaa,dadaaa,dadaad,dadadd,dadada,daddda,dadddd,daddad,daddaa,daadaa,daadad,daaddd,daadda,daaada,daaadd,daaaad,daaaaa
14.365364421305173,101.92617767532353,7.174503802907811,77.62067864424824,9.500706012470852,0.03964218626822004,6.6000330129003535,2.659282021867122,0.8725708561946129,11.817878697713013,0.007513507511083485,14.106179539656523,3.609764745261696,0.41932148243584355,0.4090944930078678,0.5249448331965353,0.0025634713531683282,1.0025072784551579,0.3173343428671043,0.616152321971515,0.4818586481112492,0.011043871923906668,2.346597020727265,0.2913133720097714,0.15597249176634384,3.200533003343187,0.02015096451342682,3.6736265358795803,0.0691111300157201,0.015773583130987617,0.14424456611014538,0.0001993513746780313,0.027407507452026972,0.08963225671694876,0.0044529513605822595,0.07918496893765513,0.0005826928890537028,0.0838505392854822,0.02426765018046824,0.1283068226499502,0.0001252079262256532,0.0003045746688941379,0.003997629266016727,0.0019346188826466742,0.10742523809573952,0.2589874053019158,0.11343020215159474,0.19878405584760447,0.001029465398660683,0.14507387297555682,0.09679584344435427,0.08456932115850671,0.0777605217470061,0.003136579331805217,0.459114370811161,0.05975677565707211,0.02856235794726064,0.698744087582986,0.007940744838511283,0.7734901406706912,0.06714418028478583,0.0006693284608439244,0.003653846592200493,0.0013455390159860382
