aaaaaa,aaaaad,aaaadd,aaaada,aaadda,aaaddd,aaadad,aaadaa,aaddaa,aaddad,aadddd,aaddda,aadada,aadadd,aadaad,aadaaa,addaaa,addaad,addadd,addada,adddda,addddd,adddad,adddaa,adadaa,adadad,adaddd,adadda,adaada,adaadd,adaaad,adaaaa,ddaaaa,ddaaad,ddaadd,ddaada,ddadda,ddaddd,ddadad,ddadaa,ddddaa,ddddad,dddddd,ddddda,dddada,dddadd,dddaad,dddaaa,dadaaa,dadaad,dadadd,dadada,daddda,dadddd,daddad,daddaa,daadaa,daadad,daaddd,daadda,daaada,daaadd,daaaad,daaaaa
22.741548811877983,112.57562056526491,10.836309838191529,90.89891470702625,7.420748570258363,0.013505501280214521,3.8457501051174443,1.8963775784190908,2.1333319226144454,15.889749412003585,0.18197693208332164,11.352324646912813,3.7203982689326343,0.6579092742473095,0.12937040797191698,0.4465493689851491,0.008154468160549008,1.3035341511616843,0.0868653031055036,1.4217579440433747,0.2637663892716624,0.01098525053968671,1.9744543228902942,0.14620650912963767,0.39046132109821124,4.293915329068745,0.08086037623646014,3.49464464886366,0.07254223696812927,0.0035573281392911695,0.21847974439160717,0.0006162503558167882,0.030291759327995608,0.09036995750205909,0.010637969897368243,0.09965465950018791,0.0008303114291835645,0.08907642557608783,0.02250885675790217,0.12688359700166937,0.0008149876510329004,0.0003315559757650091,0.0015428415949819705,0.004535492362998495,0.1119899920644511,0.28667094165586515,0.0852089808255608,0.17299471447956646,0.0004374407131496701,0.20537651653787986,0.033058224898634254,0.2343598908217943,0.033630192680113004,0.002178480553605667,0.36610383223791493,0.027088458246531454,0.06905585258760241,0.9052916698093754,0.02658676067587694,0.7160235391952041,0.06489943757653843,7.145742474774886e-05,0.01097487853496153,0.0015915578646622005
