aaaaaa,aaaaad,aaaadd,aaaada,aaadda,aaaddd,aaadad,aaadaa,aaddaa,aaddad,aadddd,aaddda,aadada,aadadd,aadaad,aadaaa,addaaa,addaad,addadd,addada,adddda,addddd,adddad,adddaa,adadaa,adadad,adaddd,adadda,adaada,adaadd,adaaad,adaaaa,ddaaaa,ddaaad,ddaadd,ddaada,ddadda,ddaddd,ddadad,ddadaa,ddddaa,ddddad,dddddd,ddddda,dddada,dddadd,dddaad,dddaaa,dadaaa,dadaad,dadadd,dadada,daddda,dadddd,daddad,daddaa,daadaa,daadad,daaddd,daadda,daaada,daaadd,daaaad,daaaaa
10.451766043393924,101.64089343474924,6.032924973904956,72.16153128696958,12.250386328073585,0.13900798307070436,10.235741609863767,3.954774311905326,0.4067322341058056,10.367506960968967,0.2650549074924583,18.221147441858733,3.796535740015289,0.3135321151829886,0.9655033959112016,0.8307804081453958,0.002838399458393022,0.9013250695501529,0.7621122068545109,0.18571630012556328,0.7878174201971015,0.08287194951078085,2.9486737131497867,0.5164854544076145,0.06561255468648865,2.7632820041124835,0.0015664868783305651,4.081948048006537,0.06493881968939555,0.03451396148513343,0.10802190672029861,0.0003192851577060965,0.028636091975407417,0.09872214287686108,0.0013382726908612182,0.06807715466577133,0.0003598100109959868,0.09085002031041639,0.02541507966892573,0.13504956717575461,0.0005609823848754109,0.0006140198156985625,0.029670460059150767,0.025180827744063043,0.11859429958419994,0.2669831858118949,0.17939243054060636,0.2754440035446142,0.0018194497815854263,0.12333527481604764,0.21387142565769895,0.013471297544661552,0.14197193562440616,0.020479895357759688,0.6013986986048672,0.11144010456241644,0.013873046731348582,0.633126205580037,0.001751497585548842,0.8703358748959806,0.07384440385424638,0.0016905138637196878,0.0009805754170177923,0.0011785016219183664
