aaaaaa,aaaaad,aaaadd,aaaada,aaadda,aaaddd,aaadad,aaadaa,aaddaa,aaddad,aadddd,aaddda,aadada,aadadd,aadaad,aadaaa,addaaa,addaad,addadd,addada,adddda,addddd,adddad,adddaa,adadaa,adadad,adaddd,adadda,adaada,adaadd,adaaad,adaaaa,ddaaaa,ddaaad,ddaadd,ddaada,ddadda,ddaddd,ddadad,ddadaa,ddddaa,ddddad,dddddd,ddddda,dddada,dddadd,dddaad,dddaaa,dadaaa,dadaad,dadadd,dadada,daddda,dadddd,daddad,daddaa,daadaa,daadad,daaddd,daadda,daaada,daaadd,daaaad,daaaaa
15.499251453228839,110.60471091010758,8.162621367089782,82.7517302008862,10.523847421288584,0.0460025321681204,8.12236751470118,3.4197700104387323,0.9058113871401816,12.764916899705277,0.03987314990321707,16.364157163860916,4.249276814414317,0.552587970970987,0.4924943876143495,0.6043302095633735,0.005441868036292659,1.1291353121569547,0.4293679811509511,0.5606558093055235,0.4961465097881209,0.008678445314680759,2.7938154593095748,0.40409407181071105,0.15542638383627402,3.4253107357423946,0.01477810408930622,4.1243017039017085,0.08565155298782164,0.0140892998460224,0.1596139474207617,0.0004466594285685094,0.03136049259658343,0.10099490003849337,0.003287213101228132,0.0797359978084117,0.000958468258425012,0.08853503293620556,0.030914330135937727,0.15048361380264277,7.686737389919698e-05,0.00021499072438653006,0.008529216429294367,0.005295174768702483,0.12797177696807588,0.2983523258585603,0.13434562482893295,0.2302325038033837,0.0006448100836826225,0.16375517914467028,0.12737729649294913,0.0728551292857048,0.08056078722711328,0.002709040857681731,0.55051264940948,0.08381668752160709,0.028971502524787595,0.7521135588342868,0.006668429060408764,0.8669348665266533,0.07927257284813143,0.0004054452229553274,0.004403517239572945,0.0011518881699561071
