aaaaaa,aaaaad,aaaadd,aaaada,aaadda,aaaddd,aaadad,aaadaa,aaddaa,aaddad,aadddd,aaddda,aadada,aadadd,aadaad,aadaaa,addaaa,addaad,addadd,addada,adddda,addddd,adddad,adddaa,adadaa,adadad,adaddd,adadda,adaada,adaadd,adaaad,adaaaa,ddaaaa,ddaaad,ddaadd,ddaada,ddadda,ddaddd,ddadad,ddadaa,ddddaa,ddddad,dddddd,ddddda,dddada,dddadd,dddaad,dddaaa,dadaaa,dadaad,dadadd,dadada,daddda,dadddd,daddad,daddaa,daadaa,daadad,daaddd,daadda,daaada,daaadd,daaaad,daaaaa
25.164021198118864,114.7784611177616,12.697816771764428,91.64943188472097,7.140087381965445,0.009316553686848039,3.6170776753513034,1.9320904286471752,1.7464352293463743,14.82096939334449,0.15528208030448282,11.739630246940145,3.3613816053651604,0.559574906004407,0.09433665971871952,0.4498782945402807,0.00541614767543104,1.3232667981399444,0.1147433026337091,1.387371685869048,0.31105992209385286,0.003911531930808045,2.0442561756648643,0.15549402194205347,0.31975890845235394,4.107371172676556,0.07714972519153751,3.615584552868659,0.05312146762053688,0.007559057421718814,0.24599315746174394,0.000400548635609055,0.030796301532780197,0.09123728843384092,0.01041055871810602,0.09991427261718024,0.0006386509001292627,0.09416772814316683,0.022908327390108615,0.13061349469459285,0.0002780726301043904,0.00024591861514086953,0.0012843241581279186,0.003953646964278187,0.10739129767674314,0.2817032188108946,0.08663982488942217,0.1758178557774236,0.000511341477051309,0.20578488798553005,0.040697755836015266,0.22541976329763627,0.041592687961664966,0.0008035902936840115,0.3813275585486526,0.0285857194344153,0.054497951739567445,0.8674596575067948,0.026033571854225508,0.7438229637587729,0.05777802241756584,0.0003713305456751664,0.013319878264189062,0.00137167274013407
