aaaaaa,aaaaad,aaaadd,aaaada,aaadda,aaaddd,aaadad,aaadaa,aaddaa,aaddad,aadddd,aaddda,aadada,aadadd,aadaad,aadaaa,addaaa,addaad,addadd,addada,adddda,addddd,adddad,adddaa,adadaa,adadad,adaddd,adadda,adaada,adaadd,adaaad,adaaaa,ddaaaa,ddaaad,ddaadd,ddaada,ddadda,ddaddd,ddadad,ddadaa,ddddaa,ddddad,dddddd,ddddda,dddada,dddadd,dddaad,dddaaa,dadaaa,dadaad,dadadd,dadada,daddda,dadddd,daddad,daddaa,daadaa,daadad,daaddd,daadda,daaada,daaadd,daaaad,daaaaa
15.240826163510192,116.76867051651972,7.437452696346451,89.03052541360597,11.12714955838028,0.04873192237976083,8.247091707541216,3.3249394076823457,1.2249100396963073,14.465318100232922,0.028939766006927187,16.89682410590039,4.791489212265894,0.6793957415184774,0.5307563835576846,0.6156447600005008,0.009700897313049574,1.2234781248590136,0.37836807070880674,0.6646424027262846,0.44924380169109,0.002214108266354654,2.8096892413558887,0.38319674652530683,0.2206264066252909,3.8472875234210178,0.017741074582927858,4.272743664621333,0.1067312363734442,0.009526961006308001,0.1596887982776286,0.0003766983468984004,0.03205447543437855,0.10534197003920104,0.0050975811166156515,0.0918072932338683,0.0015177902034012988,0.08921105515015369,0.029153534900080005,0.15204328790226437,5.82029474496518e-05,0.00012387479806491965,0.007090151658001954,0.004295969652430047,0.13988441655007264,0.319909883907308,0.13519013447931194,0.23282431981652696,0.00025597873624511253,0.17776974553595795,0.1136454265733244,0.09088978182037519,0.07221989802775422,0.0009750358482856528,0.5497799429697172,0.0779164747996729,0.04041620334185025,0.8384865724922568,0.0071145735320768035,0.9058705960435183,0.08915016687454269,0.000147543811949434,0.003581930483935532,0.001501052505680693
