aaaaaa,aaaaad,aaaadd,aaaada,aaadda,aaaddd,aaadad,aaadaa,aaddaa,aaddad,aadddd,aaddda,aadada,aadadd,aadaad,aadaaa,addaaa,addaad,addadd,addada,adddda,addddd,adddad,adddaa,adadaa,adadad,adaddd,adadda,adaada,adaadd,adaaad,adaaaa,ddaaaa,ddaaad,ddaadd,ddaada,ddadda,ddaddd,ddadad,ddadaa,ddddaa,ddddad,dddddd,ddddda,dddada,dddadd,dddaad,dddaaa,dadaaa,dadaad,dadadd,dadada,daddda,dadddd,daddad,daddaa,daadaa,daadad,daaddd,daadda,daaada,daaadd,daaaad,daaaaa
17.425003730098403,112.10708152070077,8.280041041810735,88.07164738003539,8.641802003437121,0.013951103126774814,5.879841078012731,2.6067155033838016,1.7740529504011682,15.29113578813421,0.015506190128810944,14.088605010584113,4.510788364885757,0.8015206217985514,0.29631358273057934,0.5066070229158327,0.01341490919380372,1.2758417425580741,0.18860421456036403,0.996291780039704,0.2636174063534864,0.007926465726582904,2.355178749283742,0.26291994442530436,0.3134100425235109,4.026077867639431,0.033447519758347186,3.8395258631752043,0.10024499440757263,0.002857986020696355,0.18650067436866619,0.00023005675767745655,0.029934676603360442,0.09477555800182448,0.0068854442890765415,0.09138268384761554,0.0015172990050510435,0.08340437829687566,0.027366045726122643,0.1419238602366368,0.0006810122435610783,0.00038237170630603997,0.0012726709202909648,0.00037005210534706186,0.1354828467045351,0.3139259665001625,0.10874905517991211,0.199431241369511,8.971424637105137e-05,0.19423043325891018,0.062039076163345676,0.15343769425817694,0.03638001333250295,0.0011626287932213146,0.45076808489147013,0.05194689821194083,0.05680873682629803,0.8631931939315889,0.012634663257007711,0.7991761612727896,0.0805982399252601,2.865272960212122e-05,0.007110049869538411,0.0011660937718493988
