aaaaaa,aaaaad,aaaadd,aaaada,aaadda,aaaddd,aaadad,aaadaa,aaddaa,aaddad,aadddd,aaddda,aadada,aadadd,aadaad,aadaaa,addaaa,addaad,addadd,addada,adddda,addddd,adddad,adddaa,adadaa,adadad,adaddd,adadda,adaada,adaadd,adaaad,adaaaa,ddaaaa,ddaaad,ddaadd,ddaada,ddadda,ddaddd,ddadad,ddadaa,ddddaa,ddddad,dddddd,ddddda,dddada,dddadd,dddaad,dddaaa,dadaaa,dadaad,dadadd,dadada,daddda,dadddd,daddad,daddaa,daadaa,daadad,daaddd,daadda,daaada,daaadd,daaaad,daaaaa
19.345315109694305,125.0098285276467,11.116953252903693,91.48603674952409,11.965875496308023,0.07761767211409733,8.940479745855487,3.937628618750262,0.5579013257579531,12.437664878076665,0.06555392791724639,19.033615660865983,3.8754727008586496,0.3560413335711662,0.5734232912823223,0.7737934680217627,0.001305692065064159,1.1953149940040535,0.6512107883540748,0.49511236427120353,0.8155483847734394,0.06188347931385042,3.214242417964839,0.4710290174498882,0.0947749282945888,3.4597411475503765,0.014026870226338459,4.735878722384861,0.05462512806550286,0.03746249273993526,0.19436011857436009,0.0003317799420663542,0.037761389951432765,0.11580148365635691,0.0029930074847247714,0.08491735736719834,0.00047646797426580047,0.10892339096336764,0.03248357569828024,0.16486893304817915,0.001072259113275225,0.0015452864788816935,0.013325515921972595,0.008889122722105937,0.12389546228418871,0.3091318497199087,0.16569389863087597,0.2809976321222969,0.002760922462036724,0.1695341173957868,0.1875541840758433,0.05857356774857044,0.13977343822641358,0.01575962747144864,0.6355371346504666,0.09788351809146476,0.017232835060289897,0.7653294003716686,0.006640890111947884,0.9989579989979955,0.07040205840854813,0.002399871973685933,0.005580431714451309,0.0015516722034293149
