aaaaaa,aaaaad,aaaadd,aaaada,aaadda,aaaddd,aaadad,aaadaa,aaddaa,aaddad,aadddd,aaddda,aadada,aadadd,aadaad,aadaaa,addaaa,addaad,addadd,addada,adddda,addddd,adddad,adddaa,adadaa,adadad,adaddd,adadda,adaada,adaadd,adaaad,adaaaa,ddaaaa,ddaaad,ddaadd,ddaada,ddadda,ddaddd,ddadad,ddadaa,ddddaa,ddddad,dddddd,ddddda,dddada,dddadd,dddaad,dddaaa,dadaaa,dadaad,dadadd,dadada,daddda,dadddd,daddad,daddaa,daadaa,daadad,daaddd,daadda,daaada,daaadd,daaaad,daaaaa
18.946010393015868,123.15214241058443,10.817689599271228,90.59957045955146,11.24169131993198,0.06564776365310496,8.297380628565726,3.719627937186745,0.6279938875515219,12.504745935018859,0.07632955650822684,18.741849236147516,3.8540194965912447,0.39267038123510234,0.5503274270590798,0.7732536601089245,0.0026559426126692588,1.2210356082946212,0.61131103753328,0.5130176676555488,0.7414192942630856,0.04818263337755476,3.0624465126699176,0.43790393833882457,0.10511575237024615,3.451384193687569,0.012087191614900761,4.649446943596675,0.05206036392140249,0.0336399985872048,0.1994894494126965,0.00034722705787039107,0.036944852233674094,0.1137228193110639,0.003075059676742985,0.08404343739782329,0.0005907232055796394,0.10517605846900806,0.03098471359482965,0.16046117658089715,0.0007623382182561886,0.0011457936472251558,0.013442143952613596,0.009091668074907008,0.12695261816305173,0.30986863728862457,0.16507196704984328,0.27759019170523497,0.001838039620183158,0.17337106553469125,0.17562569549818302,0.06145481868994619,0.12650352353127114,0.01244585115526284,0.6050280425429624,0.09049216967715162,0.01907403602512821,0.7640304928631676,0.006050743632277415,0.9820093693916729,0.06868723684035634,0.002110705337704059,0.005883762344676687,0.0014261661518558439
