aaaaaa,aaaaad,aaaadd,aaaada,aaadda,aaaddd,aaadad,aaadaa,aaddaa,aaddad,aadddd,aaddda,aadada,aadadd,aadaad,aadaaa,addaaa,addaad,addadd,addada,adddda,addddd,adddad,adddaa,adadaa,adadad,adaddd,adadda,adaada,adaadd,adaaad,adaaaa,ddaaaa,ddaaad,ddaadd,ddaada,ddadda,ddaddd,ddadad,ddadaa,ddddaa,ddddad,dddddd,ddddda,dddada,dddadd,dddaad,dddaaa,dadaaa,dadaad,dadadd,dadada,daddda,dadddd,daddad,daddaa,daadaa,daadad,daaddd,daadda,daaada,daaadd,daaaad,daaaaa
14.445443073210107,116.45043091597532,7.06664793851576,88.27811835940071,11.225759027483646,0.04129281312306088,8.908550323398954,3.595696261000404,1.3089964232472784,14.764838029077755,0.05171046200753486,17.32383338607706,5.139163292787489,0.7858789200290496,0.5716445608600786,0.6253317765832286,0.012388306177622467,1.2348947736674165,0.3876295258192909,0.6375241734694653,0.4075779415026111,0.0009574492965309259,2.901451419916882,0.4205099436218514,0.22498417019879982,3.8556595616692313,0.01410200231799326,4.325813576371848,0.12131125775132681,0.007200170066196165,0.15410538753571382,0.0005847966293370846,0.031914847603761606,0.10628833501257484,0.0037096364931439073,0.08647288168875633,0.0017409126470899607,0.08812221466464577,0.033036576089880754,0.16175130048124317,0.00011833508340444187,7.48240086076773e-05,0.009015128911531214,0.006025617129817727,0.1513360054576979,0.3347345329091881,0.14128831711869552,0.2390517896171117,5.3648850247190625e-05,0.17995696493444155,0.11626511815554019,0.08452559332109308,0.06520117505445916,0.00033203185000543794,0.573742549291548,0.08580379917624736,0.04168987724099173,0.848323795611946,0.006744773131655942,0.914303456071391,0.09751424202493172,0.00010736830306257052,0.0036135392118422744,0.001052421924257241
