aaaaaa,aaaaad,aaaadd,aaaada,aaadda,aaaddd,aaadad,aaadaa,aaddaa,aaddad,aadddd,aaddda,aadada,aadadd,aadaad,aadaaa,addaaa,addaad,addadd,addada,adddda,addddd,adddad,adddaa,adadaa,adadad,adaddd,adadda,adaada,adaadd,adaaad,adaaaa,ddaaaa,ddaaad,ddaadd,ddaada,ddadda,ddaddd,ddadad,ddadaa,ddddaa,ddddad,dddddd,ddddda,dddada,dddadd,dddaad,dddaaa,dadaaa,dadaad,dadadd,dadada,daddda,dadddd,daddad,daddaa,daadaa,daadad,daaddd,daadda,daaada,daaadd,daaaad,daaaaa
12.038519528975812,102.272673704749,5.080575586079627,79.8744771107875,10.664490812101628,0.052134096236786096,6.829077695640894,2.292331883060856,1.158234385010812,13.039487593283194,0.009193302419227932,13.236497219134804,3.9619737589492705,0.43582266319732715,0.47480691788961754,0.47983995248006595,0.002508333246305904,0.9546503193052762,0.2149523055034571,0.7396306133100145,0.46498128556796053,0.006950966926714605,2.1858178413323746,0.22987151768814285,0.2153794895570005,3.4688761041528777,0.029280075777934306,3.564160301764941,0.10083446440515058,0.010840281022469157,0.11261726308078888,0.00015274277120452405,0.025862350295149796,0.0894782727793091,0.0054143652849570735,0.0855473477726213,0.0004217743429062545,0.08651675186133878,0.02095797525891318,0.1213662587971695,6.056945787414794e-05,5.633509526494978e-05,0.0008875469277426108,0.00019053204162432024,0.10491563920432141,0.2528089290633696,0.10384922615896384,0.18422166603567697,0.0009788837578602074,0.13754175242176803,0.06962469323078387,0.10650261568423545,0.07606041758796508,0.0020760954233266715,0.42716373611921815,0.04577805415907153,0.038664264706905406,0.7542935071008375,0.010681263095988087,0.7546307184326401,0.07934382569747472,0.00036965599750453604,0.0016002266981449307,0.0015099451552422081
