aaaaaa,aaaaad,aaaadd,aaaada,aaadda,aaaddd,aaadad,aaadaa,aaddaa,aaddad,aadddd,aaddda,aadada,aadadd,aadaad,aadaaa,addaaa,addaad,addadd,addada,adddda,addddd,adddad,adddaa,adadaa,adadad,adaddd,adadda,adaada,adaadd,adaaad,adaaaa,ddaaaa,ddaaad,ddaadd,ddaada,ddadda,ddaddd,ddadad,ddadaa,ddddaa,ddddad,dddddd,ddddda,dddada,dddadd,dddaad,dddaaa,dadaaa,dadaad,dadadd,dadada,daddda,dadddd,daddad,daddaa,daadaa,daadad,daaddd,daadda,daaada,daaadd,daaaad,daaaaa
13.472247733460618,102.24137888351454,6.006407964798528,79.71116206691272,9.983922236187377,0.03972045788007439,6.653449419612456,2.4467243861710846,1.2871444073412621,13.351000002902154,0.013210002128569532,13.089417200667063,4.058788623009697,0.5239640744816119,0.4059340791632951,0.4719440465510641,0.003974374928875494,1.0089307382397028,0.20969487976372214,0.7800851155280633,0.3954317853066915,0.001207669859783057,2.24336150811952,0.25000204064329423,0.23468789683826705,3.5447914988441482,0.03225349873733198,3.5480182255907424,0.10187433451974136,0.007445468439784139,0.1274426039650738,0.00017139933910604785,0.026245851118858188,0.08873649739853202,0.005459140270196358,0.08454315957199188,0.0006485582226780168,0.08377680438468064,0.02339669063268314,0.1268661727573808,0.00016660225384695733,0.00010468470874746908,0.0009362815171376957,0.00021403733008056492,0.11072263336180557,0.2641368929102624,0.10207202134707494,0.18352298162516575,0.0006494828248236331,0.14771941440285458,0.06790959736984166,0.11421386908449277,0.06239635781365342,0.0005346260683876469,0.4372455335898876,0.05005403747856129,0.04227850312557372,0.7679040651003248,0.011829339567300952,0.7463858883469593,0.07940684647898397,0.0001334075480276393,0.0027018233863724617,0.0013377364542483962
