aaaaaa,aaaaad,aaaadd,aaaada,aaadda,aaaddd,aaadad,aaadaa,aaddaa,aaddad,aadddd,aaddda,aadada,aadadd,aadaad,aadaaa,addaaa,addaad,addadd,addada,adddda,addddd,adddad,adddaa,adadaa,adadad,adaddd,adadda,adaada,adaadd,adaaad,adaaaa,ddaaaa,ddaaad,ddaadd,ddaada,ddadda,ddaddd,ddadad,ddadaa,ddddaa,ddddad,dddddd,ddddda,dddada,dddadd,dddaad,dddaaa,dadaaa,dadaad,dadadd,dadada,daddda,dadddd,daddad,daddaa,daadaa,daadad,daaddd,daadda,daaada,daaadd,daaaad,daaaaa
19.65362533717262,119.78403447883132,12.118875037607475,86.26833193887406,10.49640674292942,0.06861295276319185,7.962915723908226,3.841810718430497,0.4516956777508934,11.328575762023503,0.13218728728034215,18.939532584457226,3.4333144480747255,0.3246212922607863,0.5423175616058551,0.8254729857617984,0.003086620370619569,1.2072979856949129,0.7241358798949578,0.4073047098519461,0.7922245807479027,0.06851025943513624,3.0673394800080893,0.4640065975374475,0.07500004336329512,3.1836619558116728,0.009294393513604372,4.56504446331147,0.0338322718999147,0.042745920443135084,0.21019838598168944,0.0003422131918368869,0.0352635830480936,0.1073821760136982,0.003040473687276612,0.08032637864720628,0.0003466329030952658,0.10552856824572926,0.03008596394164152,0.15512307343457812,0.0012912244849408107,0.0018457609445538352,0.019409040764416036,0.013910783662557075,0.12289640352963671,0.30285635990259885,0.1715869528328604,0.2863578966275963,0.002022874264305347,0.1738316112608017,0.20703986683106582,0.04469763406911444,0.13470177023269608,0.017365998816491368,0.6076725552050302,0.09859423417579634,0.014286250046485347,0.7069063296517496,0.004938415082733501,0.959109392101928,0.05832226537203366,0.0027052846697060277,0.007543038207114012,0.0013495786906162995
