aaaaaa,aaaaad,aaaadd,aaaada,aaadda,aaaddd,aaadad,aaadaa,aaddaa,aaddad,aadddd,aaddda,aadada,aadadd,aadaad,aadaaa,addaaa,addaad,addadd,addada,adddda,addddd,adddad,adddaa,adadaa,adadad,adaddd,adadda,adaada,adaadd,adaaad,adaaaa,ddaaaa,ddaaad,ddaadd,ddaada,ddadda,ddaddd,ddadad,ddadaa,ddddaa,ddddad,dddddd,ddddda,dddada,dddadd,dddaad,dddaaa,dadaaa,dadaad,dadadd,dadada,daddda,dadddd,daddad,daddaa,daadaa,daadad,daaddd,daadda,daaada,daaadd,daaaad,daaaaa
16.398172309861295,116.1220052788855,8.007003878211686,88.98800041340823,10.778741981559511,0.03956209282146757,7.567171502112883,3.0418630793176016,1.1735649506348367,14.10159791038625,0.006643721824384319,15.745462397832002,4.354918365824825,0.559784116005165,0.4446163660750141,0.5740492447130003,0.004546722557017112,1.1710487190149208,0.32159327831884915,0.7618387633747711,0.47998243519988065,0.004089110070267103,2.675754587439989,0.33220980886359663,0.21105875777086197,3.7903472255765576,0.02665732469747254,4.141793665103301,0.09370157443960267,0.012407127259306563,0.16358361024670234,0.00023980377720037328,0.03087938868966954,0.10090683596039993,0.005527554408159834,0.09178795980138309,0.0008157015094616006,0.09477197771237784,0.028105286845357957,0.14810788962847804,8.197903948841628e-05,0.0001745096822635623,0.003444786654791141,0.0015258839839807042,0.1259080508661184,0.30184587505370924,0.12478468822522625,0.22134174356101394,0.0007818702850824309,0.17064480022253628,0.09911711276723628,0.10787674912006469,0.07632893945828054,0.00136778058229602,0.5230475114696749,0.06709688866917993,0.037992049662462564,0.8248891687526293,0.010301498281204084,0.8737827098562582,0.08173384548588265,0.00038584375254172796,0.004170908612159797,0.0015074558524496423
