aaaaaa,aaaaad,aaaadd,aaaada,aaadda,aaaddd,aaadad,aaadaa,aaddaa,aaddad,aadddd,aaddda,aadada,aadadd,aadaad,aadaaa,addaaa,addaad,addadd,addada,adddda,addddd,adddad,adddaa,adadaa,adadad,adaddd,adadda,adaada,adaadd,adaaad,adaaaa,ddaaaa,ddaaad,ddaadd,ddaada,ddadda,ddaddd,ddadad,ddadaa,ddddaa,ddddad,dddddd,ddddda,dddada,dddadd,dddaad,dddaaa,dadaaa,dadaad,dadadd,dadada,daddda,dadddd,daddad,daddaa,daadaa,daadad,daaddd,daadda,daaada,daaadd,daaaad,daaaaa
20.88801677088318,114.19169338992376,11.611834213574289,85.55217400106123,9.813598229866871,0.03341240357850365,6.967259504971221,3.2347888375020974,0.7176026941537966,12.023902008744349,0.0058078506684124094,15.303927706441955,3.5024562952226788,0.3873655265480134,0.29721380456103663,0.5553793739375846,0.0006089646575618578,1.1411209388164552,0.4080054388227813,0.6993180627745519,0.5874045162033055,0.01998172479746196,2.7870964009451704,0.3686057653773633,0.1299126885639039,3.4018256572274748,0.032295511807431225,4.1027966665266336,0.054512855713842484,0.02368355227194668,0.19858641693770912,0.00031048779246331033,0.03189375267766085,0.09826853845046325,0.004932912272721939,0.08584108738989817,0.00044505663627644065,0.09786917618878381,0.03067212522295479,0.15061127734757368,0.0008042067796223947,0.0014431949453342086,0.00352881850764077,0.0013013272001662604,0.10953806411412444,0.28233412640559197,0.11786305191794029,0.21654988569776543,0.002131756759858952,0.16582539851900086,0.12156517700411748,0.09595433982690163,0.09492139998731468,0.005161793263773983,0.5452710505919831,0.07503616607011254,0.022380103253977414,0.7400217758030717,0.012456843104101247,0.8587005612595877,0.06416661658600245,0.0015060545049891446,0.0074797291477781466,0.0013131892948582957
