aaaa,aaad,aadd,aada,adda,addd,adad,adaa,ddaa,ddad,dddd,ddda,dada,dadd,daad,daaa
182.36194947775553,132.01311073805468,12.226121439048354,10.365677829810734,4.101639439671098,2.88159920646226,0.5329765709575494,1.578382965673005,0.06564626959510206,0.07120387901026082,0.11424035801050905,0.11459494478723427,0.124615244382469,0.11916585098672042,0.06637560444533964,0.05426477859069325
