aaaa,aaad,aadd,aada,adda,addd,adad,adaa,ddaa,ddad,dddd,ddda,dada,dadd,daad,daaa
175.57665661273725,131.07374079406634,15.275108672478574,11.506450418162133,5.211592169274874,4.2979940594396036,0.5224846827713685,1.4312831199234848,0.0642662311076858,0.09099436250147784,0.14722499120081456,0.1814052061576528,0.17437235822812028,0.15484091402622235,0.06303397828341058,0.04922051586236484
