aaaa,aaad,aadd,aada,adda,addd,adad,adaa,ddaa,ddad,dddd,ddda,dada,dadd,daad,daaa
197.39116990838662,142.5857877568121,11.272353297072238,11.198516640406066,3.8181570502642708,2.4838916835191305,0.6423758552830726,1.7159455161473687,0.07424485413541485,0.06163820916141602,0.11907168428661316,0.09291147421275592,0.11232634117737414,0.12120806145983508,0.07315595638266126,0.05988209305437358
