aaaa,aaad,aadd,aada,adda,addd,adad,adaa,ddaa,ddad,dddd,ddda,dada,dadd,daad,daaa
162.87442156730302,117.43313525138278,10.308961684718074,9.207443286580236,3.4368222186266837,2.339824860695055,0.49646292682249954,1.4014462998351953,0.059477843088281565,0.05983013467290003,0.09984863522207969,0.09210053410545045,0.10375662203340413,0.1033956423029056,0.05912012031342129,0.047653051403936456
