aaaa,aaad,aadd,aada,adda,addd,adad,adaa,ddaa,ddad,dddd,ddda,dada,dadd,daad,daaa
168.7504860532228,120.2501855212626,13.835549701927402,9.91645722249684,4.4468017776061455,3.459968563327824,0.5153772163488071,1.3628822275806864,0.06254526226758046,0.07764363787376867,0.1213008276282868,0.14379227743983772,0.14302565498429864,0.13462066631334577,0.05757804425113992,0.047202116578681716
