aaaa,aaad,aadd,aada,adda,addd,adad,adaa,ddaa,ddad,dddd,ddda,dada,dadd,daad,daaa
161.98146404546762,113.85305986418174,9.64441296994368,8.953912940801354,3.1259317570156573,2.059009537793544,0.5199713246333475,1.371607594993824,0.061436300956096264,0.049790464096050965,0.09675306215288977,0.07596002853330786,0.09464866319365861,0.0985607539762039,0.056534492417200766,0.047984268502379364
