aaaa,aaad,aadd,aada,adda,addd,adad,adaa,ddaa,ddad,dddd,ddda,dada,dadd,daad,daaa
158.41249916952046,118.75494924461098,9.579246255695619,9.257835048642704,3.5649932508805695,2.4256665878511563,0.4514077266826158,1.4309087147915305,0.05427352133922235,0.06252645326916047,0.09750977549108007,0.0971609020673934,0.10269110160799787,0.1001397476780386,0.06216913970356535,0.048167986360929456
