aaaa,aaad,aadd,aada,adda,addd,adad,adaa,ddaa,ddad,dddd,ddda,dada,dadd,daad,daaa
172.3499378072882,119.99731215408971,11.70362924949051,9.456786623381117,3.6863585252947173,2.6056545878761366,0.5204258302109965,1.4446554488593804,0.06318931152582677,0.06537307957586978,0.10206600220057997,0.10089460441464206,0.11245319241458626,0.1126081394599784,0.05880749865449619,0.04902889890143888
