aaaa,aaad,aadd,aada,adda,addd,adad,adaa,ddaa,ddad,dddd,ddda,dada,dadd,daad,daaa
165.47055455048542,117.54485353344515,14.504885483147172,9.679660912203774,4.688481380958598,3.7486552470103027,0.48965471060938837,1.33274589872919,0.06001613103781506,0.08322475476344683,0.11751585357886625,0.1561414095904605,0.1452384595247331,0.1460244139482384,0.056540423524611264,0.045694719048292504
