aaaa,aaad,aadd,aada,adda,addd,adad,adaa,ddaa,ddad,dddd,ddda,dada,dadd,daad,daaa
179.25030687231296,132.82619396468917,10.27249234698415,10.383968263769368,3.699575026979041,2.405117217431438,0.5618836449273961,1.600924715946174,0.06595470195076344,0.060019753196305745,0.11045160961473713,0.09214113089579883,0.10696003339319317,0.11015546640293124,0.06787577938063365,0.055755229985400924
