aaaa,aaad,aadd,aada,adda,addd,adad,adaa,ddaa,ddad,dddd,ddda,dada,dadd,daad,daaa
177.7735642229348,120.12784696841136,11.211694332007763,9.504783591318096,3.3634289333787866,2.308358052445397,0.5691659944144866,1.4475829174844603,0.06660046584716203,0.058547376408880476,0.10164695075003775,0.08629526210460807,0.1040658965243175,0.10904503138121549,0.05913928445779083,0.04945193112533369
