aaaa,aaad,aadd,aada,adda,addd,adad,adaa,ddaa,ddad,dddd,ddda,dada,dadd,daad,daaa
209.77256904851174,146.8474217921313,15.50599859429748,11.61928495279629,4.85852914745736,3.5632557183046574,0.6239413279454977,1.7465833126620216,0.07653717044527618,0.08535086327715437,0.13056075801507563,0.14031227448089684,0.15040196344620102,0.1471403371108065,0.07151391433030334,0.0597640390924398
