aaaa,aaad,aadd,aada,adda,addd,adad,adaa,ddaa,ddad,dddd,ddda,dada,dadd,daad,daaa
184.7660657858258,137.85434019796688,10.779183099401333,10.693370334645389,3.931438270452347,2.5756867213832972,0.5676298115366434,1.6235057644140802,0.06725297230369237,0.06832993199899594,0.11564417378778483,0.10830082719296072,0.11698137760487452,0.11158676194101462,0.07160420476651749,0.05591159731982783
