aaaa,aaad,aadd,aada,adda,addd,adad,adaa,ddaa,ddad,dddd,ddda,dada,dadd,daad,daaa
177.2246439029602,127.7367356504388,13.431811445700344,10.268396559874205,4.257537321335797,3.115368752640013,0.5326599883115116,1.4942706101362417,0.06511056405512396,0.07116612111561096,0.12156275605070326,0.12347959439395259,0.1377568494479344,0.12568564708143426,0.06264006580386995,0.051745935026514096
