aaaa,aaad,aadd,aada,adda,addd,adad,adaa,ddaa,ddad,dddd,ddda,dada,dadd,daad,daaa
145.08314187389567,105.56265982093133,8.069580803249902,8.377819340046152,2.8014966100842034,1.8555555493343365,0.465762760189888,1.2971827839426298,0.053506582878387214,0.0455618373681908,0.08471387442151371,0.06708662491510912,0.079769337339299,0.08829656717222725,0.05537544418093035,0.04477048969138007
