aaaa,aaad,aadd,aada,adda,addd,adad,adaa,ddaa,ddad,dddd,ddda,dada,dadd,daad,daaa
163.80392287688232,118.54613727912245,13.403234769228643,9.80992933058209,4.334269877085123,3.362080863011574,0.4869385474875223,1.3569008874902546,0.05975007438043108,0.07455045237651801,0.12023400573900864,0.13689259609100737,0.14093720157095202,0.12874710741855364,0.057404594217843045,0.047119048216606924
