aaaa,aaad,aadd,aada,adda,addd,adad,adaa,ddaa,ddad,dddd,ddda,dada,dadd,daad,daaa
161.94050784279662,114.2201183732221,10.749519748362756,9.057996000292716,3.379899890528769,2.3567075222419107,0.4914189266285385,1.3939748834333583,0.05891586524714701,0.057692502677809676,0.09672561248298457,0.08759607110648762,0.10242223630222043,0.10520088295297587,0.057240737531094356,0.047449790894987284
