aaaa,aaad,aadd,aada,adda,addd,adad,adaa,ddaa,ddad,dddd,ddda,dada,dadd,daad,daaa
175.76620843478207,130.0762315091638,8.597698012405363,10.45414875148284,3.2097344000941317,2.0933288868729845,0.5913920006979118,1.6000734458155284,0.06365264690100503,0.0548435639858925,0.09804848501257633,0.07558582056717567,0.08616572997855258,0.10358958048617693,0.07095650330131503,0.054080486319589983
