aaaa,aaad,aadd,aada,adda,addd,adad,adaa,ddaa,ddad,dddd,ddda,dada,dadd,daad,daaa
179.26021417566923,137.0659855920579,13.17050973483913,10.905063198305355,4.664109324736372,3.373932691177799,0.51212879859239,1.569662902734983,0.06371459161703695,0.07935576563954429,0.13339996575844776,0.14148348163763685,0.1492404347651409,0.12784014907592797,0.0693255684054657,0.05453629739566674
