aaaa,aaad,aadd,aada,adda,addd,adad,adaa,ddaa,ddad,dddd,ddda,dada,dadd,daad,daaa
194.48028287024474,139.27420231557565,14.229077772803524,11.142179064971177,4.5603150357411195,3.2870500861084295,0.5899985563164704,1.627904223355349,0.07193312727325102,0.07753209502700026,0.13091983367122728,0.13244063384620403,0.1463150445527378,0.13407823421506698,0.06813714379682327,0.05651410145991686
