aaaa,aaad,aadd,aada,adda,addd,adad,adaa,ddaa,ddad,dddd,ddda,dada,dadd,daad,daaa
183.47779475362663,129.50273871306837,10.39126310412119,10.297634057308311,3.3880015591783255,2.2552800045666292,0.5984974804299162,1.587785834934055,0.06904654081103907,0.05503234513625953,0.10587825340957628,0.08008697207047384,0.09910522328675084,0.11134071193249649,0.06683013235789956,0.05515084731842637
