aaaa,aaad,aadd,aada,adda,addd,adad,adaa,ddaa,ddad,dddd,ddda,dada,dadd,daad,daaa
156.68202107011567,110.06284520479086,11.353784018357912,8.76468646272092,3.504608301902046,2.5360327399817413,0.46348628516164275,1.3375255113390994,0.05690877371161268,0.06015329522775586,0.09627765809369997,0.09542219201733772,0.10845856088508925,0.10777291612932485,0.054329183017978164,0.04601442823515327
