aaaa,aaad,aadd,aada,adda,addd,adad,adaa,ddaa,ddad,dddd,ddda,dada,dadd,daad,daaa
184.64098775238836,133.33039242447245,12.98237441365466,10.648239532958469,4.242444960730178,3.0341680415564505,0.5542719292769751,1.5646055236303051,0.06762525443955829,0.07596630518726481,0.12391622818851278,0.12464746874341427,0.1347482305215018,0.12421275165520834,0.06655024469463608,0.05465972322933191
