aaaa,aaad,aadd,aada,adda,addd,adad,adaa,ddaa,ddad,dddd,ddda,dada,dadd,daad,daaa
188.8956899981983,133.6748907621696,12.236325401724097,10.501276655456676,3.936551558779899,2.6782360664729583,0.5907545423198782,1.5725469144547501,0.07008604480844098,0.06834303758153555,0.11752965675355975,0.10670550641588429,0.1225753621639167,0.12016895234734683,0.06599533351814697,0.053694189289623925
