aaaa,aaad,aadd,aada,adda,addd,adad,adaa,ddaa,ddad,dddd,ddda,dada,dadd,daad,daaa
158.55246814511105,114.20590513240465,9.372166251923545,8.976588015353368,3.200294678102778,2.1610019540638996,0.4850900332391082,1.3931628488939853,0.056098734724135256,0.05734278444170369,0.09201910947084033,0.08238388559030876,0.09205890823908443,0.09715193244660535,0.058302599313516,0.04651052380046257
