aaaa,aaad,aadd,aada,adda,addd,adad,adaa,ddaa,ddad,dddd,ddda,dada,dadd,daad,daaa
180.9777916308541,123.86027454369116,9.277812542569361,10.089563659038228,2.9844373380934597,2.0162874120196044,0.6071966566960914,1.5460445957740254,0.06833670511344131,0.050024746454804724,0.096372184807347,0.06791280589195817,0.08585100041104148,0.10250805878760738,0.06489337860624815,0.053345668259806196
