aaaa,aaad,aadd,aada,adda,addd,adad,adaa,ddaa,ddad,dddd,ddda,dada,dadd,daad,daaa
175.1882590823653,127.92858441252271,11.34674861408161,10.038002883961498,3.8410329605201317,2.653029872164922,0.5183575161154288,1.5387293516531568,0.06316075620402495,0.06588141129380592,0.10913641775065144,0.10432611956274564,0.11566251092092114,0.11269442565315714,0.06542009293423008,0.05321244128187114
