aaaa,aaad,aadd,aada,adda,addd,adad,adaa,ddaa,ddad,dddd,ddda,dada,dadd,daad,daaa
167.1792269846505,123.89199779610021,12.372291685242825,9.854117495234938,4.179268537247391,3.0600613079340766,0.4760145607225432,1.4501095800763306,0.059402942759414816,0.07161044326691408,0.11626947573528831,0.12343968078455061,0.13129780051233028,0.11929736345810946,0.062021999978410736,0.05018991205353641
