aaaa,aaad,aadd,aada,adda,addd,adad,adaa,ddaa,ddad,dddd,ddda,dada,dadd,daad,daaa
159.57570202551196,115.96085533323819,9.09276081065725,9.115994724497273,3.187252069201776,2.088414820053466,0.501048265909694,1.4083598357463958,0.059060789232843316,0.05157267322414866,0.09530062861241864,0.078047629632184,0.09235533505558474,0.09626563850662555,0.058804686566741655,0.04869336760837866
