aaaa,aaad,aadd,aada,adda,addd,adad,adaa,ddaa,ddad,dddd,ddda,dada,dadd,daad,daaa
167.0802625329966,123.54524583414158,10.793574687825512,9.70526307552082,3.655825343910427,2.473682293944688,0.5088574961147662,1.5015202673316408,0.0609967185383693,0.05753864099778182,0.10693816638622188,0.09095754155613871,0.10862053377613266,0.11044690918974939,0.06273131696751337,0.05224069955896088
