aaaa,aaad,aadd,aada,adda,addd,adad,adaa,ddaa,ddad,dddd,ddda,dada,dadd,daad,daaa
159.69840059692066,111.64721111583346,13.44024176952567,9.00593239212131,4.115570675794334,3.2163910023763433,0.4617504480204462,1.3227518627840535,0.057158471368798036,0.07218757596934504,0.10425220878772974,0.1247745628021043,0.1278507409021304,0.12990139978495946,0.0540383380637314,0.0454342341044081
