aaaa,aaad,aadd,aada,adda,addd,adad,adaa,ddaa,ddad,dddd,ddda,dada,dadd,daad,daaa
219.29372881901986,48.54727362091925,3.4191180952267453,8.901808375324636,1.210645195325906,0.9950313287945606,0.7867948310712778,0.033689547816336964,0.13572471080951462,0.030872749905766286,0.5419667424899328,0.0715503258398156,0.0741604831255619,0.09554384075951346,0.019291998327431507,0.004453611413210855
