aaaa,aaad,aadd,aada,adda,addd,adad,adaa,ddaa,ddad,dddd,ddda,dada,dadd,daad,daaa
266.7333891354182,59.31139464287933,3.5740410687437496,9.472895612876023,1.207909171949953,1.5060716343636171,0.9654403648546017,0.05404950424761199,0.1767976391528808,0.03714374086176882,0.6781251223839714,0.08229095838860258,0.10615538439168852,0.1251108984990761,0.02408688285034777,0.006348790963529068
