aaaa,aaad,aadd,aada,adda,addd,adad,adaa,ddaa,ddad,dddd,ddda,dada,dadd,daad,daaa
259.9433720476223,51.588491419948646,3.4483637800059554,8.472179254833355,1.1635297929497552,1.1502712835801154,0.8372953731407712,0.036750881283419634,0.17329344628137527,0.02633271487968447,0.6497397025984264,0.06940933611812813,0.08333939066953597,0.0860501632340254,0.02344965556485371,0.005575133974770417
