aaaa,aaad,aadd,aada,adda,addd,adad,adaa,ddaa,ddad,dddd,ddda,dada,dadd,daad,daaa
224.54351728971142,50.61062009534954,3.869590160681462,9.97510425456732,1.4597450322598837,1.0422772867536976,0.8155240872665327,0.03140825687952113,0.1437721595510167,0.0338432274750487,0.5478949876357603,0.07882134222384232,0.0787732743773631,0.10223659854913772,0.020372759512994762,0.004330733538100045
