aaaa,aaad,aadd,aada,adda,addd,adad,adaa,ddaa,ddad,dddd,ddda,dada,dadd,daad,daaa
251.67980993834334,55.89398915193777,4.265632331946019,10.786107529920814,1.5948750857420382,1.1237327141289404,0.9055471445742811,0.03356955088268988,0.1645571076059414,0.03417408535273186,0.618055760082652,0.08391251970558661,0.08522324260358577,0.10561394720562976,0.023385739327075074,0.004751324610607902
