aaaa,aaad,aadd,aada,adda,addd,adad,adaa,ddaa,ddad,dddd,ddda,dada,dadd,daad,daaa
250.08534079766747,52.273520708334104,3.8970203033621336,9.920412258150813,1.4224416050771238,1.0694042170902291,0.8288905754796859,0.03305161041395012,0.161557005245535,0.033721751835119794,0.6144098027680345,0.08067022844776696,0.0839653888882373,0.1018338680188595,0.0222897385244848,0.0049251182025247696
