aaaa,aaad,aadd,aada,adda,addd,adad,adaa,ddaa,ddad,dddd,ddda,dada,dadd,daad,daaa
250.07049596134607,54.38955902399878,3.1635827104570438,8.498452190099268,0.9648051984094057,1.3330088926900676,0.8905631271123955,0.053123454960697675,0.15420503244212536,0.034998993699409585,0.638017066327815,0.07423786266490946,0.09426882130210117,0.11586240996830197,0.02097800659366313,0.006342333118066382
