aaaa,aaad,aadd,aada,adda,addd,adad,adaa,ddaa,ddad,dddd,ddda,dada,dadd,daad,daaa
242.45535417328068,54.99221428936148,3.887307831052815,8.623184215611595,1.16072398230262,1.5079594775678777,0.8928212477246681,0.05399806408382303,0.16482537234549682,0.03569294988738366,0.6186387116121573,0.07669009270957959,0.10468808184017919,0.12372716925328595,0.022479830569837385,0.005752978069992566
