aaaa,aaad,aadd,aada,adda,addd,adad,adaa,ddaa,ddad,dddd,ddda,dada,dadd,daad,daaa
221.5885437214342,51.08237400834745,3.3221347813854103,8.04700764458099,1.0047696750899064,1.3092692368467849,0.8277658231422925,0.051599523898979406,0.14135190354840024,0.034298892798462065,0.5650977012752568,0.0706694080650206,0.09256088783314594,0.11540058037017305,0.019498931307903877,0.005371590261986909
