aaaa,aaad,aadd,aada,adda,addd,adad,adaa,ddaa,ddad,dddd,ddda,dada,dadd,daad,daaa
264.71539681952964,62.507458186781896,4.084933798599564,8.948743306002031,0.9586310047756815,1.6517246558653225,1.0433518993619337,0.07740115769610015,0.16086610564257448,0.04016134947272462,0.6873452583710572,0.07902212692810376,0.11089776753231118,0.14146087667933852,0.022046006009590013,0.007260632392650707
