aaaa,aaad,aadd,aada,adda,addd,adad,adaa,ddaa,ddad,dddd,ddda,dada,dadd,daad,daaa
225.54067106659352,51.807879481752344,3.0799582613552956,7.90832631463959,0.8991592109816943,1.2747477045138285,0.8754831510328552,0.05567433012023007,0.13855785777605611,0.03293401024449066,0.5765080556499405,0.06944385882960409,0.0887204148737239,0.11294624500463521,0.019029756971747042,0.005955249005416868
