aaaa,aaad,aadd,aada,adda,addd,adad,adaa,ddaa,ddad,dddd,ddda,dada,dadd,daad,daaa
233.8635381177648,53.97842541901867,3.153146770418774,8.844347531259285,1.0919368165071204,1.2214491437042037,0.8970165107669494,0.04568645050501925,0.1439365322849302,0.032382312364240995,0.5898674670487706,0.07346533615018995,0.08421776624723744,0.10741704646415867,0.02067859254317444,0.005358220192511785
