aaaa,aaad,aadd,aada,adda,addd,adad,adaa,ddaa,ddad,dddd,ddda,dada,dadd,daad,daaa
242.46153141801162,46.10070248555795,6.5704667067647335,9.54017193909571,1.595124735440185,0.8530607651164888,0.6993437340008676,0.02411859457002776,0.1574801393823478,0.026482139463590154,0.5856807181752316,0.07244292110217024,0.06821727133341621,0.07951573085754053,0.02148257012634531,0.003891236112327294
