aaaa,aaad,aadd,aada,adda,addd,adad,adaa,ddaa,ddad,dddd,ddda,dada,dadd,daad,daaa
202.11170371336522,43.730391799938666,2.8248462027911976,7.286820609363447,0.8978647822624559,0.9259295873751707,0.7199177552458235,0.03514128824432368,0.12005987405000088,0.025686861878726822,0.5075080548078053,0.05987449718949298,0.06487233576239627,0.08236566002075905,0.01709861768452271,0.004437827679917185
