aaaa,aaad,aadd,aada,adda,addd,adad,adaa,ddaa,ddad,dddd,ddda,dada,dadd,daad,daaa
208.5817051388459,46.019948289712715,2.5885554604378718,7.125859780954693,0.8239521306373055,1.0949464848277424,0.767664671291486,0.04250608061859664,0.1280117408268554,0.027152597067539745,0.5318963567389728,0.060985293797300076,0.07433329812992591,0.0909661151024461,0.018034488232232148,0.005111787524349634
