aaaa,aaad,aadd,aada,adda,addd,adad,adaa,ddaa,ddad,dddd,ddda,dada,dadd,daad,daaa
232.17782472169878,50.26029749093643,4.757230972645155,6.887239145439176,0.6346198858645257,1.899963059274363,0.8237798371544389,0.06742453657088011,0.1549591113220987,0.03611212301525127,0.6418985990579315,0.05534247311523983,0.11869133966598087,0.12212104367561176,0.018577337903399684,0.008280512236294595
