aaaa,aaad,aadd,aada,adda,addd,adad,adaa,ddaa,ddad,dddd,ddda,dada,dadd,daad,daaa
255.7766266479237,60.51922557235204,3.823895116344985,10.403589271156394,1.3518380964737786,1.3954933703576626,0.9948131015016421,0.050565144725750744,0.15847601749637336,0.04000710601468757,0.6398853722268171,0.08647554819883407,0.098385132224341,0.12993537752249995,0.022910367087725033,0.005805285383367554
