aaaa,aaad,aadd,aada,adda,addd,adad,adaa,ddaa,ddad,dddd,ddda,dada,dadd,daad,daaa
212.9095579569549,45.301305043090444,2.7655098820281565,7.709904552426816,0.977812610012564,1.009263376377987,0.7376790470948448,0.03626683503598346,0.133537181498175,0.028419706372546,0.5337855778582434,0.06502491451257508,0.07409807175599563,0.09029441683787486,0.018366866022417248,0.004833826554803838
