aaaa,aaad,aadd,aada,adda,addd,adad,adaa,ddaa,ddad,dddd,ddda,dada,dadd,daad,daaa
231.4908949455895,53.862416180777224,3.576806616149113,8.374078537817171,1.0225595697518113,1.3868852541784118,0.8757377342144871,0.05631126233794963,0.14466654901373094,0.03686204826675792,0.5915631875642918,0.0738226683576962,0.09795528891393522,0.12435353110216149,0.019927788430509477,0.005742548259636723
