aaaa,aaad,aadd,aada,adda,addd,adad,adaa,ddaa,ddad,dddd,ddda,dada,dadd,daad,daaa
231.73781348321418,49.93980468059471,3.611020948735121,9.252148703720064,1.2666367149329587,1.0219518642797507,0.8037920618755864,0.03408924129555439,0.14369289635225319,0.032301701492901465,0.5717035283255294,0.07508961584948849,0.07759981544541253,0.09886064852610862,0.02023485629084868,0.0046875712652842
