aaaa,aaad,aadd,aada,adda,addd,adad,adaa,ddaa,ddad,dddd,ddda,dada,dadd,daad,daaa
245.89295767728265,50.17637988347558,4.626180928224784,9.422285284729432,1.4409795421808609,0.9682951466278183,0.7987170894261898,0.029593806876808074,0.16190300894581108,0.0274332360565238,0.604221591241958,0.07301038680729721,0.07546267410409936,0.08593581689142357,0.022372985787221664,0.004440068613452531
