aaaa,aaad,aadd,aada,adda,addd,adad,adaa,ddaa,ddad,dddd,ddda,dada,dadd,daad,daaa
216.01979604023612,46.405912534186164,3.626942460941666,8.664762889016597,1.260823467631409,0.9174107057543323,0.7487121159521156,0.028966799125361726,0.14011363895639167,0.02703832913954207,0.5332895437250045,0.06768979124692569,0.0702508343848521,0.08447973690674572,0.01970098605936074,0.004125874250739103
