aaaa,aaad,aadd,aada,adda,addd,adad,adaa,ddaa,ddad,dddd,ddda,dada,dadd,daad,daaa
232.931622711601,49.51730899454954,3.3722131536379423,6.742154588249906,0.6431708931264856,1.5193653732845755,0.8312604702580557,0.06213851322336661,0.15045379089473382,0.03022910346459768,0.6156143796275475,0.061524960900299824,0.09857026196222625,0.10931536901848403,0.019440301147349508,0.006782588113742326
