aaaa,aaad,aadd,aada,adda,addd,adad,adaa,ddaa,ddad,dddd,ddda,dada,dadd,daad,daaa
213.7904241684809,44.29985334209013,3.385492587695375,8.246649525495744,1.1842179863638669,0.8980333439107784,0.7093231573819274,0.028293265116621995,0.13788149875019848,0.02682196040031288,0.5273161539574257,0.06598820043531574,0.06889049298277848,0.0821290187544412,0.019065193560902242,0.004213658762616537
