aaaa,aaad,aadd,aada,adda,addd,adad,adaa,ddaa,ddad,dddd,ddda,dada,dadd,daad,daaa
196.739151873431,43.29926880813229,2.667249853051553,7.4585557673632055,0.961282618230469,0.9464126079134407,0.7091997778566994,0.03389512151674573,0.12267289027583679,0.026994007831787854,0.4923704617406733,0.0617906395964111,0.0688039728550554,0.08613181103099725,0.01719306231740767,0.004368236675520239
