aaaa,aaad,aadd,aada,adda,addd,adad,adaa,ddaa,ddad,dddd,ddda,dada,dadd,daad,daaa
246.4127355394935,53.94400341206763,3.110502524101326,8.560591758545204,0.9885062504944492,1.2698067742245343,0.894492251825064,0.05026267712945721,0.14866782434439138,0.034119449072759184,0.6252751725452739,0.07385178822158331,0.08861126273623038,0.11145603705573216,0.020721364644708026,0.006092702085461714
