aaaa,aaad,aadd,aada,adda,addd,adad,adaa,ddaa,ddad,dddd,ddda,dada,dadd,daad,daaa
209.81098699617883,48.02832389745158,2.993629801969789,8.429080174915438,1.1287109298403204,1.0868172147450024,0.7868301931893655,0.037234134647855494,0.13391311831601452,0.031048987984886398,0.5232475406679883,0.07004681468889055,0.07857224982486855,0.09994724346873102,0.01897199578254495,0.004647030854118176
