aaaa,aaad,aadd,aada,adda,addd,adad,adaa,ddaa,ddad,dddd,ddda,dada,dadd,daad,daaa
203.07934899370022,57.84198633184037,34.53631519471356,0.773003192030943,3.313749598615627,1.433295897426039,3.487303209817993,0.8736525643032724,0.028523929433723904,0.03255025078405123,0.029638411249436097,0.020891810931463337,0.09652036451684698,0.1272666461271727,0.027511335121285917,0.02911539997441883
