aaaa,aaad,aadd,aada,adda,addd,adad,adaa,ddaa,ddad,dddd,ddda,dada,dadd,daad,daaa
164.32613454377625,52.30078019139984,38.23139646968882,1.2919059943010465,4.112234643904056,0.9461995718628761,3.0251088098338923,0.7566482012735459,0.02906034422654935,0.03773045633090096,0.026482616191366347,0.01805151735711866,0.17133734140805618,0.11447812045822425,0.013356736219087414,0.025290948957652423
