aaaa,aaad,aadd,aada,adda,addd,adad,adaa,ddaa,ddad,dddd,ddda,dada,dadd,daad,daaa
167.88203426369373,52.082458642318024,37.015842650934694,1.2654847118405321,3.687990055350452,0.8684655978052082,3.134440670325196,0.7307644901895315,0.02697435900864037,0.03951010454611135,0.02610081029068799,0.012961414712206269,0.1555681655412151,0.1001059367568237,0.013742803353507197,0.023779227559444296
