aaaa,aaad,aadd,aada,adda,addd,adad,adaa,ddaa,ddad,dddd,ddda,dada,dadd,daad,daaa
198.94355720868757,54.27656792203202,37.395499231406816,0.8214324742713962,3.7034561455575794,1.2936006546896046,3.462963253040107,0.8644790053711782,0.026167200338009497,0.03394584357841699,0.027764428257253778,0.021240035667652115,0.11834947803766495,0.1290316068307826,0.021944432834008484,0.028440697617713583
