aaaa,aaad,aadd,aada,adda,addd,adad,adaa,ddaa,ddad,dddd,ddda,dada,dadd,daad,daaa
185.70037772222588,44.902035883717126,33.586898422996015,0.8689597821370898,3.0399748128470914,0.9048393470381727,3.344824349884724,0.7057169502987722,0.01676370782417496,0.033438506247143764,0.02256235623763051,0.011150181980783321,0.09501051908814824,0.09204897657168584,0.016787898631295466,0.023556923018189506
