aaaa,aaad,aadd,aada,adda,addd,adad,adaa,ddaa,ddad,dddd,ddda,dada,dadd,daad,daaa
174.33357440244174,56.88666174755872,31.497703909227468,0.6448647102959615,2.6211155469024527,1.0219328761763065,3.228424472195618,0.7165276621254759,0.029049085755342374,0.03625390194215657,0.026879964391740323,0.010652198710438392,0.0982829258788433,0.09719574810984484,0.020344522063886903,0.02219997921975045
