aaaa,aaad,aadd,aada,adda,addd,adad,adaa,ddaa,ddad,dddd,ddda,dada,dadd,daad,daaa
198.84028981161262,63.02096726361789,40.90724186586857,1.0289767294314651,4.25415605366372,1.2398183120301685,3.5268344361891986,0.9157448700155231,0.035428788707448026,0.04186226931064194,0.03129653488336569,0.02279727511952364,0.16458382821187226,0.13137881839214804,0.019585242755716187,0.029506828552204795
