aaaa,aaad,aadd,aada,adda,addd,adad,adaa,ddaa,ddad,dddd,ddda,dada,dadd,daad,daaa
194.70072778593382,55.5089842319702,27.370274877122952,0.8199438068654535,2.534924951652812,1.2938486314324513,3.330113157809092,0.7838027587464724,0.027513768195447794,0.029304411611391253,0.029345214054147275,0.014998878991237512,0.062392159082570155,0.09740071305890108,0.032841792103202656,0.025765394153217824
