aaaa,aaad,aadd,aada,adda,addd,adad,adaa,ddaa,ddad,dddd,ddda,dada,dadd,daad,daaa
200.09591743270292,63.6352356983411,50.674126856002864,2.9901707816285494,5.175411761452087,0.8256904766843617,3.874744122060706,0.9366383564571041,0.03329833913219718,0.0611212890988102,0.03129469238770317,0.0294208461193537,0.2765052735490403,0.12006378503120808,0.01435742991085587,0.02748705970307703
