aaaa,aaad,aadd,aada,adda,addd,adad,adaa,ddaa,ddad,dddd,ddda,dada,dadd,daad,daaa
195.5100074564052,60.11697794119778,44.981958513354634,2.155361290257809,3.2687866037269626,0.7240375518414558,4.159867072635936,0.6993045576005598,0.025243378713699575,0.0586679852045286,0.029708249586079906,0.007855931265076842,0.17534335790488273,0.09731406028760878,0.016149787515841972,0.02081977459740801
