aaaa,aaad,aadd,aada,adda,addd,adad,adaa,ddaa,ddad,dddd,ddda,dada,dadd,daad,daaa
186.41751505460383,46.09647934589276,24.6225095721642,0.9315207092290232,2.406040834890024,1.1417925959166233,3.0890402783919417,0.7179892124728385,0.020720414289737227,0.02520037364096742,0.025668583476031875,0.01402127523570356,0.04977504593110614,0.08421483401862204,0.02999259351260166,0.02476832992942933
