aaaa,aaad,aadd,aada,adda,addd,adad,adaa,ddaa,ddad,dddd,ddda,dada,dadd,daad,daaa
163.24300531214095,49.84189823639679,42.31870722353531,3.4679087582197385,3.799621815571681,0.5129252359177804,3.3981476347153263,0.6868432151544044,0.024965759212041822,0.0536476860704635,0.026721053020069257,0.010010294376870765,0.23375793953520893,0.08086112138978434,0.01243731123796492,0.01956419009302254
