aaaa,aaad,aadd,aada,adda,addd,adad,adaa,ddaa,ddad,dddd,ddda,dada,dadd,daad,daaa
182.3483036378418,54.564269689653685,41.364320643934995,1.7656629969479571,3.462574057379742,0.7746730918186183,3.669066705688009,0.7053130918971579,0.023563928285115717,0.04946109176729443,0.02658407438598441,0.0102126256543441,0.16729433408079275,0.09955195183188288,0.014365772982143627,0.02143047260998975
