aaaa,aaad,aadd,aada,adda,addd,adad,adaa,ddaa,ddad,dddd,ddda,dada,dadd,daad,daaa
194.74184972814726,51.09199665519166,39.19025279930104,1.144488490847825,3.5816249069128077,0.9345053877713171,3.626151900067383,0.7690589733710934,0.02104036606977174,0.03990439670524,0.025535146603771663,0.01212353897122148,0.13100186425978996,0.10352328986803269,0.01619565700865867,0.025405158691426517
