aaaa,aaad,aadd,aada,adda,addd,adad,adaa,ddaa,ddad,dddd,ddda,dada,dadd,daad,daaa
163.25716347889187,53.82365620129113,32.84663463097265,0.8255996505776833,2.8254800307701626,0.9008163107912733,3.08369006446915,0.682729540791551,0.027768638561307082,0.03746926363103684,0.025437113297198475,0.010637027588360942,0.11737443197957885,0.0940786862396513,0.015985240023313127,0.021024840125667948
