aaaa,aaad,aadd,aada,adda,addd,adad,adaa,ddaa,ddad,dddd,ddda,dada,dadd,daad,daaa
204.8679185830922,66.89243892940067,47.473779567710885,1.4402368100551985,4.861637420423467,1.2207349725972585,3.7903068191835225,0.9547155726298977,0.037496393209483524,0.046788258979219205,0.033084906913329284,0.02275679512313064,0.20781433626680076,0.14153593685708948,0.01812331348740583,0.03012567054495159
