aaaa,aaad,aadd,aada,adda,addd,adad,adaa,ddaa,ddad,dddd,ddda,dada,dadd,daad,daaa
181.42337056691426,59.72581412684868,40.89116547085982,1.3192965376086454,3.971251623228338,0.9966844822631489,3.4118933188025182,0.8071164921354039,0.03263284527258798,0.043423236046905705,0.029178679471024392,0.015169990240263026,0.174069138367276,0.11493995140267867,0.015739522241362915,0.025925663773328885
