aaaa,aaad,aadd,aada,adda,addd,adad,adaa,ddaa,ddad,dddd,ddda,dada,dadd,daad,daaa
225.95227630388632,62.87909091241107,43.751887740720036,1.058981665429457,4.525255786613206,1.362253006609169,3.9505388036932314,0.9938753620876922,0.031172298159161314,0.04215925790772403,0.032134623718960274,0.02472148280700219,0.15483541659328925,0.14052134710859293,0.022511753619801587,0.03285575759305674
