aaaa,aaad,aadd,aada,adda,addd,adad,adaa,ddaa,ddad,dddd,ddda,dada,dadd,daad,daaa
175.19449769660866,58.86925053009498,40.81488500287126,1.7096192563393582,4.167761833179458,0.8895351187207482,3.315656125109148,0.7777499769432644,0.03139756135731456,0.047723115092277,0.028266615469551483,0.018838574391800002,0.19787757170057452,0.11442391796893857,0.013556417306064342,0.023869525351068017
