aaaa,aaad,aadd,aada,adda,addd,adad,adaa,ddaa,ddad,dddd,ddda,dada,dadd,daad,daaa
164.0390554297052,52.238557747425745,39.666203495218554,2.0355848636475504,3.9534632899918742,0.7113665693870793,3.1392728012850744,0.747396584724141,0.0267966752382285,0.04958484354798265,0.025218767783786882,0.023239775599905366,0.2021678564075865,0.09712606039506647,0.011918831116231064,0.021643215469174915
