aaaa,aaad,aadd,aada,adda,addd,adad,adaa,ddaa,ddad,dddd,ddda,dada,dadd,daad,daaa
203.46917926185643,61.942638882776926,38.3867857030256,0.8166812347323116,3.9963125768426524,1.3977872538477247,3.501112231588435,0.9370670339495839,0.034568003978364105,0.03796105133096023,0.03161328461008332,0.024800941523416116,0.13783346287418083,0.13694321695911066,0.023796878159450755,0.030682755087628046
