aaaa,aaad,aadd,aada,adda,addd,adad,adaa,ddaa,ddad,dddd,ddda,dada,dadd,daad,daaa
171.75606401759154,52.81322923340006,32.30113399646316,0.7163081584394955,2.884565249288271,0.9981513839493392,3.136769344374047,0.7199482554350338,0.026318633585962842,0.03497623860689176,0.025492315911682613,0.012478899708461446,0.10605307532654583,0.09834356631295256,0.018238075627823626,0.02274445309223991
