aaaa,aaad,aadd,aada,adda,addd,adad,adaa,ddaa,ddad,dddd,ddda,dada,dadd,daad,daaa
179.65497896140758,60.14765809532079,41.29734326638916,1.7679863688512403,4.037150344370213,0.8660161881262564,3.4315495264261138,0.779573973863702,0.03177837639652072,0.04994001561945114,0.02885624045248624,0.016828537126840997,0.197942479936626,0.11076405456753757,0.013996225285359884,0.02323298447918359
