aaaa,aaad,aadd,aada,adda,addd,adad,adaa,ddaa,ddad,dddd,ddda,dada,dadd,daad,daaa
222.56961099676528,66.05390152853161,51.729482323156205,2.107858309337248,5.455207380158085,1.0934791707561555,4.138164450663238,0.9978488800545356,0.030922388912538387,0.0573120573794747,0.0323058071376719,0.03234400385288601,0.23205959564939863,0.13907617302985198,0.017174130552057777,0.03236912752193592
