aaaa,aaad,aadd,aada,adda,addd,adad,adaa,ddaa,ddad,dddd,ddda,dada,dadd,daad,daaa
202.1698729563364,58.677050909047416,46.59384251265509,2.390388603005639,3.9699386532399408,0.7565231726048387,4.042891397276859,0.8116731505563151,0.02620244825857549,0.06045772553156829,0.028725044200314822,0.01515691817498154,0.20450835326942085,0.10152316769734838,0.015025931632250484,0.023697517115611976
