aaaaa,aaaad,aaadd,aaada,aadda,aaddd,aadad,aadaa,addaa,addad,adddd,addda,adada,adadd,adaad,adaaa,ddaaa,ddaad,ddadd,ddada,dddda,ddddd,dddad,dddaa,dadaa,dadad,daddd,dadda,daada,daadd,daaad,daaaa
5.62990798331394,148.1888542568862,50.12313479579657,48.69145592287849,9.239840632294559,3.860372498152304,14.117068011247143,5.231919290067575,0.5804486352627609,0.6651692369169401,0.4069840289243906,1.8665223992540396,1.1607872808127586,0.3598241305674341,0.49113831695831744,0.051893657952662375,0.15915010667029583,0.11376131201717994,0.2145632842825736,0.03956528918540489,0.0590099950455144,0.06719776997074275,0.047337780670546274,0.4090326606923231,0.027597704714785364,0.0007451490535116263,0.025986690746459377,0.1834367964864003,0.20658020902623875,0.04725349659571454,0.07126982546909971,0.011076996294165831
