aaaaa,aaaad,aaadd,aaada,aadda,aaddd,aadad,aadaa,addaa,addad,adddd,addda,adada,adadd,adaad,adaaa,ddaaa,ddaad,ddadd,ddada,dddda,ddddd,dddad,dddaa,dadaa,dadad,daddd,dadda,daada,daadd,daaad,daaaa
5.372297794726809,147.08328905183498,50.33080412665248,46.34744195494603,9.291694386462598,4.562503363589346,12.848022193485292,4.5373428726234,0.40771403207667267,0.4208455162154722,0.23243743079398482,1.462050711570031,1.2778839627358245,0.3020437940584396,0.45687415653532093,0.04793296164860028,0.152862439501623,0.10342479832139415,0.22169451281275354,0.045103999609226536,0.05930075815815106,0.07075321780736532,0.0452111331391476,0.33389789503440104,0.026689864804061523,0.0005779275533580952,0.01867580114158187,0.15209097084598297,0.19258262353127115,0.040266705110708546,0.06688696035936521,0.01098608058251077
