aaaaa,aaaad,aaadd,aaada,aadda,aaddd,aadad,aadaa,addaa,addad,adddd,addda,adada,adadd,adaad,adaaa,ddaaa,ddaad,ddadd,ddada,dddda,ddddd,dddad,dddaa,dadaa,dadad,daddd,dadda,daada,daadd,daaad,daaaa
5.926943504037367,173.92427694075084,63.71535021709948,57.674936134756926,10.973683569020274,5.557064720240034,16.833344365152147,6.292272801126054,0.3693597350054919,0.35271873612641014,0.33225168596850696,1.9311040121483998,1.6666991358548247,0.3951987165343708,0.5343656299209144,0.05358363922945209,0.18907431952810924,0.12705011501149832,0.2737677757610852,0.05721541895466741,0.07387739440973223,0.08582242817993975,0.05871714558479167,0.3952383897951879,0.04860613111114322,0.0020391384923519875,0.019018497038036767,0.18507708397751177,0.24303602713390987,0.046415712332016086,0.0758445315707509,0.012882489470348018
