aaaaa,aaaad,aaadd,aaada,aadda,aaddd,aadad,aadaa,addaa,addad,adddd,addda,adada,adadd,adaad,adaaa,ddaaa,ddaad,ddadd,ddada,dddda,ddddd,dddad,dddaa,dadaa,dadad,daddd,dadda,daada,daadd,daaad,daaaa
5.352035533986735,150.78717864657378,54.56313945167255,49.63751726021086,9.939563150479788,5.51635653729146,15.319851885376675,5.74130878919144,0.19431720472531877,0.15558038343635713,0.2293781636145774,1.4539731260924182,1.7370830620114979,0.29834316930458765,0.4295166977501313,0.04532506760565259,0.16368480746525543,0.10191163904471781,0.24458198135146866,0.04569227110169474,0.06474190966079292,0.07650535938209778,0.04878818355120036,0.30714371771478594,0.0504276591649011,0.005528066009192005,0.013166553228440625,0.13138713286626433,0.2251872380803195,0.032967171443234106,0.0597485598159428,0.010360584377437946
