aaaaa,aaaad,aaadd,aaada,aadda,aaddd,aadad,aadaa,addaa,addad,adddd,addda,adada,adadd,adaad,adaaa,ddaaa,ddaad,ddadd,ddada,dddda,ddddd,dddad,dddaa,dadaa,dadad,daddd,dadda,daada,daadd,daaad,daaaa
6.934251992869482,169.75912080039876,72.46344558857129,55.493065922870734,11.976814317032193,6.493349131348022,15.195137507584842,5.896118692195359,0.22564988243779502,0.15787360922173369,0.18332684921532863,1.502897238079829,1.745716890673633,0.3468055026683758,0.46224357542714595,0.037922632329014716,0.17402579114241734,0.12248133379280698,0.3158001723272893,0.06562941747333723,0.07717327113885067,0.0837805355755904,0.06816165258782811,0.35814171529821176,0.0598963205090313,0.004469955561998206,0.019135207965366816,0.1526935843117159,0.23060040251311278,0.03991936732957999,0.06933707739211219,0.013507378358448889
