aaaaa,aaaad,aaadd,aaada,aadda,aaddd,aadad,aadaa,addaa,addad,adddd,addda,adada,adadd,adaad,adaaa,ddaaa,ddaad,ddadd,ddada,dddda,ddddd,dddad,dddaa,dadaa,dadad,daddd,dadda,daada,daadd,daaad,daaaa
5.973576516017148,176.59529062477557,64.99655131915294,58.35530109873722,11.583876506027089,4.856961502165194,16.34942155202555,6.185387099318956,0.6297639158048033,0.693760307544589,0.45708717364290297,2.1697222902913134,1.3736157647959657,0.4414790454287099,0.5691240433020055,0.05394300071315504,0.18597752645787433,0.13927750793656335,0.27599128567862435,0.0534443708298439,0.07315740519590329,0.08048761506420311,0.05998631542998056,0.47910283394868547,0.03899792737204572,0.0009102983117924969,0.030912966246801572,0.22013935492508374,0.2393885046593162,0.05651684817371589,0.0837387078736223,0.013858819111376439
