aaaaa,aaaad,aaadd,aaada,aadda,aaddd,aadad,aadaa,addaa,addad,adddd,addda,adada,adadd,adaad,adaaa,ddaaa,ddaad,ddadd,ddada,dddda,ddddd,dddad,dddaa,dadaa,dadad,daddd,dadda,daada,daadd,daaad,daaaa
6.377090996605711,169.97557707128624,56.90238463583751,54.46663598567349,11.657989482645906,4.286461291040544,14.396614904785599,5.247441563256911,0.916193967402018,1.11259910296218,0.49059657137359614,2.0054304644651624,1.0695828428900829,0.4159150916563988,0.6123184094100265,0.07350764374836088,0.2184110319623666,0.14712993487149056,0.20806130788421662,0.045254087801295896,0.07233309901316949,0.0908700959571298,0.05646801754420176,0.44162680175992014,0.01435584189271881,0.006595629022022718,0.038715219479011125,0.231341739201007,0.1955932577605731,0.06024721918372437,0.08703043145838414,0.014066880535798547
