aaaaa,aaaad,aaadd,aaada,aadda,aaddd,aadad,aadaa,addaa,addad,adddd,addda,adada,adadd,adaad,adaaa,ddaaa,ddaad,ddadd,ddada,dddda,ddddd,dddad,dddaa,dadaa,dadad,daddd,dadda,daada,daadd,daaad,daaaa
5.009067916058889,148.3705265732111,54.82638889186406,45.95566847406788,10.384248512612151,4.157624053830017,11.62824623357941,4.278985517568002,0.6898960234366355,0.7887394623094564,0.3196125273324706,1.5043246962046117,0.9588983886964131,0.3451602459418877,0.49799400649925674,0.0522923702942105,0.17564608682816607,0.12516054680493569,0.20748624290562295,0.045399676364078656,0.0639785619873002,0.07483629218152128,0.05049966607638485,0.3843527360680822,0.014688502452929518,0.006212379102318162,0.03103673912783419,0.18011765735992602,0.16741405740102178,0.05014413382324106,0.07493785164565768,0.012746364162818899
