aaaaa,aaaad,aaadd,aaada,aadda,aaddd,aadad,aadaa,addaa,addad,adddd,addda,adada,adadd,adaad,adaaa,ddaaa,ddaad,ddadd,ddada,dddda,ddddd,dddad,dddaa,dadaa,dadad,daddd,dadda,daada,daadd,daaad,daaaa
5.499214455412815,152.25932167963336,52.85355641690954,49.538032385461385,9.907713246270937,3.8712502758195915,13.896523831652683,5.170187106417246,0.6443119756868836,0.7884597193837902,0.4525231688250831,1.8399785862138378,1.0762896476817256,0.3810053122256066,0.5337904188882077,0.06114441273450347,0.1894939491800934,0.1296306244540821,0.19877507502056227,0.04197031862040668,0.06411255513468576,0.07851917181005987,0.05127399674333516,0.4014739100199973,0.01918002708188443,0.002470665831577212,0.03051550530138602,0.1962411440394934,0.1909514190589164,0.05161346167030792,0.07569590784150494,0.01214713377756866
