aaaaa,aaaad,aaadd,aaada,aadda,aaddd,aadad,aadaa,addaa,addad,adddd,addda,adada,adadd,adaad,adaaa,ddaaa,ddaad,ddadd,ddada,dddda,ddddd,dddad,dddaa,dadaa,dadad,daddd,dadda,daada,daadd,daaad,daaaa
5.355548689827692,157.6702877315963,57.48139038972886,53.49001410332827,9.986943372561592,4.575549284940608,15.570549710077755,5.880295228689127,0.43289060969508103,0.45740705698832806,0.4018404691883164,1.99781031582573,1.3874918422889277,0.394654345715615,0.5100092247420399,0.05258058493388691,0.17064270506735046,0.12643754726422018,0.24111118257409872,0.05127527274498538,0.06668899507825837,0.07650507807479318,0.05546997462719786,0.38878379535050706,0.04319000158985183,0.0009470651354069665,0.022228609515316244,0.19505806160171843,0.21998859630353618,0.0476736044414517,0.0713819870973322,0.012204862277932249
