aaaaa,aaaad,aaadd,aaada,aadda,aaddd,aadad,aadaa,addaa,addad,adddd,addda,adada,adadd,adaad,adaaa,ddaaa,ddaad,ddadd,ddada,dddda,ddddd,dddad,dddaa,dadaa,dadad,daddd,dadda,daada,daadd,daaad,daaaa
5.569606420306655,161.4878374064482,57.65893364517892,47.65760796221955,14.127376169539755,5.106992505487839,9.885392276452833,4.008767926135758,2.294492860053414,2.6488914788183413,0.466688197700397,1.6559952880059723,0.7135604930065643,0.38987504116470306,0.6248569270779324,0.06138370083472556,0.21402671023717074,0.16126691362255266,0.187220176844464,0.03623639434356755,0.07048148880826946,0.07169917745392193,0.05442135312998511,0.6029138700921152,0.010723307879674248,0.057826509470714854,0.06152929907361866,0.23799108845918793,0.14788529829904307,0.07001849817662069,0.10075598752277753,0.015615471249200125
