aaaaa,aaaad,aaadd,aaada,aadda,aaddd,aadad,aadaa,addaa,addad,adddd,addda,adada,adadd,adaad,adaaa,ddaaa,ddaad,ddadd,ddada,dddda,ddddd,dddad,dddaa,dadaa,dadad,daddd,dadda,daada,daadd,daaad,daaaa
7.218802263243634,181.838365029537,59.16660213026882,62.73949382882462,11.147550146433154,4.796607196261522,18.65362102482661,6.848207009484524,0.6208229472123518,0.7104547538811011,0.5863539552184617,2.57139630239467,1.551569497529483,0.47132074013438774,0.6153696136644884,0.06927341449019717,0.19764612420362196,0.14385358669077195,0.2568636061666168,0.04912499741071769,0.0731682278349688,0.08745759733624124,0.058390603369048194,0.46900498165142257,0.043056583325312044,0.0009069585308469709,0.031198635820468053,0.24597736293541564,0.2638949215123291,0.05872777231270464,0.08426548037102945,0.013314345998485952
