aaaaa,aaaad,aaadd,aaada,aadda,aaddd,aadad,aadaa,addaa,addad,adddd,addda,adada,adadd,adaad,adaaa,ddaaa,ddaad,ddadd,ddada,dddda,ddddd,dddad,dddaa,dadaa,dadad,daddd,dadda,daada,daadd,daaad,daaaa
5.910986132482019,164.61568883776314,58.07035684919483,54.930628137828876,10.083331932577789,5.124557274680747,16.57085341669117,6.1513478132606805,0.3648137324288034,0.3569521201910448,0.3433994838174937,1.8856573433899106,1.6101204857299387,0.3736340760770724,0.5142781051440432,0.05451951011909536,0.18267133594617166,0.11968468665896893,0.24943770179176084,0.05074673282673421,0.06880905111463433,0.08108688696143285,0.05278254844942603,0.37944519727429493,0.045706532913799426,0.002274476757885322,0.017815223072596028,0.17924543279799177,0.23532375061787586,0.04385542981808133,0.07161910466839219,0.011923984333802944
