aaaaa,aaaad,aaadd,aaada,aadda,aaddd,aadad,aadaa,addaa,addad,adddd,addda,adada,adadd,adaad,adaaa,ddaaa,ddaad,ddadd,ddada,dddda,ddddd,dddad,dddaa,dadaa,dadad,daddd,dadda,daada,daadd,daaad,daaaa
5.645241991388089,165.19367874374183,62.89101025035694,54.21930689649911,11.717951633657137,4.372976870479255,14.40407754398307,5.518636454041,0.7065603935318675,0.8610930309909991,0.5069519126814394,1.9916027668001035,1.0863188063914022,0.43873140416027345,0.5733379822453781,0.057722142316421435,0.20344188328018756,0.1471243501231232,0.2320465992389334,0.05287192413873573,0.07288667991436965,0.08474232891305217,0.06141249296722744,0.44113541032753345,0.023132721295656706,0.004510920960659894,0.036557077032369344,0.22164126946076784,0.19577175021900667,0.05850681148788578,0.08315474528503525,0.014154958561902123
