aaaaa,aaaad,aaadd,aaada,aadda,aaddd,aadad,aadaa,addaa,addad,adddd,addda,adada,adadd,adaad,adaaa,ddaaa,ddaad,ddadd,ddada,dddda,ddddd,dddad,dddaa,dadaa,dadad,daddd,dadda,daada,daadd,daaad,daaaa
6.449496025264484,169.71055970087176,55.46754959684038,53.58244638986589,12.816562224929545,4.355925908571241,13.083639430441064,4.744400531159555,1.2455809587388904,1.533715356955505,0.5129372243519306,1.997966098334518,0.924260296669857,0.4154021263292312,0.6436332396069419,0.07305194931034331,0.2216659445149791,0.15639632313367657,0.19108397966848711,0.04787534716631396,0.07374078173838407,0.08785149360859751,0.05618647192036399,0.4571121353745361,0.010585085986221522,0.014995132965237266,0.049342618969807066,0.24276518874546968,0.1840583089456235,0.06509777217939766,0.09243709029991562,0.014800156476209159
