aaaaa,aaaad,aaadd,aaada,aadda,aaddd,aadad,aadaa,addaa,addad,adddd,addda,adada,adadd,adaad,adaaa,ddaaa,ddaad,ddadd,ddada,dddda,ddddd,dddad,dddaa,dadaa,dadad,daddd,dadda,daada,daadd,daaad,daaaa
83.79349966774853,52.57317976740531,137.92669890689027,29.53469171543615,5.517896972526047,10.433457439434182,8.803784992668916,3.057521647878122,0.23957151819847108,0.4992949385504958,0.1758777611675263,0.8255801676954163,0.9463626310930384,0.4735772324343917,0.16958467655501053,0.12953799306108466,0.2064336884456032,0.1841905650101329,0.01720752630413441,0.03413079253662332,0.040743356660219776,0.02760795207701332,0.056435987929369005,0.252201880309978,0.11953405203541158,0.05149591543107867,0.01807888489538164,0.012597397578063687,0.10014570558355525,0.05720818032366399,0.0019546041815206028,0.013574487540688362
