aaaaa,aaaad,aaadd,aaada,aadda,aaddd,aadad,aadaa,addaa,addad,adddd,addda,adada,adadd,adaad,adaaa,ddaaa,ddaad,ddadd,ddada,dddda,ddddd,dddad,dddaa,dadaa,dadad,daddd,dadda,daada,daadd,daaad,daaaa
85.24245341108445,61.299777663705356,138.0805837130825,26.840054748589207,8.580235849194487,10.953596847812245,9.970193950470176,2.8776745933740524,0.30563809400005,0.25403325834108204,0.40998278743492267,0.4296953671262129,1.0900757855353949,0.5058177551366353,0.17838358172786256,0.11779081782878023,0.21456675503178843,0.1890039499302406,0.02000349031849584,0.03722601297804977,0.026231273902475077,0.03751662678455302,0.05612978650602357,0.21567872643026317,0.12637911449037312,0.04245692752133602,0.022987860242274352,0.00968890847811052,0.09864034668713892,0.0562520237020752,0.0007165859611955422,0.014003070672566247
