aaaaa,aaaad,aaadd,aaada,aadda,aaddd,aadad,aadaa,addaa,addad,adddd,addda,adada,adadd,adaad,adaaa,ddaaa,ddaad,ddadd,ddada,dddda,ddddd,dddad,dddaa,dadaa,dadad,daddd,dadda,daada,daadd,daaad,daaaa
95.85862145980364,64.60285473607505,147.60751252726627,28.363587608792848,8.493731204375091,11.51603256744338,10.52301102840023,3.034322051368077,0.31685848458551846,0.27883478202020373,0.3990360797817392,0.4918202237798787,1.135489653761071,0.5291807483726245,0.18818385637147486,0.1302035890044456,0.23023092588708186,0.2028518765191988,0.02195831268854647,0.04157824957274934,0.02889260036830116,0.03951030237346895,0.060591139224684745,0.23397241013126643,0.13339364443278556,0.04545256775161304,0.02259590265005103,0.00954439697575415,0.10361049201024009,0.05977059474942682,0.0007282364234727634,0.015022258093567302
