aaaaa,aaaad,aaadd,aaada,aadda,aaddd,aadad,aadaa,addaa,addad,adddd,addda,adada,adadd,adaad,adaaa,ddaaa,ddaad,ddadd,ddada,dddda,ddddd,dddad,dddaa,dadaa,dadad,daddd,dadda,daada,daadd,daaad,daaaa
74.02880322668753,52.3162452327787,132.92148869158456,27.00640705337232,4.985034795076926,8.485536374518118,8.40172109670147,2.7524360464056326,0.1598428738706456,0.2629739702045078,0.1512680756405713,0.7479086252712984,0.8749045437796036,0.4368003372047758,0.15837953577733196,0.11681952210141053,0.19975617843400478,0.16950648320803316,0.015014840101613273,0.030082644825519686,0.03374922900314774,0.02791342394233839,0.04710474934627947,0.24135723764497613,0.10095572273902094,0.03664384060111171,0.009138288668212965,0.012515442760787298,0.08688690058868166,0.053400526749179514,0.0011710877072020238,0.012759946670595884
