aaaaa,aaaad,aaadd,aaada,aadda,aaddd,aadad,aadaa,addaa,addad,adddd,addda,adada,adadd,adaad,adaaa,ddaaa,ddaad,ddadd,ddada,dddda,ddddd,dddad,dddaa,dadaa,dadad,daddd,dadda,daada,daadd,daaad,daaaa
67.14261413697982,62.84377295410813,160.11635350348502,35.99196696408815,6.063059643630346,10.34256304932372,9.575207143230285,3.6779650683640273,0.1751322162739506,0.42505011866669246,0.15444092220002711,1.0081042412756682,1.0389064741186498,0.5344572542262819,0.18834559050674823,0.12966792547857878,0.23131115885955308,0.1945792884534337,0.013140220945581262,0.027753147345216982,0.04879382721986228,0.02891984935801304,0.052508236566219675,0.3058239760024944,0.1229825694743362,0.04875082945030891,0.013026363862065252,0.015200231206284784,0.10893087830134318,0.06607766842389176,0.002639267578359164,0.014652582952343117
