aaaaa,aaaad,aaadd,aaada,aadda,aaddd,aadad,aadaa,addaa,addad,adddd,addda,adada,adadd,adaad,adaaa,ddaaa,ddaad,ddadd,ddada,dddda,ddddd,dddad,dddaa,dadaa,dadad,daddd,dadda,daada,daadd,daaad,daaaa
83.65175021850067,57.29732714583786,138.0361466021812,26.308118576906914,5.912055687859695,9.106390986724275,9.157438505346157,2.7349921432106936,0.20036256549857306,0.21593153919643462,0.20994042179310007,0.5999857156910716,0.9420787224671031,0.46170671030062144,0.16709433401595658,0.12125558660513716,0.21104745301498182,0.17958237188279672,0.018006391542027756,0.03554333998629955,0.029601667053300272,0.033308885501328094,0.05030132543275441,0.2344224923729814,0.10692814610015593,0.03828438652895345,0.0100574670607275,0.010015401167663017,0.0888887672174384,0.05291070204604062,0.0007518225693109264,0.013922616209474221
