aaaaa,aaaad,aaadd,aaada,aadda,aaddd,aadad,aadaa,addaa,addad,adddd,addda,adada,adadd,adaad,adaaa,ddaaa,ddaad,ddadd,ddada,dddda,ddddd,dddad,dddaa,dadaa,dadad,daddd,dadda,daada,daadd,daaad,daaaa
62.74900430603875,47.02824161732789,119.37563770961859,25.477911774532426,4.971981787189228,8.320128330563943,7.525969789185748,2.5990878878423955,0.1733831994191815,0.3204409583312768,0.15109422669994244,0.6452256382785145,0.8191045627554883,0.4075769266332953,0.14666758692850002,0.10309609576774922,0.17745072780963028,0.15255720701601774,0.01305540059232151,0.02601702476943718,0.0325126271608985,0.024095531392472804,0.04422867529059649,0.21485159369212986,0.09692341355261715,0.03682393802571115,0.012794542998014056,0.009896640716326649,0.08392254098846029,0.04856503183090683,0.0015372105507146015,0.011492800568683204
