aaaaa,aaaad,aaadd,aaada,aadda,aaddd,aadad,aadaa,addaa,addad,adddd,addda,adada,adadd,adaad,adaaa,ddaaa,ddaad,ddadd,ddada,dddda,ddddd,dddad,dddaa,dadaa,dadad,daddd,dadda,daada,daadd,daaad,daaaa
65.02745370180949,53.41930135218115,140.08295631198422,31.491190573226717,4.885228954079394,9.258691825591853,8.481796284492289,3.321329499998126,0.16487549808246188,0.43965249950584023,0.13626270722283598,1.0095404959682996,0.8805720291236224,0.4654798449750707,0.1587052838044627,0.12270343353006913,0.2040873851220886,0.17316760220756292,0.012423845982396625,0.026591910521787797,0.048350675314237895,0.02593319898506242,0.04755220905566452,0.2798343290121227,0.11251704912622537,0.05115095154787032,0.01007415550265628,0.01631001427103478,0.09522776031074243,0.058289404695053657,0.00254039543755654,0.01281089574019524
