aaaaa,aaaad,aaadd,aaada,aadda,aaddd,aadad,aadaa,addaa,addad,adddd,addda,adada,adadd,adaad,adaaa,ddaaa,ddaad,ddadd,ddada,dddda,ddddd,dddad,dddaa,dadaa,dadad,daddd,dadda,daada,daadd,daaad,daaaa
75.58261176510715,58.30989208454433,130.7022274001817,26.10218821503721,8.401897833616381,10.511506521349368,9.386763713735736,2.795399436655323,0.2897046523605112,0.2655511561650767,0.3936562635017166,0.4046086350912427,1.0425148948601628,0.4868519870731559,0.17122242930888626,0.10792546835987359,0.20390008757245637,0.17677607236804094,0.01834008846522645,0.028999838507574816,0.025667603798300506,0.0327652809235497,0.05505759518435264,0.21040843770086612,0.12219031179602906,0.04045568949257484,0.024379297968113594,0.009898053962858346,0.09610416312002579,0.05411141172486691,0.0005958113673253977,0.013279766703907186
