aaaaa,aaaad,aaadd,aaada,aadda,aaddd,aadad,aadaa,addaa,addad,adddd,addda,adada,adadd,adaad,adaaa,ddaaa,ddaad,ddadd,ddada,dddda,ddddd,dddad,dddaa,dadaa,dadad,daddd,dadda,daada,daadd,daaad,daaaa
62.596875631702794,55.86566212920176,123.21732295717861,22.95607732705821,6.4556883691895495,8.178894984416328,8.412014240216505,2.488427241158889,0.18759544526850153,0.13237356825817073,0.23037247600501973,0.37725422851467644,0.8639131019581047,0.4209990212101539,0.14952336019602327,0.09630836529513892,0.1869033681369252,0.1558745542892206,0.013945498001169454,0.029308091055238968,0.02216875759825485,0.03299007029525037,0.040561960022079374,0.19699478976899887,0.09659330633506946,0.03325004755559079,0.00861022662202461,0.006662530891773801,0.07666416705263175,0.04598722729329729,0.0005586765038947126,0.012307395732723297
