aaaaa,aaaad,aaadd,aaada,aadda,aaddd,aadad,aadaa,addaa,addad,adddd,addda,adada,adadd,adaad,adaaa,ddaaa,ddaad,ddadd,ddada,dddda,ddddd,dddad,dddaa,dadaa,dadad,daddd,dadda,daada,daadd,daaad,daaaa
55.77556646092151,54.68268940499126,129.99666763232148,28.98350513652828,6.267426220832439,9.389491335694084,7.979739773662244,3.047218776414074,0.19501090519357828,0.3757636664383268,0.1622117301834791,0.6158770152739615,0.9093833713426279,0.4522250762567987,0.15757233512424904,0.10493654201822813,0.18940583012044354,0.1636038466309476,0.01122856880121142,0.02556719707686652,0.036619485822795984,0.025096647346218817,0.04476677800165776,0.23429766034758545,0.10983200332450432,0.041098721442636,0.01574022899468863,0.008509178617620636,0.09281341000197357,0.05347413542206029,0.002174981208756767,0.01218951880571139
