aaaaa,aaaad,aaadd,aaada,aadda,aaddd,aadad,aadaa,addaa,addad,adddd,addda,adada,adadd,adaad,adaaa,ddaaa,ddaad,ddadd,ddada,dddda,ddddd,dddad,dddaa,dadaa,dadad,daddd,dadda,daada,daadd,daaad,daaaa
83.77795851794872,47.55110007648338,116.9277621436581,21.60469213773852,4.820166523582463,7.941317443899018,7.945532706204977,2.246863350685206,0.1842274293704435,0.1895816732060282,0.19390664012568817,0.5355155513106807,0.8035691189606821,0.3880297543212852,0.14257357905330234,0.11078892623419401,0.18271142622839392,0.1572336033106261,0.017959310039387916,0.03449103471258038,0.025051496295220903,0.02925305515075279,0.0464185839201548,0.1980868089219496,0.0933528977733125,0.03375228274922682,0.009168362509766187,0.00925333930977885,0.07524581641552756,0.0456726769480403,0.00045453688914589424,0.011958596085681788
