aaaaa,aaaad,aaadd,aaada,aadda,aaddd,aadad,aadaa,addaa,addad,adddd,addda,adada,adadd,adaad,adaaa,ddaaa,ddaad,ddadd,ddada,dddda,ddddd,dddad,dddaa,dadaa,dadad,daddd,dadda,daada,daadd,daaad,daaaa
68.68250621801708,49.34025308085626,126.64450991047437,26.264143647990267,4.535174149459352,8.06018506420718,7.86830144479426,2.7000486447872603,0.14590753574398377,0.279952029323383,0.13046438413797706,0.7855986157877971,0.8120144805548603,0.4135040084006008,0.14674644245462698,0.11239045038498457,0.18961756387753706,0.1598461515522597,0.013822997645139496,0.027761473391626705,0.035353533294116196,0.025254214917245835,0.0447646056670542,0.23716815281707243,0.09671066423357921,0.03653659928486609,0.007988296788463967,0.013383960265855553,0.0817169589978423,0.051438043113072165,0.0012479605034833197,0.011917701149448196
