aaaaa,aaaad,aaadd,aaada,aadda,aaddd,aadad,aadaa,addaa,addad,adddd,addda,adada,adadd,adaad,adaaa,ddaaa,ddaad,ddadd,ddada,dddda,ddddd,dddad,dddaa,dadaa,dadad,daddd,dadda,daada,daadd,daaad,daaaa
79.57231890439832,61.03739447270768,127.62893536838499,21.802341542188678,7.846650272759745,9.466235236987735,9.429203385433592,2.5219272460444584,0.26392680765221604,0.11281856274043289,0.3550933577386425,0.32310811462783284,0.9382109183002305,0.4478786820075305,0.15497838411805398,0.10722790510557148,0.20092401857824452,0.1694626467515391,0.01882807061022253,0.037760893493035484,0.02023152843844855,0.04118662632046757,0.04546755810499344,0.19276061225608557,0.10918305278489017,0.04026092952510168,0.012268203549256082,0.007740476970872707,0.07841687316526028,0.04577281405163605,0.0003600506331208168,0.013493161614523297
