aaaaa,aaaad,aaadd,aaada,aadda,aaddd,aadad,aadaa,addaa,addad,adddd,addda,adada,adadd,adaad,adaaa,ddaaa,ddaad,ddadd,ddada,dddda,ddddd,dddad,dddaa,dadaa,dadad,daddd,dadda,daada,daadd,daaad,daaaa
100.733715443984,53.23671209753016,121.32005537820926,20.8970172200644,6.178844268784811,9.269600296375835,8.9110233082289,2.298435084657993,0.26797559294240725,0.17825949267458885,0.3250967817726975,0.41663388291543535,0.8946927818754971,0.41694181540193814,0.1503242024103273,0.11979507354216562,0.19522719392537463,0.1732732555336538,0.022628646588687133,0.04273621134978176,0.021716827768096667,0.03633558508991782,0.052258469123547154,0.19077154862072618,0.10753226216279732,0.039754040785435096,0.014397272829351946,0.0073495647399783445,0.07869349483920753,0.04673566842539306,0.0002211868959880676,0.013089977351941355
