aaaaa,aaaad,aaadd,aaada,aadda,aaddd,aadad,aadaa,addaa,addad,adddd,addda,adada,adadd,adaad,adaaa,ddaaa,ddaad,ddadd,ddada,dddda,ddddd,dddad,dddaa,dadaa,dadad,daddd,dadda,daada,daadd,daaad,daaaa
71.2856549824957,58.190442104507554,154.16317555320762,33.98358093117505,4.93282405573873,9.360557851115,9.28665570155686,3.537595008309776,0.1478156735214498,0.3923355313899652,0.15857044299957276,1.1786411488923292,0.9362012995924056,0.49967923274502485,0.17083359811788434,0.13425844785227115,0.22484290451385497,0.1874348128808984,0.013617099045415497,0.02798120609002521,0.05200050870285049,0.028314516857710706,0.05065840116004962,0.31256251179171907,0.11506702916909593,0.04998156065056183,0.008153788186328491,0.021022236116864556,0.10001358392165807,0.06328169966246547,0.0023791838508751737,0.01406275155720496
