aaaaa,aaaad,aaadd,aaada,aadda,aaddd,aadad,aadaa,addaa,addad,adddd,addda,adada,adadd,adaad,adaaa,ddaaa,ddaad,ddadd,ddada,dddda,ddddd,dddad,dddaa,dadaa,dadad,daddd,dadda,daada,daadd,daaad,daaaa
49.53532520676889,51.17120476648409,135.44492415787494,32.18480077282008,4.5053702143985275,8.272448998558845,7.917776528618103,3.321562790534893,0.1311255211679082,0.4194284157781782,0.14783825391333238,1.0825227712938845,0.8589399189556334,0.4569379288416201,0.15932297910587967,0.11116181219102761,0.19425252524744907,0.15352565721081646,0.008635250828448238,0.020382028810564,0.046003473301213356,0.024357736055123532,0.0412817653385484,0.27854181254210325,0.10574752095043369,0.049923485045604635,0.008531197742821985,0.016565520958304915,0.09510419496841142,0.06002578600222688,0.003776988370530077,0.011426596244883052
