aaaaa,aaaad,aaadd,aaada,aadda,aaddd,aadad,aadaa,addaa,addad,adddd,addda,adada,adadd,adaad,adaaa,ddaaa,ddaad,ddadd,ddada,dddda,ddddd,dddad,dddaa,dadaa,dadad,daddd,dadda,daada,daadd,daaad,daaaa
75.31634975252449,51.42177787403427,117.2404471657981,21.309403316823285,5.602377125305569,8.091457208729949,8.072364777678658,2.303764113206827,0.19717053428687595,0.15734328827127156,0.22354829056946823,0.4212186866272776,0.8195099946670759,0.39457129243222866,0.14150940606090304,0.10405424354475633,0.18258025351231003,0.15572347271739242,0.016428096260510013,0.03351223917488435,0.02256057191446122,0.03154867735930045,0.04357988510362659,0.19123137767473114,0.09556357270493138,0.03329732668561357,0.009320469375482065,0.006946589768746511,0.07368515106795019,0.045080627935758795,0.0004087934515824565,0.011900355116413595
