aaaaa,aaaad,aaadd,aaada,aadda,aaddd,aadad,aadaa,addaa,addad,adddd,addda,adada,adadd,adaad,adaaa,ddaaa,ddaad,ddadd,ddada,dddda,ddddd,dddad,dddaa,dadaa,dadad,daddd,dadda,daada,daadd,daaad,daaaa
68.32995498773069,56.02078788651741,141.50914678462726,30.48480324126691,5.493917449563168,9.331478757083756,8.68203606349616,3.147335212030196,0.17379952465584117,0.354338066315336,0.14582553962957462,0.825863483304374,0.928732926326409,0.47161195462436917,0.1663640627578447,0.12005049158710995,0.20814512989965417,0.17696786116236285,0.013564878051182122,0.02863185304367834,0.040363524051059044,0.0272413468618936,0.04898103362971989,0.26341335949545674,0.11078751532150762,0.0428362148424622,0.011328568850099922,0.012764533260459274,0.09533957323583984,0.05732999967240963,0.001853588226664217,0.013353103131181375
