aaaaa,aaaad,aaadd,aaada,aadda,aaddd,aadad,aadaa,addaa,addad,adddd,addda,adada,adadd,adaad,adaaa,ddaaa,ddaad,ddadd,ddada,dddda,ddddd,dddad,dddaa,dadaa,dadad,daddd,dadda,daada,daadd,daaad,daaaa
80.21117736693479,54.38432491954024,119.26473729611997,21.069308783953748,6.70450759960281,8.861765459961857,8.661980182254315,2.352017481598266,0.24298057815135446,0.14427858260298443,0.31157094540685254,0.3543817839957065,0.8814207620817778,0.41481666422296604,0.1465363816750601,0.10515810971970822,0.1885033458393645,0.16179407476353783,0.018325923416786745,0.03611498583534652,0.020652572970253455,0.03575447990251943,0.04604363494254026,0.18511043928122256,0.10373080734336079,0.03645719527386118,0.0126219888256493,0.006815382868694754,0.07619725313002208,0.0457482654630317,0.00030615741335460254,0.012365442027374243
