aaaaa,aaaad,aaadd,aaada,aadda,aaddd,aadad,aadaa,addaa,addad,adddd,addda,adada,adadd,adaad,adaaa,ddaaa,ddaad,ddadd,ddada,dddda,ddddd,dddad,dddaa,dadaa,dadad,daddd,dadda,daada,daadd,daaad,daaaa
73.84847045690847,57.687278656708244,118.39733273554745,20.342614430275045,7.666057803589347,9.073335376628062,8.793438478943026,2.3836019172710206,0.2615642348542645,0.11439835438179394,0.3515070588899184,0.2933524555453587,0.8828191907736302,0.4212346399541047,0.14265197450395253,0.10036591993906918,0.1863457814001634,0.15894809990802333,0.017581990332527303,0.03570906707980441,0.01895080087354678,0.03839954800836513,0.04280650696512164,0.17842731452420219,0.1040766558570067,0.038246990573378076,0.0130979563808548,0.007838463412223799,0.07406833381262773,0.042697091055959265,0.0003361889554841393,0.012645157538490048
