aaaaa,aaaad,aaadd,aaada,aadda,aaddd,aadad,aadaa,addaa,addad,adddd,addda,adada,adadd,adaad,adaaa,ddaaa,ddaad,ddadd,ddada,dddda,ddddd,dddad,dddaa,dadaa,dadad,daddd,dadda,daada,daadd,daaad,daaaa
66.55924117677489,57.33493533480293,136.58322818877716,28.014068474232587,6.081928147247796,8.992288528084885,8.674018056252038,2.9034674072864015,0.18121891960941394,0.2534584026022348,0.1785852127023901,0.6103506991728594,0.9326123520714948,0.4613910758054117,0.16446111534989824,0.11142231072271774,0.2029089141075161,0.17222877702310585,0.013900222758492736,0.029230559156893685,0.03223734557506454,0.029355377414566286,0.04651133972553077,0.2382019460277322,0.10624620426127296,0.03702790224056189,0.011067237978581132,0.009307752875877704,0.09060077632656509,0.0539119433169687,0.00127793917402778,0.013190820598745021
