aaaaa,aaaad,aaadd,aaada,aadda,aaddd,aadad,aadaa,addaa,addad,adddd,addda,adada,adadd,adaad,adaaa,ddaaa,ddaad,ddadd,ddada,dddda,ddddd,dddad,dddaa,dadaa,dadad,daddd,dadda,daada,daadd,daaad,daaaa
85.2514694028496,67.40800539932333,153.9573865912939,28.986236767193038,7.008526734349567,10.068196252407851,10.185785059602162,3.109338540884165,0.21949304208879586,0.20795331838668102,0.2353092238018678,0.5868624675596762,1.040517381968817,0.5124201188809627,0.1820302996004069,0.1301901402722637,0.23377485634593914,0.19805044372468628,0.01807345011600935,0.03863062105388951,0.0312059261874316,0.038023008930301756,0.052785647811670944,0.25839920442279,0.11948133081199658,0.04183538416062996,0.010044706688954743,0.00946219117468635,0.09580773242875197,0.05835566183521655,0.0007712514599584986,0.01543874827971157
