aaaaa,aaaad,aaadd,aaada,aadda,aaddd,aadad,aadaa,addaa,addad,adddd,addda,adada,adadd,adaad,adaaa,ddaaa,ddaad,ddadd,ddada,dddda,ddddd,dddad,dddaa,dadaa,dadad,daddd,dadda,daada,daadd,daaad,daaaa
66.39291287865798,61.5468383763487,142.435077497771,31.251102843491235,8.16613531946942,11.106631849348892,9.238738015237773,3.2766982699017433,0.26374320398192236,0.4021754539687665,0.2828212898244364,0.5420443757658168,1.0771419470114771,0.5171287448547162,0.1824821109763304,0.11519999148767883,0.20991520360033536,0.18599960422288422,0.014298485517633703,0.03077073962259574,0.03551083281437053,0.02976285548268921,0.05335779410512533,0.24199575997963452,0.12658266438870433,0.044842750755926475,0.02482153256685605,0.009208204861588232,0.10738346057549204,0.05885963935307499,0.0020837719611199253,0.013914103810744078
