aaaaa,aaaad,aaadd,aaada,aadda,aaddd,aadad,aadaa,addaa,addad,adddd,addda,adada,adadd,adaad,adaaa,ddaaa,ddaad,ddadd,ddada,dddda,ddddd,dddad,dddaa,dadaa,dadad,daddd,dadda,daada,daadd,daaad,daaaa
80.45384265686711,57.944656701324384,138.9082085930943,28.74400832310113,7.393716450622133,10.7218954619883,9.386123417216709,2.969113491676676,0.273007719551178,0.3540681151797596,0.3063752789699562,0.5521117364120122,1.0465025033461086,0.4999924767778575,0.1789550582820627,0.12045783908882467,0.2104937656352323,0.18637126186007819,0.01812039640906499,0.03430908267813537,0.0320984235205016,0.03202929942583907,0.055712360100172324,0.2309032757243203,0.12214276193585759,0.04389968262096052,0.022884599626803944,0.009432079290773002,0.10226037616691876,0.05598237272846712,0.0014025497660361463,0.014039554273404111
