aaaaa,aaaad,aaadd,aaada,aadda,aaddd,aadad,aadaa,addaa,addad,adddd,addda,adada,adadd,adaad,adaaa,ddaaa,ddaad,ddadd,ddada,dddda,ddddd,dddad,dddaa,dadaa,dadad,daddd,dadda,daada,daadd,daaad,daaaa
72.5117204804682,58.57426263686845,137.35343787640568,27.792489798939553,6.776249807702451,9.650438885327583,9.035043099848039,2.9099519045278686,0.21843802961399975,0.2663822360017798,0.23204619318285788,0.5470853952221261,0.9822301362816197,0.4740123330150822,0.16955796275064727,0.11409396046152079,0.20732508497447869,0.1775852006458109,0.015574649677226202,0.032198250835459276,0.03073382452367119,0.03155591102279951,0.05000548572835995,0.23174835318901937,0.11368538492568962,0.03811509519056511,0.014450426427494696,0.008498579372689727,0.0936162451044184,0.05571188660511378,0.0011058842678796095,0.013270522646447668
