aaaaa,aaaad,aaadd,aaada,aadda,aaddd,aadad,aadaa,addaa,addad,adddd,addda,adada,adadd,adaad,adaaa,ddaaa,ddaad,ddadd,ddada,dddda,ddddd,dddad,dddaa,dadaa,dadad,daddd,dadda,daada,daadd,daaad,daaaa
80.04201154358164,48.434710130380424,114.47087208827129,20.91581200215024,5.298605721575125,8.047162737489387,7.950627860791738,2.2155743953236673,0.20091277401022048,0.17331967269913454,0.22633566777337039,0.4451306153706852,0.8110636731616284,0.3871879725165112,0.1408270295253798,0.10537480071857608,0.17907014032103033,0.15542928332704745,0.01761506696826797,0.03387812621705123,0.022463028867705244,0.030360646882901188,0.04508772932380475,0.18730421633577035,0.09420588704600634,0.03378248805236788,0.010334251342019174,0.007414320134976372,0.07398414983590951,0.04439005074251485,0.00038367038812439457,0.011803143627084043
