aaaaa,aaaad,aaadd,aaada,aadda,aaddd,aadad,aadaa,addaa,addad,adddd,addda,adada,adadd,adaad,adaaa,ddaaa,ddaad,ddadd,ddada,dddda,ddddd,dddad,dddaa,dadaa,dadad,daddd,dadda,daada,daadd,daaad,daaaa
66.53568616407628,56.84436118813498,120.61104177062766,22.1980301620808,7.482804085902065,8.935186991540252,8.62095613192108,2.5017535920114016,0.2374802073255275,0.14499118007080355,0.3084733786566036,0.3211088608701468,0.8990172272789433,0.42869405326342536,0.14755757312833923,0.09772896576721185,0.18540524453424156,0.15868468368430666,0.015460540529111897,0.03180952500035825,0.0207824734012494,0.03467445777312956,0.04279610372351234,0.1868977675394028,0.10383187424764047,0.03612710962707987,0.01320728398986936,0.007576908657752963,0.07857549862213715,0.045143333571172777,0.0005003912664494624,0.01245825848854058
