aaaaa,aaaad,aaadd,aaada,aadda,aaddd,aadad,aadaa,addaa,addad,adddd,addda,adada,adadd,adaad,adaaa,ddaaa,ddaad,ddadd,ddada,dddda,ddddd,dddad,dddaa,dadaa,dadad,daddd,dadda,daada,daadd,daaad,daaaa
54.79549149875933,60.751771386865826,140.07134374706328,31.466705905478715,7.323091031191928,10.127000894443643,8.617966462115684,3.3226917183306375,0.20910002174367645,0.3819022973837018,0.19008951078161393,0.5955372401813716,1.0011082955465846,0.4910369347509505,0.17206283360918131,0.10762978204614282,0.20243053600595542,0.17547322215421685,0.010930766669123243,0.02597149191673456,0.03747784951923869,0.02689881781945243,0.0471339133228873,0.24804646975681977,0.11956630069674011,0.0417074087948976,0.017762556917940393,0.00821719934707389,0.1001958958379627,0.05932243594072846,0.0022819653941169122,0.012825493982536667
