aaaaa,aaaad,aaadd,aaada,aadda,aaddd,aadad,aadaa,addaa,addad,adddd,addda,adada,adadd,adaad,adaaa,ddaaa,ddaad,ddadd,ddada,dddda,ddddd,dddad,dddaa,dadaa,dadad,daddd,dadda,daada,daadd,daaad,daaaa
57.03831434579698,56.41251145461164,133.58694253521242,29.392245963725927,6.192644028640259,9.300956457519202,8.1583210924953,3.099096838610257,0.1841800899941108,0.347005672821686,0.1531091967264069,0.6435682059090383,0.9150475481289193,0.4577212615161552,0.1586053588469416,0.10765441782122565,0.19475628616353183,0.16683730515525755,0.011342675909401809,0.026138117674680064,0.037158717144754994,0.02586210200724393,0.044695152762566574,0.24243724766783248,0.10982688444876361,0.040493943562296415,0.013586734114401968,0.008912305268530799,0.09252556362596259,0.0543881541801065,0.0020473853729583626,0.012494472716790331
