aaaaa,aaaad,aaadd,aaada,aadda,aaddd,aadad,aadaa,addaa,addad,adddd,addda,adada,adadd,adaad,adaaa,ddaaa,ddaad,ddadd,ddada,dddda,ddddd,dddad,dddaa,dadaa,dadad,daddd,dadda,daada,daadd,daaad,daaaa
78.29750397703636,53.66435438217668,138.7856188809182,27.800177242459238,5.007637559491535,8.5358042613422,8.805921384690366,2.7822201677629486,0.15884977485291446,0.24981437402932805,0.15716958421440475,0.7928277921219659,0.903612844132548,0.45359008794507705,0.16686098039836214,0.12069945593445604,0.20827163553108152,0.17559189492093483,0.016322628041076606,0.030826686420297282,0.03409379497161592,0.029255781958412615,0.04929501277457639,0.24979767937356148,0.10116806648531143,0.03726667472903378,0.008322473982402143,0.014153484633014577,0.08932354942857726,0.054452236873648766,0.0010763213292526634,0.013544070345096564
