aaa,aad,add,ada,dda,ddd,dad,daa
306.9675524097195,31.534276667389793,1.9358791028665872,0.8791364276944315,0.045644234957562,0.10387017210048073,0.01723133037268607,0.009195217073836533
