aaa,aad,add,ada,dda,ddd,dad,daa
270.0521556447338,24.168473051887982,1.6712264478795744,0.7286917382970084,0.03723304862215061,0.08562706336248824,0.01471848783493395,0.007161514188112793
