aaa,aad,add,ada,dda,ddd,dad,daa
303.9499965589524,21.25932956413726,1.813514444214354,0.8429921715571972,0.04153489350604756,0.09847490487233992,0.0178285284167144,0.00841472695900017
