aaa,aad,add,ada,dda,ddd,dad,daa
298.2981151524234,19.069872954158434,1.7898792488016315,0.8107771653764796,0.04040884151293427,0.09472374193700905,0.01732720750947912,0.007946204021097233
