aaa,aad,add,ada,dda,ddd,dad,daa
251.06309898067522,23.58829108850311,1.4784620906067427,0.6693461066761452,0.035089720929354806,0.0828501310444668,0.012511600332610534,0.006813222847244204
