aaa,aad,add,ada,dda,ddd,dad,daa
310.38091440089613,42.14528759964574,2.0718914323274267,0.8683252531125241,0.04757825492436767,0.10421512625350345,0.015310340361568564,0.00948730742764859
