aaa,aad,add,ada,dda,ddd,dad,daa
255.5452575748371,22.968194199421234,1.507290288999749,0.694096939687963,0.03566630672679981,0.0851118313961517,0.013201522063554311,0.007166168549471739
