aaa,aad,add,ada,dda,ddd,dad,daa
297.8341250276851,22.92931748110683,1.8167228759543959,0.8049608827443935,0.03966175484604849,0.093911859994533,0.016804031927415877,0.008004462894463943
