aaa,aad,add,ada,dda,ddd,dad,daa
306.46672604526054,40.56602849605662,2.128796771922017,0.9187359872794132,0.04940498722682364,0.11014396398385451,0.01681398442509147,0.010823331629365926
