aaa,aad,add,ada,dda,ddd,dad,daa
271.498948128149,18.198252750897563,1.5951053212966197,0.7173450175274579,0.03488860191745817,0.08525861648994762,0.014975545763018263,0.007062626069815646
