aaa,aad,add,ada,dda,ddd,dad,daa
288.5593443455756,26.863592750934767,1.8458073360214031,0.7938746605872201,0.04064948862373107,0.09102764603236882,0.016223720925904524,0.007764073000901042
