aaa,aad,add,ada,dda,ddd,dad,daa
274.75915277919347,24.129472418158958,1.611400490354452,0.7789119690681983,0.04054110567577308,0.09634230702916649,0.015067304902265927,0.00822592569938572
