aaa,aad,add,ada,dda,ddd,dad,daa
332.60988654807744,27.61171227452573,1.9250561355140245,0.9048728488476997,0.045573242464068395,0.11120425341276136,0.01733219043181285,0.009482354262964676
