aaa,aad,add,ada,dda,ddd,dad,daa
287.9790521173608,29.180018288915498,1.9008633239847499,0.8121530801314846,0.04217013745855805,0.09232953097538098,0.016856809458430645,0.007962851673100025
