aaa,aad,add,ada,dda,ddd,dad,daa
298.4002013000044,30.54158842258821,1.88203780368324,0.8408508859049794,0.04374626606212347,0.0992175707361576,0.016461787453147993,0.008636488352839436
