aaa,aad,add,ada,dda,ddd,dad,daa
288.1651650809343,44.95484917973583,2.209174864493948,0.8762870830449723,0.05379897254062881,0.10251912631496653,0.015560289403049371,0.010023370825966977
