aaa,aad,add,ada,dda,ddd,dad,daa
263.5382327800596,19.55915478354751,1.6019029866864696,0.6887658585727654,0.034137854101569824,0.08045785173930649,0.014505538940412323,0.0065888971550777855
