aaa,aad,add,ada,dda,ddd,dad,daa
266.10322717612496,22.491409594878355,1.6494561509203216,0.7112214322437651,0.035947306089994475,0.08290217421653821,0.014680708394666083,0.0068936036101674494
