aaa,aad,add,ada,dda,ddd,dad,daa
282.8053456555112,19.893563565095807,1.719595464583815,0.7464060657437935,0.03482904287571357,0.08911038243027174,0.01549145663251807,0.00725202034607476
