aaa,aad,add,ada,dda,ddd,dad,daa
266.0943142960171,19.637742073988406,1.4976969973679188,0.7258257910346781,0.03609047553013185,0.09038729425590943,0.01401135059023562,0.0076628683441044435
