aaa,aad,add,ada,dda,ddd,dad,daa
270.04370807260676,33.29441201696117,1.7721546947787474,0.7753221355138723,0.04110842484518751,0.09230645673520915,0.014236221055076048,0.00850401717643404
