aaa,aad,add,ada,dda,ddd,dad,daa
249.96794464195258,32.24956932320847,1.6996186327951306,0.7226638959216718,0.03878760689863594,0.08396601981037895,0.013489391689182251,0.007716852335189227
