aaa,aad,add,ada,dda,ddd,dad,daa
257.2195951377078,23.35146971097456,1.5441007601071821,0.7324849596146505,0.03855878114512937,0.0885185019178216,0.014267600653846897,0.0076149539032346475
