aaa,aad,add,ada,dda,ddd,dad,daa
302.5045351839915,34.086550081915185,1.9080837645769584,0.8475060279929059,0.04512586318742522,0.10227926161367502,0.015750853039620094,0.008985994969642164
