aaa,aad,add,ada,dda,ddd,dad,daa
283.6431288446986,37.33261559528272,1.9128787486553442,0.8266520957904085,0.04563177648736977,0.10141276458014796,0.015033224766402896,0.009220896551487907
