aaa,aad,add,ada,dda,ddd,dad,daa
302.0915487890397,27.01075392607164,1.8632732301202266,0.8310235059825805,0.04243161684963914,0.09792944996700069,0.01678362180387465,0.00829051120886424
