aaa,aad,add,ada,dda,ddd,dad,daa
295.9580568507038,16.77974388100702,1.7881901199470362,0.7586591135993338,0.03489371540430051,0.0909585557837762,0.01582287864980921,0.007240838499416133
