aaa,aad,add,ada,dda,ddd,dad,daa
300.6598018296966,19.83206283934281,1.784664548279678,0.8182129252646482,0.03781168310360197,0.09857982051107307,0.016915084397603995,0.008126624519521277
