aaa,aad,add,ada,dda,ddd,dad,daa
265.5815986380544,21.021110593816573,1.6218594212776394,0.7221549841071502,0.03617306540613911,0.08486473926226502,0.015084463771343199,0.007123582156796708
