aaa,aad,add,ada,dda,ddd,dad,daa
287.9108758889607,23.107684635034122,1.8170196933159979,0.7860121279200797,0.04068497012539087,0.09064784472735452,0.016515316898577524,0.007581842147687443
