aaa,aad,add,ada,dda,ddd,dad,daa
255.11819487565955,21.4799449037786,1.5262590618537732,0.7151522875237583,0.036201195283179693,0.085464963082575,0.014352061556362681,0.007342581650144741
