aaa,aad,add,ada,dda,ddd,dad,daa
286.3002920241371,25.23172118856522,1.7205219950327164,0.7783511713790772,0.03979249457028738,0.09352916032883014,0.015309825736540736,0.007841262488440642
