aaa,aad,add,ada,dda,ddd,dad,daa
266.6228486873747,14.786910227495023,1.5712361188648951,0.7084270506646787,0.03168672861366198,0.08438472608482547,0.015023464791827089,0.006951832890675516
