aaa,aad,add,ada,dda,ddd,dad,daa
291.480743931796,27.471812002747217,1.914741047560577,0.8105692630222396,0.04119054327855913,0.09124654065595733,0.016969896375313938,0.007939581960853826
