aaaaa,aaaad,aaadd,aaada,aadda,aaddd,aadad,aadaa,addaa,addad,adddd,addda,adada,adadd,adaad,adaaa,ddaaa,ddaad,ddadd,ddada,dddda,ddddd,dddad,dddaa,dadaa,dadad,daddd,dadda,daada,daadd,daaad,daaaa
5.772818772492624,158.99939733671428,53.514488319208255,45.946668932544235,10.571208648834475,5.1276688598724505,11.25863668890205,3.634004136213989,0.5435836093800249,0.6879327886183918,0.20552127685230562,1.3048145440280892,1.2113176064533366,0.3151964135036404,0.499582208904429,0.04759712322380231,0.16478669117144926,0.12289978819570105,0.24789576520909587,0.04507485512137203,0.06164213998979412,0.07966882096756031,0.04915172357460494,0.36769166352628474,0.01491711087318965,0.003911511302456792,0.028190569824749653,0.16110604590404395,0.17507152351580474,0.04296837190448392,0.08153225443817042,0.015727705918161507
