aaaaa,aaaad,aaadd,aaada,aadda,aaddd,aadad,aadaa,addaa,addad,adddd,addda,adada,adadd,adaad,adaaa,ddaaa,ddaad,ddadd,ddada,dddda,ddddd,dddad,dddaa,dadaa,dadad,daddd,dadda,daada,daadd,daaad,daaaa
5.508371354890278,163.02053668666164,57.85195365037799,45.76098135758794,11.354606036576179,5.789225618464505,10.52869863689838,3.3274560123105017,0.5135884288646876,0.6281427687882872,0.1715037351673531,1.1614629411012831,1.1954780480735199,0.3103807636533985,0.48703762043481513,0.04173744983608293,0.16068611066282773,0.1214857009170073,0.2705121463393381,0.052571364121923855,0.06412449702798584,0.08118948802960183,0.05291585042722206,0.3619020961734328,0.01473835049074933,0.0060567845982462355,0.031124314374655463,0.15568315041594424,0.16759317393891665,0.043454479431977396,0.08409269554663651,0.01698067600723483
