aaaaa,aaaad,aaadd,aaada,aadda,aaddd,aadad,aadaa,addaa,addad,adddd,addda,adada,adadd,adaad,adaaa,ddaaa,ddaad,ddadd,ddada,dddda,ddddd,dddad,dddaa,dadaa,dadad,daddd,dadda,daada,daadd,daaad,daaaa
6.215827850758734,177.01376857819525,62.03041012921606,52.601883891951616,11.61712146332843,5.326280786155335,13.574201423281622,4.682372814943688,0.6158278317970106,0.783628497838886,0.28495305715968305,1.6343622619091267,1.3821113218186658,0.38495472478049975,0.558457738365362,0.0505614112505314,0.1922333428304968,0.14576459290101046,0.2770966750215786,0.04887520247208304,0.07018525934549848,0.08847398910839298,0.056597790341919994,0.4364817526166582,0.022809993173206377,0.003006570146524379,0.03169751339580124,0.1951879510624088,0.20293557503454274,0.04974462378628578,0.09049949886967096,0.017275078590251444
