aaaaa,aaaad,aaadd,aaada,aadda,aaddd,aadad,aadaa,addaa,addad,adddd,addda,adada,adadd,adaad,adaaa,ddaaa,ddaad,ddadd,ddada,dddda,ddddd,dddad,dddaa,dadaa,dadad,daddd,dadda,daada,daadd,daaad,daaaa
6.803501513300194,163.2140106545022,50.127325614354504,47.77133001268238,12.33081073807474,4.769924772165995,10.167150123298585,3.2586160499988233,1.2650417762857522,1.5678016936228696,0.32820420124545063,1.5122485907624652,0.9291487625821004,0.3583396913497962,0.5910485134379501,0.06579944653535817,0.21440407575589496,0.1539927412005092,0.18712872669275074,0.041104579898555975,0.0695345306942936,0.08971529198790004,0.04556984485369417,0.438829750647185,0.007041375342615894,0.02515263039670264,0.04416372929813662,0.21347598851816557,0.1660048285678408,0.05373367764647827,0.09523502734181406,0.017299632374249876
