aaaaa,aaaad,aaadd,aaada,aadda,aaddd,aadad,aadaa,addaa,addad,adddd,addda,adada,adadd,adaad,adaaa,ddaaa,ddaad,ddadd,ddada,dddda,ddddd,dddad,dddaa,dadaa,dadad,daddd,dadda,daada,daadd,daaad,daaaa
5.043687581791731,147.2268866496445,53.07414910879042,43.123383123622745,9.650375259787744,4.712444765007373,11.233617855754733,3.866310074968175,0.41288635890803366,0.5191372998898074,0.19623965055591616,1.2391432169672814,1.2039702154777423,0.307982919924691,0.45429932409565016,0.04071705241047773,0.1582159718382215,0.11501700748716089,0.23948127948980655,0.04372005043749201,0.05895082067712738,0.07499488639990473,0.04939141293090187,0.33901499845729105,0.021201060486394148,0.0018010734608897715,0.024322062602896977,0.14768714647614517,0.16507084999581145,0.03948316548422299,0.07404834270588474,0.014438495935933557
