aaaaa,aaaad,aaadd,aaada,aadda,aaddd,aadad,aadaa,addaa,addad,adddd,addda,adada,adadd,adaad,adaaa,ddaaa,ddaad,ddadd,ddada,dddda,ddddd,dddad,dddaa,dadaa,dadad,daddd,dadda,daada,daadd,daaad,daaaa
4.879113366271424,134.36782955874543,54.68793946510516,38.69264621011985,9.334198473742372,4.951795322591298,9.86688860690111,3.4782508691559872,0.24944699368563858,0.285562118427193,0.12202892405452229,0.9446498669082711,1.1698733758765487,0.2700372386917263,0.3742098695859006,0.027777214433364974,0.1379810235796359,0.10222588828033997,0.24856956409547504,0.047366934096539366,0.056438709817266924,0.06818093103290372,0.0522069859469436,0.2843496153313452,0.02601999682101055,0.0021443635133654325,0.022798439491020634,0.1182430395782975,0.1477031331678567,0.03279839075147284,0.06375479991457418,0.013611766222326533
