aaaaa,aaaad,aaadd,aaada,aadda,aaddd,aadad,aadaa,addaa,addad,adddd,addda,adada,adadd,adaad,adaaa,ddaaa,ddaad,ddadd,ddada,dddda,ddddd,dddad,dddaa,dadaa,dadad,daddd,dadda,daada,daadd,daaad,daaaa
5.737438067333365,162.60861441411092,63.21057626069892,46.77882131994064,11.493794852590604,5.810278799128561,10.943850704527675,3.7037631762396086,0.43580738946883646,0.5190863992283882,0.17233911715767625,1.190125244287056,1.2485457293239195,0.3302285199358107,0.47435434044833513,0.036049213321080256,0.16390023319064076,0.12556842713190552,0.287539842048459,0.05736900720619878,0.06690611011523134,0.0813573272773984,0.059520367134842884,0.3643094923829519,0.021498345366350785,0.004810500990968233,0.030573817482181586,0.1556577489490625,0.17024662556688658,0.043030760607998944,0.08215023021677804,0.017279420647838585
