aaaaa,aaaad,aaadd,aaada,aadda,aaddd,aadad,aadaa,addaa,addad,adddd,addda,adada,adadd,adaad,adaaa,ddaaa,ddaad,ddadd,ddada,dddda,ddddd,dddad,dddaa,dadaa,dadad,daddd,dadda,daada,daadd,daaad,daaaa
6.128772956017262,150.06072543246725,48.59955108472207,39.95751080318029,9.877008722671858,5.767608928787695,10.361032444692885,3.076695354213752,0.30562910695509,0.39546529180009765,0.10695792450799485,0.8925042752840159,1.2755891948870333,0.24169775611952712,0.4246176451155045,0.04032739398337013,0.14340771500961563,0.10003321830862572,0.2402742529059408,0.044295115505097814,0.055989799609368784,0.07587885353433874,0.044508317919187516,0.2787365548545829,0.015193133305856595,0.0018233939931002064,0.025017270681999326,0.11544223428701625,0.16059209505162697,0.03408433741825637,0.07142577659698096,0.013894127656211938
