aaaaa,aaaad,aaadd,aaada,aadda,aaddd,aadad,aadaa,addaa,addad,adddd,addda,adada,adadd,adaad,adaaa,ddaaa,ddaad,ddadd,ddada,dddda,ddddd,dddad,dddaa,dadaa,dadad,daddd,dadda,daada,daadd,daaad,daaaa
5.89160364313533,168.3120609235635,56.40076753635232,48.642592131917674,11.956964461038213,5.512037921479218,10.74689324362964,3.3661856960541017,0.7321948438800794,0.9184917997740866,0.23748945316978656,1.3835589955143692,1.1257693703108453,0.33788434650688337,0.5333806715424876,0.05042163503999077,0.17230694890500195,0.13593516784061066,0.2600838096450221,0.04713450926925053,0.06667523085387565,0.08534441574871236,0.0511743189394078,0.40100787066279237,0.010467065652611367,0.010118330320310459,0.034854711695824867,0.1783941324416249,0.17456729456505815,0.04853651825501487,0.09121848880032933,0.017817552737798004
