aaaaa,aaaad,aaadd,aaada,aadda,aaddd,aadad,aadaa,addaa,addad,adddd,addda,adada,adadd,adaad,adaaa,ddaaa,ddaad,ddadd,ddada,dddda,ddddd,dddad,dddaa,dadaa,dadad,daddd,dadda,daada,daadd,daaad,daaaa
6.459974944788969,152.4623253394068,47.20025234497505,42.59647464887221,10.599857652828359,4.798216259403187,9.589886649243178,2.8841390537336093,0.8510227655790596,1.0344074102213003,0.2199590740281743,1.225362624000555,0.9313656492534668,0.295541269414945,0.49578433075312783,0.05514323022740681,0.1688849262893849,0.12129134590045527,0.20757314350853676,0.038650715748884144,0.059817712233646396,0.08135873602818516,0.042978072720195555,0.36203484245035206,0.00594436906389844,0.011668821723534518,0.03326977164726596,0.16427110746461723,0.14486087436872522,0.0455792905834849,0.08312284378799814,0.01641288406257091
