aaaaa,aaaad,aaadd,aaada,aadda,aaddd,aadad,aadaa,addaa,addad,adddd,addda,adada,adadd,adaad,adaaa,ddaaa,ddaad,ddadd,ddada,dddda,ddddd,dddad,dddaa,dadaa,dadad,daddd,dadda,daada,daadd,daaad,daaaa
6.298183333718109,162.76239614166647,65.00306049980676,45.898106991562905,11.97666191680777,6.780150846018834,10.070614850070577,3.264656241203235,0.310926505162905,0.35728172255493185,0.11371782726771991,0.9763222579966389,1.2975337492921004,0.29326665175125144,0.4389875890873223,0.030571673874590727,0.15048073199847284,0.1190693740154339,0.30857006490731226,0.06537484701043665,0.06749161983614776,0.08122468664844383,0.06497201336080144,0.3196180940930951,0.023948768734263673,0.0059034028816486745,0.03260648429506397,0.13576782428575718,0.16437304517360138,0.03961939209968376,0.07896699774693519,0.017741837513557842
