aaaaa,aaaad,aaadd,aaada,aadda,aaddd,aadad,aadaa,addaa,addad,adddd,addda,adada,adadd,adaad,adaaa,ddaaa,ddaad,ddadd,ddada,dddda,ddddd,dddad,dddaa,dadaa,dadad,daddd,dadda,daada,daadd,daaad,daaaa
5.3910988381390395,138.10304685652187,61.52078820304494,34.72839387924879,10.82897437740582,6.318677192090146,9.621866509098751,3.3461507523527736,0.10656149256473048,0.10762804813970293,0.05092873103937822,0.5262254104763209,1.3244743656025209,0.22439934275425635,0.33448913585916606,0.021279935865479202,0.1266050251039113,0.09435920779812342,0.28947964261308046,0.051463732614796746,0.05832263359638913,0.06844942609522375,0.06354051742098897,0.23557530688569042,0.034622716858487605,0.0031974757454465196,0.030118429499738836,0.0881553595583858,0.14155996980663493,0.028026314042669035,0.05887031907405118,0.013333746218154717
