aaaaa,aaaad,aaadd,aaada,aadda,aaddd,aadad,aadaa,addaa,addad,adddd,addda,adada,adadd,adaad,adaaa,ddaaa,ddaad,ddadd,ddada,dddda,ddddd,dddad,dddaa,dadaa,dadad,daddd,dadda,daada,daadd,daaad,daaaa
5.814915547119245,166.25793552263983,57.990730014795595,48.1868711710627,10.938749048713575,5.68751300758612,12.336937682793506,4.0605503413879,0.41503881559890476,0.5143825561436298,0.18298323912016223,1.2922764860491658,1.4038920978507128,0.3235397324289796,0.49403785434026914,0.043739025924647505,0.17332496696209043,0.12273751582573032,0.2706385167506622,0.05034110539087692,0.06556516250950899,0.08531233649425554,0.053838135630921165,0.3564593460636517,0.021672040045512497,0.0019722641473406436,0.02643446443014095,0.15331371463689628,0.1868624429296532,0.041463770507190925,0.08169685022164062,0.016267351435023447
