aaaaa,aaaad,aaadd,aaada,aadda,aaddd,aadad,aadaa,addaa,addad,adddd,addda,adada,adadd,adaad,adaaa,ddaaa,ddaad,ddadd,ddada,dddda,ddddd,dddad,dddaa,dadaa,dadad,daddd,dadda,daada,daadd,daaad,daaaa
5.286806687460586,146.61667906038917,56.09535267601468,41.62263655527567,10.877572903468806,5.536163761745493,8.797554801241569,2.8195987523172685,0.44770788300382325,0.5291715733739141,0.15224255907657405,1.0078829423927829,1.030741700203806,0.2871306508641874,0.42573631845549653,0.031808280466386805,0.13957810724700284,0.11139219459298864,0.26113278140983065,0.054424967955191916,0.059745697482518505,0.07214332205272297,0.052813580653735204,0.32563780353778654,0.01446334935377768,0.007992787810735175,0.03067263155705407,0.14147049094275768,0.14487192601500845,0.03972139195593962,0.07609121864171582,0.01636364060012252
