aaaaa,aaaad,aaadd,aaada,aadda,aaddd,aadad,aadaa,addaa,addad,adddd,addda,adada,adadd,adaad,adaaa,ddaaa,ddaad,ddadd,ddada,dddda,ddddd,dddad,dddaa,dadaa,dadad,daddd,dadda,daada,daadd,daaad,daaaa
6.762714188429804,185.40358449729624,63.35377344109094,49.39926524345164,12.411170898017657,6.70641521740906,12.17911026856534,3.7084736728977195,0.5262369406774281,0.6485271547671686,0.16480479643101725,1.1766182869095356,1.4031416851657612,0.3286471972034605,0.5431791289747967,0.049364279055732464,0.1804389270105831,0.13126581983685648,0.30132370171251693,0.054707041579562125,0.07077215317662217,0.09216472214012889,0.05611147399975124,0.39118495072193515,0.015102880894344008,0.0050415891520964925,0.0345418770930391,0.16158550414588,0.1915230329511864,0.04659966760496348,0.09273009774800606,0.018307250096634104
