aaaaa,aaaad,aaadd,aaada,aadda,aaddd,aadad,aadaa,addaa,addad,adddd,addda,adada,adadd,adaad,adaaa,ddaaa,ddaad,ddadd,ddada,dddda,ddddd,dddad,dddaa,dadaa,dadad,daddd,dadda,daada,daadd,daaad,daaaa
5.640418017058484,163.42754949374049,59.385213761312244,46.98090068409043,11.167691531225724,6.33788461936607,12.79326316976199,4.290571750196466,0.23586611075194602,0.27221008569214644,0.12007048937621577,1.0713054356215004,1.6283249714028407,0.2857946033261689,0.4519628931717264,0.03949128599518125,0.16696613750721953,0.11632256738488235,0.28191922861731367,0.05250455958080845,0.0656772129805315,0.08586595844204563,0.057644121026467425,0.3067535295248773,0.03146066072714296,0.001848410808730905,0.024440692072559507,0.12374500802461935,0.1946781742481833,0.03429233462819499,0.07265860670784646,0.01459340871780772
