aaaaa,aaaad,aaadd,aaada,aadda,aaddd,aadad,aadaa,addaa,addad,adddd,addda,adada,adadd,adaad,adaaa,ddaaa,ddaad,ddadd,ddada,dddda,ddddd,dddad,dddaa,dadaa,dadad,daddd,dadda,daada,daadd,daaad,daaaa
5.59803577367836,158.00034254718756,55.10792493738822,45.4762071251719,10.343933349064212,5.0676244637066485,11.681479313204301,3.9043957082535963,0.4831484102386497,0.6096128575541158,0.20199117455991875,1.2860001388494564,1.2528505328676116,0.31966248679898646,0.49078262091847064,0.04552432952450676,0.1673373912644258,0.12195570334069297,0.25094241459776906,0.04541623527833453,0.062066335872941254,0.07978545473938999,0.050650132362036804,0.36371439871018446,0.01867504947573215,0.0026203470503100325,0.02696316415452637,0.15714829006218298,0.17482383625173023,0.0424096075702992,0.08010674740327907,0.015414642983497567
