aaaaa,aaaad,aaadd,aaada,aadda,aaddd,aadad,aadaa,addaa,addad,adddd,addda,adada,adadd,adaad,adaaa,ddaaa,ddaad,ddadd,ddada,dddda,ddddd,dddad,dddaa,dadaa,dadad,daddd,dadda,daada,daadd,daaad,daaaa
7.565770815599494,174.89234465875975,53.45662332582063,50.099471136675085,11.808134708703165,5.402237720633787,11.689878814005565,3.5488690301477135,0.8582816841441816,1.0694462789102668,0.2569937125021381,1.5205505682465836,1.1846086535995717,0.3377152446960513,0.5624248713312308,0.0585781383335714,0.18019594997541866,0.13376325558984303,0.24982080538187323,0.04480184375477285,0.06432318093295664,0.0850958278400137,0.04751916377408396,0.44176565197866213,0.008876774674302272,0.00907431232431562,0.0343295389450737,0.188017586424915,0.19052470788935041,0.049369839727394386,0.0938805063510671,0.017128701713060468
