aaaaa,aaaad,aaadd,aaada,aadda,aaddd,aadad,aadaa,addaa,addad,adddd,addda,adada,adadd,adaad,adaaa,ddaaa,ddaad,ddadd,ddada,dddda,ddddd,dddad,dddaa,dadaa,dadad,daddd,dadda,daada,daadd,daaad,daaaa
6.619699507939475,179.51285129656335,57.45219978444812,51.144312572443724,13.626646718216296,5.840303406336221,10.416804091008382,3.1108238211115715,1.1279307320180523,1.353030589903212,0.2852951662203516,1.4570340994502955,1.0095499638086516,0.37023065429439833,0.6077510569063672,0.06578197857544102,0.21243840194785477,0.15645243096894423,0.23434303428995973,0.05005219286510566,0.07587204458634889,0.09990673476307897,0.05251619806574979,0.4349758111923194,0.007166273238942404,0.023058442028541196,0.04424621161556312,0.21318381440384027,0.17375372583404483,0.05611401599019342,0.10211307414075965,0.019758148045607053
