aaaaa,aaaad,aaadd,aaada,aadda,aaddd,aadad,aadaa,addaa,addad,adddd,addda,adada,adadd,adaad,adaaa,ddaaa,ddaad,ddadd,ddada,dddda,ddddd,dddad,dddaa,dadaa,dadad,daddd,dadda,daada,daadd,daaad,daaaa
6.281631064602535,159.0501169175529,53.3187694909339,44.39902029542922,10.146247095942662,5.431143936314065,12.070093059345568,3.890807462126806,0.3753395522021523,0.47337803789013205,0.16105660114591586,1.1499282836998275,1.3836062871666048,0.29258521819798067,0.4705215218559242,0.04504468856397244,0.1657528369343251,0.11354036668061558,0.2514815275639297,0.04367383101261197,0.060992337268154596,0.08157094656344754,0.048055226954950854,0.3308014650746915,0.01922706306584917,0.0011921609913818974,0.024336102464699538,0.1376543769153417,0.1801162237736353,0.03826163852517767,0.07676865971590478,0.01461325709711332
