aaaaa,aaaad,aaadd,aaada,aadda,aaddd,aadad,aadaa,addaa,addad,adddd,addda,adada,adadd,adaad,adaaa,ddaaa,ddaad,ddadd,ddada,dddda,ddddd,dddad,dddaa,dadaa,dadad,daddd,dadda,daada,daadd,daaad,daaaa
8.031834515485173,155.07150464966347,45.43116842050583,40.35786571009951,9.960278412746792,5.50864220262458,10.017582991076592,2.7588345494712354,0.5134042608472624,0.6587917183066817,0.13883670283354094,0.9841575269928434,1.1430620662493325,0.2524873665531665,0.46937652592768114,0.05039030753649736,0.1479778003177605,0.10356268133703311,0.22606014883500766,0.03975277412045864,0.05527610712934221,0.07758914335654515,0.039431226284336526,0.31670479266829443,0.007341818548398889,0.00461053255124356,0.027741566736184435,0.1335792361788539,0.16026777977943113,0.03849675111887467,0.0787536219092361,0.014577046128102523
