aaaaa,aaaad,aaadd,aaada,aadda,aaddd,aadad,aadaa,addaa,addad,adddd,addda,adada,adadd,adaad,adaaa,ddaaa,ddaad,ddadd,ddada,dddda,ddddd,dddad,dddaa,dadaa,dadad,daddd,dadda,daada,daadd,daaad,daaaa
5.545024050862242,139.2744950135429,46.72424562518918,37.06811125846414,9.206842229548679,5.34182581241285,10.10847449217572,3.120659120596391,0.2437865755455902,0.31229061524939977,0.09723711864595773,0.8188415679074915,1.2531593210340901,0.22737433468601342,0.38909287403291704,0.03623322995384089,0.13624945519233306,0.09326849576739954,0.22782882836555865,0.04085174349443977,0.05264099318966646,0.07054180196482797,0.04296731886918337,0.25623591788912464,0.01767624745800994,0.0011158819734657017,0.022427970922728472,0.10364946462427903,0.1525712416693952,0.030628254497917357,0.06449050978980157,0.012568943439318516
