aaaaa,aaaad,aaadd,aaada,aadda,aaddd,aadad,aadaa,addaa,addad,adddd,addda,adada,adadd,adaad,adaaa,ddaaa,ddaad,ddadd,ddada,dddda,ddddd,dddad,dddaa,dadaa,dadad,daddd,dadda,daada,daadd,daaad,daaaa
4.831094985721547,141.63175505742726,52.051784517838314,39.25722903690081,9.519700804018735,5.255896304297936,10.368584249094614,3.4177388949228775,0.26747782742125786,0.32299781104603875,0.1152033770186785,0.9225699021498579,1.249209323928875,0.25726865371540764,0.3974622992271309,0.033490987236998886,0.14280487131515748,0.10137810632464005,0.24469450591735056,0.04458588217210191,0.05632427368460652,0.07193903764822969,0.04836235235244165,0.2829027055856525,0.021575108932573892,0.001610436857141303,0.023165380073318514,0.1164132861406194,0.15607542486720521,0.03300188815920296,0.06668777494730699,0.013516497454804113
