aaa,aad,add,ada,dda,ddd,dad,daa
325.355200868835,18.234443539290677,1.3019293858497514,0.5263965507956166,0.2818836393460028,0.059166415845534365,0.069828088961104,0.02748921988280677
