aaa,aad,add,ada,dda,ddd,dad,daa
286.672339185623,19.69496222803246,1.2851855380940662,0.5064271673986492,0.26311864642268895,0.05886695909445065,0.06502491928831144,0.025388250048141072
