aaa,aad,add,ada,dda,ddd,dad,daa
272.5627973654091,16.099056110119037,1.0964120944731426,0.4507940596527418,0.23166809994452994,0.049714775952320454,0.05694886750774597,0.022734957577536994
