aaa,aad,add,ada,dda,ddd,dad,daa
315.4900940468051,18.712801140880135,1.3089688559900887,0.5213467569310813,0.28323036947013513,0.05869463008617118,0.0691681358766836,0.0269681461038151
