aaa,aad,add,ada,dda,ddd,dad,daa
301.4968440247854,15.124457303882966,1.1895639048251725,0.4694306394893556,0.2655857974401056,0.05367902557633489,0.06474952041226142,0.025191199351722624
