aaa,aad,add,ada,dda,ddd,dad,daa
274.84591619868684,23.19911488304465,1.3840073011391407,0.5393147783018468,0.25003568583685787,0.060495054845572056,0.06298745730153983,0.02492681743780061
