aaa,aad,add,ada,dda,ddd,dad,daa
348.92557542326836,20.19466727411504,1.4489716931581496,0.5721034240792588,0.31034320807824933,0.06457758192472582,0.07408020817494732,0.029400802735319732
