aaa,aad,add,ada,dda,ddd,dad,daa
305.4824836797266,20.624069288232224,1.3173387344059937,0.5365299074097549,0.26838681812620085,0.060163351593810026,0.06571891886574795,0.02627209012507012
