aaa,aad,add,ada,dda,ddd,dad,daa
249.38563529495525,12.347490760124181,0.9792866008024635,0.38555242745265716,0.21859714743322106,0.043031368662116216,0.05201146277577103,0.020541041589323576
