aaa,aad,add,ada,dda,ddd,dad,daa
260.66027304215663,19.09994954177378,1.2579532673735034,0.47689670339770723,0.24027131708478264,0.05359737864812923,0.05992961415989075,0.023576834935276764
