aaa,aad,add,ada,dda,ddd,dad,daa
271.01182932284627,21.267892369996805,1.291684150133317,0.5094151798943233,0.23739463455492701,0.05500487678897636,0.06049114093626888,0.024000175484982796
