aaa,aad,add,ada,dda,ddd,dad,daa
289.0924390693466,21.224001023749665,1.3612031394481698,0.525621032450089,0.26710904556821674,0.05875084519178081,0.06585735459303581,0.02593714172696821
