aaa,aad,add,ada,dda,ddd,dad,daa
263.84535791018214,16.347021545070373,1.104433759615658,0.44539740025472596,0.23306379237010239,0.049464939623291106,0.05711703604160183,0.022646028428604904
