aaa,aad,add,ada,dda,ddd,dad,daa
305.57678789934994,19.32722407161024,1.294056555737263,0.5186649151608345,0.2719460725765995,0.05819437508223705,0.06687581247900158,0.02613828423202289
