aaa,aad,add,ada,dda,ddd,dad,daa
275.1294095247195,14.167997534395015,1.0677174734805175,0.4294570868733993,0.23629550468010865,0.04775548127463355,0.05844059313873396,0.022931455424529887
