aaa,aad,add,ada,dda,ddd,dad,daa
293.9816287735913,19.85888542026282,1.286724862917408,0.5138505415572854,0.2636729299248529,0.058045394489106714,0.06507116408910249,0.025462235656322142
