aaa,aad,add,ada,dda,ddd,dad,daa
301.39221147154285,18.454654603912296,1.2581645642179442,0.5064958632000129,0.2644860231035198,0.05721496495185114,0.06421387958685959,0.025649516479132595
