aaa,aad,add,ada,dda,ddd,dad,daa
338.2600131231733,28.807073559364422,1.7518675613407606,0.665061385359121,0.3197836531501816,0.076754423897013,0.07981767878175045,0.03107167839938959
