aaa,aad,add,ada,dda,ddd,dad,daa
285.3740021616238,12.016120649716022,1.0824714917711515,0.4158115977342422,0.2438638681808761,0.04742382041700817,0.059993968220979715,0.023346521901313734
