aaa,aad,add,ada,dda,ddd,dad,daa
303.0295464109593,19.73257690765459,1.3150853357608563,0.5212750294909706,0.2718171623807605,0.05942364306656468,0.06703134182535832,0.0261291316905003
