aaa,aad,add,ada,dda,ddd,dad,daa
257.9348413837857,15.710478802183495,1.0632935338693845,0.4322585120710052,0.2245940165870074,0.0477721401751168,0.055009969094539195,0.02184257138223927
