aaa,aad,add,ada,dda,ddd,dad,daa
285.2966085641515,18.332087062310016,1.20724782114328,0.48756023961390593,0.2515341353015448,0.05371346555162225,0.062499272550551835,0.024607638834544587
