aaa,aad,add,ada,dda,ddd,dad,daa
354.9350037628694,21.625932985177673,1.499664177814417,0.5948085356244445,0.3178844495589197,0.0678428938018539,0.07808870234178832,0.030443938306284134
