aaa,aad,add,ada,dda,ddd,dad,daa
278.30429985236236,16.861858365203496,1.172739497606748,0.4639445445249731,0.25282987497856874,0.05325272713909037,0.06186856156449216,0.02410815900487682
