aaa,aad,add,ada,dda,ddd,dad,daa
293.4618292336962,22.54352902942884,1.332930950721497,0.5476078598816816,0.25343389523328314,0.06112485288610398,0.063775398107959,0.025647375977477845
