aaa,aad,add,ada,dda,ddd,dad,daa
288.193365589522,17.35300162509329,1.1913358939571221,0.4800741055241254,0.2520359046657703,0.05254724307215446,0.060461776597953786,0.023982338323268647
