aaa,aad,add,ada,dda,ddd,dad,daa
272.4773813437806,20.18916122951663,1.2204980665664324,0.49902491368543944,0.2360254128120807,0.0567920438310152,0.059768903299144,0.023702467081551725
