aaa,aad,add,ada,dda,ddd,dad,daa
300.50921508248507,22.067091235772757,1.4164367525859103,0.5440967612643415,0.2782448629879896,0.06011364828308103,0.0687471401976952,0.026844716636819515
