aaaa,aaad,aadd,aada,adda,addd,adad,adaa,ddaa,ddad,dddd,ddda,dada,dadd,daad,daaa
74.77586052197479,159.2567280405087,34.35772647956667,7.398547872292678,1.3729915964301613,1.6342337321372267,1.3260537242456976,0.3374817619901996,0.1312847321333023,0.0441813841436107,0.3871982314803684,0.40668083255554305,0.03351676526272735,0.34266426773784797,0.05498964336045809,0.06399448097773029
