aaaa,aaad,aadd,aada,adda,addd,adad,adaa,ddaa,ddad,dddd,ddda,dada,dadd,daad,daaa
77.98052422369092,172.18948416971742,39.50959717374842,8.309486908172284,1.7596645768840093,1.8520423811380389,1.5078272553059273,0.3737063710549786,0.13714742206083783,0.051950565147116635,0.3940560003957392,0.4888050997675883,0.040692628554977774,0.37702909594155637,0.058290151515421815,0.06834568178679684
