aaaa,aaad,aadd,aada,adda,addd,adad,adaa,ddaa,ddad,dddd,ddda,dada,dadd,daad,daaa
81.24230480994851,175.17497344437047,29.635763726004363,5.933503969753831,0.6171394556731837,1.8729537981855091,0.9729222252028841,0.2860152168545949,0.14383321574372387,0.0469186697847912,0.4467979416510462,0.2991942470336753,0.06362593466245463,0.3184089579816881,0.05024268928648682,0.061807021579006
