aaaa,aaad,aadd,aada,adda,addd,adad,adaa,ddaa,ddad,dddd,ddda,dada,dadd,daad,daaa
74.74943916121977,160.04746850663327,34.04133310661943,7.500385836956385,1.3636222286932476,1.6244835597530707,1.315753227927938,0.3424841192866451,0.1300270288713668,0.04383756498645375,0.39011472401511604,0.40525657118601244,0.032174505370127046,0.34212387689131735,0.05465926013002189,0.064627142749832
