aaaa,aaad,aadd,aada,adda,addd,adad,adaa,ddaa,ddad,dddd,ddda,dada,dadd,daad,daaa
75.69027319873757,175.32643854052904,37.03996152940402,6.706680500762126,1.1280877469815644,2.0556067396610938,1.2178919980748022,0.32241904448290765,0.1350910708678419,0.054298652810387885,0.4043141595298404,0.4113627005289445,0.05295344947778112,0.356934433616771,0.05023712833685255,0.06267642637953566
