aaaa,aaad,aadd,aada,adda,addd,adad,adaa,ddaa,ddad,dddd,ddda,dada,dadd,daad,daaa
78.32173097291879,164.22254050497313,27.332271442365553,5.818935654935389,0.6067822709169225,1.6350508531198038,0.9395066606500934,0.28003356924341305,0.1360590373563905,0.041786395216580535,0.4293952015039431,0.2788216719327812,0.05225051065564289,0.3010822970237218,0.048464437178489216,0.06017381053291341
