aaaa,aaad,aadd,aada,adda,addd,adad,adaa,ddaa,ddad,dddd,ddda,dada,dadd,daad,daaa
70.50390776670817,149.88185724950378,33.05812312885176,7.345970007061151,1.478948564341213,1.5360953190106863,1.3154391762566555,0.3239696290892458,0.12531411184897961,0.042694348980144806,0.35642216448643477,0.4118844386720494,0.03198490933608653,0.3277533684265504,0.05330484076953571,0.06081218457959218
