aaaa,aaad,aadd,aada,adda,addd,adad,adaa,ddaa,ddad,dddd,ddda,dada,dadd,daad,daaa
72.26298900914665,160.3362812677899,28.54455520359372,5.679666105721064,0.6543572489723236,1.726632165924962,0.9394711171198289,0.2753382323624731,0.12723958461135423,0.043866485053421125,0.4013975629901002,0.2964844517578252,0.05174092211879621,0.2999123340315032,0.045539515882167064,0.057340576664727146
