aaaa,aaad,aadd,aada,adda,addd,adad,adaa,ddaa,ddad,dddd,ddda,dada,dadd,daad,daaa
70.27029290998874,160.63994084704123,35.76908097016069,6.755981719106395,1.2706173308354431,1.8366552176791333,1.2405763764390088,0.32161218041193834,0.12256438535915024,0.049547060418202386,0.3684769631013745,0.40872746044865627,0.04251748520434208,0.3397275100402082,0.04900134093033289,0.06045848145658563
