aaaa,aaad,aadd,aada,adda,addd,adad,adaa,ddaa,ddad,dddd,ddda,dada,dadd,daad,daaa
75.27465929508358,162.64992982704678,29.993191852327122,6.171684667844355,0.8028034635411514,1.669116549849746,1.041063085681454,0.29587488326323974,0.13215972207724144,0.0439012284792178,0.40903600440819876,0.32313290717418175,0.04479054149764316,0.315102034670636,0.04867933330860696,0.060797929546664894
