aaaa,aaad,aadd,aada,adda,addd,adad,adaa,ddaa,ddad,dddd,ddda,dada,dadd,daad,daaa
88.74959531281249,190.1881967621002,44.662688571723,10.434237584825805,2.440191795746352,2.0035997129857805,1.7999272277373712,0.4287213781716295,0.16928988852626886,0.05180825399070112,0.4295222739818298,0.601615376698896,0.04834776603793133,0.4280054875456972,0.0705577786388228,0.07855430888430572
