aaaa,aaad,aadd,aada,adda,addd,adad,adaa,ddaa,ddad,dddd,ddda,dada,dadd,daad,daaa
77.09661227416699,173.79521502638016,34.71214887037317,7.558681203725974,1.1690059480580657,1.791135297216647,1.2416414165372667,0.3625298593613333,0.1285667071370316,0.04802320090512242,0.4211352714476155,0.3974404031204153,0.03616045978425155,0.35148361502407005,0.05206175627535698,0.06770378933011974
