aaaa,aaad,aadd,aada,adda,addd,adad,adaa,ddaa,ddad,dddd,ddda,dada,dadd,daad,daaa
67.3319373909597,148.01301439999708,34.59570974238279,6.824817720543274,1.5228345084230612,1.6289515695668313,1.2970669501023944,0.30404556397231686,0.12316527454915963,0.04652561925257648,0.333269627693859,0.42711832738435984,0.04110826700895273,0.3260321774539826,0.05036065394461608,0.05731869970184461
