aaaa,aaad,aadd,aada,adda,addd,adad,adaa,ddaa,ddad,dddd,ddda,dada,dadd,daad,daaa
72.53978385043841,155.6549370419008,35.98297112833024,8.07989045699814,1.7824362755592815,1.6326595424591803,1.4561078243496355,0.3492027181150236,0.1296206032662817,0.045766110163492316,0.3594920851737689,0.4624125300721046,0.035977020970993534,0.34783783921958716,0.056859844362659014,0.0637255870710979
