aaaa,aaad,aadd,aada,adda,addd,adad,adaa,ddaa,ddad,dddd,ddda,dada,dadd,daad,daaa
74.439244235847,169.9501959643001,33.37292121574032,6.259946394018158,0.8908938489847483,1.9234610425314793,1.0916861984528152,0.30489396493503135,0.13275456646479156,0.049974854446922345,0.4057041428657251,0.3592803856149352,0.0522378788519311,0.33389618488087236,0.048501987652001345,0.06131185416102787
