aaaa,aaad,aadd,aada,adda,addd,adad,adaa,ddaa,ddad,dddd,ddda,dada,dadd,daad,daaa
136.37246385459872,161.2838379097593,18.019739219670726,12.294943843739203,0.9226864267329723,0.8168563735677459,1.3280608490537424,0.3574463625802239,0.2787186286098595,0.033189969639052914,0.05301576325551215,0.21654402704391737,0.17781159675347347,0.04543631946079076,0.14732285481493232,0.008105918236951334
