aaaa,aaad,aadd,aada,adda,addd,adad,adaa,ddaa,ddad,dddd,ddda,dada,dadd,daad,daaa
130.82871343637538,153.71096675689154,19.169484994414205,12.536658909507644,0.6091104320517824,0.8321865626080116,1.388074307526733,0.34155175875606647,0.27678368517702834,0.026271281705288967,0.047775797233740334,0.1980022738166521,0.15997487994846094,0.04519632803042373,0.1349415643410315,0.006661474783817853
