aaaa,aaad,aadd,aada,adda,addd,adad,adaa,ddaa,ddad,dddd,ddda,dada,dadd,daad,daaa
114.11756394244085,160.6867179990777,17.140500994730232,12.142187382526641,1.4148824364296138,0.740265893936996,1.1943826206400159,0.32398889425501587,0.25676007110014537,0.027858675692589888,0.06567151480224373,0.2357676360896192,0.23564397407884757,0.03797351750075647,0.15365860084760555,0.009458321239618546
