aaaa,aaad,aadd,aada,adda,addd,adad,adaa,ddaa,ddad,dddd,ddda,dada,dadd,daad,daaa
144.2432305827668,173.94084242259038,19.05044442821074,13.181159465861713,0.8918484787156211,0.7983703133997774,1.3994963563729077,0.372720570809546,0.29967026588205453,0.03439133749398023,0.057085397763365256,0.23325626883922645,0.18681992362458832,0.04094956203630001,0.1549354277471424,0.008228218998830115
