aaaa,aaad,aadd,aada,adda,addd,adad,adaa,ddaa,ddad,dddd,ddda,dada,dadd,daad,daaa
141.98705864319575,190.68300456463385,15.891549046009615,14.679365736900035,1.1264629917479627,1.0888927438217402,1.260782790736403,0.35462206445363414,0.30281679832313746,0.03589198525292065,0.0835066665426527,0.30680073215393733,0.23787206171494557,0.026655621664023566,0.16720434974842002,0.01022771671989238
