aaaa,aaad,aadd,aada,adda,addd,adad,adaa,ddaa,ddad,dddd,ddda,dada,dadd,daad,daaa
126.00771559275344,145.33357147561796,16.754651879503445,11.69113847996396,0.4937910819850539,0.7189450779495296,1.2440709082678414,0.31524639817112265,0.2624396267346327,0.025773878567830186,0.0452756682337752,0.19008791187277013,0.14468823535168726,0.03359220766772596,0.1236800949426485,0.0061159471025368575
