aaaa,aaad,aadd,aada,adda,addd,adad,adaa,ddaa,ddad,dddd,ddda,dada,dadd,daad,daaa
110.88021568551535,146.39811482446103,15.959004447631829,11.03187234751417,0.6679068422984967,0.6869393527251514,1.226393709372552,0.31489558302351317,0.24475818465309337,0.023798537325948325,0.046157336870617204,0.19145142521759093,0.1453088846027263,0.03644892860729594,0.1314425496949445,0.0069012568771038415
