aaaa,aaad,aadd,aada,adda,addd,adad,adaa,ddaa,ddad,dddd,ddda,dada,dadd,daad,daaa
139.09145480938304,169.7243423538841,21.495381631887874,13.208519703345834,1.0879481439765146,0.9524284497823472,1.5006077773232045,0.3857287496545003,0.29287593639114534,0.03295570538854077,0.05576223488710348,0.2210729172279648,0.19589690614738736,0.06442389151237968,0.1618060289134296,0.008669300110073342
