aaaa,aaad,aadd,aada,adda,addd,adad,adaa,ddaa,ddad,dddd,ddda,dada,dadd,daad,daaa
134.3866732030736,188.85530876351402,19.68863527345401,14.121362284745976,1.5944304959291342,0.905031914823372,1.404341863915015,0.3841069889072116,0.3008170996129522,0.03235085274566641,0.07504223157862049,0.2769561777140277,0.2657085493768263,0.04632481272811583,0.17831762482755478,0.011503215745604485
