aaaa,aaad,aadd,aada,adda,addd,adad,adaa,ddaa,ddad,dddd,ddda,dada,dadd,daad,daaa
132.6882171943273,148.71973624863656,20.0578447369702,12.37208357091837,0.7903319265119276,0.9659858027889616,1.3805562875261106,0.34565981621698116,0.2726367298769606,0.03004247730949594,0.04819231563558336,0.18881609087275666,0.17190304610435858,0.060470420169540365,0.13857224251015,0.006626408017386148
