aaaa,aaad,aadd,aada,adda,addd,adad,adaa,ddaa,ddad,dddd,ddda,dada,dadd,daad,daaa
107.02166427833578,171.07151258046503,14.252982436722093,13.055300336643658,1.104708693618177,1.0132621815931393,1.1373801089565594,0.30502182407915224,0.25505511656502655,0.02407787323074349,0.07960918141543515,0.27680208683798774,0.22286694580692074,0.02577221410901851,0.15427189818122278,0.009997514045983754
