aaaa,aaad,aadd,aada,adda,addd,adad,adaa,ddaa,ddad,dddd,ddda,dada,dadd,daad,daaa
148.83937638198563,164.11656160276667,19.553091732509046,13.083782846047825,0.8415212544693508,0.9298146706737107,1.4312863474245914,0.37664469320692384,0.2984736065293839,0.032476537444501456,0.051509502207409415,0.22245767686594345,0.18140317988771426,0.05306320258503247,0.14903618005067026,0.007719615305748481
