aaaa,aaad,aadd,aada,adda,addd,adad,adaa,ddaa,ddad,dddd,ddda,dada,dadd,daad,daaa
119.91242186151811,165.26830655076554,16.220208337496988,12.204589351469947,1.0885345125914196,0.7584602738429672,1.2092554753971652,0.3297545122982653,0.2656891036665252,0.02844857626843166,0.06311990502198535,0.24215955729701621,0.20357880353363306,0.03241619060347956,0.15083891486225043,0.00883368971878265
