aaaa,aaad,aadd,aada,adda,addd,adad,adaa,ddaa,ddad,dddd,ddda,dada,dadd,daad,daaa
143.39612894972896,166.06486884383037,21.941050049116235,13.10302390146276,1.1957594207669724,0.9894085485555029,1.4744886892308067,0.3852963992152942,0.2940281989321453,0.035287254163509495,0.05475329084043627,0.21695173465496892,0.20417750318857117,0.06942017562326795,0.16224649132680377,0.008447793742176307
