aaaa,aaad,aadd,aada,adda,addd,adad,adaa,ddaa,ddad,dddd,ddda,dada,dadd,daad,daaa
154.9872969078747,161.51926533258873,19.209625982296693,12.922966537384507,0.9078758078193525,0.9656838370346605,1.4000622311274749,0.3787336475091555,0.29795311668092744,0.03575401680891018,0.05144543285939068,0.22189746805945884,0.18412727210796692,0.055425892309664104,0.1483203521351396,0.00789998405571359
