aaaa,aaad,aadd,aada,adda,addd,adad,adaa,ddaa,ddad,dddd,ddda,dada,dadd,daad,daaa
131.16851847819123,166.57777989731017,17.491865393085508,12.387768219575703,0.8623844922276238,0.7720620669820042,1.329541534800964,0.355753644185995,0.28081362014098654,0.03011811898881645,0.054526494030765024,0.22558990200153461,0.17504761048613693,0.03894348494757659,0.14988940064384854,0.008057979593598217
