aaaa,aaad,aadd,aada,adda,addd,adad,adaa,ddaa,ddad,dddd,ddda,dada,dadd,daad,daaa
143.08761256890503,147.97974918431623,22.301580927218744,13.45792716187873,0.5120423969395937,1.0882273217809055,1.4850377779751407,0.33859047307656065,0.28226331917493647,0.03254588407589493,0.05346693257638822,0.1771034689523172,0.16416966831860713,0.053544012386031264,0.12896645715267208,0.006193172613032201
