aaaa,aaad,aadd,aada,adda,addd,adad,adaa,ddaa,ddad,dddd,ddda,dada,dadd,daad,daaa
141.54058109465515,155.208285146417,17.625194722997495,12.22961429960522,0.7114024188684245,0.7890372247192641,1.29502376427623,0.34415258275169935,0.2782768247937691,0.034981709090822335,0.05093681339229502,0.2030916021066476,0.1630972913381969,0.037976984674991096,0.1363622054805956,0.007040541224794687
