aaaa,aaad,aadd,aada,adda,addd,adad,adaa,ddaa,ddad,dddd,ddda,dada,dadd,daad,daaa
137.24844719015013,157.24118718828484,18.907509868364237,12.21460682115477,1.0298695152062447,0.8941147150510851,1.3474891782198737,0.3618284755220174,0.2755855338978919,0.03423397887924253,0.05192861975971769,0.20939266450329816,0.1828344482094645,0.0560962600826187,0.1488550044624178,0.008203234247883991
