aaaa,aaad,aadd,aada,adda,addd,adad,adaa,ddaa,ddad,dddd,ddda,dada,dadd,daad,daaa
136.17995544986198,181.13682289615923,18.686827970764796,13.28938199054801,1.0824939797145987,0.8399676902866202,1.408173434162695,0.3813032428597839,0.29839140380498996,0.03116047822163117,0.06172419570605615,0.25194974077870375,0.2025114039561341,0.04319223133540217,0.16610745415959177,0.009313021641280134
