aaaa,aaad,aadd,aada,adda,addd,adad,adaa,ddaa,ddad,dddd,ddda,dada,dadd,daad,daaa
138.569504483368,160.56921743477108,20.421391172247855,12.753629504469727,0.9541496293788859,0.9338509679114241,1.429727975604764,0.36686697954950365,0.2831260186789868,0.03352208912960002,0.05235501811344612,0.20766065764659625,0.18256406904184144,0.059458171896373924,0.15121248697349582,0.00798341072246408
