aaaa,aaad,aadd,aada,adda,addd,adad,adaa,ddaa,ddad,dddd,ddda,dada,dadd,daad,daaa
148.49826933231367,172.6079745010913,21.634014382390532,13.544556007158308,1.0892474652467485,0.9879628087849649,1.5153040847064672,0.3953383839209847,0.3032391339896465,0.03628771725360139,0.05645293542341676,0.22561168627547054,0.19928175750805804,0.06383909048171184,0.16347801715546711,0.008796547816383437
