aaaa,aaad,aadd,aada,adda,addd,adad,adaa,ddaa,ddad,dddd,ddda,dada,dadd,daad,daaa
137.35710990147868,147.39981473023383,20.048331268422245,12.70039166019614,0.5927121757229586,0.9720092173020672,1.4071070356246562,0.34035358096290874,0.275515017218544,0.030098090059557336,0.04918216610399244,0.1851337357319785,0.16074016012617323,0.051198858104436945,0.13265984727677527,0.006257499807534254
