aaaa,aaad,aadd,aada,adda,addd,adad,adaa,ddaa,ddad,dddd,ddda,dada,dadd,daad,daaa
148.31483081334758,163.89801005861372,21.54542467689855,13.415741591748679,0.9180845001980191,1.0360643349865206,1.5011846178405113,0.3829940654327003,0.3012192734361654,0.03174408251985034,0.05169104093435551,0.21783856878472044,0.19002940499374574,0.06554290562397477,0.15481004887975092,0.007508537476828047
