aaaa,aaad,aadd,aada,adda,addd,adad,adaa,ddaa,ddad,dddd,ddda,dada,dadd,daad,daaa
131.4415460595928,141.99691627060608,16.984566722443788,11.798745880079109,0.4783443450173613,0.7781915949785689,1.2675768127706373,0.3192232958864994,0.26197130900516186,0.029137586845464997,0.0462889921551839,0.181244790612831,0.14350893536015508,0.034370673060061536,0.11979412426101149,0.006147332461963805
