aaaa,aaad,aadd,aada,adda,addd,adad,adaa,ddaa,ddad,dddd,ddda,dada,dadd,daad,daaa
158.97507799097568,189.0446541208075,19.148124487173384,14.410476968747318,1.5637243450341995,0.9625371582317486,1.387197128343238,0.3995735632828035,0.3175599766053063,0.042351292615937834,0.07400162804139916,0.279616861083063,0.26124524174641767,0.04400256073233257,0.17456362760327973,0.010946387810071942
