aaaa,aaad,aadd,aada,adda,addd,adad,adaa,ddaa,ddad,dddd,ddda,dada,dadd,daad,daaa
148.6376311815626,167.83236036398642,19.127172297801042,13.346276252218367,0.6268350709515825,0.8238120279443913,1.40300449351036,0.3616764792735087,0.2996258872818947,0.03499619498261048,0.05464816913713278,0.21516018087694674,0.16683191357321497,0.037364743671754505,0.14437298662576345,0.007337675145085936
