aaaa,aaad,aadd,aada,adda,addd,adad,adaa,ddaa,ddad,dddd,ddda,dada,dadd,daad,daaa
136.69326875611227,174.84109219294908,18.21577101844304,12.962713297844758,0.8913612732306397,0.7977564003800561,1.3888080783079375,0.37099232962693035,0.2934249508986569,0.0313166083721212,0.05710587236662128,0.23717774736801442,0.18236313423197154,0.03978841187279425,0.15611976861708005,0.008572731135211968
