aaaa,aaad,aadd,aada,adda,addd,adad,adaa,ddaa,ddad,dddd,ddda,dada,dadd,daad,daaa
149.08403482033347,154.97159467018668,19.4740879939524,12.926618345567054,0.6374989930543791,0.919156914842741,1.3772257134419497,0.35060068537336864,0.2905389446584102,0.03346068131702551,0.05046454826973052,0.20313497972563654,0.16821855455635307,0.047197950896141976,0.13746064508902509,0.00677906313006272
