aaaa,aaad,aadd,aada,adda,addd,adad,adaa,ddaa,ddad,dddd,ddda,dada,dadd,daad,daaa
137.01122376917755,174.4730085698578,17.848248109970974,12.990520085177646,0.7537216811060033,0.7684099743181373,1.3882228840854993,0.36680801931372936,0.29399931755008224,0.030744340049474277,0.05604707408044271,0.23331455662483727,0.17094898159940114,0.0351270876039769,0.1513456804321867,0.0081291009250446
