aaaa,aaad,aadd,aada,adda,addd,adad,adaa,ddaa,ddad,dddd,ddda,dada,dadd,daad,daaa
127.18162151566386,161.35651878814988,17.386138599965697,12.142115187466711,0.7476298115881044,0.7402003955273858,1.3173030755408286,0.3442381821087727,0.2735632831683636,0.02852970374026908,0.051950175874117405,0.21351541115613384,0.16349521191910057,0.03727086157432851,0.14341319867455418,0.007390069443580968
