aaaa,aaad,aadd,aada,adda,addd,adad,adaa,ddaa,ddad,dddd,ddda,dada,dadd,daad,daaa
236.5400211151312,53.08391100370703,17.077750633512075,8.345010990558912,4.228896163989906,1.5738048164874523,1.957248899229229,0.7348402965202698,0.0033213572920963576,0.009864478644419195,0.02174892071406031,0.009347405813836768,0.17874611673917995,0.021572119215244767,0.12732683494255417,0.011081262314945177
