aaaa,aaad,aadd,aada,adda,addd,adad,adaa,ddaa,ddad,dddd,ddda,dada,dadd,daad,daaa
232.54139030741072,53.98648353819477,14.575773712088859,6.666766202949787,3.4736192241134027,1.7432440301103018,1.6682909825396461,0.663774567519665,0.0031060224083242533,0.009185930045750275,0.020580904422558145,0.006486512670997201,0.14254306617081092,0.023480496272551624,0.10968506910884088,0.010048060008516678
