aaaa,aaad,aadd,aada,adda,addd,adad,adaa,ddaa,ddad,dddd,ddda,dada,dadd,daad,daaa
232.28975243026102,47.9383530798068,17.805881609331234,6.964688069710563,3.3981686362051873,1.6318170224580928,1.8122374506261472,0.6925359592026828,0.0032883510050618725,0.00808281557228034,0.018482523924393278,0.006251103389501157,0.136269529780186,0.0283188038129453,0.11215027342750096,0.011147355666270698
