aaaa,aaad,aadd,aada,adda,addd,adad,adaa,ddaa,ddad,dddd,ddda,dada,dadd,daad,daaa
229.81058273516896,50.06220661047692,17.6577559400354,7.022294461188047,3.66518766701589,1.5911658764684966,1.8587317052468761,0.6831931499131115,0.0032761490322226936,0.008493664153628787,0.019488995784451225,0.008170744189902348,0.14730846512897594,0.027650403939294906,0.11574674125338581,0.010617189903733455
