aaaa,aaad,aadd,aada,adda,addd,adad,adaa,ddaa,ddad,dddd,ddda,dada,dadd,daad,daaa
195.0410864153728,41.084276694828695,11.542441078893583,7.227994847944312,2.889216129535552,1.3995870219115611,1.4240662190193543,0.6260918338740372,0.0026655584775257895,0.008030743439863222,0.016663654597863387,0.0031906610672362144,0.13141398784659777,0.013581270476634166,0.10159534152863801,0.009821178101236505
