aaaa,aaad,aadd,aada,adda,addd,adad,adaa,ddaa,ddad,dddd,ddda,dada,dadd,daad,daaa
224.743222958862,48.40969657444079,17.379860706555455,7.748501630839396,3.9088205385431065,1.4620201757366367,1.8886900466581775,0.698496823030956,0.003253442402319108,0.008814423283983781,0.019631771649906767,0.008627309193824545,0.16222467720286782,0.022924414806596616,0.11955604731503221,0.01085998553320236
