aaaa,aaad,aadd,aada,adda,addd,adad,adaa,ddaa,ddad,dddd,ddda,dada,dadd,daad,daaa
193.5791107104396,40.66671728750138,16.57223021294375,5.7115034861401455,3.090398499365094,1.3095110954343552,1.6216156431436513,0.5729804413645527,0.0028807628040610667,0.006769261070360736,0.015724292058927523,0.008211904522817061,0.12010855875083183,0.02824132987963329,0.09611136153398424,0.00920596893322541
