aaaa,aaad,aadd,aada,adda,addd,adad,adaa,ddaa,ddad,dddd,ddda,dada,dadd,daad,daaa
248.03923017780832,51.87578176827743,16.062529979682427,7.626209222339791,3.371507414473064,1.8283805800676338,1.7611356058903287,0.7465948344062873,0.003375528178365571,0.0090037602553737,0.019733313009731048,0.004350302110828614,0.14071183346085211,0.023742255079363558,0.11626766793951324,0.011910720328655247
