aaaa,aaad,aadd,aada,adda,addd,adad,adaa,ddaa,ddad,dddd,ddda,dada,dadd,daad,daaa
234.26989743579173,52.41731877850871,15.337979325407622,8.272392507976013,3.884182346545862,1.6421893171649822,1.837992422830893,0.7278825692474833,0.003233002908477299,0.009846051167195481,0.021640238702768055,0.006305268445376566,0.1688592051437231,0.019106165789273762,0.12467623253710788,0.011044757184222601
