aaaa,aaad,aadd,aada,adda,addd,adad,adaa,ddaa,ddad,dddd,ddda,dada,dadd,daad,daaa
212.97609011027183,44.995132141888405,13.731467658798595,7.616127341297526,3.2232393189104527,1.5048199005495033,1.6281622694001985,0.671654877970005,0.0029886620427948666,0.00848380753664573,0.018700919617852627,0.0038901794804555474,0.1428558176887469,0.01673974543152029,0.11235047024720261,0.010599623515437171
