aaaa,aaad,aadd,aada,adda,addd,adad,adaa,ddaa,ddad,dddd,ddda,dada,dadd,daad,daaa
196.01622224789995,43.356153351378374,12.218687719023826,7.837262725729535,3.4101607067031745,1.3489981891350762,1.5571126811522915,0.6391702780377254,0.0027252584038504335,0.008925230120170677,0.0186274531191946,0.004778371293630169,0.1552568593024852,0.012912900357227478,0.10952271492487603,0.009730972777209523
