aaaa,aaad,aadd,aada,adda,addd,adad,adaa,ddaa,ddad,dddd,ddda,dada,dadd,daad,daaa
227.16292107695057,46.38314899374815,15.340288422662592,8.676634333565957,3.547044231559086,1.5383572627998097,1.8150722924703284,0.7336179263953118,0.0032941428343138466,0.009019396088749541,0.020169581197797264,0.004105718175364289,0.1602832495255312,0.017194167203599574,0.12568116808759922,0.011806204264221161
