aaaa,aaad,aadd,aada,adda,addd,adad,adaa,ddaa,ddad,dddd,ddda,dada,dadd,daad,daaa
200.17116647107065,40.93159646104221,18.13013082701222,4.702250795717241,2.7450993207519665,1.5039750053005978,1.5151872634214667,0.5578072361099038,0.0029429630434726593,0.006287830586246141,0.014032175560107552,0.009401287463319617,0.09666625838486616,0.04140558012328911,0.08119886399854793,0.00930507810584245
