aaaa,aaad,aadd,aada,adda,addd,adad,adaa,ddaa,ddad,dddd,ddda,dada,dadd,daad,daaa
186.53407288901246,41.06109503525652,11.032940567870163,8.699045571685142,3.552829721648191,1.2541391313048398,1.5207356731216914,0.6465843083272114,0.0025724822547896786,0.009581906974826906,0.01813825144362566,0.004871081039472545,0.16989321659755943,0.01017591875199763,0.1113757209473359,0.009643420084769662
