aaaa,aaad,aadd,aada,adda,addd,adad,adaa,ddaa,ddad,dddd,ddda,dada,dadd,daad,daaa
191.25886838466363,40.8396302817256,10.899962670699155,6.739611188394937,2.639454619191,1.4506674410970817,1.3630283753471704,0.5986143215910863,0.0026726824876196573,0.007741875968117025,0.01713613685818308,0.003062767631455335,0.12074063814966048,0.014335656268828845,0.09880401367522035,0.009552700807413113
