aaaa,aaad,aadd,aada,adda,addd,adad,adaa,ddaa,ddad,dddd,ddda,dada,dadd,daad,daaa
181.19122577765648,41.81765446396362,9.919476029469026,8.904912726801973,3.611286117219485,1.3050895489176606,1.4743949611857166,0.6326413713545666,0.002511131425973601,0.010210950757898206,0.020028259724867045,0.00570150355892915,0.17848300356228985,0.010501924279806167,0.11220719827216141,0.009390906815389037
