aaaa,aaad,aadd,aada,adda,addd,adad,adaa,ddaa,ddad,dddd,ddda,dada,dadd,daad,daaa
210.81235211265945,46.479430294882924,17.447566832700513,5.611382742682515,3.2889890953793794,1.4956874034723548,1.6902991307215396,0.5989434102224117,0.0030020463356997314,0.007603997039144443,0.017678065650747265,0.01023390977016672,0.12395559493784511,0.0332183257698397,0.09837323132451337,0.009458286629646711
