aaaa,aaad,aadd,aada,adda,addd,adad,adaa,ddaa,ddad,dddd,ddda,dada,dadd,daad,daaa
251.6393610077728,57.362306371975535,11.84139224331973,12.21731563501011,4.4552033509726305,1.9249146142320925,1.8132084588460944,0.8970904138901474,0.00384205627580139,0.010772282288379125,0.027731189086229895,0.00708650312557392,0.22637325950864656,0.01597754102673939,0.15066433344481298,0.01313800164633664
