aaaa,aaad,aadd,aada,adda,addd,adad,adaa,ddaa,ddad,dddd,ddda,dada,dadd,daad,daaa
189.67337391741577,39.99910065722958,16.33355398225852,5.750203232863294,3.0782257717120234,1.2798693890317552,1.6300554815197918,0.5637842268473632,0.0028507851616164127,0.006726229755592902,0.01607994523036755,0.007847794466300233,0.12164471774572191,0.027200198809130414,0.0979819028455287,0.009085036371460884
