aaaa,aaad,aadd,aada,adda,addd,adad,adaa,ddaa,ddad,dddd,ddda,dada,dadd,daad,daaa
235.45263048696017,51.69756188963933,16.00132251628865,7.84984551804351,3.718688019617905,1.660506160596663,1.8425070099985619,0.7191456027556195,0.003262367277347063,0.009252341973310738,0.020535550203588326,0.0058439333336754015,0.1582112280375369,0.02157649417870218,0.12248937591670912,0.011040361150087795
