aaaa,aaad,aadd,aada,adda,addd,adad,adaa,ddaa,ddad,dddd,ddda,dada,dadd,daad,daaa
226.03589697691928,51.65238600016833,9.919215846493168,10.454759191008169,3.835382456145151,1.7566170172564113,1.5714494079605323,0.78664788697998,0.0030366520693650956,0.01259918039727445,0.021743202697148755,0.005694984999527494,0.19589606403329385,0.015308208464608581,0.12802244426875142,0.011514079560196937
