aaaa,aaad,aadd,aada,adda,addd,adad,adaa,ddaa,ddad,dddd,ddda,dada,dadd,daad,daaa
200.27071098849,43.202758829935554,17.71467838501291,5.399039680676387,3.1176567777031567,1.4163857262589128,1.692172405020285,0.5713361477135852,0.003090103077582346,0.006939428095044359,0.01665667120848394,0.00935659748127959,0.11792319700002062,0.03434746237950343,0.09846498764972807,0.009295989588476942
