aaaa,aaad,aadd,aada,adda,addd,adad,adaa,ddaa,ddad,dddd,ddda,dada,dadd,daad,daaa
192.24923778937864,43.18255678252309,11.745074075776131,8.320155576142252,3.5707510258121427,1.3220153857479993,1.5717196425904603,0.6419779590857346,0.002642863002177374,0.009396525305124359,0.01931629619238366,0.005315581289712859,0.166567180999134,0.01176169911253078,0.11252127493549903,0.009572765499981808
