aaaa,aaad,aadd,aada,adda,addd,adad,adaa,ddaa,ddad,dddd,ddda,dada,dadd,daad,daaa
233.59325992826706,52.012610720381296,11.80625879399611,9.701000655885453,3.7036023032128695,1.7602438375802458,1.6747394494940817,0.7744471996490098,0.0033430120873039534,0.010334816260780916,0.02250969680919497,0.004700055413531201,0.17431775809468905,0.014735561137834387,0.12343825285227102,0.011796537093380483
