aaa,aad,add,ada,dda,ddd,dad,daa
264.21332145713797,6.66629285273347,2.302130725423934,0.8692930460955175,0.03754418672630395,0.048468793858410755,0.010190569066929158,0.010079412143402234
