aaa,aad,add,ada,dda,ddd,dad,daa
267.91272522758976,8.269938683063717,1.8017698814864533,0.8985972924907359,0.03405403414987613,0.048470410223783955,0.009538038178441805,0.009834779141948783
