aaa,aad,add,ada,dda,ddd,dad,daa
291.1742670814336,5.915583854154672,2.2082533333911747,0.9837968283249865,0.04307572704941446,0.05293552073014511,0.009872928602874313,0.011477785262911462
