aaa,aad,add,ada,dda,ddd,dad,daa
256.36674674936364,6.457684214059953,1.86611505480659,0.8674636220289441,0.0374367149081938,0.04652269448098895,0.009112879442830284,0.009736874837054432
