aaa,aad,add,ada,dda,ddd,dad,daa
309.74656604560846,10.017961572887165,2.029160806235694,1.0541482762553906,0.04285451829827652,0.056536085810497266,0.011345458021794942,0.011560669733116367
