aaa,aad,add,ada,dda,ddd,dad,daa
260.65678495808504,4.7212159133971765,2.5197747691862373,0.8298004375069401,0.03224275334434376,0.047412056570487734,0.009337229091114427,0.010223499486145626
