aaa,aad,add,ada,dda,ddd,dad,daa
248.55043637207297,5.927750277525569,2.223808570362814,0.8155630999854727,0.035233749699594884,0.04462192112164543,0.009544607103130813,0.009365028356079027
