aaa,aad,add,ada,dda,ddd,dad,daa
310.78071260024694,9.852844704032803,2.2280268772913625,1.0472883151469246,0.04430008628364866,0.05686819676054835,0.01175378209983612,0.011497639099567091
