aaa,aad,add,ada,dda,ddd,dad,daa
307.4622886395028,4.580355910940952,3.7403634240272163,0.9989053524783815,0.0473741556942818,0.05783527579354867,0.01318283681895853,0.013368690621333458
