aaa,aad,add,ada,dda,ddd,dad,daa
291.95695944198457,9.824702215316208,1.5437791738760356,1.03484178194478,0.04230831129848025,0.05111314626234968,0.009112971259655432,0.01107752466286286
