aaa,aad,add,ada,dda,ddd,dad,daa
243.8622622274747,6.283343627009904,2.2192417740424912,0.7933574615983927,0.03365819363033549,0.04480383873723247,0.009607139815393134,0.009237541558467571
