aaa,aad,add,ada,dda,ddd,dad,daa
310.4407003036468,4.821447464960599,3.468545359952026,1.0026026657311946,0.04179211966303916,0.05780482655121071,0.012022051940823328,0.013354302885669233
