aaa,aad,add,ada,dda,ddd,dad,daa
273.55789741666285,4.939318061002236,1.991562236138071,0.9367981181484358,0.04251253790729333,0.04911750645680679,0.00885945417799301,0.010843019845119622
