aaa,aad,add,ada,dda,ddd,dad,daa
267.4419679377655,5.241391838216638,2.5980273575835926,0.8658474552053158,0.0364787689656485,0.04906753111372047,0.01007882786449746,0.010563647177516887
