aaa,aad,add,ada,dda,ddd,dad,daa
305.3172135103496,4.657810957308854,3.656087950510289,0.9850554851490831,0.04484474802082589,0.056807258054456945,0.012953768359473141,0.012985941556205801
