aaa,aad,add,ada,dda,ddd,dad,daa
285.3623726924562,5.213394972345416,2.8830206446767375,0.9288300441220134,0.040586023963078595,0.052587461477194536,0.010869827054627017,0.011474410975280356
