aaa,aad,add,ada,dda,ddd,dad,daa
249.09132361113265,6.2105315969682025,1.7164057466428022,0.845423305647934,0.03527181778822129,0.04437105159064149,0.008440781218635295,0.009325043541182404
