aaa,aad,add,ada,dda,ddd,dad,daa
259.42587444629635,4.254659481406586,2.5445387557584023,0.855633923714171,0.03843670078906859,0.047854528510336496,0.009551483297033548,0.010642529541146252
