aaa,aad,add,ada,dda,ddd,dad,daa
241.53849453225482,5.779903328656333,1.821303288841805,0.8007761895278548,0.03168376866801978,0.043790128764842444,0.008267156646198818,0.009134004609273808
