aaa,aad,add,ada,dda,ddd,dad,daa
304.731347094934,8.347052064553296,2.7513302153199204,0.9917168535036038,0.04214516430053167,0.05570913783389845,0.012188433815986202,0.011425770161255466
