aaa,aad,add,ada,dda,ddd,dad,daa
277.7639080847475,8.14358461944817,2.134758201507992,0.9296671261112263,0.03962926939360464,0.050694188214840966,0.010546981183665396,0.010222558144221723
