aaa,aad,add,ada,dda,ddd,dad,daa
248.84136697991016,8.165626091563869,1.8738828530274647,0.8186395408315345,0.03194841361114973,0.04515842059033636,0.009488984939733625,0.008993608015979041
