aaa,aad,add,ada,dda,ddd,dad,daa
336.9263125483693,7.7898943391499715,3.225882237372448,1.11407571040682,0.05229602278152994,0.062025527853458176,0.013714756764970928,0.013129584381937653
