aaa,aad,add,ada,dda,ddd,dad,daa
270.19108210424395,6.5750987149030315,1.8373978728682605,0.9243125849630267,0.040804547536143765,0.049132032568703736,0.009146195025482164,0.010491101837923183
