aaa,aad,add,ada,dda,ddd,dad,daa
305.1476166016404,8.811566136948702,2.7298681891371857,0.989736233016598,0.04121975406344621,0.05598034461536546,0.012259774211996081,0.011267485273268419
