aaa,aad,add,ada,dda,ddd,dad,daa
250.4512201733617,5.757832173687427,1.7635901488907053,0.8564445377463984,0.03877133730064614,0.04531972146518886,0.008578968626108551,0.009746749933600647
