aaa,aad,add,ada,dda,ddd,dad,daa
305.2871598368705,3.8573325456916936,4.542440547578532,0.9815376977993338,0.0464067936669116,0.058840584833699694,0.014713707151379474,0.014229441463413013
