aaa,aad,add,ada,dda,ddd,dad,daa
263.754001391312,6.019083198740004,2.1116597044462395,0.8853867054114819,0.039466922622041316,0.04825898680845272,0.009556755992491367,0.010241180818636475
