aaa,aad,add,ada,dda,ddd,dad,daa
280.9386550257583,5.46284666817325,2.381590273450467,0.9254289243893479,0.03808479172167747,0.050991082713613085,0.009777122784214068,0.010964029506764108
