aaa,aad,add,ada,dda,ddd,dad,daa
270.91656792941717,4.486195377965612,2.921306135305966,0.8819689815613043,0.03958210364524351,0.05011328433262181,0.010633627564004098,0.01116217369092262
