aaaa,aaad,aadd,aada,adda,addd,adad,adaa,ddaa,ddad,dddd,ddda,dada,dadd,daad,daaa
171.1381225101092,95.88723060936199,50.66371230175589,4.891558890642746,1.2767459094995885,1.7217196139807378,0.29262903337861007,0.022152813095754627,0.4340951783935168,0.14395361095128284,0.12233256197289198,0.310824545423077,0.14358297741059733,0.01844922104866517,0.06148016167770414,0.007000657217764027
