aaaa,aaad,aadd,aada,adda,addd,adad,adaa,ddaa,ddad,dddd,ddda,dada,dadd,daad,daaa
157.6291093731816,86.49129712022359,48.91873595988122,4.699214782796738,1.0196955287035174,1.8561439147116177,0.28845054149828775,0.028217581935546424,0.41376107885024105,0.13188683895950587,0.12331256606240257,0.2994940531104577,0.15794475864523438,0.019197348881425037,0.05304580023353893,0.006083220353748621
