aaaa,aaad,aadd,aada,adda,addd,adad,adaa,ddaa,ddad,dddd,ddda,dada,dadd,daad,daaa
156.82858073291945,91.59654302381047,50.91833601849726,4.629190276915895,0.9214038530925394,1.7940064928546124,0.2972195875235537,0.023651847901373105,0.4031733549753581,0.1360556772958499,0.11639132845337757,0.29816404350887926,0.1557722587688767,0.01644146118526204,0.056301722401200745,0.006934618984441473
