aaaa,aaad,aadd,aada,adda,addd,adad,adaa,ddaa,ddad,dddd,ddda,dada,dadd,daad,daaa
143.6812811457223,81.88718813507298,48.27666741225376,4.537828040570769,0.9012707189475796,1.8996622243529935,0.27303371242048563,0.032051036616657966,0.39725929550549255,0.11322839694740677,0.12747844181839071,0.2789632050957094,0.16374946852221783,0.021344144143461002,0.0476168248619806,0.0040515159756717815
