aaaa,aaad,aadd,aada,adda,addd,adad,adaa,ddaa,ddad,dddd,ddda,dada,dadd,daad,daaa
186.68198428274087,82.19358722005263,39.08749052546824,4.634713017932113,1.640413615877138,1.2388215431354634,0.29290666110612756,0.017195558558304295,0.4432889875590427,0.16432975648986908,0.11719188433129824,0.31995026287696354,0.09873061437838071,0.017705997358686793,0.05414071945187276,0.0065479347029511826
