aaaa,aaad,aadd,aada,adda,addd,adad,adaa,ddaa,ddad,dddd,ddda,dada,dadd,daad,daaa
168.35765919723795,84.42562706594327,48.02363660998289,5.107589693227862,1.433780115738774,1.6740632666553705,0.28595479083435227,0.019772159454345906,0.4300032180076061,0.14306261337945433,0.12284283041341262,0.30570326073257365,0.12959242704146087,0.019955390729625322,0.056961860768114075,0.006737619124169903
