aaaa,aaad,aadd,aada,adda,addd,adad,adaa,ddaa,ddad,dddd,ddda,dada,dadd,daad,daaa
181.6626865299429,84.11658163995081,37.2274797497056,4.350066918341552,1.6787926481397806,1.1521351679017382,0.29844951696116706,0.01722270641201429,0.43039073596117705,0.15920350013191756,0.11185784039067145,0.30746417080340965,0.09080600271288712,0.017128682373675645,0.05514477582492874,0.006468580152397525
