aaaa,aaad,aadd,aada,adda,addd,adad,adaa,ddaa,ddad,dddd,ddda,dada,dadd,daad,daaa
171.10721324931293,100.78583589402632,63.26505497088337,5.674672794717222,1.0116677151602784,2.5446533880733058,0.3981073446007798,0.035551149993713754,0.4983754091106754,0.13269486238772193,0.17143960727741656,0.34636500568202877,0.22938329114148132,0.02582154477586696,0.05940621395853095,0.005479290689918908
