aaaa,aaad,aadd,aada,adda,addd,adad,adaa,ddaa,ddad,dddd,ddda,dada,dadd,daad,daaa
182.94022045128864,87.21797438833573,46.090646501542274,5.00920252695758,1.4590277116058723,1.570017192394541,0.29602869607187876,0.018666117247309728,0.45457917744053283,0.15929719205947468,0.12769866005774436,0.3279414307482389,0.12266072557060877,0.01905172684556775,0.0560750080948665,0.006587119180738455
