aaaa,aaad,aadd,aada,adda,addd,adad,adaa,ddaa,ddad,dddd,ddda,dada,dadd,daad,daaa
149.98030251323894,83.49709316549169,44.189045440165096,4.2701586851443905,1.0912960012067972,1.51525800569767,0.2566227837962261,0.019389841692047386,0.380488482793095,0.1260799305850485,0.10759994223871736,0.27326002179135456,0.12678580933909142,0.01567853885611259,0.05381902263870566,0.006135414238904878
