aaaa,aaad,aadd,aada,adda,addd,adad,adaa,ddaa,ddad,dddd,ddda,dada,dadd,daad,daaa
196.74468227762065,97.48623512434489,53.33576128573244,5.765508792920185,1.9246935980207827,1.7222942161627575,0.3286232296372819,0.022673421573245308,0.49241571181707755,0.16728449953383118,0.13200349052952584,0.3463415875484744,0.13782821489722896,0.02237818526326359,0.06832606287269459,0.008193271379939828
