aaaa,aaad,aadd,aada,adda,addd,adad,adaa,ddaa,ddad,dddd,ddda,dada,dadd,daad,daaa
147.6750348468378,85.68764646852259,46.19038120726149,4.2819403034876435,0.9080519176078551,1.5901437998330405,0.2659488475834957,0.022137947713747528,0.3785715561695859,0.12317008571974457,0.10642943483887048,0.274779456211914,0.1469480945976704,0.01418283481680519,0.05551865913180164,0.006812365109264471
