aaaa,aaad,aadd,aada,adda,addd,adad,adaa,ddaa,ddad,dddd,ddda,dada,dadd,daad,daaa
140.3545061110845,72.97440550712462,33.727465728162436,3.495997258605826,1.2403908325135296,1.0466691629437062,0.23389948426882481,0.015455120700863925,0.34079857171845995,0.12339318530709105,0.09074146793680234,0.24359740077350067,0.08114212914601127,0.013784372813135473,0.0457187526113422,0.005072862378309977
