aaaa,aaad,aadd,aada,adda,addd,adad,adaa,ddaa,ddad,dddd,ddda,dada,dadd,daad,daaa
173.80419881802547,92.22666068399585,36.828265858007015,3.9253497313510155,1.5298764967921468,1.1267280114310663,0.30330847479644435,0.017624439303629395,0.4135938761792517,0.1507090859604436,0.10846790290982933,0.2940993819218471,0.08868736589560774,0.015027697161506624,0.05609250232408983,0.005917954171500442
