aaaa,aaad,aadd,aada,adda,addd,adad,adaa,ddaa,ddad,dddd,ddda,dada,dadd,daad,daaa
176.68958513846093,84.17468641076934,39.824543725329754,4.407351320696839,1.542234797085802,1.2196785114121145,0.2877338434851141,0.017884941095213422,0.4255422247760968,0.15369469895295568,0.11347404510112515,0.3058270038286228,0.0945279536364934,0.017077732296145752,0.05434032385836059,0.0066440593710035325
