aaaa,aaad,aadd,aada,adda,addd,adad,adaa,ddaa,ddad,dddd,ddda,dada,dadd,daad,daaa
173.63779536994795,91.21788396662087,52.67709489056085,5.4392114825251,1.4155977974464704,1.8462836873775303,0.3043730199774738,0.021967176760599273,0.4456523832642786,0.14428467066742434,0.12487417878006107,0.3178369215389471,0.15327210408367992,0.020197569496992005,0.06495043132217103,0.008055803946668728
