aaaa,aaad,aadd,aada,adda,addd,adad,adaa,ddaa,ddad,dddd,ddda,dada,dadd,daad,daaa
150.2847895049141,81.5083198410129,38.2701938632163,3.838398753730915,1.16646964525674,1.246101975373983,0.24760837532485505,0.017278656196793665,0.37291151011722123,0.13123570275697638,0.10299902776642808,0.2669151745921099,0.09811307419935751,0.014058743225576318,0.04906606287308395,0.0052493905944100356
