aaaa,aaad,aadd,aada,adda,addd,adad,adaa,ddaa,ddad,dddd,ddda,dada,dadd,daad,daaa
179.73803902265584,92.90279223736172,43.339796559381085,4.5629658367455885,1.7532446845889893,1.327280091440468,0.3073697026952451,0.020395617952659637,0.43735371811564877,0.15508316794510496,0.1139968461589817,0.3078286590515263,0.10372351420315469,0.01845264662383307,0.06131199891620168,0.007073546426665819
