aaaa,aaad,aadd,aada,adda,addd,adad,adaa,ddaa,ddad,dddd,ddda,dada,dadd,daad,daaa
164.21926984327231,100.88171719251936,55.9504791719361,5.036542928251628,0.9861390149406705,1.9541183528168544,0.3103284025508858,0.027459304506774564,0.42578051698032265,0.13740359565998783,0.12249024786089681,0.30930401016324083,0.17518942312692823,0.017272665554219094,0.06336647818175786,0.007566056014937662
