aaaa,aaad,aadd,aada,adda,addd,adad,adaa,ddaa,ddad,dddd,ddda,dada,dadd,daad,daaa
147.94024636024022,82.29005533047025,48.38238740439395,4.575843436417643,0.9215452978095049,1.9049208918291656,0.2801406122695744,0.031618895522527994,0.4057643738176212,0.11792024671750945,0.12972391001351802,0.287387489156249,0.16287157280897385,0.02185433564979565,0.04748890103691988,0.004084163165039563
