aaaa,aaad,aadd,aada,adda,addd,adad,adaa,ddaa,ddad,dddd,ddda,dada,dadd,daad,daaa
169.12667379187528,91.20686543468464,49.966470510164484,5.1949572817610274,1.5910071842746927,1.635946374564781,0.28904785265541477,0.021891048183384453,0.430816972270222,0.1394108514421973,0.1169801121821525,0.2999819005615279,0.13640907718142886,0.02064823089132172,0.06401472925409182,0.007462686051981006
