aaaa,aaad,aadd,aada,adda,addd,adad,adaa,ddaa,ddad,dddd,ddda,dada,dadd,daad,daaa
165.95496502040206,104.12844514976354,62.56096687844884,5.502925957741306,0.9366092282612047,2.5073159757703034,0.3418045785619167,0.03899510161024711,0.47320958761039733,0.1302423828163715,0.15946883906663883,0.3278673202819421,0.21417001231536686,0.023016634882271878,0.06115885370155438,0.005832654188680434
