aaaa,aaad,aadd,aada,adda,addd,adad,adaa,ddaa,ddad,dddd,ddda,dada,dadd,daad,daaa
169.48485468716447,101.87849620603505,60.804480903963245,5.990645295042298,1.3164764830701583,2.142552866944454,0.3216863056873086,0.028154816599056966,0.4441286415730055,0.13732679317484273,0.1239829332250467,0.31614156752467987,0.19219870700986033,0.01970722567231941,0.07117572504853473,0.010180807416741638
