aaaa,aaad,aadd,aada,adda,addd,adad,adaa,ddaa,ddad,dddd,ddda,dada,dadd,daad,daaa
155.5063537782207,89.09092718434505,51.645826924288954,4.572332305242105,0.8276501748527453,2.061331938386174,0.3170985041546749,0.02967886919172472,0.4321448012748969,0.12539159790984894,0.1446781865959584,0.3089311124555722,0.17417294698379665,0.019427583059586518,0.05058708686582923,0.004953538103026676
