aaaa,aaad,aadd,aada,adda,addd,adad,adaa,ddaa,ddad,dddd,ddda,dada,dadd,daad,daaa
153.52615523047737,78.26323223197265,41.277410757334664,4.37061629214637,1.3935530993510596,1.3439651127326977,0.2551650043252894,0.017490683943367513,0.38440435956365776,0.13017848484261882,0.1036220177264289,0.2711467879183203,0.11056169795080169,0.01650817417766543,0.053319472149104374,0.0062459247550691625
