aaaa,aaad,aadd,aada,adda,addd,adad,adaa,ddaa,ddad,dddd,ddda,dada,dadd,daad,daaa
160.86451916970614,81.01101228568429,31.327665912440406,3.572849969354871,1.4513826195389439,0.9635145966436321,0.2823123932537948,0.015102524375140659,0.3785106116127807,0.1392341875198859,0.09822116462070349,0.26920094643558146,0.07659372135337496,0.013471877368494626,0.049922259095293894,0.005433854915457222
