aaaa,aaad,aadd,aada,adda,addd,adad,adaa,ddaa,ddad,dddd,ddda,dada,dadd,daad,daaa
141.87843131669388,82.83710086980714,48.26768117019391,4.742671916344518,1.1160586237997778,1.7003055767368085,0.261155985592024,0.02125426457164039,0.3689358337894649,0.11673121102742569,0.1042245150692242,0.26258006892007235,0.14334207744736782,0.01689693831182162,0.057618601284671236,0.007398339308063309
