aaaa,aaad,aadd,aada,adda,addd,adad,adaa,ddaa,ddad,dddd,ddda,dada,dadd,daad,daaa
145.79782589695472,81.80131624656389,51.86826246379569,5.332997305618247,1.1478047821226822,2.0739158075330923,0.2763251188297765,0.035876076371557895,0.40801963218790344,0.11189755280202758,0.12721702421962391,0.27856210003377424,0.17702885171723087,0.023777150327761797,0.05317898000410102,0.004884700581940522
