aaaa,aaad,aadd,aada,adda,addd,adad,adaa,ddaa,ddad,dddd,ddda,dada,dadd,daad,daaa
175.40699218150635,98.10664102156295,57.91393123284063,5.402433764655387,1.050518519008638,2.284632154902228,0.33487314775090044,0.03509157960847952,0.4909696972530775,0.13648562125071273,0.16252806331677372,0.3422419760890669,0.19713289177596827,0.023605837384631453,0.05662187987794013,0.004883708561975793
