aaa,aad,add,ada,dda,ddd,dad,daa
342.2435083036727,35.556843124586166,2.2172899299428446,0.575753053546703,0.26518855518720214,0.06408466883033911,0.052231646060423305,0.010621067985335325
