aaa,aad,add,ada,dda,ddd,dad,daa
272.98115942001135,21.531440766815898,1.5548529188379108,0.40377560223554515,0.21048937112052676,0.04489590361647854,0.040544274258008994,0.008045015398711055
