aaa,aad,add,ada,dda,ddd,dad,daa
366.57993353410524,23.00319961286791,2.03372026833391,0.47613244834494234,0.26691637573397453,0.05070861353280838,0.04852430209432737,0.009375314310229695
