aaa,aad,add,ada,dda,ddd,dad,daa
288.6639991676569,18.08367094334599,1.5763808508216275,0.37609454219937044,0.2066094322172621,0.03904148084165031,0.038052565021448014,0.0072884457233474585
