aaa,aad,add,ada,dda,ddd,dad,daa
337.3509550316392,16.331810479801554,1.7502003525759675,0.39679184727655176,0.24983408761627196,0.0448084291598595,0.04441622273861105,0.00839254389412336
