aaa,aad,add,ada,dda,ddd,dad,daa
328.3163711857076,14.614042788514865,1.7074748695448827,0.37385748878676983,0.23853621826741753,0.04264746364269156,0.04240486100285667,0.008075451285618833
