aaa,aad,add,ada,dda,ddd,dad,daa
334.60409363280866,32.714418128223066,2.1782523203735455,0.5545913245885297,0.26722659822256317,0.06308778116129309,0.05261625212609528,0.010662858156910336
