aaa,aad,add,ada,dda,ddd,dad,daa
283.91522237180817,18.335019215498875,1.5235830528332535,0.3746954314709811,0.2115294106069576,0.040217520926234644,0.03838490369769879,0.007306817804640347
