aaa,aad,add,ada,dda,ddd,dad,daa
297.8614170011427,22.44517295848863,1.713511820875546,0.41763843716535193,0.22752544336305006,0.04772641306278384,0.042657006183603234,0.008352242781880702
