aaa,aad,add,ada,dda,ddd,dad,daa
306.29759582695664,19.127406404311824,1.617706068768032,0.3998244065257096,0.2346038178155735,0.04485255490674008,0.043410374961347,0.008277401840638585
