aaa,aad,add,ada,dda,ddd,dad,daa
290.1509548015854,18.499964925914824,1.5724273769465398,0.37897024726805334,0.21780017869862087,0.04318111594125255,0.040543962359769266,0.007810691723196913
