aaa,aad,add,ada,dda,ddd,dad,daa
291.8631368119949,20.958122199495786,1.6320987620346574,0.40191187062854766,0.220295435002505,0.044497285757008655,0.040501858052789885,0.00791526723327141
