aaa,aad,add,ada,dda,ddd,dad,daa
281.2672293856217,15.803388816800998,1.4508597140993744,0.35576051776003575,0.2057833025531433,0.038610443051567425,0.03706379674262776,0.007169623556846047
