aaa,aad,add,ada,dda,ddd,dad,daa
328.70876234205707,16.553483737235624,1.7609026910030987,0.3913116930268955,0.23514665135636242,0.041994219525138134,0.04103514855516023,0.007807539713256322
