aaa,aad,add,ada,dda,ddd,dad,daa
309.41827988782444,21.479572452480514,1.7292667002484463,0.4192261875047077,0.22997361397607594,0.04608274045237775,0.041762991419401124,0.008110756618750999
