aaa,aad,add,ada,dda,ddd,dad,daa
335.2821362531157,23.65093509706812,1.9069961117242598,0.45329535984133584,0.24501629795575203,0.05013859561422195,0.046170971937263834,0.009081027587969262
