aaa,aad,add,ada,dda,ddd,dad,daa
274.66533848137715,20.32193782445124,1.5050952157143433,0.3888424498845228,0.20713471716428652,0.042512132007895026,0.04001206907576905,0.007932019536182059
