aaa,aad,add,ada,dda,ddd,dad,daa
267.1222184644013,25.807545827572195,1.6679535245300225,0.4285496675674088,0.20531708857608336,0.049372986776541096,0.04053013558897512,0.008231665395034607
