aaa,aad,add,ada,dda,ddd,dad,daa
259.8547642871793,24.028263469305475,1.609875897464467,0.4034945599345644,0.19954992823871376,0.045338469344502766,0.03731459916176064,0.007393798120786042
