aaa,aad,add,ada,dda,ddd,dad,daa
306.5438614944707,18.72058006661625,1.6526917454856178,0.39283722967823925,0.2202837396963377,0.042811738735893515,0.04031180913688098,0.007842811510345358
