aaa,aad,add,ada,dda,ddd,dad,daa
316.6661638188779,22.316381370327274,1.745549005345803,0.4345593782054134,0.23409862417993568,0.0467702481143978,0.04305979931961599,0.008346514850608956
