aaa,aad,add,ada,dda,ddd,dad,daa
297.5637617687806,25.094425086885927,1.7574852400570595,0.45061042539891855,0.23314747738038444,0.05038339312820536,0.04411636909544796,0.008735503876746728
