aaa,aad,add,ada,dda,ddd,dad,daa
324.9322445865889,24.38835111958063,1.8960734041878016,0.45500799393898866,0.24239262310997464,0.04719360966746066,0.0443146902692196,0.00841218809078051
