aaa,aad,add,ada,dda,ddd,dad,daa
291.9281914182118,22.179544256214005,1.684813259538493,0.40698146454447287,0.2096097178386796,0.04388630041853207,0.04013736031657043,0.007978184653016007
