aaa,aad,add,ada,dda,ddd,dad,daa
282.59321096896167,17.392717673445404,1.5405031722396203,0.3662908382531963,0.20771456330465393,0.039031078752081776,0.037694902713513646,0.007160768350976295
