aaa,aad,add,ada,dda,ddd,dad,daa
268.6749811040941,13.387805990701281,1.3680639600887634,0.32270803440163587,0.18984661226931124,0.03436040410274091,0.034864129195509345,0.006609043527397829
