aaa,aad,add,ada,dda,ddd,dad,daa
294.0984826140372,20.502043272835635,1.627715998574977,0.4013449204986264,0.2216264592137485,0.04453691125091615,0.04029000927817585,0.007817263054661294
