aaa,aad,add,ada,dda,ddd,dad,daa
351.2554569491468,26.60522283088856,1.9538153516338235,0.504827768554991,0.2661823904051622,0.057280406114181136,0.05140617211064587,0.010321063766276914
