aaa,aad,add,ada,dda,ddd,dad,daa
317.0825258716532,21.245106287792055,1.820524297928172,0.4226102266222582,0.23295255954339084,0.04503562536503349,0.03961165688191407,0.007920087804212182
