aaa,aad,add,ada,dda,ddd,dad,daa
230.5007986785119,41.20848921612423,4.54776666455311,0.2553823531667623,0.18494769722705526,0.37766779674082385,0.034670752832565176,0.04068196390410001
