aaa,aad,add,ada,dda,ddd,dad,daa
246.5123702796368,53.61696420772897,5.382853559220062,0.1896787800931592,0.19152723620554063,0.4587706008769155,0.031904203310157406,0.04425356839227534
