aaa,aad,add,ada,dda,ddd,dad,daa
252.21894984877707,46.53384386312902,4.763286481864173,0.2456534459785983,0.19248333934555426,0.4200496616405239,0.034054581830691516,0.0441793470935205
