aaa,aad,add,ada,dda,ddd,dad,daa
251.5239991484234,35.14808665130725,3.890048368695631,0.31387995966193233,0.19108170539967337,0.38552152801918704,0.030967703029613238,0.040260080505274555
