aaa,aad,add,ada,dda,ddd,dad,daa
214.21054026599842,36.854865738758896,3.7373727833956454,0.22493115295188404,0.16011215347727895,0.34820433491209735,0.026857335546632916,0.03600986043963863
