aaa,aad,add,ada,dda,ddd,dad,daa
220.981604892504,45.661659982007585,4.646898603927185,0.19990055608382276,0.16721790725263252,0.4079883708662918,0.03167316980738505,0.03816435656214472
