aaa,aad,add,ada,dda,ddd,dad,daa
228.41420799352426,36.69033568735373,4.04840945524345,0.3022449115227112,0.1782537993535822,0.3639650032383323,0.030952414611095363,0.037477600422363457
