aaa,aad,add,ada,dda,ddd,dad,daa
246.24232792372425,46.25473231748233,4.834003704889494,0.27297424878225995,0.18857666781595442,0.4125775754712152,0.033081739397899025,0.04194460585634411
