aaa,aad,add,ada,dda,ddd,dad,daa
225.45662112853103,43.56282675022251,4.618930093870267,0.25406637653184105,0.17413558954170974,0.3794099965285556,0.032080972058741365,0.03921129037772637
