aaa,aad,add,ada,dda,ddd,dad,daa
250.96109198392483,55.04046417604967,5.96359531826455,0.22699682304067156,0.20321109418235428,0.4838654034720563,0.03426104212951835,0.044429200183524656
