aaa,aad,add,ada,dda,ddd,dad,daa
212.69273532729363,41.16000539682351,4.197082862622423,0.18309634024363944,0.16374197203439453,0.38100843896223835,0.02976765535044493,0.03673543952429334
