aaa,aad,add,ada,dda,ddd,dad,daa
265.5420264624097,43.19369025359712,4.592734295886478,0.25529038272092336,0.20933324749807583,0.4237869211530677,0.034873956060964634,0.045377209746968634
