aaa,aad,add,ada,dda,ddd,dad,daa
264.8888085531345,48.82406657738399,5.129183375838979,0.32157368736043507,0.20643090208418344,0.440250524052923,0.0361843449086623,0.04451127801183495
