aaa,aad,add,ada,dda,ddd,dad,daa
241.5520898426453,49.50799526766729,5.298490377502356,0.2254157341389825,0.19077599129038939,0.45023111618308403,0.03602549490398701,0.042026896421559656
