aaa,aad,add,ada,dda,ddd,dad,daa
262.1363805320539,51.61628307892399,5.213813878681667,0.20671427473372483,0.2040086517096689,0.4677108915397574,0.03436776561141685,0.0466553722974592
