aaa,aad,add,ada,dda,ddd,dad,daa
255.1786249436258,43.1777518272555,4.588121823363252,0.29690722899781946,0.2013156697385201,0.41130818336898534,0.03435388283326911,0.042629443070785054
