aaa,aad,add,ada,dda,ddd,dad,daa
234.04553398796168,42.93475714524262,4.445224080393058,0.24913705763850016,0.17989078443838405,0.38830508584102336,0.03102842567116754,0.03990005185634134
