aaa,aad,add,ada,dda,ddd,dad,daa
251.52764119764637,45.74724255284748,4.831053679255456,0.2662505104307327,0.19693003754991803,0.41502187851572986,0.034188417817356924,0.04334352363493796
