aaa,aad,add,ada,dda,ddd,dad,daa
285.8387603829135,55.59664182447896,6.090689729848401,0.2879489211847301,0.23357616969336947,0.5030943014642242,0.04866422597556556,0.04926209681646654
