aaa,aad,add,ada,dda,ddd,dad,daa
237.63683182582312,43.73839246907759,4.42408195870695,0.2379602659473491,0.17677819644980164,0.3940250507777333,0.030574001242567993,0.040900857101292994
