aaa,aad,add,ada,dda,ddd,dad,daa
212.79108893449688,37.86500728275657,3.8515180256583794,0.25136974572211157,0.16024747517588964,0.34866590112047735,0.027430176122218052,0.0353681395206357
