aaa,aad,add,ada,dda,ddd,dad,daa
218.8032994337496,42.51925292474765,4.460705927583244,0.2166749570358394,0.16911062703202703,0.380759510912769,0.0352166395320535,0.03781487072226063
