aaa,aad,add,ada,dda,ddd,dad,daa
221.6301368904249,42.4413767807435,4.485075671761962,0.21224535532975572,0.17491618140214993,0.38416359639103975,0.03562923956149503,0.03794064102191106
