aaa,aad,add,ada,dda,ddd,dad,daa
260.4634537300564,36.47855805858967,3.9980456265695015,0.31499608463144024,0.20544573054584453,0.3934190442606265,0.03278312499476984,0.04160724210023287
