aaa,aad,add,ada,dda,ddd,dad,daa
215.56006211320388,37.235105463950404,3.841932902348829,0.25484138141416657,0.16746118008782787,0.3472672816558815,0.028359940771242317,0.0356606991222824
