aaa,aad,add,ada,dda,ddd,dad,daa
237.54903082660516,50.36475375193174,5.255626693292797,0.2030018085873381,0.18660511488380882,0.4485041697972614,0.03201836195637534,0.04172393248734585
