aaa,aad,add,ada,dda,ddd,dad,daa
239.98310620574406,33.71739187171532,3.6319560904377393,0.254067534190568,0.1884332614432782,0.36571413215338133,0.02975392353365397,0.039195762103055164
