aaa,aad,add,ada,dda,ddd,dad,daa
265.89906221744553,47.60236040568035,4.996874601341158,0.2793165355051074,0.2082244725087898,0.43690357039930117,0.0356590636784921,0.045482802116625635
