aaa,aad,add,ada,dda,ddd,dad,daa
230.2639362918138,42.16238155388869,4.396617604419271,0.26443977425827414,0.18090616339377463,0.3813024315307114,0.032668812072343935,0.04072976675495524
