aaa,aad,add,ada,dda,ddd,dad,daa
238.89888007942355,44.84956716111429,4.385447637122266,0.23054591060866256,0.17714987267800472,0.3957628758673712,0.02969504103130194,0.04079615692127042
