aaa,aad,add,ada,dda,ddd,dad,daa
226.0431392759394,45.59764895446898,4.733317902368876,0.22620457582498757,0.16795234688245503,0.4023713762634363,0.03541912862421291,0.039025406071005804
