aaa,aad,add,ada,dda,ddd,dad,daa
213.49163337448928,43.81788958817074,4.638398965939454,0.21004030891333367,0.1689550561276745,0.39034529847368993,0.03398399547045951,0.036786205053840525
