aaa,aad,add,ada,dda,ddd,dad,daa
293.82069958829567,8.060537408183468,3.749246540023118,0.8698032690453817,0.0600743003514608,0.07096336322980618,0.00795714133459396,0.01680497271320778
