aaa,aad,add,ada,dda,ddd,dad,daa
321.3989977023621,6.457783069609978,3.522009453209581,0.9986127304620543,0.07096156113013198,0.07488212926572477,0.007909561274378706,0.019289090997940673
