aaa,aad,add,ada,dda,ddd,dad,daa
297.1586495840894,9.666012457547234,2.382291815203509,0.9214826966849945,0.061080641850592116,0.06948918535342849,0.007080950117779079,0.01697721691407353
