aaa,aad,add,ada,dda,ddd,dad,daa
303.4145166713206,6.455726014477393,2.707506820710566,0.9640938601532193,0.0693222696098917,0.06989254582220077,0.007260555948497779,0.01827915675036202
