aaa,aad,add,ada,dda,ddd,dad,daa
325.3783537616629,11.580821720438347,2.4179313223601397,1.0324516005015099,0.07188174519177894,0.07682153160017774,0.008325838626632328,0.01910654200678608
