aaa,aad,add,ada,dda,ddd,dad,daa
293.2838695995352,5.877942583021303,4.534142222932527,0.887043522822362,0.06348988210458305,0.07075165359829898,0.010363716985018602,0.018165712534098693
