aaa,aad,add,ada,dda,ddd,dad,daa
276.2407625539482,5.290488608564431,3.301403521603417,0.8192663996400676,0.05280330398246186,0.06396770827766739,0.00703903320397221,0.01599966252231803
