aaa,aad,add,ada,dda,ddd,dad,daa
311.0215440487119,5.785977877182454,3.6050285942657294,0.9743311681889779,0.07173893616415561,0.07334280774002176,0.008584307288942177,0.01932160834675323
