aaa,aad,add,ada,dda,ddd,dad,daa
276.53184951354456,7.863427583747898,2.8996577267974066,0.8331905124486274,0.05620755714111208,0.0662936359474513,0.007381769826688775,0.015788828181342595
