aaa,aad,add,ada,dda,ddd,dad,daa
269.0686453091533,10.254150503360329,1.4892953437742484,0.9002882868278799,0.0667322653429072,0.060914968327503136,0.006639096777900779,0.016262672580703515
