aaa,aad,add,ada,dda,ddd,dad,daa
314.96880722855775,4.6054602314477,3.568728751433344,0.9796339587782511,0.06807356458085718,0.07209848315321687,0.007974482862213639,0.019433477306282008
