aaa,aad,add,ada,dda,ddd,dad,daa
238.11144092421682,8.085689973380147,1.7033885937939819,0.7656305268455488,0.05410066719621313,0.05374444882157277,0.00593057965630353,0.013725116414587285
