aaa,aad,add,ada,dda,ddd,dad,daa
265.17107590762527,6.394471894103354,2.286949843747571,0.8404305383078973,0.05879294219465638,0.060504720122914246,0.006301697176047015,0.015560070077850598
