aaa,aad,add,ada,dda,ddd,dad,daa
256.1682146540451,5.653931128356073,2.9785712248257203,0.7909389113044548,0.05648680428108649,0.05942051496587576,0.007494045607847269,0.015070025292268224
