aaa,aad,add,ada,dda,ddd,dad,daa
317.0587770714133,8.216093220138344,3.0488748365423453,0.9901151538171157,0.07037341365249788,0.07485078414193869,0.008386597537820329,0.018728949095721134
