aaa,aad,add,ada,dda,ddd,dad,daa
306.13558940777466,8.974760745398855,2.6239964251857018,0.96578333988609,0.06867837216911045,0.0720804275593408,0.008028176317572357,0.018047588216775386
