aaa,aad,add,ada,dda,ddd,dad,daa
322.97882968657706,10.483629779735034,3.063979420599191,0.9908062643999983,0.06784282860117588,0.07766072128319099,0.008859918458380751,0.018507095656968644
