aaa,aad,add,ada,dda,ddd,dad,daa
279.79864723760454,7.462653807185469,2.085987807905183,0.9051841996788489,0.06493979172098654,0.06347671361502912,0.006587321171311547,0.016547301184874814
