aaa,aad,add,ada,dda,ddd,dad,daa
294.9558021920501,9.50557672786639,2.0669496846590634,0.9598172157798709,0.07024270822024657,0.0678125136945039,0.007509056369482454,0.017563334022637954
