aaa,aad,add,ada,dda,ddd,dad,daa
350.52742096284146,9.586061356127253,3.373722033882873,1.100827507241958,0.08131821109483245,0.08458366321136314,0.00973844560966651,0.02108173090145252
