aaa,aad,add,ada,dda,ddd,dad,daa
262.60264093726323,6.484005336790575,2.3988224285483892,0.821570869541127,0.05784245941566605,0.061723857046897375,0.0065116185987296685,0.015586172293374834
