aaa,aad,add,ada,dda,ddd,dad,daa
343.17289985329506,10.343740488745432,3.0395404530899834,1.0857305139287725,0.07893831663530497,0.08163971705452314,0.009532508282621938,0.020299490246770767
