aaa,aad,add,ada,dda,ddd,dad,daa
300.88204274688496,10.469082832515946,1.9823072106086586,0.9820221470749629,0.07029780601385971,0.06878336189323954,0.007457470311553013,0.017729552028278497
