aaa,aad,add,ada,dda,ddd,dad,daa
270.65752902804473,4.687054368796097,3.6694680998902984,0.8401966250760362,0.06194299005401787,0.06481610655369618,0.008550917371696486,0.017010199129046364
