aaa,aad,add,ada,dda,ddd,dad,daa
262.3426119440353,8.21874704058264,1.9869599302058496,0.8398161445172885,0.05971763899937826,0.0612289011518787,0.006561064780069291,0.015524158727107083
