aaa,aad,add,ada,dda,ddd,dad,daa
244.04112895496286,6.558740850342121,2.2549040683885337,0.7595697077087248,0.05305998117828738,0.057313633009367024,0.00625312217029925,0.014304721443826647
