aaa,aad,add,ada,dda,ddd,dad,daa
284.0280177829254,6.8556964776059,3.4047815270356696,0.8503265697250494,0.05760375565124599,0.06820772438059966,0.007590365565322377,0.01656495893222378
