aaa,aad,add,ada,dda,ddd,dad,daa
273.02938478558485,8.429884883011246,3.1027108862628667,0.8173635001960806,0.05637504369427751,0.0670339534984609,0.00812403202245658,0.01565055427218306
