aaaaaa,aaaaad,aaaadd,aaaada,aaadda,aaaddd,aaadad,aaadaa,aaddaa,aaddad,aadddd,aaddda,aadada,aadadd,aadaad,aadaaa,addaaa,addaad,addadd,addada,adddda,addddd,adddad,adddaa,adadaa,adadad,adaddd,adadda,adaada,adaadd,adaaad,adaaaa,ddaaaa,ddaaad,ddaadd,ddaada,ddadda,ddaddd,ddadad,ddadaa,ddddaa,ddddad,dddddd,ddddda,dddada,dddadd,dddaad,dddaaa,dadaaa,dadaad,dadadd,dadada,daddda,dadddd,daddad,daddaa,daadaa,daadad,daaddd,daadda,daaada,daaadd,daaaad,daaaaa
0.1289098432243786,53.029561501323386,0.8783539912754972,44.88524396908237,25.675461386601715,1.151851235792327,20.70046509173835,2.543648864520965,6.070437961950085,8.215232775421148,7.490202118940551,9.880672659303746,3.6375096519824144,1.0062755088668094,2.496071749106985,0.45114052385845366,0.21918490718584746,0.6746623943222314,0.3323112135147117,0.8691956772226438,0.04365138452404165,0.8590998755159657,0.08820136247280198,0.699201243649707,0.5036076528242881,1.3775002174255941,0.7487241037201884,1.7745295367592755,0.45352533423114966,0.05755325369956305,0.23746931819143113,0.002596797617957154,0.12923707972891738,0.010814478919046269,0.1081626692783566,0.005253170036368067,0.3337943974029831,0.00023604441649371298,0.3644463513000562,0.0017814591805014842,0.11207386864071414,0.061633249407226816,0.09769008773929157,0.05073984528931566,0.008327420242064195,0.0751460436813779,0.013621898658968857,0.0902228232480479,0.06409037945958462,0.20894549202469354,0.10111263495058373,0.2738221383519458,0.011391886789151115,0.2988235811570912,0.026036051068153102,0.24075719472716867,0.22451886751066333,0.3256837531057434,0.3122912241125579,0.4318623309413195,0.23848348244123943,0.0062807667268815525,0.15108289079085419,0.00047884247789563587
