aaaaaa,aaaaad,aaaadd,aaaada,aaadda,aaaddd,aaadad,aaadaa,aaddaa,aaddad,aadddd,aaddda,aadada,aadadd,aadaad,aadaaa,addaaa,addaad,addadd,addada,adddda,addddd,adddad,adddaa,adadaa,adadad,adaddd,adadda,adaada,adaadd,adaaad,adaaaa,ddaaaa,ddaaad,ddaadd,ddaada,ddadda,ddaddd,ddadad,ddadaa,ddddaa,ddddad,dddddd,ddddda,dddada,dddadd,dddaad,dddaaa,dadaaa,dadaad,dadadd,dadada,daddda,dadddd,daddad,daddaa,daadaa,daadad,daaddd,daadda,daaada,daaadd,daaaad,daaaaa
0.2591446157604938,87.44487572780041,1.1718634671209753,76.9556959146113,46.453526808479154,1.4073596936906374,38.013078449220835,3.391860613446211,10.622193243767832,13.105228138414098,13.548667500100866,16.376298989053335,6.706596517666266,1.7624096034943748,4.573585569155882,0.7594757579971384,0.4262540333219053,1.1488876181323018,0.678330446930069,1.5519147416095536,0.07821157329152742,1.25777698328714,0.18337206505671466,0.9404737163801753,0.9091627544092943,2.141710436766317,1.4050186536326055,2.885487076774331,0.8329807658410484,0.09064846906544953,0.43889673182437794,0.002264866892852527,0.2189616539612498,0.016108423963172466,0.17887212295646754,0.006534410840888076,0.5809673267183563,0.0010207739708315798,0.6440052146898015,0.005375733955330994,0.1962892730945101,0.1059153018493258,0.1688171723643876,0.08545615021309158,0.014524434577128174,0.12013657288273284,0.024220179783687852,0.14643165867548552,0.11480797782672213,0.3548923172182899,0.19029461444701729,0.48267920479970344,0.01897867516906179,0.46916767991227515,0.05091964713522871,0.3545477805365176,0.40000325029179207,0.523098564547363,0.5798693380534631,0.7294329914486126,0.41795399179817977,0.010593867412711844,0.25967957096356253,0.0012814452965144232
