aaaaaa,aaaaad,aaaadd,aaaada,aaadda,aaaddd,aaadad,aaadaa,aaddaa,aaddad,aadddd,aaddda,aadada,aadadd,aadaad,aadaaa,addaaa,addaad,addadd,addada,adddda,addddd,adddad,adddaa,adadaa,adadad,adaddd,adadda,adaada,adaadd,adaaad,adaaaa,ddaaaa,ddaaad,ddaadd,ddaada,ddadda,ddaddd,ddadad,ddadaa,ddddaa,ddddad,dddddd,ddddda,dddada,dddadd,dddaad,dddaaa,dadaaa,dadaad,dadadd,dadada,daddda,dadddd,daddad,daddaa,daadaa,daadad,daaddd,daadda,daaada,daaadd,daaaad,daaaaa
0.14352034402481412,77.06958851511183,0.8678678407331574,67.57895214968089,31.87588171944113,2.668701331730917,26.51802194100443,4.560163354507892,8.626842150014706,12.970533878820639,10.378054682874797,15.140695902527424,4.427031516648879,1.2945585447933305,3.1497554266318604,0.6451282095276434,0.2606102189541303,0.9868974195740728,0.39379975966536834,1.2406279018767519,0.05433349554735902,1.484933193408918,0.11082234454217714,1.2441191174582675,0.7105227318216689,2.2793031291905805,1.0108672408663337,2.8083929705444275,0.5239531877791078,0.0759941198157577,0.286094639222587,0.0069066548902798714,0.1962194416928894,0.019746750198431234,0.1680341972401737,0.011305292362675128,0.45458391669600845,2.3839349860521545e-05,0.49413569855317785,0.0006244139437265985,0.16808722025425196,0.09336149353853727,0.1494035480790305,0.07901193703279195,0.01010072983619508,0.10569798791324389,0.016177644883752885,0.12447130427724756,0.0829229576399252,0.30066798684131435,0.11268142604769343,0.3573412518730487,0.014060947998606677,0.48550329716285573,0.02512424214753735,0.42918486587850885,0.3283363235730083,0.535387389911483,0.42072890955935405,0.6548437144491229,0.29303320880978617,0.00535223203672998,0.20561668491509255,0.00027587115936871025
