aaaaaa,aaaaad,aaaadd,aaaada,aaadda,aaaddd,aaadad,aaadaa,aaddaa,aaddad,aadddd,aaddda,aadada,aadadd,aadaad,aadaaa,addaaa,addaad,addadd,addada,adddda,addddd,adddad,adddaa,adadaa,adadad,adaddd,adadda,adaada,adaadd,adaaad,adaaaa,ddaaaa,ddaaad,ddaadd,ddaada,ddadda,ddaddd,ddadad,ddadaa,ddddaa,ddddad,dddddd,ddddda,dddada,dddadd,dddaad,dddaaa,dadaaa,dadaad,dadadd,dadada,daddda,dadddd,daddad,daddaa,daadaa,daadad,daaddd,daadda,daaada,daaadd,daaaad,daaaaa
0.08876368927059318,60.88039875556089,0.16862270277630376,59.06493988324938,25.2499337883534,2.2016844434155973,22.595086253209097,3.096905480925517,7.90464987127175,10.891981200857222,9.457461415428114,12.733354277677643,3.3732229676865395,0.877919026781655,2.5898250376839944,0.4974920562574209,0.2537411059883356,0.8748949007341341,0.3922918874964704,1.125104295520157,0.0516214993184673,1.0827624392149768,0.11874398014222107,0.8471782708802355,0.676185095986913,1.8773487316413597,0.9628205871946471,2.347087431927461,0.3844902348742937,0.04466338250295201,0.22871046340256962,0.004436080638626169,0.1649586657631673,0.013802113232730978,0.1337005750782323,0.0057828181177958324,0.3835566233654509,2.652406001931962e-06,0.4320129604270983,0.001640326798301703,0.14790928142628895,0.07665888314863774,0.12504204322238838,0.060062972281866724,0.009153767543388133,0.07709470170941597,0.01665258087555155,0.09724912883483368,0.07215685533983864,0.25852741839800925,0.11013560797701842,0.3284584941291823,0.011537113330843262,0.37574922253292997,0.028087872827548835,0.30403049731882925,0.3024646025376504,0.45413063551791494,0.4025505570607038,0.5775005323581628,0.21818317809950277,0.002626188411218545,0.15185048461529702,0.0007705359255829999
