aaaaaa,aaaaad,aaaadd,aaaada,aaadda,aaaddd,aaadad,aaadaa,aaddaa,aaddad,aadddd,aaddda,aadada,aadadd,aadaad,aadaaa,addaaa,addaad,addadd,addada,adddda,addddd,adddad,adddaa,adadaa,adadad,adaddd,adadda,adaada,adaadd,adaaad,adaaaa,ddaaaa,ddaaad,ddaadd,ddaada,ddadda,ddaddd,ddadad,ddadaa,ddddaa,ddddad,dddddd,ddddda,dddada,dddadd,dddaad,dddaaa,dadaaa,dadaad,dadadd,dadada,daddda,dadddd,daddad,daddaa,daadaa,daadad,daaddd,daadda,daaada,daaadd,daaaad,daaaaa
0.03870663511445791,66.86032943772105,0.07615401925715626,65.48221254616679,19.501107130919902,4.53043803772578,18.275056034093996,5.175809900428489,7.81023943337794,13.655322989719988,8.655793016611199,14.806739072148023,2.3299086730224587,0.710654123762368,1.953116233810407,0.5025242371466633,0.18889335600307375,0.9889645024734687,0.2598724647619587,1.1512653753366602,0.05299693698663061,1.59627557220741,0.09296541845171881,1.4051757114325705,0.6258961128785284,2.5275226984774464,0.7812830318827836,2.8431062175601207,0.24033403231954367,0.04436829469888083,0.16514627001228596,0.01518200752781602,0.16769537137802,0.016400943045048754,0.14606232561797522,0.009920360172742813,0.37894560327807963,0.0006496144896788183,0.41295958935478166,7.219069565865311e-06,0.16300775638857665,0.08911091272224893,0.14527329553581053,0.07558369936887809,0.006355412377599468,0.082470833958925,0.010599461074654457,0.09697305100198875,0.06021862473840014,0.2702495723924091,0.08095885647698502,0.3143954669718421,0.009581240016831851,0.5041759119372345,0.018708386860006653,0.44815262138409234,0.29627569343442656,0.5796365773970853,0.3525619582816402,0.6604368426320939,0.1709645309628583,0.0006806951559524654,0.13552363027287542,0.0004467369180752797
