aaaaaa,aaaaad,aaaadd,aaaada,aaadda,aaaddd,aaadad,aaadaa,aaddaa,aaddad,aadddd,aaddda,aadada,aadadd,aadaad,aadaaa,addaaa,addaad,addadd,addada,adddda,addddd,adddad,adddaa,adadaa,adadad,adaddd,adadda,adaada,adaadd,adaaad,adaaaa,ddaaaa,ddaaad,ddaadd,ddaada,ddadda,ddaddd,ddadad,ddadaa,ddddaa,ddddad,dddddd,ddddda,dddada,dddadd,dddaad,dddaaa,dadaaa,dadaad,dadadd,dadada,daddda,dadddd,daddad,daddaa,daadaa,daadad,daaddd,daadda,daaada,daaadd,daaaad,daaaaa
0.038586433178084904,77.15102993843225,0.02887699311369079,77.51342433461653,20.567424367411476,6.110651199104046,19.970594645231646,6.472728598337459,9.275203476551596,16.485974424542412,10.11893098514316,17.652102788894254,2.4272496184961407,0.7456510685904738,2.1345751909834423,0.5790037058852127,0.1853306170956117,1.1224421050525075,0.2555243892565439,1.295144499737958,0.05158895517789365,1.9885233141975858,0.09395930754032718,1.7613466348821776,0.7787937750902748,3.149869789037895,0.942079248846922,3.4847059665898517,0.2241180458397896,0.04074117205811242,0.1639161726984784,0.01676119068055073,0.2041791938347525,0.021006547461492914,0.17904036719743013,0.013220444124702899,0.4328779901936088,0.0013857696122924646,0.47284126274918503,3.971953319686752e-05,0.18732131377653427,0.09917293312763617,0.1653297412828982,0.08274179790533787,0.007963139098713101,0.09548350883709182,0.013416714601819354,0.11334539292452302,0.06715094196630435,0.3178100803069887,0.09130131213867261,0.37041630925578883,0.011245704048123542,0.5998134049104833,0.022871554451248322,0.5291727329125455,0.35651763537650666,0.7109303169472607,0.4168282255204753,0.798728725492875,0.18050579355923274,0.00034716510793103556,0.1488738702624852,0.0005022717627147486
