aaaaaa,aaaaad,aaaadd,aaaada,aaadda,aaaddd,aaadad,aaadaa,aaddaa,aaddad,aadddd,aaddda,aadada,aadadd,aadaad,aadaaa,addaaa,addaad,addadd,addada,adddda,addddd,adddad,adddaa,adadaa,adadad,adaddd,adadda,adaada,adaadd,adaaad,adaaaa,ddaaaa,ddaaad,ddaadd,ddaada,ddadda,ddaddd,ddadad,ddadaa,ddddaa,ddddad,dddddd,ddddda,dddada,dddadd,dddaad,dddaaa,dadaaa,dadaad,dadadd,dadada,daddda,dadddd,daddad,daddaa,daadaa,daadad,daaddd,daadda,daaada,daaadd,daaaad,daaaaa
0.09729957625396884,81.32484260460704,0.2125240338095321,78.56151858601459,30.53931490572902,3.6539612290102244,27.55413410320555,4.813704417215743,10.195191273814123,15.089394143510292,11.938964746039478,17.23919155640574,4.01190993291027,1.0976026766931106,3.1326999075830164,0.6551625551050583,0.28414477118560616,1.1388953678388343,0.42969761020379915,1.4231926174640295,0.059392664001609176,1.6270613162625436,0.13097162045868044,1.3318169843790926,0.8712298863357494,2.689449059895028,1.1905448107285252,3.244402631881619,0.43729554262353576,0.0564331044484502,0.2673052099763559,0.008056450024767611,0.2179832071491577,0.019603015139152496,0.18160033190366826,0.009630559005107044,0.49373312837283434,8.344001856719299e-05,0.5503895228103087,0.0009748362704300591,0.19563150251908457,0.10257546410923511,0.16878889657590698,0.08284041619625236,0.011111242641288233,0.10300957266544666,0.01919883220470326,0.12609012153646174,0.0919225205461303,0.34574149155423795,0.1352216258948687,0.4280336290846917,0.015618905154441849,0.5253782302898988,0.035075929937596104,0.4366728701515265,0.38875455588258817,0.6321966492719184,0.5032493981296967,0.7794646276956919,0.2682376952953915,0.002828103304761376,0.19191498213086852,0.000814999792610197
