aaaaaa,aaaaad,aaaadd,aaaada,aaadda,aaaddd,aaadad,aaadaa,aaddaa,aaddad,aadddd,aaddda,aadada,aadadd,aadaad,aadaaa,addaaa,addaad,addadd,addada,adddda,addddd,adddad,adddaa,adadaa,adadad,adaddd,adadda,adaada,adaadd,adaaad,adaaaa,ddaaaa,ddaaad,ddaadd,ddaada,ddadda,ddaddd,ddadad,ddadaa,ddddaa,ddddad,dddddd,ddddda,dddada,dddadd,dddaad,dddaaa,dadaaa,dadaad,dadadd,dadada,daddda,dadddd,daddad,daddaa,daadaa,daadad,daaddd,daadda,daaada,daaadd,daaaad,daaaaa
0.1960588522680543,98.10318432668053,0.0759248543249599,101.3377633452454,44.979629212880845,2.8902175812524837,41.39192440731317,3.914005170896835,13.873693542484178,17.311527290323166,17.23020998935622,21.086280347440113,6.094077155051828,1.4526713358256471,4.750299290590256,0.8300956433466373,0.5169882116167708,1.5078805560441346,0.8199899965289429,2.0099157335247924,0.09896287114390673,1.5113715404460046,0.24607625248180626,1.091290150197622,1.2698113965454545,2.96416998733806,1.8770894364483024,3.8743745769637727,0.6625842804287522,0.05307702390242201,0.4025665362567638,0.0022712937013017118,0.26692488344605125,0.01771053671579005,0.2059469058068394,0.0047805038093341684,0.6786873682227571,0.0007794865391487596,0.7797976773366492,0.007789640160604556,0.245740211569406,0.12248025602993953,0.20486259407273164,0.09357414623695597,0.018918734003090423,0.12756341013869132,0.03384148033184039,0.16365577716068258,0.14054074383932091,0.4554587720070887,0.22307680429056043,0.5990226416128557,0.023169404419344636,0.5547957914946676,0.06160553020963693,0.41885172891964917,0.5389297759828398,0.7265899780485727,0.7551418429556451,0.978306154269587,0.37183024515331076,0.003655956261486606,0.2571352700966381,0.0019519377083882584
