aaaaaa,aaaaad,aaaadd,aaaada,aaadda,aaaddd,aaadad,aaadaa,aaddaa,aaddad,aadddd,aaddda,aadada,aadadd,aadaad,aadaaa,addaaa,addaad,addadd,addada,adddda,addddd,adddad,adddaa,adadaa,adadad,adaddd,adadda,adaada,adaadd,adaaad,adaaaa,ddaaaa,ddaaad,ddaadd,ddaada,ddadda,ddaddd,ddadad,ddadaa,ddddaa,ddddad,dddddd,ddddda,dddada,dddadd,dddaad,dddaaa,dadaaa,dadaad,dadadd,dadada,daddda,dadddd,daddad,daddaa,daadaa,daadad,daaddd,daadda,daaada,daaadd,daaaad,daaaaa
0.03596496399246526,57.591780954045575,0.058767600937662645,56.71850485291782,17.303955049636745,3.7755787751181273,16.26094019024473,4.307200347356217,6.909968378363369,11.718105770292357,7.7102137927583705,12.787638822429095,2.0810039724838822,0.6149223697788442,1.7397937734639,0.4301396831444785,0.1720466983782414,0.8596051424628774,0.24169458190122217,1.0140985205419444,0.04640601103085188,1.3369243720525281,0.08561920586846038,1.157842509834415,0.5698040083835303,2.1732083326217215,0.7212744727451471,2.470690301509923,0.2090873210480918,0.0345245407171241,0.14053782242220278,0.010039085386893387,0.14876399829169326,0.014466954849580405,0.12759894005475336,0.00823631426066728,0.3283030190156625,0.0005910382283554959,0.36156300229601784,2.5490988483840074e-05,0.14533300846910022,0.07896808377151596,0.12815008108078668,0.06597914402404133,0.005244092391003303,0.06827554694006041,0.009290459078034365,0.08189342076070999,0.052454159943880856,0.2335418680530161,0.07221767363524523,0.27512625509155475,0.00795391388676474,0.43071116141586935,0.016676074723127345,0.37794982190413273,0.2567944036695265,0.48946057120678027,0.3096969499479121,0.5641116301699084,0.15468524781593682,0.0009206596413860372,0.1217004555893031,0.00025015658293002827
