aaaaaa,aaaaad,aaaadd,aaaada,aaadda,aaaddd,aaadad,aaadaa,aaddaa,aaddad,aadddd,aaddda,aadada,aadadd,aadaad,aadaaa,addaaa,addaad,addadd,addada,adddda,addddd,adddad,adddaa,adadaa,adadad,adaddd,adadda,adaada,adaadd,adaaad,adaaaa,ddaaaa,ddaaad,ddaadd,ddaada,ddadda,ddaddd,ddadad,ddadaa,ddddaa,ddddad,dddddd,ddddda,dddada,dddadd,dddaad,dddaaa,dadaaa,dadaad,dadadd,dadada,daddda,dadddd,daddad,daddaa,daadaa,daadad,daaddd,daadda,daaada,daaadd,daaaad,daaaaa
0.02859164240366857,53.41849611914645,0.005554977080299215,54.74300817673703,16.612455165309978,3.4030214117278916,16.30191553333782,3.562679225219343,7.020562106191527,11.067010618683891,7.801318956262639,12.071948007843574,1.9576420408852342,0.5207399493080533,1.7221085942906091,0.39746421503010426,0.19430232015570048,0.8569078890202383,0.2679011527094434,1.0104989702105562,0.05114929807860176,1.1390149292171667,0.09522667489649711,0.9644642297202222,0.5939367655656308,2.015470004874724,0.7452392918296685,2.295836276046707,0.1949376771108346,0.02627065325362259,0.14221369868185899,0.008977458631327777,0.13800003385920606,0.010787542887525866,0.11749278705379226,0.005507729395602688,0.32570452236795383,0.00013569166680143114,0.35990673091942027,0.00034265852458971024,0.13123791137064894,0.06625830988613872,0.11484588396630573,0.054386673720517455,0.00808609412779869,0.0679572580892402,0.012749697020383546,0.08093846070732125,0.05799769467240847,0.23796000117979849,0.08098498702965248,0.2840613505686244,0.009782203690796649,0.37355051025959285,0.021049575777299146,0.3176410142859573,0.267012370910196,0.47008057198592673,0.32231829112042043,0.5448876249066429,0.13796383966156234,0.00033423424954903924,0.11156031611030441,0.0004286537799119281
