aaaaaa,aaaaad,aaaadd,aaaada,aaadda,aaaddd,aaadad,aaadaa,aaddaa,aaddad,aadddd,aaddda,aadada,aadadd,aadaad,aadaaa,addaaa,addaad,addadd,addada,adddda,addddd,adddad,adddaa,adadaa,adadad,adaddd,adadda,adaada,adaadd,adaaad,adaaaa,ddaaaa,ddaaad,ddaadd,ddaada,ddadda,ddaddd,ddadad,ddadaa,ddddaa,ddddad,dddddd,ddddda,dddada,dddadd,dddaad,dddaaa,dadaaa,dadaad,dadadd,dadada,daddda,dadddd,daddad,daddaa,daadaa,daadad,daaddd,daadda,daaada,daaadd,daaaad,daaaaa
0.13358840883575998,55.84379776402156,0.5395853340342313,50.4041770555987,28.768794610224813,0.9896171170310364,23.954463163550738,2.1556877570135993,6.909954440196194,8.596414450485558,8.732717078791694,10.642932429598615,4.085597439775334,1.064307995939772,2.8415739586658275,0.47903108494606,0.28000147162786077,0.7637322766302562,0.4424679510179615,1.0250918229000967,0.05469996148821289,0.7987352287945818,0.12445028699329742,0.5964560006194756,0.5811968960821292,1.3943500600439753,0.8918305228305743,1.8646359063149942,0.5130295948969238,0.05810755158884366,0.2769403737308016,0.0023447080926483734,0.13848401528424384,0.009611810449394438,0.11717784055449686,0.004537025867401671,0.3744130910696313,0.0007549589048585965,0.4064851950908794,0.002916643481727338,0.12509754716231403,0.06624223641953746,0.11043527798709478,0.05534287978188208,0.009881950152907219,0.07682778515911583,0.015198753363979715,0.09108637971404827,0.07341116327664136,0.23017005892123404,0.11405384519346129,0.30011579436319175,0.012270425906036199,0.30144510143773984,0.028842379216445637,0.23881549594093465,0.2671318107565454,0.3528936840900782,0.36756994958336064,0.469074831740941,0.24948134154237267,0.005066914730943382,0.1649660283364299,0.0005571824041596452
