aaaaaa,aaaaad,aaaadd,aaaada,aaadda,aaaddd,aaadad,aaadaa,aaddaa,aaddad,aadddd,aaddda,aadada,aadadd,aadaad,aadaaa,addaaa,addaad,addadd,addada,adddda,addddd,adddad,adddaa,adadaa,adadad,adaddd,adadda,adaada,adaadd,adaaad,adaaaa,ddaaaa,ddaaad,ddaadd,ddaada,ddadda,ddaddd,ddadad,ddadaa,ddddaa,ddddad,dddddd,ddddda,dddada,dddadd,dddaad,dddaaa,dadaaa,dadaad,dadadd,dadada,daddda,dadddd,daddad,daddaa,daadaa,daadad,daaddd,daadda,daaada,daaadd,daaaad,daaaaa
0.02942688258735629,66.69127068443343,0.0013043176904269785,68.83775387719334,19.983087541053777,4.504945902548808,19.884414284755564,4.573556224288387,8.820977948646442,14.069797869628609,9.700874793287174,15.213248341477982,2.31162136776295,0.6137773313929146,2.080324426964943,0.49075196821648703,0.24509856335594413,1.0971330498283096,0.3300657805740174,1.2768166596636208,0.06807119433679124,1.4328826853347447,0.1212743576618141,1.2245795933173258,0.7499190145205028,2.582340290497381,0.9219530327409206,2.905175874059445,0.22370758955844944,0.03023917311797919,0.16973422971970895,0.012016541978625754,0.18066853031629973,0.01578714911187424,0.15493084743045923,0.008678127067050137,0.39242725100254966,0.0006359418715847339,0.4345199417341468,7.364882104896556e-05,0.15693572561150088,0.07723069296616929,0.13612813888472156,0.062395017574024894,0.012010956473917986,0.08984572911347848,0.01862634271473793,0.10728581305485618,0.07654108443355782,0.30895698143055755,0.10334517312922649,0.3626865894537762,0.014313653229816661,0.45984272172000346,0.028071852337528423,0.3951718300971094,0.33045366578291274,0.5924782183479355,0.38981622838553187,0.6739717342127699,0.16849663700238587,0.00042762334856455815,0.14213880405971088,0.0002113924743545978
