aaaaaa,aaaaad,aaaadd,aaaada,aaadda,aaaddd,aaadad,aaadaa,aaddaa,aaddad,aadddd,aaddda,aadada,aadadd,aadaad,aadaaa,addaaa,addaad,addadd,addada,adddda,addddd,adddad,adddaa,adadaa,adadad,adaddd,adadda,adaada,adaadd,adaaad,adaaaa,ddaaaa,ddaaad,ddaadd,ddaada,ddadda,ddaddd,ddadad,ddadaa,ddddaa,ddddad,dddddd,ddddda,dddada,dddadd,dddaad,dddaaa,dadaaa,dadaad,dadadd,dadada,daddda,dadddd,daddad,daddaa,daadaa,daadad,daaddd,daadda,daaada,daaadd,daaaad,daaaaa
0.02081288115353394,67.95149837481942,0.00010491078624537687,70.09134278566921,17.817636351869815,5.581423687756451,17.984398403372385,5.51347478169978,8.79263373068031,14.944350585146141,9.45322649781374,15.842150935820726,2.027431891346604,0.5742085743727486,1.8831685849255966,0.49156518505973,0.20091796050134203,1.0884826263706466,0.2663759177073034,1.2418970361935882,0.057767309292114925,1.6517341224383626,0.09990797838520941,1.4550163901452347,0.7651673166517304,2.8585116307644896,0.902429335973993,3.1306839415384675,0.17169793985876022,0.0254800646695709,0.13612745433021645,0.012271999360584315,0.18429351114405135,0.016894765688663365,0.16529738505191394,0.011268677571652381,0.3890477154874025,0.0012746849361630985,0.41965204220184404,0.00011099764479544571,0.1564653110249727,0.07618295929869863,0.1418875780736187,0.06562586607754234,0.01246269468829135,0.09396137718717892,0.01688838951540593,0.10615213334099453,0.06563662039796096,0.3000547540015599,0.08579769746207479,0.3435638867895512,0.011006245964852104,0.5165596080485865,0.021400577009110317,0.4565532067340907,0.3256528530988748,0.6295490811187352,0.3758634012191412,0.7016861177732394,0.15688273697402288,0.00032034874562208624,0.13534195863262483,0.00014666313115393385
