aaaaaa,aaaaad,aaaadd,aaaada,aaadda,aaaddd,aaadad,aaadaa,aaddaa,aaddad,aadddd,aaddda,aadada,aadadd,aadaad,aadaaa,addaaa,addaad,addadd,addada,adddda,addddd,adddad,adddaa,adadaa,adadad,adaddd,adadda,adaada,adaadd,adaaad,adaaaa,ddaaaa,ddaaad,ddaadd,ddaada,ddadda,ddaddd,ddadad,ddadaa,ddddaa,ddddad,dddddd,ddddda,dddada,dddadd,dddaad,dddaaa,dadaaa,dadaad,dadadd,dadada,daddda,dadddd,daddad,daddaa,daadaa,daadad,daaddd,daadda,daaada,daaadd,daaaad,daaaaa
0.055424925185673254,104.72962018548189,1.1156021070074772e-05,109.42980564702958,32.4227701906016,6.9019575338866765,32.537761637061706,6.881175193892228,14.451029386001805,22.09040104570863,16.034900041001315,24.096497373996655,3.8511946459099757,0.9798005433577139,3.477196163038752,0.7854577029677674,0.37182955403928153,1.6584666005299316,0.5194647535949238,1.9670559486300399,0.0903211949640938,2.247805033595341,0.17989825609983107,1.8821490841748476,1.274992083418167,4.061749468658032,1.593574940949157,4.633603519215146,0.3641217513333942,0.04161126458335954,0.2748334547375069,0.014598185343791993,0.2752242003785512,0.019853003860597858,0.2431079780395891,0.011678024063723163,0.6606357174728694,8.845352182458222e-05,0.719377159888272,0.0007426625416171708,0.2599718812426297,0.1270998490283191,0.23471713961036472,0.10889779038568649,0.017169741679014652,0.13151196124400324,0.02439492865727862,0.1512564353539461,0.11752182865287823,0.4786838500149556,0.1610320260514705,0.5659027450790788,0.020441144768335234,0.7213800523509817,0.04244962520283927,0.6152167625493307,0.5699165426125086,0.9658429826031353,0.6749440362770437,1.1056420983986348,0.2573589094464814,0.00012848514235018943,0.21750716172709034,0.0010058175391219975
