aaaaaa,aaaaad,aaaadd,aaaada,aaadda,aaaddd,aaadad,aaadaa,aaddaa,aaddad,aadddd,aaddda,aadada,aadadd,aadaad,aadaaa,addaaa,addaad,addadd,addada,adddda,addddd,adddad,adddaa,adadaa,adadad,adaddd,adadda,adaada,adaadd,adaaad,adaaaa,ddaaaa,ddaaad,ddaadd,ddaada,ddadda,ddaddd,ddadad,ddadaa,ddddaa,ddddad,dddddd,ddddda,dddada,dddadd,dddaad,dddaaa,dadaaa,dadaad,dadadd,dadada,daddda,dadddd,daddad,daddaa,daadaa,daadad,daaddd,daadda,daaada,daaadd,daaaad,daaaaa
0.026639062821853066,70.45492691009618,0.013500558297358549,75.13185067634531,19.938734201176587,5.388093096178518,20.836531555551367,4.958862432036106,9.910407506088267,15.488811110247484,10.826726911530635,16.668710266322027,2.28505481104983,0.572696550979395,2.177511705406264,0.51256374256329,0.254717708983884,1.1817810910646847,0.3507156546412671,1.3869690598319886,0.06521681346339107,1.5665152545568506,0.12855135949445173,1.3118413985968675,0.8907750670702447,2.90930486943928,1.0778721706693066,3.252075539096629,0.19373783763346483,0.02027241852383451,0.15928001054544125,0.009611570708135819,0.20248744069001284,0.017448053392029556,0.1750121032843378,0.00987982804077876,0.4174745910167211,0.0010811053654100965,0.46307165551854224,6.698841054975765e-06,0.1738388092390648,0.08238546936483314,0.15076490266505793,0.06628274105238414,0.013561171512032417,0.09215112258737067,0.020972546017013694,0.11078897300984338,0.07890744444084875,0.33183619843008616,0.10556140705457268,0.38642711885726094,0.01305749737813434,0.5053615542666471,0.02794628224229212,0.430863421477476,0.3707976078043182,0.6549958144625422,0.43228363203609854,0.7389110407081121,0.16800053994132663,0.00019229896770775622,0.14902901684853626,0.0001369306517551828
