aaaaaa,aaaaad,aaaadd,aaaada,aaadda,aaaddd,aaadad,aaadaa,aaddaa,aaddad,aadddd,aaddda,aadada,aadadd,aadaad,aadaaa,addaaa,addaad,addadd,addada,adddda,addddd,adddad,adddaa,adadaa,adadad,adaddd,adadda,adaada,adaadd,adaaad,adaaaa,ddaaaa,ddaaad,ddaadd,ddaada,ddadda,ddaddd,ddadad,ddadaa,ddddaa,ddddad,dddddd,ddddda,dddada,dddadd,dddaad,dddaaa,dadaaa,dadaad,dadadd,dadada,daddda,dadddd,daddad,daddaa,daadaa,daadad,daaddd,daadda,daaada,daaadd,daaaad,daaaaa
0.18586598819040887,98.24042467031359,0.03994426415030809,102.77108266553012,44.426503208924196,3.021913846412087,41.37758158450597,3.9062657259464006,14.087378689207927,17.589575109258035,17.44843261387958,21.37097519214059,5.9574317477657734,1.400113229398822,4.709838622317988,0.8238015350607732,0.5303101536155076,1.5448749481035762,0.827988433765362,2.0388388037323923,0.10343936133344742,1.5079417923419054,0.2521924157214001,1.090291367199927,1.2790083727190178,2.9950370772229795,1.8891376771849107,3.910868461261449,0.6503708421105951,0.052045934200867144,0.40422461876524723,0.0029385223012184745,0.26873337284822624,0.01762516546140164,0.20859476693045562,0.0048977349433746604,0.6785835379812493,0.0006581465460103791,0.7847369963689141,0.007892889166347911,0.24795552320964148,0.12272711729404485,0.21154529776266126,0.09693727215181597,0.01932217678765658,0.1274282913313794,0.03226199921297901,0.15884144285536891,0.13541325508342444,0.4495474112823879,0.2189678718334785,0.5961376031578952,0.020807463717956658,0.5705050219395059,0.05943188025681179,0.4278646173999169,0.5421150991629754,0.7335927629516954,0.7633719077111539,0.9915041088346427,0.3681348490915849,0.0035409418773959616,0.2556913415936096,0.0018939224846515645
