aaaaaa,aaaaad,aaaadd,aaaada,aaadda,aaaddd,aaadad,aaadaa,aaddaa,aaddad,aadddd,aaddda,aadada,aadadd,aadaad,aadaaa,addaaa,addaad,addadd,addada,adddda,addddd,adddad,adddaa,adadaa,adadad,adaddd,adadda,adaada,adaadd,adaaad,adaaaa,ddaaaa,ddaaad,ddaadd,ddaada,ddadda,ddaddd,ddadad,ddadaa,ddddaa,ddddad,dddddd,ddddda,dddada,dddadd,dddaad,dddaaa,dadaaa,dadaad,dadadd,dadada,daddda,dadddd,daddad,daddaa,daadaa,daadad,daaddd,daadda,daaada,daaadd,daaaad,daaaaa
0.10107496338575883,66.55537705518014,0.11766347949623752,66.07150509733042,27.886055903889226,2.395120287187812,25.323016513055553,3.2427104645235887,8.886401533003689,11.98435598085877,10.699327754765555,14.109300696906203,3.7316968921340283,0.9483593637490848,2.900393029983167,0.5486641150977701,0.28509302399646913,0.9653607088396852,0.4470885208144195,1.2545151403639374,0.0554629612210321,1.171070902649648,0.13358170233498734,0.9012800073493418,0.7814442923251319,2.0796248746110506,1.1262489482567526,2.63201804319255,0.4118091213181595,0.04278330520509913,0.24374360124425334,0.0031218728293926157,0.18268396004458917,0.014635750366557796,0.14340519873308966,0.0050822356648871055,0.42719650983326224,1.6943787823897177e-05,0.4906019485979799,0.0026929809929333234,0.16776857279072935,0.08638262614225987,0.13503220431232968,0.06297096868657458,0.009748203483714371,0.08157221349731908,0.020712630010702143,0.10998181998585563,0.08590183016495921,0.2969119250604408,0.13216987207106465,0.3804488377533556,0.014752404298210148,0.3972512625939056,0.035601657380158566,0.3154010611488915,0.3448118303627508,0.5056313022687607,0.4550980931914115,0.6400994182881367,0.23578843449324935,0.002362978075848933,0.1685541132579778,0.0007882724515346844
