aaaaaa,aaaaad,aaaadd,aaaada,aaadda,aaaddd,aaadad,aaadaa,aaddaa,aaddad,aadddd,aaddda,aadada,aadadd,aadaad,aadaaa,addaaa,addaad,addadd,addada,adddda,addddd,adddad,adddaa,adadaa,adadad,adaddd,adadda,adaada,adaadd,adaaad,adaaaa,ddaaaa,ddaaad,ddaadd,ddaada,ddadda,ddaddd,ddadad,ddadaa,ddddaa,ddddad,dddddd,ddddda,dddada,dddadd,dddaad,dddaaa,dadaaa,dadaad,dadadd,dadada,daddda,dadddd,daddad,daddaa,daadaa,daadad,daaddd,daadda,daaada,daaadd,daaaad,daaaaa
0.03721499511530906,87.69975342290286,0.2296751612929232,100.60594264024479,26.2780851492328,6.509970085531025,30.029817978777334,4.852667034490591,14.133743809495416,19.858949363091646,15.63192562491728,21.67380406294817,2.968983382866078,0.601726483642468,3.1058319193889594,0.6561499240328816,0.4140096696943492,1.5998893528372689,0.5732197483074968,1.9090885236276953,0.0941286010338404,1.7242352127833451,0.210853538317886,1.3399323920985373,1.3331001253445838,3.6472400637820583,1.6628576537344968,4.194527056072505,0.24501005005244286,0.01257758277536795,0.22639490494985653,0.008030160787401175,0.2743183907157871,0.02184365633568599,0.22518116006835198,0.00950570180251848,0.5499991012136692,0.0008796205170056853,0.6395724035944884,0.0008751068196023831,0.25174896694549614,0.11764328037483555,0.20534963567717118,0.08611826543360797,0.014911834741633889,0.09794880911275945,0.02736013808265909,0.12759542599983495,0.105236693780213,0.4276339030447109,0.15325862201368304,0.5222057732528882,0.014285254967447552,0.6156874171956018,0.042337837655749944,0.48551814580480973,0.51763272119495,0.8228552752203941,0.6313149837303195,0.9681977593560069,0.2179537631795303,0.00012698873769687445,0.20303608176744184,4.704788908511596e-05
