aaaaaa,aaaaad,aaaadd,aaaada,aaadda,aaaddd,aaadad,aaadaa,aaddaa,aaddad,aadddd,aaddda,aadada,aadadd,aadaad,aadaaa,addaaa,addaad,addadd,addada,adddda,addddd,adddad,adddaa,adadaa,adadad,adaddd,adadda,adaada,adaadd,adaaad,adaaaa,ddaaaa,ddaaad,ddaadd,ddaada,ddadda,ddaddd,ddadad,ddadaa,ddddaa,ddddad,dddddd,ddddda,dddada,dddadd,dddaad,dddaaa,dadaaa,dadaad,dadadd,dadada,daddda,dadddd,daddad,daddaa,daadaa,daadad,daaddd,daadda,daaada,daaadd,daaaad,daaaaa
0.02688568770819886,65.15829748994118,0.010247028198051037,69.42583925962043,18.79884626177823,4.847671216496831,19.556652809921314,4.4946263289002495,9.16567004146455,14.219389957112346,10.033670169604306,15.331936418362272,2.17324838076412,0.5441026411622554,2.0565823828133807,0.4800938885881973,0.2406783503741704,1.092867549494928,0.3312060444317997,1.2843051724590135,0.06123839166566748,1.4277733110190125,0.12016845124944797,1.1941028358240875,0.8255598236401442,2.665258257539651,1.0030517802429346,2.988167590933734,0.185633762367946,0.01898941945658887,0.15148163023602654,0.008650512843935705,0.1913418227706197,0.017315390313462527,0.1638024689371499,0.009580202676564965,0.38227760157470975,0.001183664684352995,0.42556679420654214,6.92442915260422e-07,0.16381235693382787,0.07844996147429362,0.1411030036711931,0.0625539276997985,0.011831838674360514,0.08335457925659275,0.018730393851351255,0.10091903015536827,0.07022775385057761,0.29960726197170107,0.09839097785912372,0.35706487228902545,0.010832235060244165,0.47218984398445946,0.025769667602741325,0.39588123610735626,0.33475794774706075,0.589714782896129,0.4000954592576054,0.6782099673328132,0.16382759859689613,0.0004658865998137165,0.1407955185887992,9.239806876169715e-05
