aaaaaa,aaaaad,aaaadd,aaaada,aaadda,aaaddd,aaadad,aaadaa,aaddaa,aaddad,aadddd,aaddda,aadada,aadadd,aadaad,aadaaa,addaaa,addaad,addadd,addada,adddda,addddd,adddad,adddaa,adadaa,adadad,adaddd,adadda,adaada,adaadd,adaaad,adaaaa,ddaaaa,ddaaad,ddaadd,ddaada,ddadda,ddaddd,ddadad,ddadaa,ddddaa,ddddad,dddddd,ddddda,dddada,dddadd,dddaad,dddaaa,dadaaa,dadaad,dadadd,dadada,daddda,dadddd,daddad,daddaa,daadaa,daadad,daaddd,daadda,daaada,daaadd,daaaad,daaaaa
0.08891479708187318,96.64468842592795,0.02601054243231253,99.23993227447488,33.76722522041789,5.194143985828089,32.577397639257335,5.703260498804825,13.14146534579909,19.22627861713755,15.03468511059843,21.554290044129363,4.228472267254932,1.0784709629896174,3.601092035321339,0.7643755027003314,0.3628637679171113,1.4681964269086447,0.5285471102653448,1.795213990944932,0.07919608122997263,1.948651616373407,0.16946254141228434,1.5930594050801177,1.1619803713341392,3.472604038324653,1.531784298382664,4.108566597388671,0.4246541704016324,0.045896051929988274,0.29092111918601765,0.009642208519177324,0.2576445332338288,0.0193842947962131,0.22390173137277283,0.010736472715427513,0.6152804777149119,7.94051379329837e-06,0.6719034110174347,0.0011386452194779692,0.23906500631520705,0.11910616822242716,0.2134898423872898,0.10059726826887894,0.01586191193552957,0.12273759544633243,0.02337893976746638,0.14314926410132184,0.11903839203152783,0.44628206883179544,0.16534758423349805,0.5350461126354366,0.021340630855312216,0.6241527452578671,0.04459890963323294,0.5228982049036491,0.514186281950246,0.8285586248284746,0.6323601509844686,0.9808492185282238,0.2764458460942269,0.0008843048286354339,0.22054137121318615,0.0008104748445278345
