aaaaaa,aaaaad,aaaadd,aaaada,aaadda,aaaddd,aaadad,aaadaa,aaddaa,aaddad,aadddd,aaddda,aadada,aadadd,aadaad,aadaaa,addaaa,addaad,addadd,addada,adddda,addddd,adddad,adddaa,adadaa,adadad,adaddd,adadda,adaada,adaadd,adaaad,adaaaa,ddaaaa,ddaaad,ddaadd,ddaada,ddadda,ddaddd,ddadad,ddadaa,ddddaa,ddddad,dddddd,ddddda,dddada,dddadd,dddaad,dddaaa,dadaaa,dadaad,dadadd,dadada,daddda,dadddd,daddad,daddaa,daadaa,daadad,daaddd,daadda,daaada,daaadd,daaaad,daaaaa
0.032657523660196495,74.93690132696372,0.00020480551141577888,77.75302273671637,22.483220164953423,5.075851984475649,22.513953744358115,5.085212198964766,10.028942650379495,15.867755345974722,11.030841230618009,17.16397515572604,2.593676527484658,0.6786642128071336,2.3513749569031197,0.5500499270670439,0.27380369650729386,1.2279834668878722,0.37105302553165936,1.4334490838626595,0.07391781482452098,1.614255964982048,0.1344926955508323,1.3746013617349429,0.8543536124179522,2.90509037263149,1.0524874027831195,3.2742425705302534,0.2506988915904071,0.03297882524607274,0.1917686829696092,0.013307776989659764,0.19567136049208286,0.0151709810302551,0.16669812637085943,0.0077444740147029545,0.45565772474287985,0.0002887028295287993,0.5055308136380049,0.00040421373584074787,0.18372014117166083,0.09119335789576481,0.1594754601910017,0.07383905710543194,0.012016283488732007,0.09585274528230457,0.019308713373651306,0.11553528966479636,0.08270233153088721,0.34108908426675216,0.11315679811093886,0.40259285217145724,0.014446665952669633,0.5252343873536347,0.02968172143621533,0.45020669209213504,0.3809815945466928,0.6752938221119791,0.45112315872139597,0.7708902111225441,0.18486245384771124,0.00026792233500580985,0.15561245539136892,0.00043855801119791296
