aaaaaa,aaaaad,aaaadd,aaaada,aaadda,aaaddd,aaadad,aaadaa,aaddaa,aaddad,aadddd,aaddda,aadada,aadadd,aadaad,aadaaa,addaaa,addaad,addadd,addada,adddda,addddd,adddad,adddaa,adadaa,adadad,adaddd,adadda,adaada,adaadd,adaaad,adaaaa,ddaaaa,ddaaad,ddaadd,ddaada,ddadda,ddaddd,ddadad,ddadaa,ddddaa,ddddad,dddddd,ddddda,dddada,dddadd,dddaad,dddaaa,dadaaa,dadaad,dadadd,dadada,daddda,dadddd,daddad,daddaa,daadaa,daadad,daaddd,daadda,daaada,daaadd,daaaad,daaaaa
0.027418342087895037,88.63265152041458,0.25863712450706966,101.62914133849677,25.170294207026068,7.083485060694252,29.252502906340947,5.176253722344457,14.31472495021448,20.499852467104876,15.567296340262041,22.040654487759145,2.77297476009605,0.5587354322038836,2.985441962459922,0.6481641658971089,0.3996060096066009,1.6216532783927606,0.5416220443058235,1.9056309875923223,0.09404740665737339,1.8025360066099605,0.2012317707367254,1.4339180586317182,1.3464755279442313,3.7898705362712315,1.6375873526867681,4.2827189551843885,0.22054064954911962,0.011367183026654196,0.2164812383061136,0.009772526036297855,0.27278854570907507,0.02099231224170779,0.22117612475997253,0.008426730519224598,0.5561142298435937,0.0009038177283131495,0.6501494898121413,0.001004030829395372,0.2561328849900108,0.11940547323759473,0.20983985681462528,0.08796133721764887,0.01431117617275524,0.09681172670417287,0.026550214873307127,0.12632001622058397,0.10240158474626661,0.43013060014870586,0.15052574073875585,0.5262942562243947,0.013392123996099053,0.6398470973025175,0.04289331261567801,0.4996636683042299,0.5280600932300133,0.857281447548624,0.6392861757753946,1.0011345419830988,0.20580243196097056,1.369102319651552e-05,0.19098848848709804,0.00022256847925399565
