aaaaaa,aaaaad,aaaadd,aaaada,aaadda,aaaddd,aaadad,aaadaa,aaddaa,aaddad,aadddd,aaddda,aadada,aadadd,aadaad,aadaaa,addaaa,addaad,addadd,addada,adddda,addddd,adddad,adddaa,adadaa,adadad,adaddd,adadda,adaada,adaadd,adaaad,adaaaa,ddaaaa,ddaaad,ddaadd,ddaada,ddadda,ddaddd,ddadad,ddadaa,ddddaa,ddddad,dddddd,ddddda,dddada,dddadd,dddaad,dddaaa,dadaaa,dadaad,dadadd,dadada,daddda,dadddd,daddad,daddaa,daadaa,daadad,daaddd,daadda,daaada,daaadd,daaaad,daaaaa
0.0775704677424079,49.41442163738526,0.33578684830235567,45.21397851764174,19.294051898138083,1.9786268717526798,16.57490931423595,3.001014938498059,5.68721578035451,8.710564336777589,6.814813487002341,10.120950946116858,2.5927980214070376,0.7512629372560004,1.8911265273672924,0.39372355547756693,0.16851508779115631,0.6653110450888832,0.2546237732934691,0.8326005770989868,0.037358307109505655,0.9805509063929602,0.0781368191685673,0.8122952922057851,0.4740618937232094,1.554034076594492,0.6684414872689045,1.9004167675309382,0.29393793259563283,0.041808519432935086,0.1656138955009344,0.0044069666899196796,0.12150033830004642,0.010812369430450417,0.10145728991640454,0.005331083104889838,0.300453671302911,1.2623908304988594e-06,0.33170302443539096,0.0008908172650561257,0.10806620187538943,0.05859664878274882,0.09517081377980402,0.04885218819752204,0.007145859679660592,0.06867289992614745,0.01130415392917522,0.0810247802314113,0.05314530900394668,0.19832548405593947,0.08136897922883503,0.2514487403341658,0.009053341903238945,0.3197193594131798,0.021403119070860132,0.26306537314636563,0.21052212931381428,0.3543714575227418,0.2841051709437971,0.45023858020533025,0.17929070468550823,0.0031815812973355296,0.12001874810450658,0.000488757944305431
