aaaaaa,aaaaad,aaaadd,aaaada,aaadda,aaaddd,aaadad,aaadaa,aaddaa,aaddad,aadddd,aaddda,aadada,aadadd,aadaad,aadaaa,addaaa,addaad,addadd,addada,adddda,addddd,adddad,adddaa,adadaa,adadad,adaddd,adadda,adaada,adaadd,adaaad,adaaaa,ddaaaa,ddaaad,ddaadd,ddaada,ddadda,ddaddd,ddadad,ddadaa,ddddaa,ddddad,dddddd,ddddda,dddada,dddadd,dddaad,dddaaa,dadaaa,dadaad,dadadd,dadada,daddda,dadddd,daddad,daddaa,daadaa,daadad,daaddd,daadda,daaada,daaadd,daaaad,daaaaa
0.02233285574002239,59.03328159206249,0.0001232974815678597,61.10404118929102,17.13304597785787,4.182603165979191,17.177790386473497,4.180058694464224,7.815223769634425,12.620807652442304,8.545310960907532,13.57786404841423,1.9556915956168106,0.5214583714633678,1.7807035255811792,0.42708434039126825,0.2039946027204301,0.9600045828538518,0.2770916878761581,1.1182051803880488,0.056133061028349765,1.3126639331752916,0.10215271396044799,1.1238310758145795,0.6617269965812411,2.3241326377064366,0.8084232317613519,2.602663855806888,0.1871328207225814,0.026220409737023838,0.14352242044093536,0.011040514371354296,0.1534525025863325,0.01214840430901444,0.13056004703637106,0.006213463382904292,0.3557828880603477,0.00029307823839408995,0.3935969689842831,0.00021840869727146817,0.14725081592356445,0.07398528319490705,0.12731331346800065,0.059638808792066005,0.008512057267509,0.07351722363660908,0.013959886450791013,0.08874484496155043,0.06285556738158073,0.26600310733631066,0.08461424695632769,0.31072548258976496,0.010857944040144068,0.42254744178814796,0.021934043884146243,0.36558774905966146,0.2990061563358891,0.5410215630411048,0.3492151859341473,0.6104426522498054,0.1399288067419821,0.0001230717536582646,0.119137058909846,0.0003789437657786784
