aaaaaa,aaaaad,aaaadd,aaaada,aaadda,aaaddd,aaadad,aaadaa,aaddaa,aaddad,aadddd,aaddda,aadada,aadadd,aadaad,aadaaa,addaaa,addaad,addadd,addada,adddda,addddd,adddad,adddaa,adadaa,adadad,adaddd,adadda,adaada,adaadd,adaaad,adaaaa,ddaaaa,ddaaad,ddaadd,ddaada,ddadda,ddaddd,ddadad,ddadaa,ddddaa,ddddad,dddddd,ddddda,dddada,dddadd,dddaad,dddaaa,dadaaa,dadaad,dadadd,dadada,daddda,dadddd,daddad,daddaa,daadaa,daadad,daaddd,daadda,daaada,daaadd,daaaad,daaaaa
0.09853156078016656,66.73165885819229,0.5343028000243013,60.008016133941474,24.41968885563536,3.0302396013835464,20.770973967800952,4.538026468685127,7.287312823656577,11.885970890210675,8.64346180988268,13.640031790895728,3.3162699123225825,1.0192668836672416,2.411079484130645,0.5418817835687902,0.19362343714006877,0.8618559517331247,0.29519101140162474,1.071101546598474,0.0429993901672659,1.4439142487405126,0.0899619523658819,1.222718429104074,0.601077495214906,2.1683634809558505,0.8261938167552301,2.591149187124232,0.37024388044453604,0.05907671937594789,0.21016429194173064,0.008011872372650984,0.16738988811511957,0.01768038875238308,0.14834948516633792,0.01163705195477557,0.38349034546599264,0.00016210938857522456,0.410528771882226,9.698647319305311e-05,0.14690060782197104,0.08233615006185971,0.12958424270695598,0.06899371941028634,0.0077633205497045716,0.09089212516363254,0.012801288299229918,0.10725261731313995,0.06302830184692261,0.2526515624707779,0.08904725041334896,0.3043577858232938,0.009877048765059637,0.4608686593899463,0.020094784195550046,0.4029863749553994,0.275630308543198,0.49377589444096215,0.3461231467514294,0.5896014228201698,0.2287368649118425,0.0035493449703442254,0.16594198955953562,0.00017356265861377492
