aaaaaa,aaaaad,aaaadd,aaaada,aaadda,aaaddd,aaadad,aaadaa,aaddaa,aaddad,aadddd,aaddda,aadada,aadadd,aadaad,aadaaa,addaaa,addaad,addadd,addada,adddda,addddd,adddad,adddaa,adadaa,adadad,adaddd,adadda,adaada,adaadd,adaaad,adaaaa,ddaaaa,ddaaad,ddaadd,ddaada,ddadda,ddaddd,ddadad,ddadaa,ddddaa,ddddad,dddddd,ddddda,dddada,dddadd,dddaad,dddaaa,dadaaa,dadaad,dadadd,dadada,daddda,dadddd,daddad,daddaa,daadaa,daadad,daaddd,daadda,daaada,daaadd,daaaad,daaaaa
0.07326561872096354,67.15550263388856,0.12379539450828031,65.75191545745986,24.819595412569175,3.1341608715118734,22.696354186155627,3.972555628531724,8.584813284942333,12.661072957028395,9.993157119393365,14.395603606433312,3.2226874890415944,0.8681063294650946,2.5635749083967303,0.5372191397309277,0.2380673480991965,0.9570794892632631,0.3573815701112035,1.1907103375422041,0.05010572759476907,1.345426301442485,0.11017672630376785,1.100063218591479,0.7379217064962591,2.2599212636473065,0.9992213353479376,2.7128995146283,0.3465071342603987,0.04345033118878035,0.21701882433255806,0.006800719572200326,0.1810822807938441,0.01591247508319,0.1519218247957592,0.007984277809407362,0.409736790632624,7.523476820267514e-05,0.45614287651018753,0.0007633250059125488,0.16543701201268807,0.08625135571213523,0.14060865956148136,0.06813693322226831,0.008933552839630177,0.08298905028691492,0.01618841738743115,0.10348346045018228,0.07591508854099305,0.2880572016027569,0.11272198587128018,0.35815918216888226,0.012705589896274141,0.4368573782871927,0.02959331178579327,0.3601238186072329,0.3283685893303531,0.5327711920330281,0.4194891586484659,0.6500240466738982,0.2150631853370135,0.0019098047969940246,0.15801200955136604,0.0005882649580314757
