aaaaaa,aaaaad,aaaadd,aaaada,aaadda,aaaddd,aaadad,aaadaa,aaddaa,aaddad,aadddd,aaddda,aadada,aadadd,aadaad,aadaaa,addaaa,addaad,addadd,addada,adddda,addddd,adddad,adddaa,adadaa,adadad,adaddd,adadda,adaada,adaadd,adaaad,adaaaa,ddaaaa,ddaaad,ddaadd,ddaada,ddadda,ddaddd,ddadad,ddadaa,ddddaa,ddddad,dddddd,ddddda,dddada,dddadd,dddaad,dddaaa,dadaaa,dadaad,dadadd,dadada,daddda,dadddd,daddad,daddaa,daadaa,daadad,daaddd,daadda,daaada,daaadd,daaaad,daaaaa
0.10868356602008515,60.265881631261855,0.6101567732066472,53.39003475770183,25.56154225503522,1.9456140776912783,21.32534179044348,3.376608192416207,6.883886613751116,10.101452929466044,8.357456759516676,11.903047575378777,3.5076596367057875,1.0012017879696962,2.4890286707424365,0.49112239356949,0.22521270479126057,0.8016078980281717,0.33303280858655754,1.0015530836509166,0.048958033594251826,1.101261213674627,0.09673241127462469,0.9153317093049048,0.5768610385090747,1.7721774545578513,0.8209387472947756,2.193048797356795,0.4097589090897046,0.05511408426732283,0.2275179383871496,0.004693619887733938,0.14904083876005342,0.013393747023994963,0.12256390553348435,0.006204167100217326,0.36750230078818735,2.223437046088736e-05,0.4076507759073482,0.0014416362519767975,0.132602664983925,0.07297862660895878,0.11341219722402157,0.05851326236122342,0.008242799036740028,0.08210290156257591,0.014451561231409631,0.10038253417199372,0.0662679807019727,0.2371274088620503,0.10174465347739894,0.3025090774671584,0.011131248422747743,0.37356044000501065,0.025847253758523824,0.3073899274789325,0.2567086399948721,0.4096551440887836,0.34405922316797005,0.5206873984228363,0.2359816138469689,0.004828977955931927,0.15769908038613042,0.00043347075163324
