aaaaaa,aaaaad,aaaadd,aaaada,aaadda,aaaddd,aaadad,aaadaa,aaddaa,aaddad,aadddd,aaddda,aadada,aadadd,aadaad,aadaaa,addaaa,addaad,addadd,addada,adddda,addddd,adddad,adddaa,adadaa,adadad,adaddd,adadda,adaada,adaadd,adaaad,adaaaa,ddaaaa,ddaaad,ddaadd,ddaada,ddadda,ddaddd,ddadad,ddadaa,ddddaa,ddddad,dddddd,ddddda,dddada,dddadd,dddaad,dddaaa,dadaaa,dadaad,dadadd,dadada,daddda,dadddd,daddad,daddaa,daadaa,daadad,daaddd,daadda,daaada,daaadd,daaaad,daaaaa
0.17412264807853486,75.35521799229338,0.5568517724413746,69.66867131861002,35.16344980899396,1.9852156327516097,29.953262791431275,3.5000825137921443,9.367068692147544,12.330435753711118,11.620726345537951,14.934940772824943,4.960110265302937,1.307168496392268,3.561127379693405,0.6376537818357444,0.3187575420653041,1.010689634064165,0.510731919789591,1.3419610814765768,0.058410874395177316,1.2637271947556832,0.14351114600907441,0.9682166013905021,0.8035038049015863,2.1044032394276058,1.199911842885401,2.7321055034544246,0.5806801000192237,0.06669778260394667,0.3187636605872017,0.003323137071283573,0.19963177884781294,0.015544704013588928,0.16323689046358236,0.006539598206292571,0.4866979196088537,0.00011518882575344221,0.5427669907190105,0.002586450655554462,0.17734823433781982,0.0916888376889052,0.14883446945607703,0.07105487752424973,0.012397815765013772,0.09882967782336169,0.022204003075884878,0.12456685828262604,0.09543391715020445,0.31351706446609034,0.15105350793304725,0.41115642859136486,0.015357761930916513,0.43447250037077956,0.03891064984054967,0.3413564563861994,0.3620318378206587,0.5106036602165063,0.4929602463084226,0.6669777997254934,0.3100518613140752,0.005221801038678137,0.2082797998855054,0.0008956849388228757
