aaaaaa,aaaaad,aaaadd,aaaada,aaadda,aaaddd,aaadad,aaadaa,aaddaa,aaddad,aadddd,aaddda,aadada,aadadd,aadaad,aadaaa,addaaa,addaad,addadd,addada,adddda,addddd,adddad,adddaa,adadaa,adadad,adaddd,adadda,adaada,adaadd,adaaad,adaaaa,ddaaaa,ddaaad,ddaadd,ddaada,ddadda,ddaddd,ddadad,ddadaa,ddddaa,ddddad,dddddd,ddddda,dddada,dddadd,dddaad,dddaaa,dadaaa,dadaad,dadadd,dadada,daddda,dadddd,daddad,daddaa,daadaa,daadad,daaddd,daadda,daaada,daaadd,daaaad,daaaaa
0.057934969488162645,56.90500593094464,0.1204232008300677,55.2431905521109,20.30450845126934,2.8200355868894054,18.510185936574786,3.563161788003019,7.115007148045432,10.833845690422745,8.198925537075432,12.193322226818331,2.6104331348307914,0.7212446360807326,2.0829222500684343,0.45209263275277184,0.1963407929760626,0.8179751243443856,0.2856921070093732,0.9972919582242379,0.044999937294037166,1.1643657552685422,0.09014453834123451,0.9763840424607895,0.601022179964028,1.9418035527092106,0.7974968611609531,2.293015503172109,0.2827230436961834,0.038753151807427486,0.1805609856997771,0.00757916584154501,0.15239776288298237,0.014064387463248172,0.1318993430899262,0.008176999203043165,0.34048157804482065,0.0001365399025799433,0.37145790320161953,0.00023244098678243963,0.13659680811218253,0.07162871331912257,0.12207457647452205,0.06080904937812502,0.00752584578239123,0.071842105581551,0.011769061735600873,0.08445395238462576,0.05908917550704274,0.23514066528295077,0.08521009250187166,0.28642789635962734,0.009392069535594915,0.3850133465731284,0.020793674423614638,0.3269041408745756,0.2708401325957681,0.4550245499996623,0.34211363693111513,0.5485231224505617,0.17803965247895495,0.0015958332985463064,0.1312276806243391,0.0004559387735788114
