aaaa,aaad,aadd,aada,adda,addd,adad,adaa,ddaa,ddad,dddd,ddda,dada,dadd,daad,daaa
76.794458680455,170.65575868592367,56.74192271342498,9.689669390353131,3.128981452952762,2.3551444612252013,1.9517961190713151,0.3644044623001408,0.16433228126837754,0.05277032106660726,0.3142883144563027,0.7798743617238166,0.07981818970575422,0.45901141649721566,0.0766397464722855,0.07270138254825237
