aaaa,aaad,aadd,aada,adda,addd,adad,adaa,ddaa,ddad,dddd,ddda,dada,dadd,daad,daaa
77.04937376669325,175.63277708386673,49.9357888970204,7.760423108005323,1.6755357420802919,2.3970416861730075,1.6185059787584335,0.34024900163213206,0.16063967527799877,0.047088587560999935,0.383872871213437,0.5641078110229409,0.04774977971431084,0.43852047722985826,0.06922241372923829,0.07298412333366834
