aaaa,aaad,aadd,aada,adda,addd,adad,adaa,ddaa,ddad,dddd,ddda,dada,dadd,daad,daaa
86.26860370188881,193.76040002039466,58.06610782881253,8.928154132273688,2.425979205922173,2.6536349002689072,1.9220578908670936,0.3638080902489377,0.19589247840044693,0.053877873466123584,0.3980026919345746,0.7148428176676166,0.07212034874435218,0.5024800758903181,0.08250494451184935,0.0788905027397631
