aaaa,aaad,aadd,aada,adda,addd,adad,adaa,ddaa,ddad,dddd,ddda,dada,dadd,daad,daaa
86.21272929341106,197.56404390836354,49.44008451224019,7.055892889164156,1.0889278003977731,2.849444029947245,1.4481867249041631,0.31317639110399437,0.1939722880418161,0.048380311119965325,0.45611733960302014,0.500145858812323,0.0677426116798635,0.45976041226534214,0.06765465014786806,0.07503806698458886
