aaaa,aaad,aadd,aada,adda,addd,adad,adaa,ddaa,ddad,dddd,ddda,dada,dadd,daad,daaa
68.7415832566556,156.27805503461823,43.21660899434758,7.149877823093457,1.5613659794890409,2.0396230229391064,1.4204364309440467,0.30689894643123905,0.14158519902470534,0.0415045536037286,0.34004667657362525,0.5103517911209885,0.04116260865603824,0.38288647157875505,0.06029809292099175,0.06587655606229005
