aaaa,aaad,aadd,aada,adda,addd,adad,adaa,ddaa,ddad,dddd,ddda,dada,dadd,daad,daaa
74.05516632660013,160.0831039494628,50.43217528613589,10.518390422480225,3.1560518246200497,2.068680778157201,1.9230940034542523,0.3686205693002165,0.15633683899724687,0.048521737806898384,0.30841780213697695,0.7505836933176875,0.07195073512697797,0.4179607428550409,0.07727208556662533,0.07335370680203789
