aaaa,aaad,aadd,aada,adda,addd,adad,adaa,ddaa,ddad,dddd,ddda,dada,dadd,daad,daaa
87.57552363727292,184.93918648980764,55.441455663706456,14.56098750133215,4.227615553649576,2.434928042451386,2.406541570785383,0.45349751676116346,0.1859228250331695,0.0562386497060913,0.3597858574755313,0.9312724990817792,0.09438149359723161,0.47901222829950374,0.09645126694085833,0.09046447037388292
