aaaa,aaad,aadd,aada,adda,addd,adad,adaa,ddaa,ddad,dddd,ddda,dada,dadd,daad,daaa
80.76367296579829,189.94149713000866,49.246665410822814,7.342706129094618,1.4171816850481156,2.6208893189475213,1.4704809793443765,0.3223813565422805,0.18003440278609162,0.04844013010635001,0.4126325082611235,0.5510147758536357,0.05996969030574731,0.448483028979342,0.06525483926195197,0.07351923716507379
