aaaa,aaad,aadd,aada,adda,addd,adad,adaa,ddaa,ddad,dddd,ddda,dada,dadd,daad,daaa
70.79559216367554,165.92257714124196,45.71307546383731,6.381471581949288,1.2461566097597765,2.452549396752556,1.3662026926607296,0.28437999787577517,0.1568062986383124,0.04323300746328054,0.362973735494477,0.48360996999149847,0.05421119528122646,0.4091657597691108,0.06010947874717539,0.06405730172056107
