aaaa,aaad,aadd,aada,adda,addd,adad,adaa,ddaa,ddad,dddd,ddda,dada,dadd,daad,daaa
77.13266004892252,180.94854135250068,45.73948465215465,6.400359772969219,0.8749130745149643,2.74301620383687,1.3122806490777825,0.29017364517682065,0.16924029990187558,0.04388242751076478,0.4263795560788613,0.4322273971245571,0.06241617976034178,0.422841866828187,0.06082498049785952,0.06817056091657608
