aaaa,aaad,aadd,aada,adda,addd,adad,adaa,ddaa,ddad,dddd,ddda,dada,dadd,daad,daaa
67.2071981814522,164.63064275136466,42.788118561766126,5.907600869213202,0.9718703280970499,2.5185796256858723,1.1737659034649908,0.2720928036521216,0.1463793830540926,0.04224325554170853,0.35665999973404244,0.4355403854288405,0.05511301855569939,0.38749324516334527,0.051213532404821814,0.061139660621269215
