aaaa,aaad,aadd,aada,adda,addd,adad,adaa,ddaa,ddad,dddd,ddda,dada,dadd,daad,daaa
75.50905134958634,170.3902262894166,42.64647143621475,6.752082272908736,1.1265327155124667,2.228819102279493,1.3454914957663564,0.2979416102026278,0.16129775692922904,0.04167049754383544,0.399767468201614,0.45625411571427693,0.04599274204121527,0.39596265838912703,0.061531033512144256,0.06872521146833406
