aaaa,aaad,aadd,aada,adda,addd,adad,adaa,ddaa,ddad,dddd,ddda,dada,dadd,daad,daaa
65.99177494805494,151.7524681810103,41.39661746460532,6.522569131525661,1.25944780869401,2.0505637983452454,1.3125020089372146,0.29214431640893124,0.13464692478466522,0.03969845771889475,0.33891991585227876,0.45478422763273224,0.03810236756632114,0.3684807553252811,0.05636217405254712,0.06290267162616964
