aaaa,aaad,aadd,aada,adda,addd,adad,adaa,ddaa,ddad,dddd,ddda,dada,dadd,daad,daaa
69.00917144569534,152.50605573962503,44.19879306963299,7.619432699957147,1.825545426535541,1.9685940228995404,1.5538162906938708,0.3145117715601203,0.14227591561186737,0.04127616613201812,0.3323649352795367,0.5381174506147238,0.04298485408486005,0.38756462563221084,0.06651700397451278,0.06656536111138515
