aaaa,aaad,aadd,aada,adda,addd,adad,adaa,ddaa,ddad,dddd,ddda,dada,dadd,daad,daaa
71.69097883366184,157.84198841938306,48.25436722025104,8.756033045950446,2.541192491049805,2.034033468172886,1.7290395293994079,0.3276713693054946,0.1576288329584274,0.045535402142000324,0.31499228902712767,0.662577514477755,0.0627843509568385,0.4083089280715828,0.07186215372088416,0.06861275205720767
