aaaa,aaad,aadd,aada,adda,addd,adad,adaa,ddaa,ddad,dddd,ddda,dada,dadd,daad,daaa
81.70894001868908,168.84553274098542,55.35403382138886,17.016685269173593,5.422536895930478,2.627877296636828,2.577615758350264,0.46244144591610514,0.17419070325055674,0.057699784321398405,0.2957323473685146,1.0469177496614932,0.13153340584823403,0.4514884774302533,0.09660854977217449,0.08496093348406286
