aaaa,aaad,aadd,aada,adda,addd,adad,adaa,ddaa,ddad,dddd,ddda,dada,dadd,daad,daaa
72.715724739475,177.8404342690119,45.23015204267,6.261705813631978,0.8901060785904464,2.743098214258744,1.2368699590413506,0.2910003485828939,0.1576363399485337,0.044180417524189164,0.40091239747667545,0.43559568321982844,0.059225664576246624,0.41384729646318563,0.05516141990993936,0.06624212795172621
