aaaa,aaad,aadd,aada,adda,addd,adad,adaa,ddaa,ddad,dddd,ddda,dada,dadd,daad,daaa
80.02312483469528,168.6082004576614,52.84598492887811,12.574379336175383,3.6863960334121098,2.210647931794368,2.1803228335029234,0.4160926656785506,0.16659285150213243,0.05145728169297355,0.3323423211017443,0.8247832568813972,0.08470567683005592,0.4444731046810557,0.08923066542695723,0.08144601696272256
