aaaa,aaad,aadd,aada,adda,addd,adad,adaa,ddaa,ddad,dddd,ddda,dada,dadd,daad,daaa
71.42594565752509,169.64090313528413,46.390699698931776,6.228488875784805,1.0595145270196482,2.6492108528659704,1.342128449513478,0.2834741177231795,0.15770738812054047,0.04370729064203878,0.379879563316059,0.4578399122558277,0.057278110946434105,0.4167168572106368,0.05955684324318698,0.06396883777599893
