aaaa,aaad,aadd,aada,adda,addd,adad,adaa,ddaa,ddad,dddd,ddda,dada,dadd,daad,daaa
81.34856485268146,183.04764529397343,50.66409701736587,8.98670796143762,2.041014006917806,2.3148485266799397,1.7188334096367182,0.37558157325699126,0.16292539888204408,0.049204698527582684,0.3936980831844091,0.6273171979994644,0.04745264015205447,0.4479385403851328,0.07205781769033853,0.07891348759454456
