aaaa,aaad,aadd,aada,adda,addd,adad,adaa,ddaa,ddad,dddd,ddda,dada,dadd,daad,daaa
77.66898721821451,168.16300548925216,49.35360198972605,9.740426094933927,2.5214968411846206,2.0864988649426683,1.8541650466058988,0.37502460280484523,0.15826133380585405,0.0472196616210342,0.356035833676996,0.6660854308740749,0.051610459865318155,0.42767626487896476,0.07806375173611715,0.07692592908688912
