aaaa,aaad,aadd,aada,adda,addd,adad,adaa,ddaa,ddad,dddd,ddda,dada,dadd,daad,daaa
82.10237556376974,183.36938861124972,51.302519032309135,7.574875161068593,1.64460496459447,2.5571706442122726,1.656059984880217,0.32600019448908535,0.18247263404732852,0.04758416091698053,0.4084988309220356,0.5692730658305606,0.05967961671967274,0.460854975884812,0.07429958980002234,0.07327269855766017
