aaaa,aaad,aadd,aada,adda,addd,adad,adaa,ddaa,ddad,dddd,ddda,dada,dadd,daad,daaa
73.12346995137199,162.1169413136783,46.203369627971995,7.601221353160422,1.885799841119025,2.100952422019183,1.5736946302207977,0.3105666629579156,0.16138523081636474,0.0435539205353117,0.346665953851909,0.5709066912608364,0.051559663627682495,0.4079670161060105,0.06856914886831743,0.06806818082501769
