aaaa,aaad,aadd,aada,adda,addd,adad,adaa,ddaa,ddad,dddd,ddda,dada,dadd,daad,daaa
79.99937762860417,188.87530763529244,52.99017989046724,7.2772378310696615,1.5074787407404104,2.83375647868887,1.5704045409919343,0.32435678141450325,0.17939511944666806,0.05010506925592439,0.40344128841749277,0.5688769420700137,0.06438273315919232,0.4710943213330759,0.0684025480734288,0.0723878649638952
