aaaa,aaad,aadd,aada,adda,addd,adad,adaa,ddaa,ddad,dddd,ddda,dada,dadd,daad,daaa
75.78888889835275,164.41123729484644,43.20894409156571,6.953603599784079,1.3381260387292127,2.1059552966932626,1.4498820455052577,0.2994450185145351,0.16255535426707607,0.04102241470984635,0.3845713638487559,0.4810682470099109,0.04425923216103937,0.3966408171133092,0.06663030807948124,0.06865172769624762
