aaaa,aaad,aadd,aada,adda,addd,adad,adaa,ddaa,ddad,dddd,ddda,dada,dadd,daad,daaa
77.65416690829058,182.91441487133625,48.343285617095155,7.325106353616752,1.3789429180906896,2.5324186425941115,1.4535805484521123,0.32888217673966463,0.16442524507542694,0.04724482323157601,0.400369068689607,0.531084479831827,0.051736319354707946,0.4351710853114217,0.06309184435523209,0.07271095476809533
