aaaa,aaad,aadd,aada,adda,addd,adad,adaa,ddaa,ddad,dddd,ddda,dada,dadd,daad,daaa
78.16780231440603,174.79415537484718,56.551236717780235,9.343100496221163,2.8558628205967316,2.4208700840241857,1.8889191203300713,0.36794397174119425,0.16211670957156155,0.053074260223616936,0.32693688719679165,0.752364336542333,0.07079351728660103,0.46261386129936427,0.07404678455826502,0.07341872532116278
