aaaa,aaad,aadd,aada,adda,addd,adad,adaa,ddaa,ddad,dddd,ddda,dada,dadd,daad,daaa
78.36128358398192,173.14542805185457,51.03692146787142,8.981441470660098,2.2305332226212227,2.23784957524645,1.8070267774530562,0.36636339027490106,0.1596296205118765,0.04788338440143327,0.3701306755633815,0.6352422511307445,0.05036683951318904,0.44248345784711945,0.07598613980431951,0.07602015280388186
