aaaa,aaad,aadd,aada,adda,addd,adad,adaa,ddaa,ddad,dddd,ddda,dada,dadd,daad,daaa
76.05466632410531,161.6001352536767,49.62691612659608,11.408072575505056,3.32378957161366,2.0724923221142246,2.0024073682963985,0.3812754079776431,0.16292038753981908,0.04835730402657378,0.3197413081275933,0.7681407339058666,0.07723367002827557,0.4203462761210091,0.08260138206666068,0.07648240665388287
