aaaa,aaad,aadd,aada,adda,addd,adad,adaa,ddaa,ddad,dddd,ddda,dada,dadd,daad,daaa
76.4595879331343,164.68662514722877,51.997437958749344,9.682809057977666,2.9046657452878706,2.11194181461953,1.9370476066156315,0.3445774231005033,0.17210505667156076,0.04866056114288891,0.3266682719916773,0.7320122713832179,0.07880869511172556,0.43732536973458236,0.08046115643132787,0.07305098541503811
