aaa,aad,add,ada,dda,ddd,dad,daa
326.71680163647846,19.23731107676499,2.4190197400410027,0.3315481286507858,0.23141806976966878,0.044980321505623,0.032816300219026,0.009572287408685817
