aaa,aad,add,ada,dda,ddd,dad,daa
332.9524036910043,20.50369233875096,2.218150819389482,0.3446693012902255,0.23269440257735258,0.050927078906076985,0.03050867631876425,0.009160793393156697
