aaa,aad,add,ada,dda,ddd,dad,daa
323.54194996973547,22.219117918585393,2.533695193065994,0.3358215809510567,0.22565411810345684,0.048343690253884866,0.03060552890665718,0.008942794091394556
