aaa,aad,add,ada,dda,ddd,dad,daa
331.92137384248065,19.496298771315647,2.766331123221143,0.3335149895830102,0.23859565376069758,0.044499643779019195,0.03584058927030593,0.010575466417164307
