aaa,aad,add,ada,dda,ddd,dad,daa
284.5576412242257,22.523622454023887,2.395005700918634,0.2943883267611231,0.19228931600378799,0.04100203591754552,0.026852217810969234,0.007890986097909886
