aaa,aad,add,ada,dda,ddd,dad,daa
302.5224240120889,20.02010631876378,2.0872902504359168,0.31307996313479886,0.2094749359355707,0.0457031906595463,0.02778480373039374,0.008320378494548112
