aaa,aad,add,ada,dda,ddd,dad,daa
327.5651843282958,23.030578161632505,2.6980707654635845,0.33095645854362105,0.22650499009685965,0.04560931679509366,0.03257226256069818,0.009828152159845225
