aaa,aad,add,ada,dda,ddd,dad,daa
292.8677950296211,19.916468695616278,3.0158617837943886,0.29295914604135287,0.20976643076334323,0.038585732190657196,0.03288118557229723,0.009415339875554861
