aaa,aad,add,ada,dda,ddd,dad,daa
305.5548135584835,18.256332739252315,1.883379862429536,0.3171072611922567,0.21309954770432096,0.04677488279308494,0.027104760590794686,0.00793510142145896
