aaa,aad,add,ada,dda,ddd,dad,daa
309.015564025427,16.266794398204972,2.0379520676748695,0.314949522648524,0.2208095240131109,0.04395494477974063,0.03074068737284593,0.009326442025340035
