aaa,aad,add,ada,dda,ddd,dad,daa
328.5109419353709,21.952279843980133,2.675979869856295,0.340396406702228,0.22972090454213343,0.048414130387646755,0.0315722390541862,0.009117416810786901
