aaa,aad,add,ada,dda,ddd,dad,daa
279.1275093538381,17.716134454965125,2.4646124152094817,0.2811859450001419,0.19898762695224467,0.037975784390523924,0.02967935227208663,0.008733870773509145
