aaa,aad,add,ada,dda,ddd,dad,daa
309.29484899179505,19.86898554293944,2.5997601496202485,0.30954393669691044,0.21715266586909932,0.04033070761432153,0.032618128568815345,0.009320721579398889
