aaa,aad,add,ada,dda,ddd,dad,daa
317.96245559174093,19.79498482339207,2.9813662694268195,0.31769418623615403,0.22879763564609865,0.041067040637748825,0.03583975817020718,0.010442624984915626
