aaa,aad,add,ada,dda,ddd,dad,daa
305.1180826677255,21.02276484681194,3.210609010540259,0.30371871878133105,0.21786211785472004,0.0392129819827813,0.03483137023055276,0.009940979410474138
