aaa,aad,add,ada,dda,ddd,dad,daa
319.45107895579946,21.023177299246417,3.7603078424846568,0.31921352523648266,0.23991181782985485,0.03869725604662088,0.04172802079489449,0.011787673331427885
