aaa,aad,add,ada,dda,ddd,dad,daa
292.88120827193865,20.77439626875476,2.597405804909853,0.29508617918921687,0.2034222514323734,0.0395437712576599,0.0302957549587993,0.008891126571892071
