aaa,aad,add,ada,dda,ddd,dad,daa
304.9972596081499,17.191954687705607,2.5952798927351735,0.3080479974380849,0.22283289259118447,0.04011511141690338,0.03349113492878249,0.00961330055583126
