aaa,aad,add,ada,dda,ddd,dad,daa
298.83798492771297,20.163699703122223,2.2964859492097323,0.30979098497870977,0.20675648713188394,0.04370723171642742,0.027678056986189067,0.00777493787254442
