aaa,aad,add,ada,dda,ddd,dad,daa
276.3224138217263,20.3387293285538,2.644476729656463,0.27848916529960754,0.1928554097541145,0.037356120412562435,0.029061819720599975,0.008408173300763709
