aaa,aad,add,ada,dda,ddd,dad,daa
343.89942311501477,19.444837772151367,3.05682548056656,0.3472181763309795,0.2532516238835148,0.04418782932586083,0.03863849764777637,0.011047746284680906
