aaaaaa,aaaaad,aaaadd,aaaada,aaadda,aaaddd,aaadad,aaadaa,aaddaa,aaddad,aadddd,aaddda,aadada,aadadd,aadaad,aadaaa,addaaa,addaad,addadd,addada,adddda,addddd,adddad,adddaa,adadaa,adadad,adaddd,adadda,adaada,adaadd,adaaad,adaaaa,ddaaaa,ddaaad,ddaadd,ddaada,ddadda,ddaddd,ddadad,ddadaa,ddddaa,ddddad,dddddd,ddddda,dddada,dddadd,dddaad,dddaaa,dadaaa,dadaad,dadadd,dadada,daddda,dadddd,daddad,daddaa,daadaa,daadad,daaddd,daadda,daaada,daaadd,daaaad,daaaaa
10.899046179523738,99.88859937538257,4.246296982412626,66.62230104133496,37.55509305857804,0.003181932918409205,29.851242485138336,3.8925034787178823,0.21345789383303623,4.935960985858991,1.0550016328834595,10.911260533102352,7.023393964625224,0.2516868642783784,2.4239616712053267,0.05814988510579888,1.117928649358849,0.05262956672284536,3.0394622786218264,0.0060094912170562485,0.23498611982661305,0.18345986777548817,1.5202300047598136,0.4165161015513709,0.28879975667960517,2.106129697567725,0.9055032302066228,3.497170073938805,1.670345903590944,0.02796804225244108,0.4640311472138615,0.031427964858627665,0.0407488649206142,0.027558254436151657,0.10525208321545852,0.022767240554081643,0.011913489252774422,9.138191215833596e-05,0.08127581973990014,0.0005403042136677672,0.07614338605306298,0.07967667954381404,0.17143119091980785,0.02821240150842586,0.004055203345984533,0.0007537292599839693,0.0005829148776458302,0.001059510533947008,0.2635292087507787,0.027588532327304214,0.7368209013527326,0.012735573387231585,0.0017601476008104627,0.14544164052845238,0.1849721123693063,0.212483284992675,0.04716895962053732,0.4198854301742816,0.2005556445679743,0.7293292554104042,0.5445976652958153,0.03210359631801188,0.16132219971223324,0.00021096770174906072
