aaaaaa,aaaaad,aaaadd,aaaada,aaadda,aaaddd,aaadad,aaadaa,aaddaa,aaddad,aadddd,aaddda,aadada,aadadd,aadaad,aadaaa,addaaa,addaad,addadd,addada,adddda,addddd,adddad,adddaa,adadaa,adadad,adaddd,adadda,adaada,adaadd,adaaad,adaaaa,ddaaaa,ddaaad,ddaadd,ddaada,ddadda,ddaddd,ddadad,ddadaa,ddddaa,ddddad,dddddd,ddddda,dddada,dddadd,dddaad,dddaaa,dadaaa,dadaad,dadadd,dadada,daddda,dadddd,daddad,daddaa,daadaa,daadad,daaddd,daadda,daaada,daaadd,daaaad,daaaaa
4.92570135511355,93.1650788001299,1.0659056500051485,63.321503226294574,40.19954635365993,0.02898309443485712,35.00716343948362,4.701424659703939,0.038971707441402215,7.431912122214226,0.5389843308719817,11.922567707193314,9.185294114889281,0.009939026508327663,2.9561177276807085,0.09769114893474873,1.0045339794907417,0.028654816264240813,3.0251917502510235,0.00531875382162034,0.1371771506144069,0.07789105816492524,1.8004316152347102,0.5649761562450935,0.09917083403546091,2.7030484518658615,0.6953848540341525,3.6084732097520793,2.0603450324899772,0.00338037752721838,0.5696779210515908,0.024785503934746392,0.03526042921484016,0.023957541643214286,0.09709675262147369,0.01722777916601597,0.005366750153355832,0.0018396257745946876,0.07970259916221308,0.0010089777860418081,0.09472611640025826,0.052863309240851974,0.18364848909483533,0.017335791716974108,0.0001357421558910371,0.010189219188419694,0.001869558262607371,0.00531079277437392,0.24328488215902463,0.021027615198014056,0.7368224818445224,0.002952843632110211,0.00020794582274216535,0.09140132483535574,0.22993028602069646,0.2550657954423194,0.011303692950456239,0.5544135344139111,0.15166297532079565,0.7507701446017018,0.6296232615334503,0.013674628028605912,0.18094519836520354,0.0001651264013428093
