aaaaaa,aaaaad,aaaadd,aaaada,aaadda,aaaddd,aaadad,aaadaa,aaddaa,aaddad,aadddd,aaddda,aadada,aadadd,aadaad,aadaaa,addaaa,addaad,addadd,addada,adddda,addddd,adddad,adddaa,adadaa,adadad,adaddd,adadda,adaada,adaadd,adaaad,adaaaa,ddaaaa,ddaaad,ddaadd,ddaada,ddadda,ddaddd,ddadad,ddadaa,ddddaa,ddddad,dddddd,ddddda,dddada,dddadd,dddaad,dddaaa,dadaaa,dadaad,dadadd,dadada,daddda,dadddd,daddad,daddaa,daadaa,daadad,daaddd,daadda,daaada,daaadd,daaaad,daaaaa
5.118040376133006,107.99807895038143,1.352952010750275,69.24792301474504,58.58320132557896,0.33771707735100315,45.49546930437441,5.449210001506516,1.3274389573282892,3.1699378499787905,1.239019521177105,12.419951885420751,5.179817970668603,1.5579109903073856,3.5703871539977436,0.061794157625708855,1.9694723281772268,0.021902405300179745,4.083616808022955,0.04897915933164314,1.3436760212020995,1.0411245314267654,2.096332723221789,0.5795553858884567,0.6167005100363512,1.9214751479527294,0.9322046500586543,4.263911593472219,1.7939422743505773,0.13086409512114675,0.8623684399675349,0.044121025603125155,0.04453412908452181,0.02301974557316855,0.1261151056678999,0.013844811769774371,0.04692313937995294,0.005615951558774777,0.11477841213099364,0.0025175901791180885,0.03861822718828396,0.15670712076165066,0.16538017248572584,0.04376498457402618,0.06820812537426575,0.018420425630759574,0.0006327027849415519,0.0003257086056580245,0.44895809683018023,0.00034385825113482203,0.9882013264008283,0.0005290760982784103,0.11502056542088829,0.4503825885776874,0.27372356445705415,0.28727347847824747,0.11606298982055237,0.35736442719106754,0.20905142411038738,0.8665919798417798,0.5765335604334658,0.06999064272077771,0.26385856448299383,0.0009042671582599646
