aaaaaa,aaaaad,aaaadd,aaaada,aaadda,aaaddd,aaadad,aaadaa,aaddaa,aaddad,aadddd,aaddda,aadada,aadadd,aadaad,aadaaa,addaaa,addaad,addadd,addada,adddda,addddd,adddad,adddaa,adadaa,adadad,adaddd,adadda,adaada,adaadd,adaaad,adaaaa,ddaaaa,ddaaad,ddaadd,ddaada,ddadda,ddaddd,ddadad,ddadaa,ddddaa,ddddad,dddddd,ddddda,dddada,dddadd,dddaad,dddaaa,dadaaa,dadaad,dadadd,dadada,daddda,dadddd,daddad,daddaa,daadaa,daadad,daaddd,daadda,daaada,daaadd,daaaad,daaaaa
5.691280885138434,108.36049380798723,1.5221183478369618,70.19150454754504,54.13861133512452,0.13438258319554408,44.531053308530254,5.546799747889024,0.5649481142113533,4.605446823719424,0.9269615905081071,13.301458082466494,7.527778349291949,0.5687634689144373,3.508591503229299,0.07386644626862358,1.4633010861049673,0.003518760081760296,3.9254468460627083,0.027367058248058043,0.6654703477753924,0.4706460904583185,2.160261977044034,0.6319309877387843,0.4279144579680953,2.233128873003598,0.8963951508727985,4.259319740536097,2.0818148206206186,0.05580774037721616,0.7683303440081454,0.034542235618323,0.042333946334815964,0.0253135442529877,0.1222746801874267,0.015669259120243664,0.02684924133987147,0.000557921832025533,0.11278920782788558,0.002434543041175232,0.061502518968079865,0.11776689659185459,0.1997565780548839,0.028032432761919662,0.022297544839274555,0.000721105796336104,3.1975949181165777e-06,0.0015634017348859404,0.3439996029711856,0.010921279649338431,0.9512632170301764,0.0005100444629999729,0.033636172806998064,0.2659169350834482,0.2821306052101979,0.29837122060616517,0.07450560932393747,0.43321088443541533,0.19878056869836966,0.8768993860226663,0.6563778625451744,0.04289121497301205,0.24239918151288398,0.00046930855511529476
