aaaaaa,aaaaad,aaaadd,aaaada,aaadda,aaaddd,aaadad,aaadaa,aaddaa,aaddad,aadddd,aaddda,aadada,aadadd,aadaad,aadaaa,addaaa,addaad,addadd,addada,adddda,addddd,adddad,adddaa,adadaa,adadad,adaddd,adadda,adaada,adaadd,adaaad,adaaaa,ddaaaa,ddaaad,ddaadd,ddaada,ddadda,ddaddd,ddadad,ddadaa,ddddaa,ddddad,dddddd,ddddda,dddada,dddadd,dddaad,dddaaa,dadaaa,dadaad,dadadd,dadada,daddda,dadddd,daddad,daddaa,daadaa,daadad,daaddd,daadda,daaada,daaadd,daaaad,daaaaa
6.507662987654746,112.74550878056667,1.7021182641295338,75.42391890710425,48.601371611763454,0.044569940678529124,42.17261354004112,5.781576687621527,0.04190003294439801,7.752749470282369,0.5990958004368967,14.724645243965334,10.190780366424093,0.05986514850642248,3.528297494694516,0.11953093270443949,1.2711104792804895,0.028866737885670325,3.839230736342963,0.012237693049290867,0.23799942676206598,0.15207202894203625,2.1924214616679625,0.6951222127871017,0.1814914292039063,2.981461346288329,0.8148569233531973,4.4423283762015195,2.3507804248554187,0.01039369031115641,0.6794481012551438,0.03221248388145,0.043410806858658973,0.028645670001184814,0.12241058595414368,0.019189622005041783,0.008838728096231907,0.001120979388383125,0.09918893021803907,0.001555951073169367,0.10075268749365056,0.07526008502172624,0.2291966073068812,0.01898868877185737,0.0010214997207853944,0.007367329181265739,0.0022570400415316237,0.006112851708372509,0.30517738659034727,0.022932601025413737,0.931446898595062,0.0016452109944879124,0.0006873814889528785,0.13895340042721016,0.28157829478883634,0.3134146380457537,0.02467035820917656,0.6040919219115498,0.17871474228261158,0.9222737362524515,0.7254974916329543,0.021998398583471756,0.21662126517605065,0.0002888265002596839
