aaaaaa,aaaaad,aaaadd,aaaada,aaadda,aaaddd,aaadad,aaadaa,aaddaa,aaddad,aadddd,aaddda,aadada,aadadd,aadaad,aadaaa,addaaa,addaad,addadd,addada,adddda,addddd,adddad,adddaa,adadaa,adadad,adaddd,adadda,adaada,adaadd,adaaad,adaaaa,ddaaaa,ddaaad,ddaadd,ddaada,ddadda,ddaddd,ddadad,ddadaa,ddddaa,ddddad,dddddd,ddddda,dddada,dddadd,dddaad,dddaaa,dadaaa,dadaad,dadadd,dadada,daddda,dadddd,daddad,daddaa,daadaa,daadad,daaddd,daadda,daaada,daaadd,daaaad,daaaaa
6.408396160280294,86.76546938990015,1.8641427552697762,58.661849041924654,35.41796869498835,0.010058728411148384,29.750162940956486,3.897888962326038,0.028205230422214338,5.894196412766157,0.6964918490282274,10.28415875415424,7.635927563247838,0.05246891772291717,2.489941435469342,0.07386760419806128,0.934676974021392,0.037555809960289316,2.6757941748052576,0.0005735299249118597,0.14313911430874043,0.0924677818066543,1.5024647138818583,0.43930800770234274,0.1416042572653971,2.2444314796256104,0.7208929907491053,3.1937503149206288,1.7361382856712761,0.008643194106934517,0.4783407104116708,0.025043593178146344,0.03402419274641198,0.022679853332143698,0.08977711648322628,0.01787905471667315,0.0069087706374353994,0.0008520685799378519,0.07290404894866577,0.0006730183674497277,0.08211624129233583,0.05462488605866042,0.16041148298958746,0.020030755146162184,0.0005746062129244047,0.005394005070915104,0.0011083355976180091,0.0029212995161186756,0.22459408600300917,0.022244751140805968,0.6519254244104684,0.006967179550446115,1.6418198088911333e-06,0.09610669926586136,0.1879851713503611,0.2106959178551764,0.01941215947875924,0.4560852880585718,0.15846325933810593,0.6649702945015483,0.5435946859730314,0.01788330794100289,0.15767530979425015,0.00015235346021496207
