aaaaaa,aaaaad,aaaadd,aaaada,aaadda,aaaddd,aaadad,aaadaa,aaddaa,aaddad,aadddd,aaddda,aadada,aadadd,aadaad,aadaaa,addaaa,addaad,addadd,addada,adddda,addddd,adddad,adddaa,adadaa,adadad,adaddd,adadda,adaada,adaadd,adaaad,adaaaa,ddaaaa,ddaaad,ddaadd,ddaada,ddadda,ddaddd,ddadad,ddadaa,ddddaa,ddddad,dddddd,ddddda,dddada,dddadd,dddaad,dddaaa,dadaaa,dadaad,dadadd,dadada,daddda,dadddd,daddad,daddaa,daadaa,daadad,daaddd,daadda,daaada,daaadd,daaaad,daaaaa
3.4589466658928245,105.04178692365242,0.8058806761252704,66.08916816412219,58.8634999985573,0.4016676617535097,48.82959203667003,6.442969752714171,0.8825554959073084,3.851112878560524,0.5245339614536224,14.70111094821963,6.355015614873018,0.9396466297852857,4.0357726996239816,0.12203010560578233,1.736477137848157,0.011133879831383855,4.623758370867235,0.17073386982523084,1.1514190298990152,0.8553559099248407,2.411605073158406,0.7698782134228581,0.492138405203527,2.088634797775347,0.7075085797110526,4.581387124156615,1.9803222649801184,0.08542032780089472,0.8811431519695363,0.038047215660384076,0.0408062517647024,0.02320780372589475,0.13228379886949487,0.009552056684659487,0.034437055072384724,0.0022831043223276322,0.11453073233801217,0.0035734616965504627,0.04335676121566351,0.14022853156627318,0.21650437549176205,0.019722222240984615,0.042463113446113095,0.0057585526748873414,0.000493448390632618,0.004966445012656519,0.40209898082504203,0.0015012819208079491,1.1106941568731914,0.009599159481716081,0.09013861771263358,0.38720613819858396,0.32341623796309665,0.34063053697281587,0.08902838139595708,0.3957519490309983,0.1579014233130229,0.9352851160726942,0.6156817336832359,0.052826179165705506,0.2633628972320103,0.0006982949154639643
