aaaaaa,aaaaad,aaaadd,aaaada,aaadda,aaaddd,aaadad,aaadaa,aaddaa,aaddad,aadddd,aaddda,aadada,aadadd,aadaad,aadaaa,addaaa,addaad,addadd,addada,adddda,addddd,adddad,adddaa,adadaa,adadad,adaddd,adadda,adaada,adaadd,adaaad,adaaaa,ddaaaa,ddaaad,ddaadd,ddaada,ddadda,ddaddd,ddadad,ddadaa,ddddaa,ddddad,dddddd,ddddda,dddada,dddadd,dddaad,dddaaa,dadaaa,dadaad,dadadd,dadada,daddda,dadddd,daddad,daddaa,daadaa,daadad,daaddd,daadda,daaada,daaadd,daaaad,daaaaa
4.501968524043858,90.24286160606601,1.0185510905826187,59.597102905113,43.728459573608724,0.06998061404300268,36.32450956371999,4.439277001096424,0.20317109220372595,4.779932138271183,0.76212929734766,10.981598087432337,7.175997404632311,0.24866789983806276,2.914856678277217,0.06489269160832142,1.1092045771026826,0.010067326722062063,3.04366322420426,0.008329287558433355,0.38088119895311545,0.2518455268110342,1.749129465859374,0.5044222671292907,0.25959491602800067,2.079528961391933,0.7515659138125871,3.4854867480880305,1.8466931525762733,0.02767232850995938,0.6258381735291051,0.02685181833237311,0.03467467049116762,0.02123239386810496,0.0969054716824627,0.014522871819380731,0.016746098149318763,9.156080019443449e-06,0.08977349453038591,0.0015730116197183843,0.0643064965962391,0.08050350042744327,0.1658601501095517,0.02285722826228663,0.009260744632899519,0.00024247869494800988,4.238897424282343e-05,0.0017198072872354824,0.26409276935833,0.013073237610390236,0.7414289881712565,0.0016082029715446746,0.011685409827530918,0.16930014746480912,0.22630210696377553,0.24004050368546972,0.042038275918087044,0.41123758291094503,0.16570625247073956,0.7200774933353291,0.576112352831762,0.02733745800328105,0.19799552509749374,0.00030043395789136347
