aaaaaa,aaaaad,aaaadd,aaaada,aaadda,aaaddd,aaadad,aaadaa,aaddaa,aaddad,aadddd,aaddda,aadada,aadadd,aadaad,aadaaa,addaaa,addaad,addadd,addada,adddda,addddd,adddad,adddaa,adadaa,adadad,adaddd,adadda,adaada,adaadd,adaaad,adaaaa,ddaaaa,ddaaad,ddaadd,ddaada,ddadda,ddaddd,ddadad,ddadaa,ddddaa,ddddad,dddddd,ddddda,dddada,dddadd,dddaad,dddaaa,dadaaa,dadaad,dadadd,dadada,daddda,dadddd,daddad,daddaa,daadaa,daadad,daaddd,daadda,daaada,daaadd,daaaad,daaaaa
6.200505477859361,112.84637075380505,1.282292800763956,77.35636761546476,48.55306163883855,0.027955221042792563,40.60165383631918,5.053185102320681,0.02579146413498789,8.733800299201139,0.8582549288696001,13.540780245235638,10.713721365774958,0.029776778561510786,3.4830349264755522,0.10265072751284432,1.2035470921996532,0.03931173771857006,3.4163343839730027,0.0006252225449780005,0.1794767372057983,0.1038778874401028,1.9898999932914772,0.5742522561342083,0.1287765609173797,3.199124685821809,0.9148133944609353,4.205353774737068,2.433855369219342,0.0065196606807549585,0.6847479706172289,0.03097884363334708,0.04236559015840263,0.02847915208240674,0.1121629061570776,0.02260671518269973,0.008239660666258166,0.0015200042282075348,0.09309350491145248,0.0007284481547046188,0.1148905267369842,0.06405935981809588,0.20531315254143903,0.026641751890802954,0.0004364900502660542,0.009693933663140402,0.001243912744330484,0.004628378989934348,0.29018093235817927,0.026427734469980514,0.8336744941089269,0.008142255271677699,6.54237182369926e-05,0.11662693563876601,0.24789848239873122,0.274884448232904,0.01519285371127218,0.6544160166315245,0.19914122946633028,0.875484489157663,0.750553690610949,0.01890000254090702,0.2207239767547714,0.0001595946578489007
