aaaaaa,aaaaad,aaaadd,aaaada,aaadda,aaaddd,aaadad,aaadaa,aaddaa,aaddad,aadddd,aaddda,aadada,aadadd,aadaad,aadaaa,addaaa,addaad,addadd,addada,adddda,addddd,adddad,adddaa,adadaa,adadad,adaddd,adadda,adaada,adaadd,adaaad,adaaaa,ddaaaa,ddaaad,ddaadd,ddaada,ddadda,ddaddd,ddadad,ddadaa,ddddaa,ddddad,dddddd,ddddda,dddada,dddadd,dddaad,dddaaa,dadaaa,dadaad,dadadd,dadada,daddda,dadddd,daddad,daddaa,daadaa,daadad,daaddd,daadda,daaada,daaadd,daaaad,daaaaa
7.519179014434155,104.68793042172857,2.268684766710503,69.27404820116399,46.68085652972894,0.03647524862377553,37.92272495548748,4.652884731978577,0.28859953169922614,5.148443395920012,1.0753704236420563,11.941494370292626,7.806316914925017,0.32404042048324044,3.0159930702041837,0.0620746865900948,1.2446922452307168,0.025725680080791586,3.355486818314378,0.00018287522015259926,0.3789564513012632,0.26436236357467063,1.8404255964754261,0.509417977828686,0.32882484294609027,2.269508421189996,0.9403417882816739,3.8472677339935917,1.9759191330797747,0.034955316285420264,0.6320226332725069,0.03203093942130879,0.04117815401688781,0.026007718745180337,0.11083318008365975,0.019660419243422548,0.018349351072365204,8.101392345741536e-06,0.09868327714507912,0.0012888638997013836,0.07471389808277429,0.09280918649249943,0.18314016485153825,0.030051844264227585,0.009649713691244234,0.00015542629508939228,4.148526191481129e-05,0.0011139471619758079,0.2947877817866586,0.020171946796915568,0.8161106008570856,0.00617825602310241,0.009166988877849894,0.18520677408669525,0.23298247351375287,0.2523143433299594,0.054465918054037624,0.44858566392189136,0.20785386612370327,0.7970279749069082,0.6295066759265614,0.03441466243385119,0.20788500770644805,0.0002945150315249828
