aaaaaa,aaaaad,aaaadd,aaaada,aaadda,aaaddd,aaadad,aaadaa,aaddaa,aaddad,aadddd,aaddda,aadada,aadadd,aadaad,aadaaa,addaaa,addaad,addadd,addada,adddda,addddd,adddad,adddaa,adadaa,adadad,adaddd,adadda,adaada,adaadd,adaaad,adaaaa,ddaaaa,ddaaad,ddaadd,ddaada,ddadda,ddaddd,ddadad,ddadaa,ddddaa,ddddad,dddddd,ddddda,dddada,dddadd,dddaad,dddaaa,dadaaa,dadaad,dadadd,dadada,daddda,dadddd,daddad,daddaa,daadaa,daadad,daaddd,daadda,daaada,daaadd,daaaad,daaaaa
4.249931522983643,90.68302457009416,0.8630499889495906,60.857942044801234,41.41261740144796,0.04621132267622143,36.139938507273015,4.78929644026647,0.0274888775869115,6.575635187235473,0.5116112924964082,11.835023893370765,8.64936390118403,0.036935169769905705,3.0102022984679833,0.09549361289341131,1.01780932873681,0.01946506487719391,3.050549445798215,0.011002396540900907,0.1976120522989107,0.11669522396313271,1.8302154393710346,0.5733395493251446,0.13327155186351905,2.49623016248445,0.6710346736593843,3.5884135353048405,2.0104560008973817,0.007213525498134512,0.597956434537341,0.024988131080170537,0.034566322651800686,0.022178558205025137,0.09712355747886703,0.014933505138996302,0.007831581347383954,0.000925030010915586,0.08357454900315343,0.0014022993992169697,0.08453239470674456,0.05890907971485008,0.18300890078558374,0.016247358469435105,0.000918767450956606,0.006547500920270475,0.0012848278196475648,0.00485185839546531,0.24627691694566844,0.017333774643764642,0.743662852634558,0.001314962783979466,0.0005959973534268164,0.11020272124347427,0.23755540283612658,0.2583602481545071,0.017507192558053934,0.5068009072379295,0.1471365716370974,0.744156603918393,0.6141494132024529,0.016275549321177835,0.1874809288785646,0.0002214682734901415
