aaaaaa,aaaaad,aaaadd,aaaada,aaadda,aaaddd,aaadad,aaadaa,aaddaa,aaddad,aadddd,aaddda,aadada,aadadd,aadaad,aadaaa,addaaa,addaad,addadd,addada,adddda,addddd,adddad,adddaa,adadaa,adadad,adaddd,adadda,adaada,adaadd,adaaad,adaaaa,ddaaaa,ddaaad,ddaadd,ddaada,ddadda,ddaddd,ddadad,ddadaa,ddddaa,ddddad,dddddd,ddddda,dddada,dddadd,dddaad,dddaaa,dadaaa,dadaad,dadadd,dadada,daddda,dadddd,daddad,daddaa,daadaa,daadad,daaddd,daadda,daaada,daaadd,daaaad,daaaaa
2.8335222065701253,85.99375325635702,0.6021720117280918,54.73550770036618,47.17377048388234,0.2804338681477353,39.16816111789872,5.09375359340661,0.5740108646762546,3.454221157426977,0.4552807355354458,11.822180891931934,5.496295699488575,0.6435096091425914,3.221584826084122,0.09129060930062803,1.3657095783003268,0.005330195845766282,3.616294279208149,0.10899491343990098,0.8285685562229878,0.6058955068940481,1.926504548123156,0.6079367801117785,0.3621955979323904,1.780807629809486,0.5893979473488901,3.6959151317390297,1.654801277806156,0.059811060788209885,0.7063304719326938,0.02986764480465156,0.03304983139919695,0.019232732810820247,0.10466876716037116,0.008737145521231133,0.025596829072423298,0.0012984876992319253,0.09145196570630215,0.0026056746454346867,0.0390914760822197,0.10736141713996829,0.1720743789031445,0.017203291168459544,0.029218748845106658,0.0029517119183380095,0.0002294640067348687,0.0033262411012067957,0.31783484697781483,0.001950313925547916,0.870737596209324,0.004697671694193208,0.05957584968484021,0.28662236635752714,0.2569114450965701,0.2711087571802698,0.06421854313149157,0.3401580027164481,0.1308517782123406,0.7561721471023318,0.5130415733997806,0.03922446701064885,0.21201006115579518,0.0005265615855787592
