aaaaaa,aaaaad,aaaadd,aaaada,aaadda,aaaddd,aaadad,aaadaa,aaddaa,aaddad,aadddd,aaddda,aadada,aadadd,aadaad,aadaaa,addaaa,addaad,addadd,addada,adddda,addddd,adddad,adddaa,adadaa,adadad,adaddd,adadda,adaada,adaadd,adaaad,adaaaa,ddaaaa,ddaaad,ddaadd,ddaada,ddadda,ddaddd,ddadad,ddadaa,ddddaa,ddddad,dddddd,ddddda,dddada,dddadd,dddaad,dddaaa,dadaaa,dadaad,dadadd,dadada,daddda,dadddd,daddad,daddaa,daadaa,daadad,daaddd,daadda,daaada,daaadd,daaaad,daaaaa
3.075143315737992,102.14206007063963,0.509116715020725,65.58668086593119,55.907938873627586,0.22571624350653008,48.240990103747514,6.265413707194759,0.37578768052466166,5.015553518548444,0.520645059138595,14.202130817485035,8.073905639050723,0.38494547005149843,3.8536726884178707,0.10230800317779094,1.4053454362142745,3.629104357925796e-05,4.099788582761551,0.09582700449287392,0.6775377168504466,0.45048992061924387,2.393425742553643,0.7683279197585905,0.34217679088879643,2.330831965502566,0.7183914384525565,4.362540562306943,2.209259205948656,0.04043167048273793,0.8387439491818205,0.030896417472557378,0.03844862847850454,0.022744067010587767,0.12072257010670719,0.010903756532389572,0.0234624564726567,0.00021756517901495064,0.11387726078869051,0.0035915361242944478,0.059777728947724484,0.109011819288887,0.21556928175091292,0.01748574798720815,0.01834101136941186,2.469995704927131e-05,0.00024359547092362335,0.004248152346573688,0.33328445636625476,0.00709958558964545,0.992730573563965,0.002636774506935101,0.035825557600717935,0.2522979711611291,0.3230299767441754,0.33632650474131237,0.05720778102762254,0.45511147119305045,0.15894381387624995,0.8958367036822522,0.6766678798152783,0.0336561506868035,0.25315090864665013,0.0005185821479114948
