aaaaaa,aaaaad,aaaadd,aaaada,aaadda,aaaddd,aaadad,aaadaa,aaddaa,aaddad,aadddd,aaddda,aadada,aadadd,aadaad,aadaaa,addaaa,addaad,addadd,addada,adddda,addddd,adddad,adddaa,adadaa,adadad,adaddd,adadda,adaada,adaadd,adaaad,adaaaa,ddaaaa,ddaaad,ddaadd,ddaada,ddadda,ddaddd,ddadad,ddadaa,ddddaa,ddddad,dddddd,ddddda,dddada,dddadd,dddaad,dddaaa,dadaaa,dadaad,dadadd,dadada,daddda,dadddd,daddad,daddaa,daadaa,daadad,daaddd,daadda,daaada,daaadd,daaaad,daaaaa
3.3576246274236046,102.50092883334906,0.6681810688503071,65.94928634121942,52.384171493979004,0.17393887433829702,46.97196299815469,6.594431074071641,0.1722451092926743,5.904038354107763,0.3219512808815395,15.126296504831036,8.9045754755282,0.17363621853171288,3.7863885761516003,0.1259036940797646,1.3250779048175934,0.0020325168166923763,4.218279128410842,0.11319393706354311,0.49042102697600537,0.3176458590497189,2.464691934800925,0.8491644435167374,0.259099740055133,2.523609240291275,0.6343198473544019,4.483716896208892,2.25096902521516,0.022548124340957758,0.7797117477739591,0.030381077051477808,0.038745179128816434,0.023601106600658745,0.12177272900217212,0.011227249430983622,0.015210930973391674,5.6403826082607574e-05,0.10729638196524209,0.003505605301444532,0.06967326647660371,0.09352819906019495,0.23403473520959178,0.01175753309738116,0.007140419155479463,0.0017966947160498133,0.0014417573606656782,0.007012538557901401,0.3150067623780123,0.010235332977948437,1.0184261865663524,0.004003867943377278,0.0172882567059236,0.2001845130314555,0.3338222848126939,0.3574923867278056,0.03982630658474394,0.5019071356075887,0.14052476763519878,0.9218513999543649,0.6860826395905306,0.02574963916896334,0.23473530131669,0.0005110120637203059
