aaaaaa,aaaaad,aaaadd,aaaada,aaadda,aaaddd,aaadad,aaadaa,aaddaa,aaddad,aadddd,aaddda,aadada,aadadd,aadaad,aadaaa,addaaa,addaad,addadd,addada,adddda,addddd,adddad,adddaa,adadaa,adadad,adaddd,adadda,adaada,adaadd,adaaad,adaaaa,ddaaaa,ddaaad,ddaadd,ddaada,ddadda,ddaddd,ddadad,ddadaa,ddddaa,ddddad,dddddd,ddddda,dddada,dddadd,dddaad,dddaaa,dadaaa,dadaad,dadadd,dadada,daddda,dadddd,daddad,daddaa,daadaa,daadad,daaddd,daadda,daaada,daaadd,daaaad,daaaaa
5.424067603149373,91.95727231445932,1.1019904066944346,63.05787721524257,40.88078979771496,0.013121770466576511,33.52586755254757,3.887219949273651,0.012167290435165748,6.8669496701411985,1.0108797367292512,10.159388369276805,8.756654565294781,0.04142852962437292,2.834482645517371,0.06899297078289524,0.9514115272859152,0.04175796056981701,2.5755914883606157,0.007215763031097951,0.14976305439171536,0.08161587866085114,1.5532066937155553,0.4103941428237817,0.12423500247169449,2.536925447345679,0.8662188142774487,3.2575073698861665,2.011501677830233,0.007774848445579103,0.5766847332331352,0.02565935392421895,0.03523901422116991,0.022570896349786422,0.08882374613001602,0.019869161000586073,0.009269373735476342,0.0008045604487250963,0.08020992564210855,0.0005537077415792539,0.09713563467577238,0.05252827249356946,0.1562113822287223,0.0279117054874947,0.0008270285314950188,0.006398627445053004,0.0002551977989921821,0.0022019010767790784,0.23133661867180388,0.02424257830877668,0.6343717089456898,0.013611416883851719,0.00014969844633790433,0.09608744158477224,0.19325229026213187,0.20839265139681754,0.015874562490670794,0.5178197140509783,0.19002027364558255,0.6777208405376408,0.6240711660560868,0.017250470295507164,0.18791241174544662,0.00013554945757275635
