aaaaaa,aaaaad,aaaadd,aaaada,aaadda,aaaddd,aaadad,aaadaa,aaddaa,aaddad,aadddd,aaddda,aadada,aadadd,aadaad,aadaaa,addaaa,addaad,addadd,addada,adddda,addddd,adddad,adddaa,adadaa,adadad,adaddd,adadda,adaada,adaadd,adaaad,adaaaa,ddaaaa,ddaaad,ddaadd,ddaada,ddadda,ddaddd,ddadad,ddadaa,ddddaa,ddddad,dddddd,ddddda,dddada,dddadd,dddaad,dddaaa,dadaaa,dadaad,dadadd,dadada,daddda,dadddd,daddad,daddaa,daadaa,daadad,daaddd,daadda,daaada,daaadd,daaaad,daaaaa
3.0784908423608885,92.73143982139804,0.5755541223753247,59.578356396287276,51.351403565216785,0.27128830612929417,41.942071556882915,5.164009937005921,0.6589477659716402,3.645696162410949,0.6865551279362265,11.945585457364942,5.854761443986107,0.7557230481257807,3.3697711982214638,0.07486057239720416,1.4756965662195674,0.005745193515406148,3.650058609683138,0.07468587758794396,0.8921091587347009,0.6450148948844115,1.9936794366290322,0.5952170537787703,0.40634413837458033,1.8966373312610607,0.7055409062819616,3.849150338769345,1.788190780237051,0.06957977248666153,0.7715805537120334,0.03191062383356659,0.03593029228217874,0.02010780639222375,0.10770694671042047,0.010751187240373725,0.030498753814781437,0.001815532101743147,0.10006954662142736,0.0025682147879834785,0.04263367586624271,0.1161572009074544,0.1680903282264218,0.025122342060776945,0.035394626700215454,0.0043585504054102905,1.7954264213662153e-05,0.0016580764122380253,0.34372928693024773,0.002016576306376828,0.8831885844940475,0.0017104291239104065,0.06481604510152739,0.30901061116016076,0.2643104017732639,0.27528309553648395,0.0726121326069283,0.36148464828984184,0.1566522247677079,0.7866319253144543,0.5560750591545639,0.04405966369013711,0.2331805654476537,0.0005800512460923092
