aaaaaa,aaaaad,aaaadd,aaaada,aaadda,aaaddd,aaadad,aaadaa,aaddaa,aaddad,aadddd,aaddda,aadada,aadadd,aadaad,aadaaa,addaaa,addaad,addadd,addada,adddda,addddd,adddad,adddaa,adadaa,adadad,adaddd,adadda,adaada,adaadd,adaaad,adaaaa,ddaaaa,ddaaad,ddaadd,ddaada,ddadda,ddaddd,ddadad,ddadaa,ddddaa,ddddad,dddddd,ddddda,dddada,dddadd,dddaad,dddaaa,dadaaa,dadaad,dadadd,dadada,daddda,dadddd,daddad,daddaa,daadaa,daadad,daaddd,daadda,daaada,daaadd,daaaad,daaaaa
6.460498424878858,94.59036999048978,2.1062708716140706,61.81553959224756,41.95422581660157,0.05974014041452986,34.97117343724483,4.673779208511909,0.26635557432039964,4.631074499247668,0.6527931493097012,11.877766985432517,6.958321865362812,0.2811841175038852,2.832712245566493,0.0786643024494943,1.1772273382370766,0.014637218945135765,3.376422974638379,0.01458128350252938,0.3822729294431613,0.27625123372090954,1.7899131861255,0.5458484217313684,0.29284294528667487,2.059961412676151,0.7339378674892861,3.6882847972218475,1.761621128458869,0.030350022665588103,0.5692856838500757,0.02980059264007204,0.03689547796980179,0.023989882695688514,0.10637222340456613,0.015278078913192581,0.014709338958017348,7.208791239045904e-08,0.08819041327241894,0.00159115996765535,0.06267120678941507,0.0873630987776439,0.1840751798260065,0.01938724970998369,0.008089720327075462,0.00022910481145570788,0.0006866958030881657,0.002693330491770774,0.2769168028994257,0.0151705249868954,0.8143425308261955,0.000797329477829416,0.011085032859202856,0.1793891021058256,0.22949113170488825,0.2537404595367393,0.04824505040036457,0.40644044910695376,0.16217020627989728,0.763226726180225,0.5581467586965712,0.030740763925435607,0.18435498691067576,0.000322188917341665
