aaaaaa,aaaaad,aaaadd,aaaada,aaadda,aaaddd,aaadad,aaadaa,aaddaa,aaddad,aadddd,aaddda,aadada,aadadd,aadaad,aadaaa,addaaa,addaad,addadd,addada,adddda,addddd,adddad,adddaa,adadaa,adadad,adaddd,adadda,adaada,adaadd,adaaad,adaaaa,ddaaaa,ddaaad,ddaadd,ddaada,ddadda,ddaddd,ddadad,ddadaa,ddddaa,ddddad,dddddd,ddddda,dddada,dddadd,dddaad,dddaaa,dadaaa,dadaad,dadadd,dadada,daddda,dadddd,daddad,daddaa,daadaa,daadad,daaddd,daadda,daaada,daaadd,daaaad,daaaaa
7.31913391774179,92.00096396838113,1.8549374670835506,65.03328743757638,33.58265114417675,6.898651925183789e-06,26.372960296248685,3.10387859779231,0.14685906691118264,8.484125785439184,0.9245344623537387,9.765119162118921,8.903031389224243,6.119918284817736e-05,2.523096580752635,0.092483953876756,0.861146303577959,0.07136058492191646,2.2901680572112677,0.03362079441174181,0.04732336208924586,0.022799718597665896,1.2315941368834307,0.30842669982970516,0.04248248036357624,2.8344888389139298,0.8223109421056005,3.0993963219101484,1.865173906603449,0.0011869677937911413,0.45432388441232313,0.02712573857254409,0.035317801538268835,0.026738891700800613,0.0834425264676006,0.0265767807081951,0.0034615265275349688,0.002274453928000351,0.059779080609369574,0.00020906952107226345,0.1232018360294188,0.03313877543274711,0.1534366242452777,0.026811815927857682,0.0007517407299446736,0.01513585863118025,0.001975048466770859,0.004021148456378485,0.20760705242220967,0.03353148728745671,0.561814019074685,0.026371005835734995,0.007045049032947104,0.05848096650323815,0.14342731831097152,0.16812347876811679,0.003376184629574332,0.5853506463813531,0.18177402768645104,0.6474869643800691,0.5841746379714168,0.01164881430179615,0.1546361729168019,0.00013189425402981072
