aaaaaa,aaaaad,aaaadd,aaaada,aaadda,aaaddd,aaadad,aaadaa,aaddaa,aaddad,aadddd,aaddda,aadada,aadadd,aadaad,aadaaa,addaaa,addaad,addadd,addada,adddda,addddd,adddad,adddaa,adadaa,adadad,adaddd,adadda,adaada,adaadd,adaaad,adaaaa,ddaaaa,ddaaad,ddaadd,ddaada,ddadda,ddaddd,ddadad,ddadaa,ddddaa,ddddad,dddddd,ddddda,dddada,dddadd,dddaad,dddaaa,dadaaa,dadaad,dadadd,dadada,daddda,dadddd,daddad,daddaa,daadaa,daadad,daaddd,daadda,daaada,daaadd,daaaad,daaaaa
5.079491227405102,98.98446913981937,1.1574698065775328,65.63476128476488,46.88083400827694,0.057721905083387405,39.84046803020399,5.041468798286746,0.11729875741610703,5.890689650664755,0.7614079766822588,12.27572917824157,8.532415464398534,0.15445228982852138,3.2024974500152563,0.07999626680374569,1.1569562079514644,0.018283222273391554,3.3213386094228734,0.007747037626855023,0.3185263180211752,0.20142942922779875,1.9628161888608922,0.5848849377952761,0.23236151070840108,2.4269310957769505,0.809246590154206,3.831523782186764,2.097756451376486,0.019637237178059354,0.6669950231276328,0.028316220449854056,0.037954703790748924,0.023699003524179047,0.10632642616950386,0.016188585675416443,0.014136298841966469,0.00012886338160958134,0.09727553340645727,0.0017295974997034867,0.07922811686085565,0.07882457839074977,0.18940441788948775,0.022308250841837046,0.005284625221100393,0.0019312845490106045,0.0002725625448913916,0.002770033797368719,0.27728929222145515,0.017444601509974577,0.8090238154908571,0.0019850673309954616,0.005499178047357838,0.15503483768635834,0.25512537043197786,0.27241216394937534,0.035554993510796336,0.4853868662651914,0.17836462113617385,0.7928026368327529,0.6510009443938559,0.02486224496946195,0.21184122827280444,0.00028154046463446224
