aaaaaa,aaaaad,aaaadd,aaaada,aaadda,aaaddd,aaadad,aaadaa,aaddaa,aaddad,aadddd,aaddda,aadada,aadadd,aadaad,aadaaa,addaaa,addaad,addadd,addada,adddda,addddd,adddad,adddaa,adadaa,adadad,adaddd,adadda,adaada,adaadd,adaaad,adaaaa,ddaaaa,ddaaad,ddaadd,ddaada,ddadda,ddaddd,ddadad,ddadaa,ddddaa,ddddad,dddddd,ddddda,dddada,dddadd,dddaad,dddaaa,dadaaa,dadaad,dadadd,dadada,daddda,dadddd,daddad,daddaa,daadaa,daadad,daaddd,daadda,daaada,daaadd,daaaad,daaaaa
4.703248680448453,86.99367901709475,1.2021801019513052,56.62361394211645,43.12032588326052,0.0636913029717288,36.239029415154924,4.488442417884824,0.3232368520784905,4.119263468982541,0.8361084390909479,10.397733447252804,6.750996619841184,0.30780729417281194,2.7701814692760824,0.0516653590559097,1.076766208645719,0.010834081566263028,2.9919298206284495,0.008532396264859653,0.4042100715645573,0.267912845750176,1.7601675118879518,0.5129424880835016,0.30604828853068566,1.8814371838822528,0.766396578722957,3.3354690391558015,1.7683670607114754,0.033431365197056855,0.6100281606541558,0.02585124122581091,0.03420180654629227,0.02008373718053711,0.09497237060967534,0.013790440975897364,0.018909089788968433,8.799727698193101e-05,0.0926718185774975,0.001940076520079928,0.05804014850886857,0.0848241827405654,0.15957241509171122,0.02352435748689779,0.011700866720941828,6.171361164979993e-06,2.1833946745738453e-05,0.0009010180407945697,0.2558831620842117,0.013142541044628754,0.7290192028129175,0.001416472947723593,0.014540862288799217,0.17430934967302605,0.2319309794601213,0.24218449051882388,0.051611264096674735,0.3699834070929211,0.1703999885447605,0.6873752533697507,0.556587098708266,0.029249887016758944,0.19405065907348387,0.0003105249708769041
