aaaaaa,aaaaad,aaaadd,aaaada,aaadda,aaaddd,aaadad,aaadaa,aaddaa,aaddad,aadddd,aaddda,aadada,aadadd,aadaad,aadaaa,addaaa,addaad,addadd,addada,adddda,addddd,adddad,adddaa,adadaa,adadad,adaddd,adadda,adaada,adaadd,adaaad,adaaaa,ddaaaa,ddaaad,ddaadd,ddaada,ddadda,ddaddd,ddadad,ddadaa,ddddaa,ddddad,dddddd,ddddda,dddada,dddadd,dddaad,dddaaa,dadaaa,dadaad,dadadd,dadada,daddda,dadddd,daddad,daddaa,daadaa,daadad,daaddd,daadda,daaada,daaadd,daaaad,daaaaa
9.018421730556748,104.60328676060745,3.3190438196339263,68.42218102155701,43.80926770430447,0.029798703100567266,35.97418317198137,4.780208557678264,0.3538132763981409,4.788262516209562,0.9339574015138384,12.259734152151077,7.344507707600361,0.34855961578951294,2.834540895389517,0.06689407402077624,1.26298257561984,0.028696285547241976,3.533095852283806,0.0020304283548434592,0.37516419565976755,0.27997763869780334,1.8431918451136593,0.540620896151347,0.35380908476058515,2.158255277092172,0.8878508044277407,3.8895794757908897,1.8365598455496497,0.03744942121810892,0.5706143491437613,0.033486886720667554,0.042133571866255645,0.02683380777420579,0.11460803842736586,0.019540694668426985,0.016480274473789195,3.896379322463133e-06,0.09481539040504436,0.0013440387593002736,0.07026519008782794,0.09583267235748204,0.19097662895208353,0.02608101915477237,0.008563705795332452,0.0001329332548282786,0.0003184063915229714,0.0014196193212781662,0.29588699256794926,0.021039366096844165,0.8531304965715685,0.003945831443962147,0.0090145437724159,0.1888822585785332,0.23343408851558903,0.2603465364544056,0.059353584651840346,0.4258535242855843,0.1971420488736034,0.8054069576238109,0.5933232205448058,0.03648483770308886,0.19058617033195888,0.00030731078024777696
