aaaaaa,aaaaad,aaaadd,aaaada,aaadda,aaaddd,aaadad,aaadaa,aaddaa,aaddad,aadddd,aaddda,aadada,aadadd,aadaad,aadaaa,addaaa,addaad,addadd,addada,adddda,addddd,adddad,adddaa,adadaa,adadad,adaddd,adadda,adaada,adaadd,adaaad,adaaaa,ddaaaa,ddaaad,ddaadd,ddaada,ddadda,ddaddd,ddadad,ddadaa,ddddaa,ddddad,dddddd,ddddda,dddada,dddadd,dddaad,dddaaa,dadaaa,dadaad,dadadd,dadada,daddda,dadddd,daddad,daddaa,daadaa,daadad,daaddd,daadda,daaada,daaadd,daaaad,daaaaa
5.690669294873966,107.65891511403177,1.5370805216667927,70.66587000607437,49.118730408141516,0.08191848945140438,42.803790395109395,5.936188761537154,0.11853695289360704,6.436638790285303,0.5069477643792158,14.600866919089016,9.166813970866288,0.13785315263467196,3.5047669488088653,0.11564102242067992,1.292860422707929,0.015652785674636044,3.9718452170552188,0.03623418690906724,0.3494451800247019,0.23273215071570494,2.2413712707091467,0.730594019532562,0.24074255048738447,2.649057875175363,0.7493822760516159,4.388914369924726,2.218143479975516,0.018231333214323832,0.6910114058013789,0.031762728412424335,0.041065339979785356,0.026785897171648164,0.12229202339164152,0.015607708784916317,0.012054536037976852,0.0003338344623712138,0.10199337439669465,0.0022765217120632457,0.0818515913928466,0.08697499343984805,0.22828125608266528,0.01614401748083382,0.003951854471837087,0.0031087891525602854,0.0017581696712370715,0.005823829324404685,0.3077084870768565,0.017388185331687497,0.9588895491931537,1.662814437482491e-05,0.006224253930657407,0.17095860121280954,0.2930542723512247,0.32231724844741927,0.03624288135130533,0.5300647648357462,0.16493030143165008,0.9082457802245546,0.6864894115156842,0.025882412118477634,0.2179486551139483,0.00038455794041880955
