aaaaaa,aaaaad,aaaadd,aaaada,aaadda,aaaddd,aaadad,aaadaa,aaddaa,aaddad,aadddd,aaddda,aadada,aadadd,aadaad,aadaaa,addaaa,addaad,addadd,addada,adddda,addddd,adddad,adddaa,adadaa,adadad,adaddd,adadda,adaada,adaadd,adaaad,adaaaa,ddaaaa,ddaaad,ddaadd,ddaada,ddadda,ddaddd,ddadad,ddadaa,ddddaa,ddddad,dddddd,ddddda,dddada,dddadd,dddaad,dddaaa,dadaaa,dadaad,dadadd,dadada,daddda,dadddd,daddad,daddaa,daadaa,daadad,daaddd,daadda,daaada,daaadd,daaaad,daaaaa
2.390246188754859,90.500173364896,0.3512633531303694,58.04608263116501,50.18458044205099,0.24952109979612447,43.02810847763703,5.601333034085068,0.35277377261958665,4.387208012792119,0.40463542285176984,12.84549708505486,6.8907557733890235,0.3941619271196735,3.501662329032896,0.0994762483197105,1.3073451018628923,0.0009815307202045412,3.7322324155823754,0.10956986966258343,0.6818999204586977,0.4639807769421009,2.1316974842520313,0.6893306352196644,0.3054505076602738,2.0649606012832464,0.6033434976535028,3.9358644078420006,1.9299497456635024,0.040269348876383865,0.7624837975542907,0.02825889091061098,0.03393158087179932,0.019956128912015494,0.10797259056352912,0.009055980087032277,0.02186477348771433,0.0003552105116930823,0.09920977886977392,0.0031328006339639692,0.04992912855310133,0.0996304875566116,0.19141950116620216,0.014923986121507337,0.019189374956807975,0.0002161407232188924,0.0003192818767982093,0.004357534839395408,0.3085162752087413,0.004169643148596468,0.9022493264713507,0.004253242223073356,0.04029294777140978,0.2450211908272032,0.2872005879025788,0.30030260459715125,0.05132509805935357,0.4014357938505687,0.13333608777282493,0.8070894945296211,0.5893134545192157,0.03155007717717435,0.22752370947821576,0.0004865171934637612
