aaaaaa,aaaaad,aaaadd,aaaada,aaadda,aaaddd,aaadad,aaadaa,aaddaa,aaddad,aadddd,aaddda,aadada,aadadd,aadaad,aadaaa,addaaa,addaad,addadd,addada,adddda,addddd,adddad,adddaa,adadaa,adadad,adaddd,adadda,adaada,adaadd,adaaad,adaaaa,ddaaaa,ddaaad,ddaadd,ddaada,ddadda,ddaddd,ddadad,ddadaa,ddddaa,ddddad,dddddd,ddddda,dddada,dddadd,dddaad,dddaaa,dadaaa,dadaad,dadadd,dadada,daddda,dadddd,daddad,daddaa,daadaa,daadad,daaddd,daadda,daaada,daaadd,daaaad,daaaaa
4.287101148937592,99.59926781141736,1.0478384316765985,63.71149074698028,53.211021832743505,0.21225290956043213,43.79849515761106,5.482068136098717,0.7174228535118107,3.8311673700579987,0.7867733589127818,12.639915279466292,6.500300229387222,0.7169964046309227,3.4506695467802824,0.07411750014808975,1.4689149485680122,0.00011773366156357324,3.858028340902696,0.05863492421975068,0.8211589460324158,0.5893606914783506,2.116852826218677,0.6331364812680008,0.44891965067887063,1.9834338062001577,0.7935204811752898,4.048009258684668,1.9108274817624677,0.06765183927930891,0.7729128490924885,0.03287687677091897,0.03882181750732908,0.02244555644089264,0.1164338195529293,0.012265560368876912,0.030098235319594564,0.0013033752838592734,0.10857645635478394,0.002775755137196711,0.048329277803399365,0.12188598443882938,0.1864374099764561,0.025346563600684564,0.031313886606088574,0.0029373471531958214,2.9539902344733927e-06,0.0016153837159364097,0.34350561540436864,0.005407631386904998,0.9332632507835046,0.0009168781165947447,0.05374197332733379,0.2986872700746026,0.28078487632122223,0.29306269195032814,0.08035881116493859,0.3797970570894869,0.17660337935064446,0.829786043385786,0.5999188901394521,0.04524972759930699,0.23865137523963167,0.0005330758951174552
