aaaaaa,aaaaad,aaaadd,aaaada,aaadda,aaaddd,aaadad,aaadaa,aaddaa,aaddad,aadddd,aaddda,aadada,aadadd,aadaad,aadaaa,addaaa,addaad,addadd,addada,adddda,addddd,adddad,adddaa,adadaa,adadad,adaddd,adadda,adaada,adaadd,adaaad,adaaaa,ddaaaa,ddaaad,ddaadd,ddaada,ddadda,ddaddd,ddadad,ddadaa,ddddaa,ddddad,dddddd,ddddda,dddada,dddadd,dddaad,dddaaa,dadaaa,dadaad,dadadd,dadada,daddda,dadddd,daddad,daddaa,daadaa,daadad,daaddd,daadda,daaada,daaadd,daaaad,daaaaa
5.462430786218035,108.16120206718605,1.4774155311798156,69.66648099406856,56.46960977989287,0.24252875241545305,44.92057697048372,5.507491615345878,0.8936428395677851,3.8783704454275747,1.0417196263757338,12.978494200023066,6.333261912930815,0.9834195920275522,3.5654405708856434,0.0707960679737154,1.6895206705633026,0.0013544606468258531,4.030116282217338,0.040212524551887605,0.9765710266746629,0.730791908587976,2.122508380948465,0.6034795367014018,0.5237308913242045,2.064624822709802,0.9191735578818578,4.252954936734891,1.9234747536385155,0.0907437764395355,0.8050028429649974,0.037507468540055745,0.04445936521440828,0.023467826245444637,0.12707836037682957,0.0138404596952173,0.03802575374064893,0.0029714529111009988,0.11568102397155934,0.0028182245058247335,0.04816951802456353,0.1384698963145072,0.18253919430608495,0.03525797724222765,0.04310062598758371,0.007125801321956087,0.00016532183130325262,0.0006736621270731032,0.3905249862893918,0.004267084113824273,0.9729084465995826,0.0005034571805770232,0.06813598626527531,0.35261172345908054,0.2760868437938651,0.29130910839598634,0.09578053882869937,0.3908313198004651,0.20516949100245724,0.8687820547195045,0.6114106839504759,0.056491795718730746,0.2500112439109516,0.000524025767726802
