aaaaaa,aaaaad,aaaadd,aaaada,aaadda,aaaddd,aaadad,aaadaa,aaddaa,aaddad,aadddd,aaddda,aadada,aadadd,aadaad,aadaaa,addaaa,addaad,addadd,addada,adddda,addddd,adddad,adddaa,adadaa,adadad,adaddd,adadda,adaada,adaadd,adaaad,adaaaa,ddaaaa,ddaaad,ddaadd,ddaada,ddadda,ddaddd,ddadad,ddadaa,ddddaa,ddddad,dddddd,ddddda,dddada,dddadd,dddaad,dddaaa,dadaaa,dadaad,dadadd,dadada,daddda,dadddd,daddad,daddaa,daadaa,daadad,daaddd,daadda,daaada,daaadd,daaaad,daaaaa
9.495216337021903,96.77185201689645,3.6064667003023625,63.73540848084229,39.456579813220785,0.019015393139910138,31.162700172062628,3.9555666602941595,0.41761575201533774,4.064359989793501,1.0701427056401762,10.63494138640493,6.27755475695725,0.4253003216497228,2.4682109615549455,0.0507370070788531,1.1771757378642724,0.0299043286013679,3.090188940475794,0.0010492540757247356,0.36305340384361995,0.28069639599340007,1.5550141053271416,0.4239709422129919,0.3616605896761726,1.8930542837142965,0.8851378791153144,3.46006327207611,1.6058440914719692,0.042356261310681195,0.4999264757002522,0.031710918752054125,0.038897403187118054,0.025565888795729262,0.10444731026854408,0.019526956770993382,0.017364201675115522,9.947203424896044e-05,0.08487618352215381,0.000839522602840348,0.06261725587809663,0.09160945536467535,0.16371578372568002,0.029374549399079672,0.010881316952014587,6.803164943222315e-05,0.00010567800466357587,0.0006181879417009674,0.2751944482446485,0.01997552210623039,0.7461807483465178,0.008097787221868715,0.009719593346105292,0.183693781516896,0.1925811160781348,0.21606527457505464,0.062311994007917364,0.3712473467158734,0.196496121032488,0.7172404743643573,0.5251580015160319,0.03807016193604025,0.17134789340242423,0.00027537301344666634
