aaaaaa,aaaaad,aaaadd,aaaada,aaadda,aaaddd,aaadad,aaadaa,aaddaa,aaddad,aadddd,aaddda,aadada,aadadd,aadaad,aadaaa,addaaa,addaad,addadd,addada,adddda,addddd,adddad,adddaa,adadaa,adadad,adaddd,adadda,adaada,adaadd,adaaad,adaaaa,ddaaaa,ddaaad,ddaadd,ddaada,ddadda,ddaddd,ddadad,ddadaa,ddddaa,ddddad,dddddd,ddddda,dddada,dddadd,dddaad,dddaaa,dadaaa,dadaad,dadadd,dadada,daddda,dadddd,daddad,daddaa,daadaa,daadad,daaddd,daadda,daaada,daaadd,daaaad,daaaaa
5.623836304261712,92.0683046938888,1.8205111823925515,58.988109161606964,46.17490655935981,0.18683004203703923,36.21098310775323,4.501743987591795,0.9397230797239453,2.899042018225018,0.9331149120894829,10.801190742089277,4.827421994148891,1.0058987555557715,2.8728874130258584,0.05738021841175029,1.477215951725853,0.001208002403834749,3.461588583474028,0.03177639961921935,0.8800709041099297,0.6846969377003203,1.7321741101666834,0.4888820133918429,0.48721794770323523,1.6467828544181193,0.7795396523228828,3.589900951013712,1.5202189120885174,0.08774886531382457,0.6474166128798419,0.03475683731819833,0.03776590754736946,0.021010208303747283,0.10733167021555738,0.012945881521382374,0.03184530841825445,0.002656467158011143,0.09328593520329546,0.0018373409313181563,0.03857939508437239,0.12138472892640893,0.15403323243441092,0.030379877258581087,0.039618951548204315,0.00813587453049105,2.9311729810022973e-05,0.0006485268723574072,0.33959083058714473,0.003329415144062141,0.8343526672665326,0.0005771099613894622,0.06486123189799044,0.32036419412528544,0.22326148502735021,0.23900265357851855,0.09050081362190658,0.30992773267947965,0.17413360203748326,0.7347410654937362,0.49032436759888476,0.05302487499920515,0.20478311468141427,0.0005627060321653376
