aaaaaa,aaaaad,aaaadd,aaaada,aaadda,aaaddd,aaadad,aaadaa,aaddaa,aaddad,aadddd,aaddda,aadada,aadadd,aadaad,aadaaa,addaaa,addaad,addadd,addada,adddda,addddd,adddad,adddaa,adadaa,adadad,adaddd,adadda,adaada,adaadd,adaaad,adaaaa,ddaaaa,ddaaad,ddaadd,ddaada,ddadda,ddaddd,ddadad,ddadaa,ddddaa,ddddad,dddddd,ddddda,dddada,dddadd,dddaad,dddaaa,dadaaa,dadaad,dadadd,dadada,daddda,dadddd,daddad,daddaa,daadaa,daadad,daaddd,daadda,daaada,daaadd,daaaad,daaaaa
9.509656302316825,96.84432338753145,3.514315589749553,64.18534932650624,38.69156369821412,0.006313390054328551,31.68802298102122,4.162598180597347,0.2059920032286695,4.920837212278092,1.0007250014512192,10.84954699881748,7.267075886585974,0.21403379589111013,2.508175955712372,0.058873768269410424,1.083753599270353,0.04755835908192328,3.0388506250015235,0.0018937245034944782,0.2333455543019552,0.17066014795817,1.6149359740152214,0.4574686641617473,0.2806168138630272,2.093542683325796,0.8838954295960503,3.4554282260888454,1.733607154333256,0.024514901952144962,0.4904853306061943,0.02964131666386724,0.03892379035132646,0.026009599373969086,0.10315132256699018,0.020505485035985774,0.012088795062731115,0.0001222029255965865,0.08562174167025549,0.000921919425479991,0.0749322115329572,0.07847492435219612,0.1725819490070531,0.026126066521734537,0.004055272616565876,0.0010800053519425458,0.00040568224921142736,0.0012450193911740968,0.2564473675377159,0.02588342082875978,0.7364033344251377,0.009391633745742003,0.0018126918266777702,0.13939402166116457,0.20182309548204935,0.22614061815183298,0.04552928060324232,0.4178737423463235,0.19593560881169833,0.7187981389584654,0.5600136433811603,0.02942282017307043,0.1681140355151899,0.00021734827318887088
