aaaaaa,aaaaad,aaaadd,aaaada,aaadda,aaaddd,aaadad,aaadaa,aaddaa,aaddad,aadddd,aaddda,aadada,aadadd,aadaad,aadaaa,addaaa,addaad,addadd,addada,adddda,addddd,adddad,adddaa,adadaa,adadad,adaddd,adadda,adaada,adaadd,adaaad,adaaaa,ddaaaa,ddaaad,ddaadd,ddaada,ddadda,ddaddd,ddadad,ddadaa,ddddaa,ddddad,dddddd,ddddda,dddada,dddadd,dddaad,dddaaa,dadaaa,dadaad,dadadd,dadada,daddda,dadddd,daddad,daddaa,daadaa,daadad,daaddd,daadda,daaada,daaadd,daaaad,daaaaa
8.753017287175783,98.89896700346583,2.708426706082861,67.49303436741354,38.79489538240717,0.0024977256895187447,30.529074095439178,3.6197893208390393,0.05111767540899115,6.0727690283483415,1.1433906039371964,10.484152482120786,7.925293024476689,0.12836307402550878,2.5817439365911956,0.06045632348574817,1.0410821303403415,0.05656489955454551,2.7393891319301,0.017361494355269947,0.17449822427560013,0.12017130412623968,1.4558271912890417,0.37042023140555674,0.1960324352653328,2.375843282050963,0.9312998303239015,3.3956072798740706,1.8328617800629743,0.01686227875297975,0.5061061672718452,0.02960650744506823,0.0392692714418134,0.026071100772485447,0.0969615165841916,0.023756584893167097,0.010369913017876846,0.0003869911252143106,0.07813510958621851,0.0002559081708439316,0.09118353761437485,0.06429919084152158,0.16118908523654646,0.03138015963242289,0.0017992904005387196,0.003049240370558637,0.00037656327715321786,0.0012667639747442972,0.24898245022883894,0.028819946954082847,0.6704376857713019,0.019100724116271697,9.399616149700399e-05,0.11753825255699962,0.17464496878764346,0.19694869849910462,0.028929565552394593,0.48013683802856744,0.20482101454371945,0.7088405480575299,0.5857792871618528,0.025151951950111676,0.17244795725377338,0.000151973885751836
