aaaaaa,aaaaad,aaaadd,aaaada,aaadda,aaaddd,aaadad,aaadaa,aaddaa,aaddad,aadddd,aaddda,aadada,aadadd,aadaad,aadaaa,addaaa,addaad,addadd,addada,adddda,addddd,adddad,adddaa,adadaa,adadad,adaddd,adadda,adaada,adaadd,adaaad,adaaaa,ddaaaa,ddaaad,ddaadd,ddaada,ddadda,ddaddd,ddadad,ddadaa,ddddaa,ddddad,dddddd,ddddda,dddada,dddadd,dddaad,dddaaa,dadaaa,dadaad,dadadd,dadada,daddda,dadddd,daddad,daddaa,daadaa,daadad,daaddd,daadda,daaada,daaadd,daaaad,daaaaa
2.86811502277103,89.16204096948385,0.3509817223769051,59.229875819371664,46.02407581913575,0.09484070133133524,39.612887336087944,4.875374747144794,0.07253861684273588,5.73451096831527,0.5912650463899009,11.569266578948008,8.215306854223373,0.11710982813442353,3.2175005765805906,0.08115373665136409,1.0663429850808155,0.006992782879527705,3.071055770083757,0.02086041801936329,0.3326114694399379,0.1970331112049341,1.9079099171109282,0.5764295805119536,0.1857726526683925,2.328103484300441,0.6907282565532344,3.585973134477004,2.0542364488588754,0.015858524416585494,0.6920568806075792,0.02453821989332952,0.03344165319146544,0.0200688395354045,0.09573583419599442,0.012789955596099913,0.013936342401753307,0.00010044134435392586,0.09226912892046685,0.0019499540893968164,0.07271287270558166,0.07032518854491084,0.17504784228915649,0.018780655078301695,0.005527913168489811,0.0020565675158461146,0.00016377316150410786,0.0032603255118886943,0.25787534580598637,0.0120073736092513,0.7513411413601853,0.00034751753441775526,0.007690664740786257,0.1465131026174394,0.2522707180770693,0.2626818070129107,0.02748590675794059,0.4658668078621301,0.15170760639793895,0.7405427831401754,0.6249785298891901,0.020180696266527076,0.2118537481407245,0.0002908281934309409
