aaaaaa,aaaaad,aaaadd,aaaada,aaadda,aaaddd,aaadad,aaadaa,aaddaa,aaddad,aadddd,aaddda,aadada,aadadd,aadaad,aadaaa,addaaa,addaad,addadd,addada,adddda,addddd,adddad,adddaa,adadaa,adadad,adaddd,adadda,adaada,adaadd,adaaad,adaaaa,ddaaaa,ddaaad,ddaadd,ddaada,ddadda,ddaddd,ddadad,ddadaa,ddddaa,ddddad,dddddd,ddddda,dddada,dddadd,dddaad,dddaaa,dadaaa,dadaad,dadadd,dadada,daddda,dadddd,daddad,daddaa,daadaa,daadad,daaddd,daadda,daaada,daaadd,daaaad,daaaaa
7.29922010924984,93.67935572519005,1.8635595166475467,65.6979669093775,35.218910313368305,0.0003122228079755427,27.664529198382382,3.2110277742477282,0.06864186956982321,7.946413378077935,0.9642185677510751,9.980829642109905,8.75787201798591,0.007107470081769962,2.576430332689457,0.08546908219424837,0.8953336039060782,0.06695206377888484,2.385405817876455,0.028279276667967427,0.0694521800165973,0.03726248070414102,1.2878892580245929,0.3190885246724524,0.06723985337033077,2.743636122214985,0.844900423398707,3.1838310065860824,1.8807436239018052,0.0031809051163422574,0.4759801277211339,0.027182874733520764,0.03619623966173602,0.026862208765083245,0.0864024562012878,0.02615125371021407,0.004760700505772706,0.0015761428840817776,0.0639434804233099,0.00018429087658990877,0.11665276072705674,0.03929734370139344,0.15671383876025355,0.027658638173873155,0.00011879492694904447,0.011786586727537478,0.0013899827466652113,0.0034117618953473953,0.21567891619648522,0.03263208759563186,0.5849649922941135,0.024575248512247152,0.0037827237011977674,0.07042108299098891,0.15127407287652972,0.17484746214022387,0.006968103796741988,0.5622401276279124,0.18670167640315452,0.6630765202446408,0.5910180432497203,0.01402793393168453,0.16163749291388407,0.00014039236970676665
