aaaaaa,aaaaad,aaaadd,aaaada,aaadda,aaaddd,aaadad,aaadaa,aaddaa,aaddad,aadddd,aaddda,aadada,aadadd,aadaad,aadaaa,addaaa,addaad,addadd,addada,adddda,addddd,adddad,adddaa,adadaa,adadad,adaddd,adadda,adaada,adaadd,adaaad,adaaaa,ddaaaa,ddaaad,ddaadd,ddaada,ddadda,ddaddd,ddadad,ddadaa,ddddaa,ddddad,dddddd,ddddda,dddada,dddadd,dddaad,dddaaa,dadaaa,dadaad,dadadd,dadada,daddda,dadddd,daddad,daddaa,daadaa,daadad,daaddd,daadda,daaada,daaadd,daaaad,daaaaa
4.163413481905748,89.47976626675941,1.2267260174198678,56.72286351849757,45.96090703840684,0.20312022972900168,38.49959385920891,5.197868681895859,0.5737776169306384,3.552254408911559,0.46515868053449216,12.251701343390641,5.878387091031304,0.5551130543966292,3.1346138431855954,0.09299111853003182,1.3125822910738012,6.700237202352434e-06,3.737059790760983,0.09086033119620665,0.7069231605737835,0.5202364038299582,1.9550066472889436,0.6267136708185611,0.37890673006203807,1.8028551028070234,0.6258240438940443,3.7745323692719466,1.677416887922116,0.05346481921119967,0.6567652404151205,0.030042578738698495,0.03442623718952466,0.02134210310592689,0.10955006876727363,0.009986079429446428,0.022380919657498225,0.0006629196212223339,0.09313217881974148,0.0026038829515551694,0.04310115639444214,0.10767927707727899,0.1867948480230113,0.015571905316389216,0.02231516600605405,0.0013485193004010073,0.0005931099552423727,0.0036697899404049905,0.3057301464972572,0.005392749040520517,0.897429660171935,0.003424900954874293,0.044249187752061506,0.2618276129649762,0.2594525068565352,0.27826033828817004,0.06684236002508662,0.3467201635058734,0.1391815647210082,0.7749593530021316,0.5263986075809346,0.03850464388052184,0.20251992103171745,0.00045956373493419344
