aaa,aad,add,ada,dda,ddd,dad,daa
318.95714520369967,15.19128520078872,5.42147975100059,1.200675998274007,0.2593825802252929,0.15035371593959232,0.062408526708323975,0.01897008638159598
