aaa,aad,add,ada,dda,ddd,dad,daa
317.25289230765776,18.486578891278487,4.6770035024931715,1.1378133676571711,0.24377792290294167,0.13580033451463647,0.060046466747091305,0.0187640747732906
