aaa,aad,add,ada,dda,ddd,dad,daa
287.37079686490637,11.483228827572145,4.345831538213386,1.1254722632463339,0.22903079274097,0.14234215767295788,0.05262553618573117,0.01771957371061618
