aaa,aad,add,ada,dda,ddd,dad,daa
373.7918759770452,21.294689303674893,6.510783193781064,1.3563628570642745,0.30953289731746075,0.16858026269052967,0.07517761357951713,0.022750527465243437
