aaa,aad,add,ada,dda,ddd,dad,daa
350.96089182686956,15.358463630631894,6.288547987603664,1.3436514196735712,0.27635203239067996,0.17642826720248928,0.07066501389787877,0.021317943126746924
