aaa,aad,add,ada,dda,ddd,dad,daa
322.3992234802906,19.003071266750506,5.2067438151961225,1.1700200856145953,0.26812743766734376,0.14065829900397184,0.06279517706138556,0.01972031286428999
