aaa,aad,add,ada,dda,ddd,dad,daa
355.1449591656693,15.221613394136053,6.704418553700863,1.3841843423152855,0.27978896080102,0.19351875799220966,0.06970367487419198,0.022926070699742025
