aaa,aad,add,ada,dda,ddd,dad,daa
342.18837229602303,18.37019948108094,6.250592469074767,1.2374951073426181,0.27356629911562996,0.1583740801699167,0.07097389799540978,0.02064792128384733
