aaa,aad,add,ada,dda,ddd,dad,daa
295.19585379205637,17.597100320024822,4.403638291149729,1.0964051861569466,0.25284286421344837,0.12632743878151934,0.05390386912431375,0.017849768435237025
