aaa,aad,add,ada,dda,ddd,dad,daa
325.15720793172454,16.186937321831884,4.270055622459796,1.2846832789076417,0.2807406012049007,0.14100929182245145,0.05443390514809606,0.01861005665606942
