aaa,aad,add,ada,dda,ddd,dad,daa
345.8513613803857,13.789805503264722,5.04355041088727,1.3866704956736902,0.27365411288004304,0.17145769827219276,0.061645883960685884,0.021321634724976727
