aaa,aad,add,ada,dda,ddd,dad,daa
275.90340822710334,12.438030035536402,4.275014466961149,1.0854708251256557,0.23859829982305525,0.12873951681128923,0.05009510793902725,0.01626400176639095
