aaa,aad,add,ada,dda,ddd,dad,daa
349.92251824322767,16.51508445644166,6.2878972414330825,1.329503692074962,0.2919091017226986,0.169263769119268,0.06916339790500295,0.020930885490783598
