aaa,aad,add,ada,dda,ddd,dad,daa
315.9478236765248,14.509509580736038,6.103082702458522,1.2347052473168296,0.27017025695652397,0.19350153008097673,0.059971358997020614,0.02380760859288277
