aaa,aad,add,ada,dda,ddd,dad,daa
362.9166261792506,16.485838480157224,7.580555633720106,1.4031832506777147,0.31300222979051256,0.19539896583923935,0.07479550893652338,0.022612919437965808
