aaa,aad,add,ada,dda,ddd,dad,daa
314.62496356810647,12.609965960330058,5.12073801281976,1.2534599064763108,0.25832246082925864,0.16512765379685324,0.05852059447807835,0.020328573850102463
