aaa,aad,add,ada,dda,ddd,dad,daa
284.7467157129122,15.503988626590008,4.7645894794102395,1.0503880892744992,0.23719831205705055,0.12856400623812236,0.05564924187214145,0.017121016080596473
