aaa,aad,add,ada,dda,ddd,dad,daa
305.2879421943528,14.339875498824611,4.53147658660931,1.1347582401759992,0.23144439590659352,0.137136561467083,0.05746502412798536,0.01775355893857319
