aaa,aad,add,ada,dda,ddd,dad,daa
292.66866765833254,15.366733385908637,4.079145707323546,1.1145643386234216,0.2491779443782671,0.12707176932469347,0.05184924636943521,0.017216364220189396
