aaa,aad,add,ada,dda,ddd,dad,daa
282.16592303321653,15.946719186214079,4.353790822542954,1.0391872177049173,0.23499040645027544,0.12317209532997342,0.05340779319397903,0.016979548327623665
