aaa,aad,add,ada,dda,ddd,dad,daa
326.47697090272754,14.787039936290611,5.990183515055425,1.2005203075613171,0.252665001494963,0.16160721901328046,0.06867618563379405,0.019780121315517426
