aaa,aad,add,ada,dda,ddd,dad,daa
299.15465271150305,18.846732161516837,4.961797589729953,1.087067677498691,0.24409714526251647,0.1298389585895469,0.05844805446649385,0.01822835555351135
