aaa,aad,add,ada,dda,ddd,dad,daa
334.81686114851516,21.576623349382917,5.494492239169277,1.1701892281291482,0.26321262903806425,0.1435717713941062,0.06709531483543897,0.020653184608308606
