aaa,aad,add,ada,dda,ddd,dad,daa
303.9422114458276,16.766191872229523,4.713563776502537,1.1385129093070878,0.25946248227994284,0.13327565039976108,0.05667830312150994,0.018236662011584106
