aaa,aad,add,ada,dda,ddd,dad,daa
332.4030437543894,15.32791847618502,5.524827179451739,1.2578650614222366,0.2686817198450944,0.15713689858846455,0.06436181361454041,0.019782927811472627
