aaa,aad,add,ada,dda,ddd,dad,daa
320.08658517410504,13.386373663023903,4.877906511587598,1.284264280623686,0.25991546472250926,0.15573973180895093,0.05749898806179573,0.019033483208496682
