aaa,aad,add,ada,dda,ddd,dad,daa
304.1538670724334,27.978249426067574,2.036421078114233,0.9074756692030933,0.053790341252536296,0.08670504607945075,0.01761062773557426,0.01833940103421862
