aaa,aad,add,ada,dda,ddd,dad,daa
253.83478126792883,36.822306572437185,1.9038119651028804,0.816207489067942,0.046970430202520556,0.0795921115160158,0.014464643704660052,0.01620842434297878
