aaa,aad,add,ada,dda,ddd,dad,daa
240.6237710397774,27.853251092392526,1.642899060080245,0.7276067542167742,0.04282264311065333,0.07136615639991886,0.013095095555809625,0.014316266646720545
