aaa,aad,add,ada,dda,ddd,dad,daa
284.12284848464986,39.92765084070067,2.047938306146147,0.8853209642287383,0.050805211303948286,0.08746565307231798,0.01526032842061527,0.017346826762084093
