aaa,aad,add,ada,dda,ddd,dad,daa
262.26677570841605,34.166600569102066,1.857414894005567,0.8057726369277459,0.04988956001087375,0.0830199503628385,0.014025489339748957,0.01626284840865046
