aaa,aad,add,ada,dda,ddd,dad,daa
256.1693037860199,25.28802396870055,1.7287474735422483,0.7449893782613155,0.044162014661818544,0.07227924060890457,0.013716734298509593,0.014749277672855367
