aaa,aad,add,ada,dda,ddd,dad,daa
296.5382544183538,19.110228587084666,1.8514969081860642,0.8485648988131946,0.051935607559428935,0.08532559452258304,0.016298731721217038,0.0169066890185058
