aaa,aad,add,ada,dda,ddd,dad,daa
279.25239482389145,21.455885414573167,1.7824234990444192,0.7960469501007009,0.04885801494886702,0.07944451893545373,0.014835706348098736,0.01581810578857123
