aaa,aad,add,ada,dda,ddd,dad,daa
257.23533527799907,36.109982209705755,1.8700097181212676,0.8054360680766682,0.046644820457054016,0.07818904683931814,0.014198747362607773,0.01563832355370099
