aaa,aad,add,ada,dda,ddd,dad,daa
251.3900888530763,16.873750991391468,1.6291844151555612,0.71344949723767,0.04275657068239912,0.06918142287948009,0.013994467219306804,0.014399037769426328
