aaa,aad,add,ada,dda,ddd,dad,daa
244.18747639000586,30.56049984245838,1.716268201966455,0.7653398559545783,0.046626927378177016,0.07813696095680064,0.013899640852364182,0.015570463029227991
