aaa,aad,add,ada,dda,ddd,dad,daa
260.0903149999191,33.98441170669792,1.847804403459971,0.817593629200353,0.048978006066171156,0.08274993913587426,0.014634909202443726,0.01648117340210969
