aaa,aad,add,ada,dda,ddd,dad,daa
271.9436440331076,25.384925785899828,1.7969302440234873,0.8268474823603172,0.05155882039675727,0.07961173710593478,0.015843451546207303,0.016675225239114383
