aaa,aad,add,ada,dda,ddd,dad,daa
259.2452970621098,23.172617416064615,1.6888581523926474,0.7628186670756937,0.046176450818913306,0.0750012371660427,0.014241042192501389,0.015204426408308835
