aaa,aad,add,ada,dda,ddd,dad,daa
235.5924533204843,25.896211718603237,1.5432470691072613,0.6931726286128682,0.041653852832720384,0.07098127826833489,0.012015370164397927,0.013668954130572529
