aaa,aad,add,ada,dda,ddd,dad,daa
259.47874799490575,39.51893083438488,1.9500037138666837,0.8237975080645323,0.04679351329228228,0.08089030761107122,0.01410901251328237,0.016087608201114843
