aaa,aad,add,ada,dda,ddd,dad,daa
255.66825367272344,36.099042543583444,1.8391545047518856,0.7896918971826884,0.04549212251166269,0.07788466146725152,0.013610149294682404,0.015203182036847892
