aaa,aad,add,ada,dda,ddd,dad,daa
300.7148587330221,45.13046399218558,2.32927661046208,0.9864960392027882,0.05706948968483577,0.09558407722690036,0.017761455798665945,0.019555373416998558
