aaa,aad,add,ada,dda,ddd,dad,daa
270.78488112254433,25.170964845147537,1.8205327032511671,0.8099381516426764,0.04874924689506291,0.07696277399805174,0.015602878232423317,0.01631347337640944
