aaa,aad,add,ada,dda,ddd,dad,daa
272.48845363703606,27.16821436027078,1.8463775456539617,0.8109431090785947,0.04785099615664467,0.077793290058272,0.015309370824687288,0.01616717548992477
