aaa,aad,add,ada,dda,ddd,dad,daa
274.9393161205338,36.65997243671477,2.0533892477797444,0.8861009130808493,0.05339660041281852,0.08864534742545281,0.01647034229720381,0.018179679038647804
