aaa,aad,add,ada,dda,ddd,dad,daa
304.10615805741355,37.36454795307024,2.1061503243206126,0.938819567732188,0.05562616549184324,0.09457909142770077,0.016658664759615475,0.018960157705310617
