aaa,aad,add,ada,dda,ddd,dad,daa
263.8702777436133,24.681476476790905,1.7261984633724308,0.7868393158748385,0.047200102637484254,0.07702239314090033,0.01471823577501253,0.01583957262627789
