aaa,aad,add,ada,dda,ddd,dad,daa
270.84404946147504,34.25315531148747,1.8912525687129562,0.8470231315364628,0.05217978360313112,0.08645428836227931,0.015245832637285782,0.016988810883404166
