aaa,aad,add,ada,dda,ddd,dad,daa
234.96570863314025,31.576842446582233,1.651777423596374,0.7179463854584213,0.04172260776866466,0.07190155288534299,0.012345085678104816,0.013912688516063854
