aaa,aad,add,ada,dda,ddd,dad,daa
269.39679330272287,34.0326714694068,1.8811739776527354,0.8396660043472662,0.052553341768738396,0.08740349576078217,0.015164266853596084,0.016879707712006843
