aaa,aad,add,ada,dda,ddd,dad,daa
255.8466098886034,36.52275319629759,2.2873730886021417,1.146348507765779,0.11240536110357842,0.0861697734266882,0.09625496442910234,0.012363086424847984
