aaa,aad,add,ada,dda,ddd,dad,daa
269.8146398100404,32.76048712459476,1.7736071250419816,1.1839571620576044,0.1204431314548033,0.0953538378357932,0.09687695580759528,0.012052694613341325
