aaa,aad,add,ada,dda,ddd,dad,daa
271.2779650480804,45.53680910718502,3.242847142515034,1.2552622671178808,0.12200978570295253,0.09291674870741061,0.10839407624199288,0.014380369282574761
