aaa,aad,add,ada,dda,ddd,dad,daa
246.95124021301146,46.3950894102617,3.9237978636825583,1.1428783867554286,0.11523322828841241,0.0895730919748834,0.10448620619036676,0.014105327192686801
