aaa,aad,add,ada,dda,ddd,dad,daa
242.10586708369758,33.6128853789231,2.072838812974368,1.0827777949070123,0.10838976784501468,0.08412700461022847,0.09322264369708153,0.010798949727889159
