aaa,aad,add,ada,dda,ddd,dad,daa
241.98731649235282,32.81292555332565,2.1892700124956015,1.0784772475038038,0.10713368811113345,0.07821216946632825,0.08838846962237443,0.013824935305635272
