aaa,aad,add,ada,dda,ddd,dad,daa
265.04767007303894,32.967922852967256,1.9595548104452043,1.1696504489889938,0.11886018015227816,0.0917977105635494,0.09828885541751385,0.01220429374003499
