aaa,aad,add,ada,dda,ddd,dad,daa
225.3216350268721,32.308639148491935,2.1349501667216084,1.000607604435119,0.09785236145202511,0.07379529024890279,0.08656437998193105,0.01082456913997754
