aaa,aad,add,ada,dda,ddd,dad,daa
263.74088492782596,40.91313555047214,2.823082436022976,1.2001068575902907,0.11707593691896619,0.08741591716259532,0.10027093563502447,0.015391138351978691
