aaa,aad,add,ada,dda,ddd,dad,daa
239.40543046271642,32.87670471193976,1.9516661792354848,1.0741613946785868,0.10822209926113865,0.08464591255671096,0.09049788574985299,0.010916470984964876
