aaa,aad,add,ada,dda,ddd,dad,daa
273.08342336768135,31.610346458793526,1.7014040083355704,1.1842607520426482,0.11975611847793302,0.09080327343944666,0.09056486919739501,0.014082872413476229
