aaa,aad,add,ada,dda,ddd,dad,daa
231.54528158217627,33.66792195771475,2.4676240367597777,1.0422984736429481,0.10212957999845997,0.0744435227410259,0.08889835895481919,0.01307247346811383
