aaa,aad,add,ada,dda,ddd,dad,daa
272.87723132604987,41.16443514412654,2.7402021692761727,1.2415128675720222,0.12439932014871606,0.0944490995451582,0.10688699163281894,0.013719808644330495
