aaa,aad,add,ada,dda,ddd,dad,daa
240.7309085538006,40.75761817295861,3.2040292715188987,1.1002065418730396,0.11027592843365114,0.08372776296031714,0.10001920636256259,0.012860452956633803
