aaa,aad,add,ada,dda,ddd,dad,daa
237.00868631762827,29.170730871121425,1.7546249507770757,1.037067939842251,0.10553890496227704,0.08221354243390103,0.09048187323370255,0.009648795658858046
