aaa,aad,add,ada,dda,ddd,dad,daa
272.25049650622935,36.757801049817736,2.381018957090048,1.216224076705486,0.12197881806850118,0.08993000660073582,0.0980029518223697,0.015656369446304944
