aaa,aad,add,ada,dda,ddd,dad,daa
254.06511311261644,38.99911649560213,2.427162056245387,1.165414307534689,0.1177768499652402,0.09107830897435214,0.09696635111576261,0.012935350896381433
