aaa,aad,add,ada,dda,ddd,dad,daa
228.3442538065245,26.071066162683902,1.378262277913114,0.990946867895862,0.10309313143406044,0.07913466989290206,0.07696359009116885,0.011481731037003298
