aaa,aad,add,ada,dda,ddd,dad,daa
222.37665858374712,30.763377254478335,2.068521504963792,0.9885705493484888,0.09669901804742562,0.07092118070822567,0.08229417192338694,0.012342337508305608
