aaa,aad,add,ada,dda,ddd,dad,daa
256.49915058741306,36.55434600143191,2.3405893098273967,1.1602596074839597,0.11699179376203046,0.08954812991571205,0.09855625363567952,0.01276259196665164
