aaa,aad,add,ada,dda,ddd,dad,daa
275.633135624475,45.79424424497631,3.569568076681021,1.2549568176397339,0.12596465357569903,0.0940586813673204,0.11036153680592846,0.01585285058995286
