aaa,aad,add,ada,dda,ddd,dad,daa
272.39163628977565,44.55142368043468,3.508738713530732,1.239740898630863,0.12497215070803429,0.09392157533362075,0.1098049810377544,0.015798830272853486
