aaa,aad,add,ada,dda,ddd,dad,daa
268.50602842149067,45.976865944118614,3.7946401482796306,1.2188509028889245,0.12283063048043327,0.09204255658328063,0.11222529091155385,0.015310241522312112
