aaa,aad,add,ada,dda,ddd,dad,daa
230.6452035988627,31.373362042474323,1.9057932171239456,1.0345856986620128,0.10462122292203715,0.08013543091089777,0.08600987132638206,0.01131584301739341
