aaa,aad,add,ada,dda,ddd,dad,daa
237.22851779881037,33.335917434331655,2.039510775853759,1.068049883980586,0.10698039404806026,0.08104855475441376,0.08597073941471532,0.012601425127319477
