aaa,aad,add,ada,dda,ddd,dad,daa
274.8052929881985,32.81938813592135,2.0451453834164646,1.1960224882630495,0.1192999386159377,0.08946800936207981,0.1005988294053731,0.013107770972634597
