aaa,aad,add,ada,dda,ddd,dad,daa
237.19778250355608,34.29586504924955,2.2507999389558546,1.0739164845433158,0.10745168955789708,0.08046639311412408,0.08858944464831385,0.012970250144986513
