aaa,aad,add,ada,dda,ddd,dad,daa
247.36847498651272,40.665259856588946,3.0908611318241,1.1318698180066498,0.11134604336473938,0.08372052248136702,0.10170443148723958,0.012418315225901961
