aaa,aad,add,ada,dda,ddd,dad,daa
239.62977655203636,33.83833629486513,2.2334648987681858,1.066320226788024,0.10558651513107972,0.07989842536614876,0.09299622243914123,0.01129321672201792
