aaa,aad,add,ada,dda,ddd,dad,daa
247.000689792534,31.191280940769666,1.8721667232895869,1.0929712110480032,0.11061934411559377,0.08445073456191869,0.09057877919225303,0.011989078916806891
