aaa,aad,add,ada,dda,ddd,dad,daa
287.0801074278972,42.10138620475544,3.006690061308959,1.293902972265168,0.12761667843487676,0.09404416711713534,0.11051965361242817,0.016211995413181402
