aaa,aad,add,ada,dda,ddd,dad,daa
261.23506472535195,38.698453931530715,2.6092198678013134,1.1818586664955895,0.11665319828364219,0.0873102293921972,0.09938664549435224,0.014021298878436478
