aaa,aad,add,ada,dda,ddd,dad,daa
250.12731281477897,34.614608130415,2.3508012476058475,1.1096271532311186,0.10919998844027506,0.08091353782638747,0.09544725748701964,0.012845542342964953
