aaa,aad,add,ada,dda,ddd,dad,daa
250.84564839126358,38.29437806575125,2.6158887089470024,1.136417332064424,0.11028307454609577,0.08230976764936437,0.09246761773498026,0.014424195619147345
