aaaa,aaad,aadd,aada,adda,addd,adad,adaa,ddaa,ddad,dddd,ddda,dada,dadd,daad,daaa
77.51543856296614,185.40963036631214,48.692788293915136,7.283686426267208,1.3375618344016345,2.6274290491287005,1.408550728710918,0.33245101113193437,0.1604201890266362,0.04833883794540057,0.39860584098534524,0.530878066269362,0.05263337952181813,0.4373972157476819,0.060070848868637824,0.07251854717019014
