aaaa,aaad,aadd,aada,adda,addd,adad,adaa,ddaa,ddad,dddd,ddda,dada,dadd,daad,daaa
81.7225855396054,180.51667487338855,48.657257482098636,8.386238679926969,1.811419362955205,2.2533305974753395,1.6772127220258417,0.3505600825469685,0.1728194744937346,0.046436392807445756,0.40598448277821014,0.5830667485953028,0.04765637068665386,0.4404537835869968,0.07419585713448672,0.07727119844030551
