aaaa,aaad,aadd,aada,adda,addd,adad,adaa,ddaa,ddad,dddd,ddda,dada,dadd,daad,daaa
89.54255120067204,209.23506263506104,57.98842459706462,8.174427389586508,1.7105226679362802,3.049681451277523,1.748595571239665,0.36058726367619415,0.20135992290113885,0.05530038778557877,0.44896669260401234,0.635263391742505,0.07094088205764633,0.517365629437746,0.07692146571780945,0.08103291581106312
