aaaa,aaad,aadd,aada,adda,addd,adad,adaa,ddaa,ddad,dddd,ddda,dada,dadd,daad,daaa
74.6162408053966,163.81583266653746,48.838239210674026,7.757118652682664,2.089014718082848,2.193703897264835,1.6723064826180765,0.3123576731575595,0.16778733330086987,0.04530528789866951,0.34464618023048554,0.6047004100742233,0.059776537123975085,0.42397172773208397,0.07295870520156697,0.06788861563294997
