aaaa,aaad,aadd,aada,adda,addd,adad,adaa,ddaa,ddad,dddd,ddda,dada,dadd,daad,daaa
83.16364420354921,195.19457466764456,52.44678430623331,7.970257695283158,1.5591118507619577,2.6988528775743577,1.592742918347208,0.3565829455488056,0.1754955620850186,0.05103350620661198,0.4240935317994332,0.5819210395932027,0.0546783242162007,0.4686500788852829,0.06844533235775048,0.07795633538470002
