aaaa,aaad,aadd,aada,adda,addd,adad,adaa,ddaa,ddad,dddd,ddda,dada,dadd,daad,daaa
88.74382043572433,192.3622531527694,57.93123669746272,10.231925881642013,2.8793662495130827,2.4681992575786853,2.0881956661030636,0.3902514660869841,0.19741709943342756,0.05403378373409512,0.3986143666781317,0.7687740603598066,0.07340249839770274,0.4982675351130783,0.08963604665048447,0.08347717094084192
