aaaa,aaad,aadd,aada,adda,addd,adad,adaa,ddaa,ddad,dddd,ddda,dada,dadd,daad,daaa
82.9333812144471,191.01895519428257,53.561405013547045,7.811278086922728,1.6887798784700656,2.7061516435324826,1.6716171040081054,0.34238741009012674,0.18340560006521678,0.05067130951679091,0.4129638752021023,0.5971377472889132,0.06113272015713417,0.47568663799465266,0.07315145746019458,0.07604302463428331
