aaaa,aaad,aadd,aada,adda,addd,adad,adaa,ddaa,ddad,dddd,ddda,dada,dadd,daad,daaa
83.12276502217526,180.30896884087954,52.27253907274375,10.009522906277295,2.633336406851597,2.2265344766617483,1.9324984772419365,0.3818228596490652,0.1771905991797054,0.049938206628446856,0.380209796145843,0.7092346542623605,0.058915807089197844,0.4558316984277327,0.08269740383761234,0.08081157955266696
