aaaa,aaad,aadd,aada,adda,addd,adad,adaa,ddaa,ddad,dddd,ddda,dada,dadd,daad,daaa
84.25024329917676,181.6326234706573,60.08839487904221,12.978598899298014,4.17196743711092,2.433016795115232,2.3210751288041394,0.4193053057405111,0.18718006749598728,0.05749077580576449,0.3330174177455817,0.9374572084155345,0.10560499689843439,0.4866208688140782,0.09327435494967713,0.08323974739722986
