aaaa,aaad,aadd,aada,adda,addd,adad,adaa,ddaa,ddad,dddd,ddda,dada,dadd,daad,daaa
73.09311435170558,155.46176378601092,41.071418519414784,7.147295154909324,1.5344101684072888,1.8962570911658871,1.4512811497326232,0.2920456637493276,0.15661266075081373,0.038976437086300796,0.3592834578500566,0.49396712186127106,0.04269362166018879,0.37792096734147346,0.06632053281188463,0.06639697742406203
