aaaa,aaad,aadd,aada,adda,addd,adad,adaa,ddaa,ddad,dddd,ddda,dada,dadd,daad,daaa
74.7151569540519,161.5123548380789,50.1995504968789,10.79663972420957,3.288528819801801,2.0820715315435905,1.9484050838655873,0.3695219076952422,0.16018840367934473,0.04919530641189156,0.3064044156027944,0.7781290235293248,0.07398143837068201,0.41770260543986604,0.07775375962684399,0.07398423413749095
