aaaa,aaad,aadd,aada,adda,addd,adad,adaa,ddaa,ddad,dddd,ddda,dada,dadd,daad,daaa
70.70556307675207,160.29042339283865,40.595349290808514,6.627132335888706,1.2362670013667552,2.040943922169863,1.2992779242916201,0.28755426304168935,0.15204835145943982,0.039928908325066535,0.36437533517143356,0.46259547556338626,0.04271922527296952,0.3741444843831175,0.05853700347344936,0.06539155119233833
