aaaa,aaad,aadd,aada,adda,addd,adad,adaa,ddaa,ddad,dddd,ddda,dada,dadd,daad,daaa
85.76201708300599,189.38989676816465,55.835329805693185,9.232743150595937,2.4375494040757713,2.477441059148536,1.9287494749240894,0.3708330255337037,0.18980178958383434,0.05217574876353077,0.3978057345759275,0.7027365339030058,0.06475340354903861,0.4854065876957956,0.08324739671407021,0.08003185588183341
