aaaa,aaad,aadd,aada,adda,addd,adad,adaa,ddaa,ddad,dddd,ddda,dada,dadd,daad,daaa
69.0091714456026,152.5060557393997,44.198793069543534,7.619432699926387,1.8255454265290232,1.968594022900171,1.5538162906848343,0.3145117715562221,0.14227591561155573,0.041276166131971936,0.33236493527815303,0.5381174506130662,0.04298485408493305,0.387564625631841,0.06651700397371021,0.06656536111043157
