aaaa,aaad,aadd,aada,adda,addd,adad,adaa,ddaa,ddad,dddd,ddda,dada,dadd,daad,daaa
77.03274643274902,166.85508885652763,48.29612391780953,9.56099926105096,2.6145435506803665,2.06970474487495,1.8430222359956812,0.35637552652860466,0.1656372019649679,0.047150997746295865,0.34577345996023806,0.6847108961165007,0.05593580398634074,0.41922310098655086,0.07808577073591796,0.07529027399577375
