aaaa,aaad,aadd,aada,adda,addd,adad,adaa,ddaa,ddad,dddd,ddda,dada,dadd,daad,daaa
82.76012818508471,182.19799173970864,55.692910929530484,10.265600775786222,2.8819942956418663,2.350255342800569,2.003347142876864,0.3941919934403206,0.17363973808107805,0.05288106065262801,0.3658752574759272,0.755664001660698,0.06538578313958104,0.47018867809833315,0.08219673421133677,0.08045500010676522
