aaaa,aaad,aadd,aada,adda,addd,adad,adaa,ddaa,ddad,dddd,ddda,dada,dadd,daad,daaa
67.44072497835593,157.66815502296566,45.07883603883981,6.672314505153832,1.4755218771215766,2.2521147248377154,1.3733817476794734,0.2968319288051531,0.14010993423457163,0.043081710458283656,0.3295129428948053,0.5099940339719199,0.04645742637318729,0.3925611083396443,0.05712649026462744,0.06308346665541173
