aaaa,aaad,aadd,aada,adda,addd,adad,adaa,ddaa,ddad,dddd,ddda,dada,dadd,daad,daaa
77.43245419439641,161.48317678865092,46.48277024143426,10.259798428761961,2.8525913382324557,1.9643809117648001,1.8448777090386117,0.3477750606379456,0.17345314227521882,0.04531365428365112,0.33434857614350977,0.7041331014935585,0.0697369233016576,0.40847043768741065,0.0799277034127749,0.07455431633180709
