aaaa,aaad,aadd,aada,adda,addd,adad,adaa,ddaa,ddad,dddd,ddda,dada,dadd,daad,daaa
69.86744365633113,152.90456392260256,43.21467460373876,8.211767406859451,1.9826849725500595,1.8784934447895096,1.5737087403529866,0.32699501189637936,0.14240205105342063,0.041536357083993974,0.3314978317474361,0.5607763247315116,0.0410860119211746,0.3813240196522679,0.06694269704417785,0.06865078820118756
