aaaa,aaad,aadd,aada,adda,addd,adad,adaa,ddaa,ddad,dddd,ddda,dada,dadd,daad,daaa
79.99937762850449,188.87530763500473,52.990179890356806,7.277237831039497,1.507478740734722,2.8337564786875196,1.5704045409822978,0.32435678141040797,0.17939511944630077,0.050105069255849476,0.40344128841590843,0.5688769420679316,0.06438273315949052,0.47109432133234125,0.0684025480726364,0.07238786496282922
