aaaa,aaad,aadd,aada,adda,addd,adad,adaa,ddaa,ddad,dddd,ddda,dada,dadd,daad,daaa
65.99606837616194,144.8853629010697,46.36745797562974,8.591147052581444,2.7000586318870305,1.9031276405364472,1.678736479891381,0.3067890017877425,0.14889245050474892,0.04342431138193255,0.2772488142090009,0.6609893610865286,0.07036880859665592,0.38302315643441925,0.06871566999213877,0.06324692531643555
