aaaa,aaad,aadd,aada,adda,addd,adad,adaa,ddaa,ddad,dddd,ddda,dada,dadd,daad,daaa
70.2420697543146,164.06152274051726,43.18044709544922,6.1281842447641495,1.0136348226060599,2.4056746822934163,1.2805318009871942,0.2776088414275726,0.1536533217156278,0.04117540738612378,0.37418137550226455,0.43565987598575523,0.05207109915417837,0.3933381560499678,0.057980564328525795,0.06378230637208174
