aaaa,aaad,aadd,aada,adda,addd,adad,adaa,ddaa,ddad,dddd,ddda,dada,dadd,daad,daaa
76.27260356894084,161.09996174661626,42.470003436230876,7.782943218851015,1.7269646532799543,1.9082122180816237,1.5383206916701433,0.31241990328989067,0.16356331469917346,0.040817063317464604,0.3684098370851724,0.5329705207989064,0.04276167573060825,0.39070328665417003,0.07000381077804292,0.07059060492998645
