aaaa,aaad,aadd,aada,adda,addd,adad,adaa,ddaa,ddad,dddd,ddda,dada,dadd,daad,daaa
69.32495566973338,160.9782436906899,42.62517964456021,6.591093898106871,1.2529208817986266,2.180333358775016,1.3189312211808983,0.29330654359274644,0.14682766355031068,0.041349385883823885,0.3573897665427849,0.47138707669153856,0.04418019869075737,0.38447302772143993,0.057776058728392254,0.06505808548087341
