aaaa,aaad,aadd,aada,adda,addd,adad,adaa,ddaa,ddad,dddd,ddda,dada,dadd,daad,daaa
78.16780231429,174.79415537459786,56.551236717656266,9.343100496187096,2.855862820586371,2.420870084024986,1.8889191203182565,0.36794397173670995,0.16211670957118257,0.053074260223549434,0.32693688719543884,0.7523643365399177,0.07079351728658398,0.4626138612988923,0.07404678455728715,0.07341872532011033
