aaaa,aaad,aadd,aada,adda,addd,adad,adaa,ddaa,ddad,dddd,ddda,dada,dadd,daad,daaa
78.19118880253619,184.82225516773565,46.54037516907858,6.872257064262698,1.129866137214564,2.6065522847788922,1.361595879873514,0.3091511054272724,0.17141582151713583,0.04609220809213326,0.4158543143851984,0.48818962337913474,0.05768019399158699,0.42833986528517626,0.06139782212452432,0.07111967747833361
