aaaa,aaad,aadd,aada,adda,addd,adad,adaa,ddaa,ddad,dddd,ddda,dada,dadd,daad,daaa
80.63645755951354,173.13036038190396,49.74838028436066,9.375582744424795,2.3728810436130834,2.130729079778546,1.8509067423138874,0.3646571264942785,0.17098019378067858,0.0470725955899294,0.37611434400883614,0.6530049027227102,0.05266114556418138,0.43830912950458173,0.08066606492437095,0.07781997924807844
