aaaa,aaad,aadd,aada,adda,addd,adad,adaa,ddaa,ddad,dddd,ddda,dada,dadd,daad,daaa
225.79036745159652,52.712978027038,14.50448574368724,13.722349804822828,5.941761205774967,1.5136166330712124,2.269287855809796,0.8929598409666404,0.001782286823348818,0.007909773816143498,0.01482153085749571,0.014807346720681267,0.25512244621511954,0.019163553537075682,0.15351436714045597,0.012435824396898828
