aaaa,aaad,aadd,aada,adda,addd,adad,adaa,ddaa,ddad,dddd,ddda,dada,dadd,daad,daaa
220.27894802239186,48.16149029415653,16.361697121410856,11.678133417535312,5.125668773744644,1.2960425091837404,2.2062107351541274,0.8420628774176707,0.0014696352700489996,0.006771142066998792,0.013807428385077746,0.011910936757719476,0.20499445187107318,0.013638622957374004,0.14497211033345092,0.012147710464150169
