aaaa,aaad,aadd,aada,adda,addd,adad,adaa,ddaa,ddad,dddd,ddda,dada,dadd,daad,daaa
188.3136246573058,41.224420870222,16.384447376183417,5.764694659236579,3.2587227275661794,1.2570487006067428,1.6540523203562862,0.6074475968182154,0.0014447349139116367,0.0064825679975359304,0.010602992436966517,0.013672822046431702,0.10313661765222602,0.01830567789530107,0.09354820687431804,0.009225849352371073
