aaaa,aaad,aadd,aada,adda,addd,adad,adaa,ddaa,ddad,dddd,ddda,dada,dadd,daad,daaa
231.8525408619436,52.75317244656408,18.426209915581264,6.248371547039034,3.684047813484059,1.6632423912907586,1.8518675360934538,0.7096412449822851,0.001882210675617537,0.008888191746785455,0.013716447206794102,0.015574097064568524,0.11165393508766555,0.0221418760253552,0.10559579947831964,0.010596057986195836
