aaaa,aaad,aadd,aada,adda,addd,adad,adaa,ddaa,ddad,dddd,ddda,dada,dadd,daad,daaa
221.04806767371156,50.67960344309877,15.764983797504186,8.360024552156784,4.182599964378712,1.49020881481444,1.9287084240614263,0.7521776816982169,0.001719342809289714,0.007654581052322567,0.01336656752612391,0.011758511395184322,0.1482742288054642,0.013696801316732954,0.12120162781279194,0.011005230241003257
