aaaa,aaad,aadd,aada,adda,addd,adad,adaa,ddaa,ddad,dddd,ddda,dada,dadd,daad,daaa
225.7774688366426,48.78435394885928,20.353378173269313,7.1535505804021655,4.079547403119066,1.452062809507952,2.030395406333319,0.7378334815624262,0.001698668672230008,0.0075695774921660805,0.012086029349379857,0.018431023805853236,0.1294612010003802,0.023125037836220746,0.11301689754295882,0.011020801380608462
