aaaa,aaad,aadd,aada,adda,addd,adad,adaa,ddaa,ddad,dddd,ddda,dada,dadd,daad,daaa
234.20636054127652,54.436100250044454,12.252484727667412,11.063674993314887,4.397762704351133,1.7475401126773158,1.8669870750939674,0.8595300031360358,0.0020218338534651464,0.008168651641805804,0.015982550577747844,0.005710738842523668,0.17669619283969676,0.014190327472953044,0.1348528093390943,0.01184932694132904
