aaaa,aaad,aadd,aada,adda,addd,adad,adaa,ddaa,ddad,dddd,ddda,dada,dadd,daad,daaa
233.73103490393407,49.523444926058424,21.698297197272904,5.3158207144672796,3.1596563224175527,1.8055908397160494,1.8032311590572374,0.691980813158267,0.0018956595989396083,0.009178497439644728,0.013493299945724855,0.01571543001991259,0.08512161989293776,0.03372479182251192,0.09361993285058659,0.01107543864604078
