aaaa,aaad,aadd,aada,adda,addd,adad,adaa,ddaa,ddad,dddd,ddda,dada,dadd,daad,daaa
210.7431217550106,45.01886822220908,20.48584073299654,7.159550191974694,4.121695375070281,1.2838552993479695,2.0531086859637355,0.7039286166507978,0.0015859249971090547,0.0069026639910505444,0.01137137219362849,0.01995534558608408,0.13402462460662767,0.0236524858334017,0.11316070682306048,0.010716512593980978
