aaaa,aaad,aadd,aada,adda,addd,adad,adaa,ddaa,ddad,dddd,ddda,dada,dadd,daad,daaa
234.26761894001342,51.29131444768534,19.31826550440267,9.621930758811764,4.930333055472293,1.4091362684585789,2.231130802799699,0.828345261469395,0.0017223262688998123,0.0075127818675946425,0.013275627005295129,0.017597208478567484,0.17637895225784747,0.01643585501608777,0.1339332600350734,0.01228476082063847
