aaaa,aaad,aadd,aada,adda,addd,adad,adaa,ddaa,ddad,dddd,ddda,dada,dadd,daad,daaa
201.5465463376527,42.85601600244233,19.084577817242486,6.92419592847778,3.879749947297024,1.2327494829918648,1.938935240351303,0.6752617660450716,0.0015144372145307306,0.006570808497934199,0.01098505960794646,0.01739127315041091,0.12715708574713433,0.020937997070490023,0.10804320772917755,0.010362533824843478
