aaaa,aaad,aadd,aada,adda,addd,adad,adaa,ddaa,ddad,dddd,ddda,dada,dadd,daad,daaa
207.3281471517067,46.62034731896353,8.173824466772656,14.176254220127927,4.411465482950775,1.6974219173377971,1.6716348188936219,0.8879133385358196,0.001540418393031197,0.0073290986813123885,0.018265243123937337,0.005513697617181634,0.2178628121481361,0.03495361832516854,0.13756431197562208,0.01180789550886196
