aaaa,aaad,aadd,aada,adda,addd,adad,adaa,ddaa,ddad,dddd,ddda,dada,dadd,daad,daaa
220.14268938637386,49.08962646044493,16.780869592258057,8.973385321928868,4.262533646521097,1.44850882741934,2.0747809195749185,0.7679605496555094,0.0017487256516270139,0.007296813180621294,0.013753352615239607,0.010613960355166138,0.15626539188275604,0.014784915835818585,0.13133800073865573,0.0116133894158319
