aaaa,aaad,aadd,aada,adda,addd,adad,adaa,ddaa,ddad,dddd,ddda,dada,dadd,daad,daaa
199.7580501683005,45.739976592554065,15.557321582196426,5.260315099193561,3.0828588061183932,1.4594461846608666,1.5746111012737338,0.605099818760656,0.0016158517125714844,0.007615794703257133,0.011635006566318445,0.012390818356117803,0.09306150178969504,0.018725062513061625,0.09080008784228397,0.00909208691688519
