aaaa,aaad,aadd,aada,adda,addd,adad,adaa,ddaa,ddad,dddd,ddda,dada,dadd,daad,daaa
217.07234699324027,49.015445052955094,11.863065016400702,10.045843627007473,4.0062706074701335,1.5507941122556514,1.7668523089158958,0.7902251338544144,0.0016906925639358006,0.007254463762571745,0.013039587373795814,0.004625814983440312,0.16040087550852802,0.011994866740874997,0.12427619615850469,0.011103852399750643
