aaaa,aaad,aadd,aada,adda,addd,adad,adaa,ddaa,ddad,dddd,ddda,dada,dadd,daad,daaa
198.70917820633883,42.365557620894755,15.479197306628084,6.568585329665303,3.2588456319433647,1.3345688653476135,1.6716207064772897,0.6558664962047516,0.0015179316110676563,0.00661060031827724,0.011271215683429191,0.009093063484225805,0.10727218581411505,0.013749243317055496,0.09928209542034937,0.010035285850722026
