aaaa,aaad,aadd,aada,adda,addd,adad,adaa,ddaa,ddad,dddd,ddda,dada,dadd,daad,daaa
206.3166630861289,43.694740443404164,14.085312964347407,6.549160264616566,2.981560424632141,1.485348710255124,1.5382391903263708,0.6747160208022983,0.0015858367977178572,0.006896499147353247,0.011655017368390691,0.005644315606175022,0.09617852443835341,0.011659023424327201,0.09490293622720199,0.010084723637659427
