aaaa,aaad,aadd,aada,adda,addd,adad,adaa,ddaa,ddad,dddd,ddda,dada,dadd,daad,daaa
218.94026801091837,48.75628579808639,16.817138418605044,8.547624514633913,4.326479720000475,1.3912612247276814,1.9775471372695275,0.7591682764743086,0.0016296972619484202,0.007199168862719759,0.012516345261345012,0.013772452062970607,0.15312808655122198,0.014113241727890193,0.12091072000237266,0.011069332269403907
