aaaa,aaad,aadd,aada,adda,addd,adad,adaa,ddaa,ddad,dddd,ddda,dada,dadd,daad,daaa
199.11115043671603,41.689306697886586,19.559748069854646,7.341444485295131,3.9897509582991044,1.1695212426100543,2.0316592443417467,0.6808511961065062,0.0015284547633585654,0.006227054478696377,0.01092823356157813,0.0169608944354346,0.1347266942499667,0.02073800506213603,0.11434633268381786,0.01053876635167486
