aaaa,aaad,aadd,aada,adda,addd,adad,adaa,ddaa,ddad,dddd,ddda,dada,dadd,daad,daaa
229.17342255573556,52.446883401873876,8.760050611994973,16.657085690026097,5.235263298512212,1.9078495091614978,1.8874679523160052,1.007754799901351,0.001683205255979837,0.008963791896919931,0.019164149566012516,0.0063898873409593635,0.2632014919358762,0.0432774242442023,0.15805779854095386,0.013080157647634108
