aaaa,aaad,aadd,aada,adda,addd,adad,adaa,ddaa,ddad,dddd,ddda,dada,dadd,daad,daaa
213.93289490441634,47.00377098560964,15.880418899741919,6.8421926250193765,3.506516578603971,1.4737566552825165,1.7361922994976466,0.6957413372254903,0.0016229374459923657,0.007219903676860587,0.011822054006020105,0.010224715441743141,0.11415478111340668,0.014520819923022801,0.10375751397866813,0.010238632563505464
