aaaa,aaad,aadd,aada,adda,addd,adad,adaa,ddaa,ddad,dddd,ddda,dada,dadd,daad,daaa
235.022392319122,51.33301216123164,16.676201611323442,11.489662776965835,5.024834595008402,1.4676479150730497,2.2356971415596925,0.8742539337426748,0.0017610782968460986,0.007268676835558123,0.014095745646998989,0.010804878326832893,0.1985427445780437,0.013541702191317811,0.14615900931429646,0.012745438135900919
