aaaa,aaad,aadd,aada,adda,addd,adad,adaa,ddaa,ddad,dddd,ddda,dada,dadd,daad,daaa
217.18799547658742,46.06905907423614,18.986220241886148,7.707898702140553,4.089147461974892,1.3379284525614177,2.003501177724946,0.7352227464110097,0.0015864141295490904,0.006852500818935749,0.011626192234943203,0.015464694862918326,0.13631430604374975,0.018338641641505875,0.11459068795052903,0.011021315995876264
