aaaa,aaad,aadd,aada,adda,addd,adad,adaa,ddaa,ddad,dddd,ddda,dada,dadd,daad,daaa
205.54265579868772,47.20129364100197,12.28545525719021,9.808441816873303,4.22483596882083,1.4217729409068172,1.7837264452631763,0.7567430495076618,0.0016181624752526621,0.007010790933142149,0.013388547958418867,0.0073510250141670735,0.16810044281342498,0.012026680977523938,0.12205517680193542,0.010789867977133013
