aaaa,aaad,aadd,aada,adda,addd,adad,adaa,ddaa,ddad,dddd,ddda,dada,dadd,daad,daaa
242.41208016860756,54.29956070671386,13.53587511490771,10.061416935674611,4.030658421499479,1.7907467211147152,1.90961010566944,0.8511174934235114,0.0019275469139739573,0.008156401774618028,0.015268661038979238,0.004544634595516156,0.15490087468440916,0.01215000545360409,0.13291414301495122,0.012342754393853995
