aaaa,aaad,aadd,aada,adda,addd,adad,adaa,ddaa,ddad,dddd,ddda,dada,dadd,daad,daaa
217.95730011655152,48.54981590847711,20.164150454613914,6.782035801261654,4.080664640955461,1.4083302273798837,2.0157646490639065,0.7050592927660508,0.001696480926593532,0.00770110691395701,0.01233011012947728,0.020674561501610112,0.1287097639433356,0.024753775780633258,0.11155747460408819,0.01076450209219125
