aaaa,aaad,aadd,aada,adda,addd,adad,adaa,ddaa,ddad,dddd,ddda,dada,dadd,daad,daaa
226.48023942421062,51.11776057658118,11.669676970820188,13.068468995970466,4.848571919917573,1.6436309127498887,1.9632123491435913,0.8916820546328366,0.00175911231809687,0.0076902913979828525,0.015207641903379025,0.00587333514161412,0.21299246943990122,0.019017204403934708,0.1432990093754502,0.012341101393209642
