aaaa,aaad,aadd,aada,adda,addd,adad,adaa,ddaa,ddad,dddd,ddda,dada,dadd,daad,daaa
207.9390457741619,41.28920845846851,14.527040233638854,8.213585682638168,3.3542846733075757,1.3396097568885224,1.7182652627339294,0.7283992690437668,0.0014838960569824053,0.0060850593431823535,0.011524070611385454,0.004754682329195699,0.12065538269440844,0.009463449146370555,0.10852385537691313,0.01114319336831058
