aaaa,aaad,aadd,aada,adda,addd,adad,adaa,ddaa,ddad,dddd,ddda,dada,dadd,daad,daaa
198.93713579276707,44.103862982482894,16.652059845289223,6.844768386040283,3.724488271719106,1.277551483529985,1.8055313639011905,0.6630651522175384,0.0015226978345293815,0.006805785639945486,0.011266847745247702,0.014453277313539195,0.12439016618176094,0.016501340417448086,0.10565329161376759,0.010006476061258185
