aaaa,aaad,aadd,aada,adda,addd,adad,adaa,ddaa,ddad,dddd,ddda,dada,dadd,daad,daaa
190.9148799450478,38.7960940908549,17.261455707382535,5.900587383036613,3.1049245949046567,1.2451083494766602,1.6588291420385721,0.6231433754913402,0.0014726538503391014,0.006343149135496407,0.010302597974561171,0.011842926070450694,0.09744306000141036,0.018730535432825088,0.0920510767157886,0.009750794040687391
