aaaa,aaad,aadd,aada,adda,addd,adad,adaa,ddaa,ddad,dddd,ddda,dada,dadd,daad,daaa
221.68958255146535,49.967424785454355,19.09179675427297,8.350237832763236,4.710452148418924,1.3365747480880388,2.0959096002618494,0.7628942285025794,0.0016510909622674745,0.0074454862044260805,0.012481872717139563,0.021813925651676773,0.1610019127232874,0.018626808956932094,0.12160301920512313,0.01123937610694209
