aaaa,aaad,aadd,aada,adda,addd,adad,adaa,ddaa,ddad,dddd,ddda,dada,dadd,daad,daaa
226.6225563225665,46.50068245465106,23.500826595108204,7.380566737742582,4.304165955620623,1.3648238044823962,2.2072673713919047,0.7519588682118473,0.0017177375858547102,0.0073971213891016055,0.011817691035770662,0.022825311505217608,0.13639364224974906,0.029192015495430483,0.11763063483750724,0.011575491174230538
