aaaa,aaad,aadd,aada,adda,addd,adad,adaa,ddaa,ddad,dddd,ddda,dada,dadd,daad,daaa
169.87676297290275,91.31868396395652,37.145088453138285,3.6821760393334424,1.1131281261979478,1.2726360869914077,0.2780453018149595,0.014374754605221066,0.4414370190297564,0.16321459208159173,0.12259984363186548,0.3197714247715137,0.09430037069475565,0.016158922863937036,0.048157972687526904,0.006069235627989298
