aaaa,aaad,aadd,aada,adda,addd,adad,adaa,ddaa,ddad,dddd,ddda,dada,dadd,daad,daaa
153.11951975789185,97.85145757161395,54.97655187721311,4.562337064613754,0.861341216223709,2.235126116260034,0.3164203331001913,0.03235142573671905,0.46702702731006934,0.1291788414399017,0.15060681188743388,0.32062486414418523,0.19401123682568291,0.02397801955368456,0.05486101695538601,0.005160397329602875
