aaaa,aaad,aadd,aada,adda,addd,adad,adaa,ddaa,ddad,dddd,ddda,dada,dadd,daad,daaa
160.569514941946,92.73755557281451,39.920638169193815,3.4986502245487334,0.775642076752813,1.4875650152578836,0.28925861727268704,0.016863540281966297,0.4228791108256612,0.15932236345958395,0.1221662249146998,0.31948972592334374,0.11309349609044167,0.015117469169274445,0.046083530929794614,0.005781479372334747
