aaaa,aaad,aadd,aada,adda,addd,adad,adaa,ddaa,ddad,dddd,ddda,dada,dadd,daad,daaa
135.97669278305648,89.67952039810822,48.12156903504695,3.742900206562882,0.6509182845261735,1.941398715592444,0.2895920140945041,0.029693611135256388,0.4123484845163328,0.11627485097038613,0.13532752340496526,0.28655632302703365,0.16500485936815723,0.016347003792200204,0.050835295195539844,0.0053855240703824
