aaaa,aaad,aadd,aada,adda,addd,adad,adaa,ddaa,ddad,dddd,ddda,dada,dadd,daad,daaa
174.47023536282586,98.82180839215057,49.15666536678176,4.401278452112257,1.0355118459112527,1.8147787960350465,0.3176237704962116,0.01957481570374897,0.48119831458862267,0.15929866131917722,0.13710308946553468,0.3442119073395357,0.14781992164322816,0.018233283034474856,0.05995285183670978,0.007369314321921646
