aaaa,aaad,aadd,aada,adda,addd,adad,adaa,ddaa,ddad,dddd,ddda,dada,dadd,daad,daaa
129.04687628193338,88.98810527150904,37.13372880236731,2.7407901167657185,0.5531701338719656,1.342421032926874,0.23825632893932674,0.01800634763170703,0.34225558133601913,0.12501432319821235,0.10088060644980168,0.256565191108246,0.10162589704644646,0.011507427668014056,0.04128501700375961,0.004253319437091487
