aaaa,aaad,aadd,aada,adda,addd,adad,adaa,ddaa,ddad,dddd,ddda,dada,dadd,daad,daaa
159.95248665259197,93.89537338924207,46.127097019288186,3.8170681232412567,0.7596616393190186,1.8600780915871007,0.3205837160442028,0.02818182745782158,0.4526148943307139,0.14902176390743666,0.14237980584116272,0.3348920601235011,0.14490176506544214,0.01922904082527445,0.047102675234454924,0.005327111311676782
