aaaa,aaad,aadd,aada,adda,addd,adad,adaa,ddaa,ddad,dddd,ddda,dada,dadd,daad,daaa
158.3906086575495,91.9556915038619,42.53527859837426,3.7456440256045,0.9252916706785865,1.5242604123144203,0.27796333870425793,0.016901553543020705,0.427530308369871,0.1510323645010019,0.12161106157877076,0.31052701043191505,0.11784577713599002,0.016086175034069623,0.04955068895379724,0.005942666411867707
