aaaa,aaad,aadd,aada,adda,addd,adad,adaa,ddaa,ddad,dddd,ddda,dada,dadd,daad,daaa
153.5420307326917,92.2587175248901,45.7676634815568,3.8342450851317316,0.8175015359968317,1.7111902970430388,0.29430823752925234,0.0192640678016957,0.4244106445153364,0.1441955028240446,0.12484125836421431,0.3092904666357283,0.13307089645000933,0.01652363564345066,0.05160970247033,0.0060624972828144585
