aaaa,aaad,aadd,aada,adda,addd,adad,adaa,ddaa,ddad,dddd,ddda,dada,dadd,daad,daaa
159.94104398393802,86.81623962714683,35.731861184545835,3.4828431194611182,1.0100512699675173,1.2400426896818257,0.2627324301866999,0.014226687873950613,0.418105699991925,0.15145995187203423,0.11526884350300981,0.3013081039648092,0.09644484992886533,0.015011508169739495,0.04707079682634448,0.005772898652765882
