aaaa,aaad,aadd,aada,adda,addd,adad,adaa,ddaa,ddad,dddd,ddda,dada,dadd,daad,daaa
153.03466163755394,83.62089288788098,33.68833076162402,3.25391111753174,0.8333669841684959,1.2110777760436882,0.25515976925106837,0.0135008238940761,0.39554640204874636,0.15136094618071777,0.11196694250346809,0.29500610310966213,0.0892393271494228,0.013927536667141019,0.04149669282515002,0.00519986976962415
