aaaa,aaad,aadd,aada,adda,addd,adad,adaa,ddaa,ddad,dddd,ddda,dada,dadd,daad,daaa
171.42985706670268,95.81569350920515,44.406595769107504,3.918785284390425,0.8515002739388087,1.666516142670593,0.3161011225855878,0.018628333793449407,0.46139059794089887,0.16309976695083664,0.13324769439672776,0.3416161925765473,0.13403389983289413,0.01649018286371694,0.05342344367239077,0.006674044054427041
