aaaa,aaad,aadd,aada,adda,addd,adad,adaa,ddaa,ddad,dddd,ddda,dada,dadd,daad,daaa
181.87216330110283,108.96734573683608,44.5033650869745,3.9592512327878735,1.1302244291533285,1.519676083634625,0.30601467976419555,0.01858591235863324,0.4801674713685944,0.1701690049292469,0.13380153107261347,0.3435465119441468,0.11718774132574379,0.01709429393235718,0.05712387780260404,0.006400836397919759
