aaaa,aaad,aadd,aada,adda,addd,adad,adaa,ddaa,ddad,dddd,ddda,dada,dadd,daad,daaa
165.08689140794755,85.56441539345234,34.920372983746525,3.59891520516519,1.039599952831913,1.2218483045823438,0.2683053422062325,0.013179695071308268,0.42634259176292133,0.16075636498922197,0.11897664468979982,0.31225814207337566,0.08970197359135686,0.015699335411103976,0.044722886832361065,0.0057595528652425185
