aaaa,aaad,aadd,aada,adda,addd,adad,adaa,ddaa,ddad,dddd,ddda,dada,dadd,daad,daaa
156.62492684254366,109.87074325851431,48.289958466334554,3.4633392229406046,0.6276881454711136,1.7851354861558861,0.30508835485983454,0.024960892811480194,0.4214006611088837,0.14738099481853642,0.12570841302582528,0.3140012541178206,0.14083344902322661,0.013899083212550713,0.05443442573995167,0.0055616678338635695
