aaaa,aaad,aadd,aada,adda,addd,adad,adaa,ddaa,ddad,dddd,ddda,dada,dadd,daad,daaa
155.23762733615828,89.40788240281171,41.15647220864473,3.626598961366291,0.8667990088774432,1.5017775808525147,0.2740558991910285,0.017084523574612195,0.41884259242278815,0.14534501927622606,0.11849803672519833,0.30400020422991114,0.12133038855168539,0.015397985201991758,0.04994682210279561,0.00611538700115127
