aaaa,aaad,aadd,aada,adda,addd,adad,adaa,ddaa,ddad,dddd,ddda,dada,dadd,daad,daaa
147.6719746594467,81.86969701409035,41.748728153218586,3.6157484248757608,0.7365479159404538,1.7014507557987897,0.29690414359172596,0.023551103908217984,0.42215820196707954,0.13517134681544696,0.13358029754174802,0.3086764365821725,0.13430897160304292,0.017472615794274917,0.04377514704726117,0.005377899782445233
