aaaa,aaad,aadd,aada,adda,addd,adad,adaa,ddaa,ddad,dddd,ddda,dada,dadd,daad,daaa
162.09992458206975,102.20702234487518,49.5473747279963,3.806688151545438,0.6917874577273244,1.9932541727988824,0.343770666472926,0.030710483674614774,0.46722829220357576,0.14832225532757204,0.15241796871660654,0.3444524562022119,0.1590510083180461,0.017767729768151344,0.051244194495742246,0.0055536950041338035
