aaaa,aaad,aadd,aada,adda,addd,adad,adaa,ddaa,ddad,dddd,ddda,dada,dadd,daad,daaa
125.86103358452876,79.59283549555543,44.45352701475348,3.5677893807130956,0.6530149013915847,1.8388206812345256,0.2765185928211918,0.02585209516068242,0.3825805772099393,0.11148853437167709,0.12620801098028273,0.26995779905860173,0.1482177818470721,0.01724010859964897,0.04437004944038997,0.004983016113800958
