aaaa,aaad,aadd,aada,adda,addd,adad,adaa,ddaa,ddad,dddd,ddda,dada,dadd,daad,daaa
128.12341456604744,79.55855857309145,41.35019102991146,3.383459980498163,0.6610226667684626,1.6251262489199474,0.2570973294778036,0.02319573609061859,0.37102809529318315,0.11350218305079629,0.11305747194968417,0.2636931419124567,0.1383342354974386,0.01581752273404052,0.04523184701769402,0.004788674651463062
