aaaa,aaad,aadd,aada,adda,addd,adad,adaa,ddaa,ddad,dddd,ddda,dada,dadd,daad,daaa
152.9330695000605,98.66194831683454,49.92429062164324,3.890923641799586,0.7203530641996918,1.9922160083574907,0.3104859042825508,0.03305244525568827,0.44739114727735013,0.13489001002584583,0.14195571514513153,0.31919346511146257,0.16368343107090697,0.01830526993247479,0.05251970210022443,0.005252010313395363
