aaaa,aaad,aadd,aada,adda,addd,adad,adaa,ddaa,ddad,dddd,ddda,dada,dadd,daad,daaa
157.0603352181894,105.44818672812364,51.01843754566687,3.907550304158059,0.7193211418810074,1.8592935524440768,0.31156274463141387,0.024425502124268444,0.4337811880624531,0.1453114452021212,0.12693350117549748,0.3168553413766707,0.15725816346178687,0.015869589148600968,0.05738527031131189,0.006650747158668108
