aaaa,aaad,aadd,aada,adda,addd,adad,adaa,ddaa,ddad,dddd,ddda,dada,dadd,daad,daaa
173.33368814459826,99.18227474544987,54.22070368965712,4.610723119789456,0.9204145937140574,2.223842756232062,0.35743314382439595,0.03005151723862327,0.5126036888867787,0.1542611599153061,0.1647410920164708,0.3652881890503988,0.17893045889679435,0.021872577584039248,0.0561460094335014,0.006782976201468265
