aaaa,aaad,aadd,aada,adda,addd,adad,adaa,ddaa,ddad,dddd,ddda,dada,dadd,daad,daaa
142.7667439407979,94.57223485512078,44.756730046073955,3.3593927853994705,0.6016169739352661,1.6885680267012884,0.28821275263809887,0.024827628015849243,0.3992543649102339,0.13179465037451818,0.1228419108989776,0.2943999244518825,0.13786069260020725,0.015620230561205628,0.04575594409713936,0.004359083234623042
