aaaa,aaad,aadd,aada,adda,addd,adad,adaa,ddaa,ddad,dddd,ddda,dada,dadd,daad,daaa
144.62280228275753,93.10620027549405,43.52341705134729,3.5749124736626188,0.825143990902879,1.560364692976354,0.26106975231463814,0.019191166782949687,0.3959509461108925,0.13202532232048422,0.11300844258051963,0.2825099711530769,0.12566140136369927,0.015130672631802204,0.05117807636823744,0.005716035032618242
