aaaa,aaad,aadd,aada,adda,addd,adad,adaa,ddaa,ddad,dddd,ddda,dada,dadd,daad,daaa
150.04942330719655,103.96990033762081,49.52578136701992,3.723710404977492,0.6670926483112747,1.7816851751500706,0.29115410239887934,0.025209682301575487,0.41151987322828243,0.13369999811575262,0.11926545937267294,0.29691988833399263,0.15665769834398757,0.014254370599829128,0.05816739125697423,0.006535708015982257
