aaaa,aaad,aadd,aada,adda,addd,adad,adaa,ddaa,ddad,dddd,ddda,dada,dadd,daad,daaa
153.91371142503246,85.34724228297232,35.37172484043623,3.3296053087032322,0.8918452356877415,1.253017468898973,0.2565631360149394,0.014421363486541487,0.4032252868987881,0.14638316157636097,0.11190101708279515,0.2935142741182605,0.09870626848928918,0.013948011177591153,0.04576245107667075,0.005599964417224622
