aaaa,aaad,aadd,aada,adda,addd,adad,adaa,ddaa,ddad,dddd,ddda,dada,dadd,daad,daaa
153.49396200513928,91.44391528766891,42.7819740158333,3.534170787459633,0.7066417254484614,1.6331816173113447,0.30618020627416626,0.0186152902278491,0.41497230573338245,0.15206983299521698,0.12374324773542938,0.31469831782744734,0.1243619711647795,0.015620440392162009,0.04645981151501384,0.005760592653218146
