aaaa,aaad,aadd,aada,adda,addd,adad,adaa,ddaa,ddad,dddd,ddda,dada,dadd,daad,daaa
137.02666487517968,82.94879109260984,40.522326361454034,3.4644259739408523,0.7924656419749488,1.4858055185324757,0.25113811946970416,0.01705978795119837,0.3779420874259618,0.12657110223564141,0.10907374910625615,0.27127543314258823,0.11735067280665427,0.01445590360981176,0.04710647107451219,0.005469419133642512
