aaaa,aaad,aadd,aada,adda,addd,adad,adaa,ddaa,ddad,dddd,ddda,dada,dadd,daad,daaa
81.77560632396982,177.49396242731038,31.753751485037167,6.713182142926014,0.5774329179209371,1.9399513502478596,1.0361268122268843,0.2713704130961791,0.15878912080688679,0.044726963583086456,0.5086732663851431,0.3561740540979103,0.05809077422885975,0.3119963497974264,0.05422534093825712,0.08869373343438094
