aaaa,aaad,aadd,aada,adda,addd,adad,adaa,ddaa,ddad,dddd,ddda,dada,dadd,daad,daaa
75.22804539271856,165.3913489622118,32.454829492439046,7.406179752583748,0.8416129754470042,1.819361144054252,1.1483900277565895,0.2956946840193435,0.14152411668051423,0.042000292644113105,0.46368005237480997,0.3938124555739729,0.03633273065401123,0.3111441963387261,0.05409211106434177,0.08911240775884864
