aaaa,aaad,aadd,aada,adda,addd,adad,adaa,ddaa,ddad,dddd,ddda,dada,dadd,daad,daaa
87.22671504357992,186.53637189502257,33.315941581144905,6.9792932137159776,0.6202129846313222,2.042627887733809,1.0883125752596376,0.2800754608068348,0.1737734027426671,0.045288031442814715,0.5323593765133195,0.378269660827666,0.062098444102229575,0.32918062547153537,0.057743982027017124,0.09326952860616547
