aaaa,aaad,aadd,aada,adda,addd,adad,adaa,ddaa,ddad,dddd,ddda,dada,dadd,daad,daaa
88.71861348513158,197.43739949775886,38.04835098385708,7.9727077826599775,0.8917623677588294,2.2080560730840264,1.2663461488039345,0.3177017315506285,0.17538240818806403,0.052890784612620326,0.5375552962915019,0.46099396791698477,0.05776658803162102,0.3615017889975937,0.061009926977643916,0.10042564633339038
