aaaa,aaad,aadd,aada,adda,addd,adad,adaa,ddaa,ddad,dddd,ddda,dada,dadd,daad,daaa
75.09810890628593,169.62735451646978,33.95002683122862,6.674076533844864,0.7472725313898104,1.9854022675419507,1.0935084143530178,0.26652254089635175,0.1483204604707541,0.04719394226257663,0.45850733629015533,0.3943158334304499,0.05483906071745399,0.31490991438268423,0.051245153816547886,0.0839808548315184
