aaaa,aaad,aadd,aada,adda,addd,adad,adaa,ddaa,ddad,dddd,ddda,dada,dadd,daad,daaa
76.66830953906621,165.43340382089275,35.140851362473086,7.63299616408771,1.0936551764145328,1.9177814926976777,1.297351931856026,0.2910365017552888,0.15089617087124516,0.04378550172030734,0.45166857085101514,0.4438784596675729,0.03807903152287697,0.3239893693659999,0.05821015982343005,0.08857737110230464
