aaaa,aaad,aadd,aada,adda,addd,adad,adaa,ddaa,ddad,dddd,ddda,dada,dadd,daad,daaa
68.5970789895719,148.89637506743145,29.22347917886041,7.376184267181285,0.9861410457786758,1.6341501594758363,1.1142520116573005,0.2821494905873435,0.12917720182852843,0.03701705416765699,0.412048530266684,0.3931817778823622,0.025430814186888213,0.28468565359012216,0.05093141435066614,0.08354809580163494
