aaaa,aaad,aadd,aada,adda,addd,adad,adaa,ddaa,ddad,dddd,ddda,dada,dadd,daad,daaa
78.52460718214913,175.4268786122048,33.51497889130571,6.9109349013903545,0.6848579293801872,1.9964379320664272,1.0885983630125131,0.27987901791118797,0.15444711631216257,0.04484915342653276,0.4873257352546793,0.385188165364017,0.052452505540508315,0.3207292025273147,0.05363571898108691,0.08864806728140587
