aaaa,aaad,aadd,aada,adda,addd,adad,adaa,ddaa,ddad,dddd,ddda,dada,dadd,daad,daaa
81.01141593710958,184.69644364384095,37.177523209338865,7.875072798845203,0.9980512695022065,2.1102015309204862,1.2444015347442452,0.31250485451694754,0.15668625790112903,0.05087252766554754,0.4872841170618508,0.4655608469254066,0.049374258871619406,0.34514631661650563,0.05613369042126325,0.09497729102023668
