aaaa,aaad,aadd,aada,adda,addd,adad,adaa,ddaa,ddad,dddd,ddda,dada,dadd,daad,daaa
76.03153040960638,159.9879033864218,28.679536158698028,6.60717797382567,0.6100759485732516,1.675454315826213,1.0092351658113554,0.2635701550582441,0.14514223382866218,0.03802734361120201,0.4698371847461433,0.3346501878764304,0.04018511554589271,0.28752378196857226,0.05215377315377035,0.08410651017117964
