aaaa,aaad,aadd,aada,adda,addd,adad,adaa,ddaa,ddad,dddd,ddda,dada,dadd,daad,daaa
64.33459930533914,142.06788490025545,26.783060940173513,6.297248695660149,0.6463622142513263,1.5288794906488594,0.9392772640027106,0.25485738202828045,0.11876658001304871,0.03482950347065247,0.4045060313437032,0.31974936275624044,0.03066843537141135,0.261857292501341,0.0454321213883964,0.07671485817486158
