aaaa,aaad,aadd,aada,adda,addd,adad,adaa,ddaa,ddad,dddd,ddda,dada,dadd,daad,daaa
78.41271687277057,174.0836293476381,35.65317467517506,8.620105414068782,1.1899293196532224,1.962308070150235,1.3072403429255508,0.335761283421623,0.14185665172475354,0.04560716438057329,0.46863206971196253,0.4682231083079848,0.03279411365721813,0.33508564482185943,0.05687024069825924,0.09655267144309787
