aaaa,aaad,aadd,aada,adda,addd,adad,adaa,ddaa,ddad,dddd,ddda,dada,dadd,daad,daaa
73.0923517518771,154.28086349571197,32.31953341009313,7.497930999625949,1.1357817746364098,1.7496639292555773,1.2395174434488017,0.2770903170473285,0.14737717581276602,0.03932103398839265,0.4203566142169906,0.43348424985396655,0.03287637936133907,0.3033993472656423,0.05628565447772768,0.08454416571949933
