aaaa,aaad,aadd,aada,adda,addd,adad,adaa,ddaa,ddad,dddd,ddda,dada,dadd,daad,daaa
75.16342850516524,168.89090540210037,33.365674369939235,7.044486506141853,0.8450392995030471,1.9055860436888952,1.1207705532908323,0.2797371681599917,0.14747162881327272,0.045793211412932355,0.4537255583153908,0.41159513720615426,0.046632830231419994,0.31346967451812835,0.0523566044004986,0.08676369987644249
