aaaa,aaad,aadd,aada,adda,addd,adad,adaa,ddaa,ddad,dddd,ddda,dada,dadd,daad,daaa
67.97924373038603,144.44837870123027,28.50113248645821,7.1939365531566,0.9056348168745937,1.5764154125437193,1.1026582535349103,0.27703424560798795,0.12672007249400738,0.03498390704991927,0.41341627081096055,0.36626575119029325,0.023632799606201668,0.27972859843047876,0.051583276026298884,0.08225921970389277
