aaaa,aaad,aadd,aada,adda,addd,adad,adaa,ddaa,ddad,dddd,ddda,dada,dadd,daad,daaa
81.47612181998201,173.7310410113669,38.454905883504516,10.31649608858165,1.9213848355926224,2.1186673895963555,1.6281887629823524,0.3641883841705903,0.16199670567520394,0.044660488788011196,0.4545125519582076,0.5792321787379892,0.030267486109667407,0.35833387199920597,0.06812932859243198,0.1019356666322988
