aaaa,aaad,aadd,aada,adda,addd,adad,adaa,ddaa,ddad,dddd,ddda,dada,dadd,daad,daaa
76.45853768260443,167.7788116149058,31.03849313063092,6.443084183611731,0.6366224782198007,1.8580165706199863,1.014339568431619,0.2570642387488176,0.15131266309753788,0.043985168986147356,0.4667459298432087,0.3627751911426887,0.054187313153613074,0.2999675361821383,0.05117706551239009,0.08376773675755327
