aaaa,aaad,aadd,aada,adda,addd,adad,adaa,ddaa,ddad,dddd,ddda,dada,dadd,daad,daaa
71.36684134900027,147.13134213314103,27.356143430963954,6.230134097632451,0.6497212441221755,1.5576990679573772,0.9868209062225259,0.24485713629396244,0.13818975231926778,0.03572026173198831,0.42819367978701456,0.3287963867743023,0.035578347284895534,0.2712845767123443,0.05018165460091633,0.0784768781479895
