aaaa,aaad,aadd,aada,adda,addd,adad,adaa,ddaa,ddad,dddd,ddda,dada,dadd,daad,daaa
66.08506170017819,150.6816187516088,29.68545446210412,6.176956306299251,0.6880760395454484,1.720816804900794,0.9707260692207583,0.2502608021237863,0.1272284850472119,0.0407773326862291,0.40701654659563125,0.352187582245801,0.04268372371511862,0.2783797025706132,0.045293966290242696,0.07683202596925456
