aaaa,aaad,aadd,aada,adda,addd,adad,adaa,ddaa,ddad,dddd,ddda,dada,dadd,daad,daaa
63.91182052016012,145.4912944120032,25.122548145824968,5.850618231576771,0.5056723142868419,1.5346352663173088,0.8269029714249083,0.24153252337567735,0.11935525833324188,0.03585745068250731,0.40851221693001133,0.2986357789822947,0.03869780852387533,0.2513509837440565,0.042411822431261174,0.07462918029632486
