aaaa,aaad,aadd,aada,adda,addd,adad,adaa,ddaa,ddad,dddd,ddda,dada,dadd,daad,daaa
74.76493971336134,165.2468837014979,31.55801347184388,7.132002801875657,0.7852118856875063,1.80225369625368,1.0950317045009417,0.28517140247293565,0.14240070494352688,0.04205881604488826,0.4603642224367013,0.3858176768709131,0.03933812101091131,0.30473627132138303,0.052610011077775375,0.0875493608766273
