aaaa,aaad,aadd,aada,adda,addd,adad,adaa,ddaa,ddad,dddd,ddda,dada,dadd,daad,daaa
73.16389905151809,157.75333400808935,32.3141359304771,6.9774811624408155,0.9403482132491987,1.7955174446168884,1.1683182001184542,0.26912051640917894,0.14536629871179033,0.04174600821750178,0.43156113467439555,0.4077769273366278,0.03799021258715665,0.3017750979855247,0.053764485951724776,0.0834445973155834
