aaaa,aaad,aadd,aada,adda,addd,adad,adaa,ddaa,ddad,dddd,ddda,dada,dadd,daad,daaa
77.93832715647748,165.44303022579183,29.925916226982817,6.615735637898742,0.6288683641119741,1.760369791437098,1.026698715761915,0.2646540555702108,0.15168428519971688,0.040709298596814505,0.4763581253752998,0.3502592391615524,0.046397986867561095,0.2962682084667792,0.05298202415213248,0.08555137549132334
