aaaa,aaad,aadd,aada,adda,addd,adad,adaa,ddaa,ddad,dddd,ddda,dada,dadd,daad,daaa
68.36797707215167,147.2825087808142,32.667167388238575,7.558868028500935,1.2899129906792588,1.733363987614505,1.2653224195510548,0.2757035593100549,0.1378777109105633,0.03932845613317923,0.3874899625455039,0.4491545018224178,0.032182112240251554,0.29694336947457634,0.05437876022125539,0.08129851620642518
