aaaa,aaad,aadd,aada,adda,addd,adad,adaa,ddaa,ddad,dddd,ddda,dada,dadd,daad,daaa
72.23304934702539,160.14381020703635,30.70539767097955,7.434574636852885,0.8794322663087504,1.735218099852284,1.1031133981838972,0.29431825817104024,0.1332353601033137,0.04019954384643211,0.44340836761258795,0.39258738134336946,0.031436119721651126,0.2980053270577768,0.0514851831202526,0.08732349042641445
