aaaa,aaad,aadd,aada,adda,addd,adad,adaa,ddaa,ddad,dddd,ddda,dada,dadd,daad,daaa
245.46700468649428,50.23291474459025,10.68131518637446,11.832688886380549,4.11139247190529,1.7957464419545974,1.7407266882197985,0.9476109377773491,0.0032543676136457,0.01062490916143608,0.012926376616618865,0.004377498567201074,0.17856348078043263,0.021849515939256308,0.14501203159978307,0.01452231725143564
