aaaa,aaad,aadd,aada,adda,addd,adad,adaa,ddaa,ddad,dddd,ddda,dada,dadd,daad,daaa
183.8039875842571,38.828389969928395,11.86882809469747,5.25964214208349,2.6918913828922557,1.3255987198679784,1.2958404113260544,0.5815305027643919,0.002723715256264447,0.007796767261706162,0.009564863555453844,0.011112928361809032,0.08194794945114153,0.008276751617860907,0.08330598889505261,0.009412002020662853
