aaaa,aaad,aadd,aada,adda,addd,adad,adaa,ddaa,ddad,dddd,ddda,dada,dadd,daad,daaa
212.929025759158,43.90784807034151,9.64292877692011,7.955751705448851,2.8821820124102224,1.659635745290423,1.383638969704556,0.7440565212387845,0.002972386205269107,0.009311210560961512,0.0120170764782466,0.0034395313127685845,0.10753388056839311,0.010765470066353682,0.10858225386750324,0.011770472970588447
