aaaa,aaad,aadd,aada,adda,addd,adad,adaa,ddaa,ddad,dddd,ddda,dada,dadd,daad,daaa
212.04184135566342,43.72999872404652,13.776940754280565,7.230490599695159,3.471512405312049,1.4276175255071488,1.635614553272768,0.7117700455767532,0.00306719918882316,0.00845881958605641,0.010607021611791261,0.01269918690278095,0.11614104131120871,0.009333000805606692,0.1078196911070404,0.011368513833061105
