aaaa,aaad,aadd,aada,adda,addd,adad,adaa,ddaa,ddad,dddd,ddda,dada,dadd,daad,daaa
214.4782379978644,44.51592308610328,12.075896462760838,7.379296944174906,3.2247934617645577,1.5407020715597128,1.5279864819511717,0.7237508682605606,0.0031172383995341324,0.00890612070401419,0.011109871444566393,0.008062538221237626,0.11022791365513462,0.008381125496743465,0.10701453955328144,0.01146755205890914
