aaaa,aaad,aadd,aada,adda,addd,adad,adaa,ddaa,ddad,dddd,ddda,dada,dadd,daad,daaa
193.07572602035177,42.734793745345264,11.644146613896766,5.34144967930359,2.8410126759694037,1.4213068999807432,1.3110503659333845,0.5991154015930776,0.003028629296517054,0.00862077683878611,0.010303664255752713,0.011931884797616216,0.08556683441458669,0.008307136063644803,0.08561667976167693,0.009565098660654562
