aaaa,aaad,aadd,aada,adda,addd,adad,adaa,ddaa,ddad,dddd,ddda,dada,dadd,daad,daaa
236.30136249183823,50.79218234758903,8.399582449536698,10.979713697730746,3.613322613409176,1.8858952464791638,1.4583565429266259,0.9144372672260986,0.003261783761811753,0.011701395331039005,0.013232500646244615,0.003258327349505598,0.15911098777697283,0.025432668133683802,0.13177252835354375,0.013535390188219983
