aaaa,aaad,aadd,aada,adda,addd,adad,adaa,ddaa,ddad,dddd,ddda,dada,dadd,daad,daaa
243.2606621312774,53.67608425488334,14.609826380472507,6.42627269820011,3.3963489400382714,1.834582741478173,1.6150991181077772,0.7435789781338875,0.0036911538123954872,0.010883368996205987,0.012971477601655386,0.013793338017937138,0.09988260510229245,0.010505863588598995,0.10586680559178138,0.011904626861947928
