aaaa,aaad,aadd,aada,adda,addd,adad,adaa,ddaa,ddad,dddd,ddda,dada,dadd,daad,daaa
195.48834989664658,41.07191493062459,10.855860783854823,5.760750769425596,2.634651989062586,1.475285371957218,1.261356904059817,0.6276496422230186,0.0028960216392496544,0.008436840469586935,0.010197451170939925,0.007138595146628385,0.08175227057242757,0.006826053251385708,0.08684852506827948,0.010077770831809841
