aaaa,aaad,aadd,aada,adda,addd,adad,adaa,ddaa,ddad,dddd,ddda,dada,dadd,daad,daaa
201.47966501231426,43.39288423891023,11.012020733155298,6.936780539137685,3.1293847329754385,1.4543657666856125,1.4139305173020162,0.6796081328425442,0.0034639055221546595,0.00882015653679301,0.010501274246681597,0.008397719261883261,0.10691970999609005,0.008135289838668567,0.10081371095377101,0.010490787387610598
