aaaa,aaad,aadd,aada,adda,addd,adad,adaa,ddaa,ddad,dddd,ddda,dada,dadd,daad,daaa
227.13802393880673,45.96468233543708,11.959849625272012,9.056230480093165,3.624314962638671,1.5770854152561875,1.6213447830164778,0.8156874324851628,0.003284629284778659,0.009293565248824267,0.011471397922299783,0.0069485168693120105,0.13642097599408293,0.010782916501522063,0.11978882966244105,0.012727506554794814
