aaaa,aaad,aadd,aada,adda,addd,adad,adaa,ddaa,ddad,dddd,ddda,dada,dadd,daad,daaa
193.59582899127318,39.734940203278924,10.85353240768877,6.460883304502765,2.8227097807608175,1.3901668477161542,1.326754502833757,0.650089362841576,0.0028876721053140947,0.008012486698844542,0.009742406207185096,0.007037881742497001,0.09399315706108921,0.007038443483925165,0.09202404970534882,0.010278767565231802
