aaaa,aaad,aadd,aada,adda,addd,adad,adaa,ddaa,ddad,dddd,ddda,dada,dadd,daad,daaa
252.18432346227948,54.67011661519178,15.645514130223713,8.20398654870844,4.174632837969456,1.7422505199055804,1.8762418063307496,0.8285365163005667,0.004051670516190266,0.010955057513777225,0.013571764838313332,0.017061394525319695,0.13679499744654736,0.011036194087902199,0.12363884000645536,0.01314604237641503
