aaaa,aaad,aadd,aada,adda,addd,adad,adaa,ddaa,ddad,dddd,ddda,dada,dadd,daad,daaa
183.59409805725608,40.41793136326071,8.124115001607032,8.875698747417328,3.4939296286106605,1.3618615942322572,1.3620992634094273,0.7016176579763732,0.0027476479226714967,0.008413262658703968,0.01017080595884689,0.006559808882231437,0.14798264062027414,0.017655247724179986,0.11013429261946844,0.010523917258516197
