aaaa,aaad,aadd,aada,adda,addd,adad,adaa,ddaa,ddad,dddd,ddda,dada,dadd,daad,daaa
205.9009879480477,43.151991080190406,12.210634617583578,8.156339519168037,3.629445577298515,1.3948346792728372,1.629583079474454,0.7272053869878522,0.0028598861532262453,0.008298981804652968,0.010815897830231102,0.011092630194010172,0.13480836691990913,0.010355431617344488,0.11593492221889094,0.011486257307174846
