aaaa,aaad,aadd,aada,adda,addd,adad,adaa,ddaa,ddad,dddd,ddda,dada,dadd,daad,daaa
224.15127274339784,47.75895272328746,14.797866726151215,5.650038476603201,3.013531726147207,1.7027214598688565,1.5179905682960135,0.6774504283014852,0.0032737698462390642,0.009871993386701621,0.012122429233294412,0.013246505859262398,0.08509762521003739,0.011653799917452577,0.09520838178195622,0.011157869911668679
