aaaa,aaad,aadd,aada,adda,addd,adad,adaa,ddaa,ddad,dddd,ddda,dada,dadd,daad,daaa
235.9442019382533,49.93859992329803,10.613193441255191,8.211020633339588,3.129702738417135,1.8767225825784006,1.4943743093444022,0.8003803513947041,0.003449754257859345,0.010562735133883375,0.013331701409127776,0.004203088093657223,0.11156571793618335,0.01071976790691044,0.1156235802143653,0.012566322818386903
