aaaa,aaad,aadd,aada,adda,addd,adad,adaa,ddaa,ddad,dddd,ddda,dada,dadd,daad,daaa
191.88759012832796,39.110775575833735,13.528756053147228,6.285473712658438,3.1543344385051855,1.2686059176708022,1.521342849335012,0.6352634304560596,0.0027013667426557535,0.007591373996102813,0.0097434195564855,0.013628811674596305,0.10286648222309035,0.009322646721845948,0.09670184534910971,0.010389032288263876
