aaaa,aaad,aadd,aada,adda,addd,adad,adaa,ddaa,ddad,dddd,ddda,dada,dadd,daad,daaa
202.8858323447738,43.5127892138645,11.098805564166902,6.8790844373743685,3.0937817503379827,1.4649393370443295,1.4082827124641095,0.6817705818032361,0.0034607911278843745,0.008967789024031452,0.01070121807545901,0.008162524218794745,0.10439315419541828,0.007899064286841633,0.09955112796761396,0.010643617991829429
