aaaa,aaad,aadd,aada,adda,addd,adad,adaa,ddaa,ddad,dddd,ddda,dada,dadd,daad,daaa
219.89622600154271,47.28290271615855,10.053333000762663,7.801718285484388,3.0681380492517727,1.72524502478612,1.4301781639628752,0.749139894148299,0.003124027010542478,0.009795800620433767,0.011984499771302837,0.0044156372363835,0.11100504895422998,0.010332897176956827,0.11070919189513431,0.011753291763950752
