aaaa,aaad,aadd,aada,adda,addd,adad,adaa,ddaa,ddad,dddd,ddda,dada,dadd,daad,daaa
225.22918118208975,44.34831092305594,11.969638455195295,7.668214100503021,2.9703360234659386,1.6720213051409547,1.4860111168169283,0.7643315738437992,0.003450262843708521,0.009476358754779424,0.011727145586791162,0.0045762986808100346,0.10004043081051271,0.0076998198967092035,0.10768786278335536,0.012421804782557267
