aaaa,aaad,aadd,aada,adda,addd,adad,adaa,ddaa,ddad,dddd,ddda,dada,dadd,daad,daaa
194.70563641424687,41.81354326425349,9.65347479724384,8.445037140386585,3.473255240298693,1.3837587877733106,1.445945701278659,0.7146804506228073,0.002841866589174814,0.00825975488349722,0.009972498111824504,0.007337559319939178,0.1373709152271186,0.012737291612389014,0.11086535203468839,0.010844080176835096
