aaa,aad,add,ada,dda,ddd,dad,daa
299.77762773727767,47.75309790327444,5.949902566856058,0.3487676126904537,0.10592804321897713,0.31947990576885493,0.014202826598054961,0.01803328198194653
