aaa,aad,add,ada,dda,ddd,dad,daa
289.0821398900677,25.532349304970268,4.230928799319732,0.4262198679027914,0.1037554867027484,0.2574906776948804,0.013747609431856616,0.013463093831942115
