aaa,aad,add,ada,dda,ddd,dad,daa
275.1095262163162,33.883453592686024,4.736735515487668,0.4190466466205919,0.09111067227637744,0.2634228546385748,0.015032424054042917,0.013517406763990878
