aaa,aad,add,ada,dda,ddd,dad,daa
255.15006842909767,28.892906686863068,4.153551952053091,0.36259829676293415,0.08820039538111663,0.24281586527657048,0.012226240337070291,0.012754534692018083
