aaa,aad,add,ada,dda,ddd,dad,daa
281.82612737966366,20.715236858014347,3.731356378960058,0.39775922747840703,0.09194395708029256,0.24725477295209172,0.012209610079978167,0.012895992875237839
