aaa,aad,add,ada,dda,ddd,dad,daa
295.6354221075283,33.48210592221623,4.7333930961355835,0.40105279808156313,0.10866639578781037,0.28164791981302223,0.01345069492602275,0.015366970570317471
