aaa,aad,add,ada,dda,ddd,dad,daa
308.22013116706194,43.50211048958846,5.82174450755521,0.4319574090895317,0.11274829373296347,0.3090047163414988,0.01640875963501961,0.0166256110973542
