aaa,aad,add,ada,dda,ddd,dad,daa
256.53851389577,39.358756336383586,5.19859442585711,0.36748093216285754,0.09131658058190933,0.26232323672551,0.014826655411066774,0.013895706716490363
