aaa,aad,add,ada,dda,ddd,dad,daa
252.03150717954702,30.814075699713868,4.185557771370198,0.3406286501396562,0.08379450094545461,0.24524040227226312,0.011211943064613187,0.012951477343822555
