aaa,aad,add,ada,dda,ddd,dad,daa
279.163606516995,47.70929928347288,6.590934589588963,0.43155709386701874,0.10500090619134551,0.293619524598619,0.020384473591034173,0.015337939806102877
