aaa,aad,add,ada,dda,ddd,dad,daa
261.3839121550454,35.43424865242269,4.852361106920161,0.3853646869827583,0.09501709522838989,0.25661433713788573,0.01473556654188678,0.013544497937099182
