aaa,aad,add,ada,dda,ddd,dad,daa
230.5854799907003,22.834995614476583,3.462781432711742,0.341002063798641,0.07690470077767651,0.2094472711749319,0.010787424849184452,0.010685022459184602
