aaa,aad,add,ada,dda,ddd,dad,daa
272.051003603585,23.431002584832807,3.806234613445777,0.3659732662208634,0.09737137187745422,0.24588358337728702,0.011015824364639978,0.013169126863052136
