aaa,aad,add,ada,dda,ddd,dad,daa
270.20793494133676,22.077823930002264,3.8858169904329873,0.4129500519537349,0.08578467146528373,0.24071143908088613,0.013025832464423235,0.011987818732291817
