aaa,aad,add,ada,dda,ddd,dad,daa
275.5016309337075,29.976837821638547,4.3712177492148445,0.37892266107539957,0.0940492812042876,0.26202621399321446,0.01237643731349407,0.013827762307128
