aaa,aad,add,ada,dda,ddd,dad,daa
251.86603758738798,26.4652563043197,3.877709359939499,0.33954077603545263,0.0871297951132445,0.2377468330568195,0.010753861361518171,0.012632239971892676
