aaa,aad,add,ada,dda,ddd,dad,daa
285.11830583353236,39.597990298609666,4.9988341847239885,0.3633645257871838,0.09150842776282757,0.28643401883216874,0.011840151569373692,0.015245639667323098
