aaa,aad,add,ada,dda,ddd,dad,daa
253.84503177086168,29.655740293355255,4.173988022000693,0.35170946875853054,0.0921142241330884,0.2434121756345787,0.01204118801063368,0.013177769740911198
