aaa,aad,add,ada,dda,ddd,dad,daa
230.7715879483662,39.17447224861094,5.207609953793959,0.326667529599543,0.08724269126146991,0.24446322645310772,0.014161248893334031,0.013103285341670894
