aaa,aad,add,ada,dda,ddd,dad,daa
275.08893330086687,34.06998060592595,4.825753866097301,0.405675330847683,0.0961538953990351,0.2663788263795848,0.01477506239548926,0.013959651514655369
