aaa,aad,add,ada,dda,ddd,dad,daa
291.134937600759,21.212122380473755,3.9091713724018557,0.42606343895068166,0.09557297674123097,0.25442897905771267,0.01350643528238366,0.013225915878027128
