aaa,aad,add,ada,dda,ddd,dad,daa
262.66588866100136,38.184319088464065,4.91400921230439,0.350924718599709,0.08745434872868722,0.2662855794103185,0.012525844840528646,0.01409347273149524
