aaa,aad,add,ada,dda,ddd,dad,daa
285.04791566694433,24.274318439418558,4.037620586923858,0.41734581773769036,0.09165280292611337,0.25596893302267454,0.012618393849441486,0.012924120248062939
