aaa,aad,add,ada,dda,ddd,dad,daa
254.61084815840283,19.30749088043412,3.5200837291079594,0.3848089741533605,0.08353959334529625,0.22237488260305815,0.01256178401088235,0.011415821522511587
