aaa,aad,add,ada,dda,ddd,dad,daa
293.18180545592645,48.17272638729003,6.0273907111348946,0.3485738678484057,0.10662328114836092,0.3147729261342099,0.0125517754975157,0.01748819092739253
