aaa,aad,add,ada,dda,ddd,dad,daa
286.5272283550941,32.07174022986063,4.676462107663433,0.41355751605986846,0.09940914994127621,0.2719844703134633,0.014168050441665055,0.014300176692531827
