aaa,aad,add,ada,dda,ddd,dad,daa
275.3814638105516,30.822195073525,4.5348471657778315,0.4132580282679191,0.090434314579798,0.26018870301517677,0.014283887224699175,0.013305297694631058
