aaa,aad,add,ada,dda,ddd,dad,daa
259.8991877397573,24.762998357964243,3.7130101833085094,0.3645214415688509,0.08192306412284726,0.23819057814967023,0.010738847600718509,0.012202934402749338
