aaa,aad,add,ada,dda,ddd,dad,daa
245.55431474759598,30.64942424290084,4.302328470381823,0.37420170780558565,0.08357681523548288,0.23570173292207075,0.013683474781016437,0.012065082317423096
