aaa,aad,add,ada,dda,ddd,dad,daa
277.02410654682257,23.68630752894863,3.7939449722504786,0.3687880523937583,0.09812739878010927,0.24797229041496396,0.010744587653688038,0.013219488484345576
