aaa,aad,add,ada,dda,ddd,dad,daa
242.6961123274665,23.342934931050728,3.580420586798131,0.346971186343143,0.07542060394113553,0.22314935022939317,0.01062137933168322,0.011230240533784647
