aaa,aad,add,ada,dda,ddd,dad,daa
231.6499960692586,28.397190659320394,3.913009257278173,0.3343398162935575,0.07699291923479078,0.22337772409949105,0.011502092054619262,0.011631773057443085
