aaa,aad,add,ada,dda,ddd,dad,daa
291.38961081245884,30.05374537177704,4.663418470256698,0.4693753765866889,0.09118257934009681,0.2690074760070777,0.01519724986347131,0.013285191025592556
