aaa,aad,add,ada,dda,ddd,dad,daa
265.15029410053984,29.111200900107747,4.27801362758574,0.4251784576484351,0.08759208873625161,0.24536200730006297,0.014697998964884738,0.012435579765539318
