aaa,aad,add,ada,dda,ddd,dad,daa
281.4994841150569,33.866759948721636,5.095260184455481,0.4476181240497289,0.10080165765139462,0.26908380794512887,0.017450587379982993,0.01381969995722929
