aaa,aad,add,ada,dda,ddd,dad,daa
264.03430083544504,40.72316514069418,5.380771016960457,0.37160104944477196,0.09762965072369258,0.2707295220490229,0.015173621242870828,0.01449603803661609
