aaaa,aaad,aadd,aada,adda,addd,adad,adaa,ddaa,ddad,dddd,ddda,dada,dadd,daad,daaa
215.03302666654642,44.375450489226026,2.727787909477835,8.387311154519818,0.9939810836986448,1.0375461009701246,0.6753287442386157,0.02680651333050247,0.10904152955364237,0.026902841552342325,0.46779964198644786,0.057337529082929356,0.061349849848020936,0.08485245125050274,0.010282662994273752,0.0040698017039266
