aaaa,aaad,aadd,aada,adda,addd,adad,adaa,ddaa,ddad,dddd,ddda,dada,dadd,daad,daaa
220.77399699699683,42.26160670874509,3.945360025012603,8.622327838804845,1.0199256378955937,0.8824725613921254,0.6163810686381143,0.023635535616765936,0.10149469602589468,0.027586539638802903,0.4762841556107172,0.054227631069360446,0.052393778672989944,0.0758883172701209,0.009393849938673456,0.003446226696303079
