aaaa,aaad,aadd,aada,adda,addd,adad,adaa,ddaa,ddad,dddd,ddda,dada,dadd,daad,daaa
202.98430361169147,40.58919908047249,2.774182511891201,7.993814704546209,0.983682277784069,0.9049276782363141,0.608327221007631,0.022044642470152642,0.10446073984863259,0.02441113734041474,0.4381555042455816,0.052785279847265054,0.055265974346163954,0.0733116862022459,0.009637849163788447,0.0035157656269244626
