aaaa,aaad,aadd,aada,adda,addd,adad,adaa,ddaa,ddad,dddd,ddda,dada,dadd,daad,daaa
267.82782526114255,52.8157425998987,4.016490852395377,10.962584798819789,1.4178950039862157,1.1336453980307595,0.7717355846788627,0.025975458904869957,0.13969641366534577,0.03336069381958176,0.5718004527925126,0.0720155366068595,0.0725620506554023,0.09536014435293061,0.012671585736808834,0.004415183670338302
