aaaa,aaad,aadd,aada,adda,addd,adad,adaa,ddaa,ddad,dddd,ddda,dada,dadd,daad,daaa
218.55896518993862,44.47556280720837,2.6185782964540607,8.310229759289566,1.0249636586784354,1.0726215281441707,0.673689568332687,0.025938698168326384,0.11783715482376485,0.025693768849155082,0.47383322497350355,0.05676232028426133,0.0644300082236005,0.08216097553473342,0.010890663345591477,0.004088097472618667
