aaaa,aaad,aadd,aada,adda,addd,adad,adaa,ddaa,ddad,dddd,ddda,dada,dadd,daad,daaa
230.97988402869188,42.19175738192852,4.663433942502458,8.944570731234645,1.1782337909781666,0.8677518742419924,0.592798038935033,0.021371863941633745,0.11472161002067668,0.027011748078652403,0.492105176419649,0.056770477653340964,0.05570815690568154,0.0726010746994449,0.01025948189943522,0.003290496052864662
