aaaa,aaad,aadd,aada,adda,addd,adad,adaa,ddaa,ddad,dddd,ddda,dada,dadd,daad,daaa
249.10484962511313,49.31311310278876,2.911927825999432,8.821720912770019,1.0342559331092285,1.2200295698837833,0.7441868936815298,0.03109208743785648,0.13436736956475734,0.02799949471397322,0.5453798132484502,0.06037610993723641,0.07322453986311674,0.0904129093600047,0.012152060146276645,0.0048158561796397305
