aaaa,aaad,aadd,aada,adda,addd,adad,adaa,ddaa,ddad,dddd,ddda,dada,dadd,daad,daaa
207.46535741463077,40.89525068426251,3.42225891515092,8.566551665929284,1.0817904476597209,0.8566052205439632,0.6018493781029817,0.02073792909930236,0.10233898662829932,0.026308410086426415,0.44314619402530303,0.05572949586486252,0.05310465489579996,0.0742103814953955,0.009415494777570654,0.0033132965633122843
