aaaa,aaad,aadd,aada,adda,addd,adad,adaa,ddaa,ddad,dddd,ddda,dada,dadd,daad,daaa
237.07163278817686,46.20000704126026,2.7952475173868265,8.234967653350514,0.9584559628654679,1.1290923347445923,0.692006343278425,0.028485355275766462,0.1289557108205343,0.025344880022931903,0.5181070618466679,0.055433874411888955,0.06855755428279559,0.08163573667122924,0.011601508429930006,0.0044614689734319415
