aaaa,aaad,aadd,aada,adda,addd,adad,adaa,ddaa,ddad,dddd,ddda,dada,dadd,daad,daaa
241.53087985036007,47.781158508863285,3.1567162653536114,9.36631699346815,1.190531970542817,1.080153404082137,0.7074639653489669,0.025016973100438735,0.1309444103230408,0.027732913571088744,0.518487306317338,0.0615708913804916,0.06834980265356583,0.08358088892634122,0.011829421145871627,0.004147961089853243
