aaaa,aaad,aadd,aada,adda,addd,adad,adaa,ddaa,ddad,dddd,ddda,dada,dadd,daad,daaa
195.67916912116434,38.378703514129946,2.7858927184512585,7.026489027347819,0.7679510087439474,0.8685879945990234,0.5856918782577891,0.025210941322446227,0.09220664665281479,0.021808725587374417,0.42994029276824414,0.045850581680743394,0.04894711858820483,0.0678874247996292,0.008702292379543753,0.0034384091874996017
