aaaa,aaad,aadd,aada,adda,addd,adad,adaa,ddaa,ddad,dddd,ddda,dada,dadd,daad,daaa
227.1081904331163,45.4775608951059,2.8081566955545383,8.002417034546168,0.8444355419873635,1.1018035252612168,0.7002725285485135,0.0325137476246714,0.1097840810179143,0.026366051260680343,0.5019696987143667,0.05447129066173318,0.06167843705549892,0.08536368889962491,0.010256922583067103,0.004435764252656367
