aaaa,aaad,aadd,aada,adda,addd,adad,adaa,ddaa,ddad,dddd,ddda,dada,dadd,daad,daaa
224.53939138414236,44.73465618893666,2.646930761218199,7.414230653609549,0.7809527417181219,1.185891534612544,0.6875355912772043,0.03419845582607574,0.11684554561276268,0.025220636682109665,0.5004562862129763,0.05211724573911633,0.0672225121192215,0.08557305586986542,0.010591589153672608,0.004660682202659833
