aaaa,aaad,aadd,aada,adda,addd,adad,adaa,ddaa,ddad,dddd,ddda,dada,dadd,daad,daaa
231.06012057382748,48.21491124274495,2.819884498390966,8.431327481572477,0.9384573474025001,1.2020438138000713,0.7472983916984998,0.0341986818899064,0.11591674930573037,0.0281001272255872,0.5100367630128487,0.05892536718126187,0.0679178381661883,0.09426652100729653,0.011034797122709012,0.004683305302911574
