aaaa,aaad,aadd,aada,adda,addd,adad,adaa,ddaa,ddad,dddd,ddda,dada,dadd,daad,daaa
269.27203508429034,53.357135560675914,3.624272886193905,10.705096224393872,1.3799988689893912,1.1898056784115703,0.7859920758486624,0.02706088710283178,0.14460398633130261,0.032289546293156904,0.5764367552099843,0.07110127200535818,0.0753989054243731,0.09547359763406248,0.013020147330415701,0.004566993843925041
