aaaa,aaad,aadd,aada,adda,addd,adad,adaa,ddaa,ddad,dddd,ddda,dada,dadd,daad,daaa
239.2529482820028,50.513118835945164,3.0243507050866674,9.094628825598084,1.0066931934337795,1.2087082854056461,0.7820104346263594,0.03498270060101606,0.11499462344252671,0.030535146213974337,0.5251488996459449,0.06308938332472235,0.06826236027152124,0.09995143645738724,0.011118677879085893,0.004801328101928332
