aaaa,aaad,aadd,aada,adda,addd,adad,adaa,ddaa,ddad,dddd,ddda,dada,dadd,daad,daaa
240.16630746307405,47.70315107975684,3.785159179599462,10.068182261491275,1.3070246559812664,1.0091663675371982,0.6985588457892615,0.022966292632454713,0.12349987671087655,0.030569162876999963,0.5117321456947215,0.06574200687105991,0.06421832658145124,0.08647970474149613,0.011308264168486161,0.003893238604744027
