aaaa,aaad,aadd,aada,adda,addd,adad,adaa,ddaa,ddad,dddd,ddda,dada,dadd,daad,daaa
219.97810417407118,42.089866302575295,2.770947204313084,7.642686312202797,0.9160909332176775,0.9957594729526865,0.627337528262951,0.02461048820629949,0.11911203648872284,0.022784314504799,0.47841163671856557,0.050008458558596994,0.06127791147717581,0.07100757277607699,0.010678610353536417,0.0038815086309092342
