aaaa,aaad,aadd,aada,adda,addd,adad,adaa,ddaa,ddad,dddd,ddda,dada,dadd,daad,daaa
221.14310395018927,41.99058327242709,3.3020738448366127,8.457997793051739,1.0749830972237238,0.9139248004365601,0.6068209992491868,0.021917972769776736,0.11544629952677574,0.025835697438370362,0.4741190656226658,0.05546035525699412,0.05859752994322611,0.07381035615887903,0.010228918955034423,0.003615246880283383
