aaaa,aaad,aadd,aada,adda,addd,adad,adaa,ddaa,ddad,dddd,ddda,dada,dadd,daad,daaa
260.4974086853753,51.074560985238904,3.0890550925748212,8.795608678137873,0.9307589843914302,1.3004468685158193,0.777086392564667,0.03735181727399167,0.13264119230295973,0.02994864773814376,0.577160307789451,0.061300124671349356,0.07485396427672818,0.09744502681009057,0.011811829527232415,0.005326464979005286
