aaaa,aaad,aadd,aada,adda,addd,adad,adaa,ddaa,ddad,dddd,ddda,dada,dadd,daad,daaa
206.86873679243106,43.13491174579218,2.5651012567174254,6.777145837041801,0.6427599491743666,1.160984274979853,0.6838959647191598,0.03849342169014227,0.09869422936806099,0.023783027144685803,0.4674295890933611,0.047453059873764004,0.06060194551454393,0.08488453128872114,0.009522695557918088,0.004485921017329193
