aaaa,aaad,aadd,aada,adda,addd,adad,adaa,ddaa,ddad,dddd,ddda,dada,dadd,daad,daaa
220.9226438361727,43.47233151105546,2.913292457362316,7.867113561637576,0.8274718499352507,1.0164241084457417,0.6636525124293049,0.030401633363046056,0.1036947717289547,0.025597413802456757,0.4859795794655373,0.052899724521458705,0.05704146301377511,0.08080009786414022,0.009650545019853313,0.004144802696842744
