aaaa,aaad,aadd,aada,adda,addd,adad,adaa,ddaa,ddad,dddd,ddda,dada,dadd,daad,daaa
241.8660860538292,48.66696965578875,3.0509336849797313,8.50421008248672,0.8754571536527269,1.168928016393021,0.7557664897299917,0.03561544696022488,0.11352712735840899,0.027806785244566635,0.5359244791836446,0.05724333069004236,0.06377432287988692,0.09048012586209932,0.010802893489525773,0.0046834182263935185
