aaaa,aaad,aadd,aada,adda,addd,adad,adaa,ddaa,ddad,dddd,ddda,dada,dadd,daad,daaa
202.68190084709852,42.04851905805475,2.652811739685277,8.175297572314825,0.9951216073788101,0.9637425582195083,0.6394575976881575,0.023728980345348358,0.10344562624838144,0.025526920879270287,0.43855671511307315,0.05512433622853529,0.05734338426659851,0.0792849923846448,0.009839035437931333,0.0037042717992854155
