aaa,aad,add,ada,dda,ddd,dad,daa
331.4300256762803,14.033020357034143,1.7763463652835367,0.9398598151576715,0.03898270869902717,0.06203542415217509,0.09395945858726212,0.04814469806080587
