aaa,aad,add,ada,dda,ddd,dad,daa
284.36542184960246,14.969613982218302,1.303489439164175,0.8073708768755783,0.01803210631274874,0.05257676715500942,0.07512116260504681,0.040166133208195724
