aaa,aad,add,ada,dda,ddd,dad,daa
271.79457968775074,11.382421907087318,1.4439689900633637,0.7890138528761583,0.02556417779887777,0.05185980003729102,0.07644866001920046,0.040336722132632986
