aaa,aad,add,ada,dda,ddd,dad,daa
313.0694577184783,12.298995219632928,1.7415894221840977,0.9122953316309406,0.026749771241152024,0.060719675886220556,0.08894722219262836,0.04641260325200982
