aaa,aad,add,ada,dda,ddd,dad,daa
320.6415357921284,15.540747902322758,1.4711608896621982,0.9121920371050681,0.015251427534876096,0.06094261108914666,0.08322388698374603,0.046011136452674455
