aaa,aad,add,ada,dda,ddd,dad,daa
300.68581812422786,15.44661993635799,1.3729256311040974,0.854606840523635,0.0167645393605308,0.05644323113384045,0.07889365148036492,0.04237477692378083
