aaa,aad,add,ada,dda,ddd,dad,daa
272.54498241880276,12.470506428781652,1.2199615478862158,0.749917529223528,0.02416941694927034,0.048442122398999275,0.07303010102923746,0.041331327239564224
