aaa,aad,add,ada,dda,ddd,dad,daa
252.76548557748242,10.435031172720572,1.1229140079785642,0.6964726224450567,0.012525690132733507,0.048427820578496796,0.06549235507589987,0.03581908303624981
