aaa,aad,add,ada,dda,ddd,dad,daa
306.65889559727907,13.88210469193581,1.3654987999830095,0.8661563487429793,0.009785115955710716,0.06098560975380816,0.07796060185581531,0.04269334220902617
