aaa,aad,add,ada,dda,ddd,dad,daa
242.01359053088353,10.559273447374386,1.0364655047980955,0.6647607673530973,0.014560039154603731,0.045097052056416065,0.06335113790265591,0.034729923331366985
