aaa,aad,add,ada,dda,ddd,dad,daa
277.7099729669978,14.46604464204469,1.1417838884541012,0.7672933830583183,0.014593425351749222,0.05215050036909993,0.07294435022515174,0.03816838568024775
