aaa,aad,add,ada,dda,ddd,dad,daa
249.0695357694693,10.665325882988517,1.0608911084605857,0.6848271927084573,0.012841583290152461,0.047226045425878826,0.06488665450863702,0.035519685564161456
