aaa,aad,add,ada,dda,ddd,dad,daa
275.10506303138663,11.658286173963743,1.1907385669496,0.7628275658660164,0.013481617711560357,0.052170573010576066,0.07195978589725811,0.04047971992815729
