aaa,aad,add,ada,dda,ddd,dad,daa
268.8009156727724,11.890423964826322,1.2241397414315687,0.7650082577450028,0.007258977898884749,0.05398051043868276,0.06769517397535695,0.038438460143940575
