aaa,aad,add,ada,dda,ddd,dad,daa
271.2567378069695,11.1150834319702,1.1910251546309951,0.7378948729168435,0.01776545323858275,0.050511830661493735,0.0715867750873872,0.0391951796490373
