aaa,aad,add,ada,dda,ddd,dad,daa
281.8673734056941,12.279799849518447,1.2326667354004521,0.7766656317329114,0.01743974740479003,0.05234592693190719,0.07396775336088415,0.04071275386648092
