aaa,aad,add,ada,dda,ddd,dad,daa
265.21718101215976,11.177773894261085,1.3104147868658085,0.7487275426920387,0.013983672311592601,0.050532816229833806,0.07119164385674819,0.03848367949185804
