aaa,aad,add,ada,dda,ddd,dad,daa
254.0056125264888,11.183517190848127,1.3017527091077172,0.7322096913400267,0.02452980040657219,0.04751298140378308,0.07133858079906091,0.036990045790700116
