aaa,aad,add,ada,dda,ddd,dad,daa
307.7779131524284,11.968781906185763,1.5934407311772747,0.8855717180459378,0.023797347695691612,0.060329432942839545,0.08619115462621488,0.04520115518519449
