aaa,aad,add,ada,dda,ddd,dad,daa
296.68022668549406,12.670346364114305,1.231703076294595,0.8075670430807229,0.017298593501990298,0.05549047318409837,0.07789147136270877,0.04254399838031409
