aaa,aad,add,ada,dda,ddd,dad,daa
235.76590617820378,10.317405269460961,1.04862127417581,0.653124510430308,0.014610743329882676,0.04367243280165786,0.062058040440368646,0.03461452655007986
