aaa,aad,add,ada,dda,ddd,dad,daa
265.2858855940979,13.783313232122971,1.1738409185936927,0.7464809546985869,0.01579382499276549,0.0494893819769654,0.06967959099123278,0.03669115800570318
