aaa,aad,add,ada,dda,ddd,dad,daa
282.306589704212,10.827671014083537,1.368170793101504,0.7818480460366224,0.012888651986901966,0.055884340292156984,0.07419296590768228,0.04247297143082636
