aaaa,aaad,aadd,aada,adda,addd,adad,adaa,ddaa,ddad,dddd,ddda,dada,dadd,daad,daaa
247.54175038570955,58.3514401158233,4.373275342200821,11.417796718861604,1.5688321695734797,1.2675369673049708,1.0083744683830063,0.06395455862535394,0.13509113945213844,0.04647214456759724,0.5617195101136493,0.08509764069083678,0.08594775260960903,0.12713549968206964,0.01620841808151862,0.003578524044926733
