aaaa,aaad,aadd,aada,adda,addd,adad,adaa,ddaa,ddad,dddd,ddda,dada,dadd,daad,daaa
228.2777460943503,55.849383386529766,4.462531372333531,9.949110763855826,1.5293561001835523,1.5088988478944005,0.9656881084054451,0.07603644362613853,0.1319753747667937,0.049503221484491926,0.5264721395073331,0.08489584548702295,0.10171237728763077,0.14008345112945464,0.016302200491541366,0.003839966821058985
