aaaa,aaad,aadd,aada,adda,addd,adad,adaa,ddaa,ddad,dddd,ddda,dada,dadd,daad,daaa
213.85776144185655,51.34258076519442,3.66620702936194,9.722488242461106,1.4332457674339678,1.2946781049306564,0.8955507131751469,0.058822325934407,0.12671200929729223,0.042249174372128925,0.49130056256856974,0.07608471920296321,0.08447391854648631,0.11557322113329517,0.01545936594185157,0.003324602506169154
