aaaa,aaad,aadd,aada,adda,addd,adad,adaa,ddaa,ddad,dddd,ddda,dada,dadd,daad,daaa
221.67497990243933,51.33096946231617,3.4133199988223684,9.566509296189986,1.3785759747191906,1.2427668491330957,0.8871639264975753,0.05748597285710775,0.13273298208900794,0.040516012813075944,0.5115285183485426,0.07504503973449632,0.08483043581442763,0.11252486419021067,0.015710352929642683,0.003504506197154967
