aaaa,aaad,aadd,aada,adda,addd,adad,adaa,ddaa,ddad,dddd,ddda,dada,dadd,daad,daaa
205.5914349740986,47.40703294666522,3.4203563555803944,9.44817468652686,1.3847640275079878,1.068748252008398,0.8183573127696482,0.04677846253083297,0.1254226844942532,0.03498901917360814,0.4696720260594399,0.06975770829943265,0.07312809083756709,0.09770369287445942,0.014865532755026802,0.002913758797389038
