aaaa,aaad,aadd,aada,adda,addd,adad,adaa,ddaa,ddad,dddd,ddda,dada,dadd,daad,daaa
236.18085613201677,55.07053459057329,4.44182715761275,8.473984687559383,1.1858550973681212,1.5417654268439267,0.9540679980444797,0.08571226233782762,0.13578534388346575,0.04544961000089389,0.563841537082999,0.07517566710706607,0.10861721703308976,0.1380672456363787,0.016268916232947968,0.00461184589601468
