aaaa,aaad,aadd,aada,adda,addd,adad,adaa,ddaa,ddad,dddd,ddda,dada,dadd,daad,daaa
240.3779196393393,57.581335939170465,3.9617535393008914,10.059147019161893,1.4158199140278753,1.4637325954932614,1.0030385915673614,0.07326524972821961,0.1365376660155985,0.04804280983404228,0.5606337237145673,0.0813251591599206,0.09707902869476495,0.13220322976524507,0.016650479422040163,0.004100271989924329
