aaaa,aaad,aadd,aada,adda,addd,adad,adaa,ddaa,ddad,dddd,ddda,dada,dadd,daad,daaa
233.66124487669475,53.10272746100278,3.436696494500121,8.736223646033194,1.1738659192416565,1.3591416588643424,0.9161333169272666,0.06949850506107826,0.13425702254378416,0.043336855140226144,0.5531867537797959,0.0722772642986586,0.09442002132596565,0.12063055487155595,0.01562647969697171,0.004259165630579637
