aaaa,aaad,aadd,aada,adda,addd,adad,adaa,ddaa,ddad,dddd,ddda,dada,dadd,daad,daaa
253.89975732345982,55.33964080255343,3.887187417332164,11.097135353622322,1.7022343684270942,1.220998128720627,0.9345132856350143,0.04889691026119649,0.16559678992993968,0.03799496891005814,0.5777448713552321,0.08084144330507245,0.0886107747129676,0.10638918055529183,0.018957646955077276,0.0034870374504184726
