aaaa,aaad,aadd,aada,adda,addd,adad,adaa,ddaa,ddad,dddd,ddda,dada,dadd,daad,daaa
246.7713902350805,57.10956838581608,4.333193873540225,11.636686564847015,1.7321025100065603,1.291007441967632,0.9888295988632181,0.05526202004176647,0.14939965872502187,0.045666864144274906,0.560210185193119,0.08667225698060142,0.08879262657671287,0.1203852820531038,0.017689939711497762,0.0033998292183721737
