aaaa,aaad,aadd,aada,adda,addd,adad,adaa,ddaa,ddad,dddd,ddda,dada,dadd,daad,daaa
253.48599098485505,53.54731665555881,6.269036652830979,11.120377160981295,1.7628056149317943,1.0139884744362524,0.877958896581484,0.03887739730097314,0.15618438173597718,0.02998785982203583,0.576078709224369,0.07867315347995404,0.07778357867926117,0.09997344722992685,0.01453230794629841,0.004340615166597559
