aaaa,aaad,aadd,aada,adda,addd,adad,adaa,ddaa,ddad,dddd,ddda,dada,dadd,daad,daaa
223.4699985467452,53.34546673039298,4.5441253247147975,11.332498326862275,1.696419224120907,1.2001829151918675,0.930778880883521,0.050976345040345636,0.13359764386388748,0.04083686428915456,0.5028887535600618,0.08159067725901552,0.07930058610541661,0.11362342814218558,0.01617877949266252,0.0028769613322113903
