aaaa,aaad,aadd,aada,adda,addd,adad,adaa,ddaa,ddad,dddd,ddda,dada,dadd,daad,daaa
262.1754861046609,64.45978163763701,7.529745735035115,10.382470875401653,1.8922059644921854,1.9237863382493956,1.1039023001985337,0.11516786969164729,0.1465205288144336,0.06592452480907142,0.6206156181623529,0.09724020415201387,0.15548752719817766,0.1993980377568982,0.0180377960001813,0.005458743466724532
