aaaa,aaad,aadd,aada,adda,addd,adad,adaa,ddaa,ddad,dddd,ddda,dada,dadd,daad,daaa
228.13891826373526,56.617319406627715,4.356953787014147,10.211016400631356,1.4998948488133463,1.4480170919066104,0.9815924555220902,0.07598306443389571,0.12275812695922643,0.05256453079423067,0.5221102811226491,0.08406236805676125,0.09777240211286453,0.1414345800246877,0.015105360773516433,0.003774846594974746
