aaaa,aaad,aadd,aada,adda,addd,adad,adaa,ddaa,ddad,dddd,ddda,dada,dadd,daad,daaa
256.3584315796739,62.16801250915061,4.897266100142726,12.816557748445053,1.9380397801474003,1.5147411535693782,1.1025635660245645,0.06116832526044931,0.15687142220434055,0.050126732322175904,0.580123238116025,0.09559185375524341,0.09633774002906134,0.1327704973994984,0.019465121819653132,0.00345920248374369
