aaaa,aaad,aadd,aada,adda,addd,adad,adaa,ddaa,ddad,dddd,ddda,dada,dadd,daad,daaa
242.74571330539092,58.90133475198561,4.7835515088898815,10.256720162916254,1.5848526519690294,1.6383341149889465,1.0228481665797173,0.0825302079191992,0.14293189768290063,0.050760541120369734,0.5620532396129281,0.08818847037659258,0.10872220165064603,0.14564419266889367,0.017686110791463257,0.004119395521108368
