aaaa,aaad,aadd,aada,adda,addd,adad,adaa,ddaa,ddad,dddd,ddda,dada,dadd,daad,daaa
225.53084693325673,45.765888695366726,5.275445545344048,9.788492097087827,1.6111864038566188,0.8820482832939301,0.7302042782083079,0.031075163222232634,0.14481076357931033,0.025769403230871322,0.5089341429668711,0.06890111434689841,0.0709598819564601,0.08490195692696917,0.013322095164377715,0.0037831836354230456
