aaaa,aaad,aadd,aada,adda,addd,adad,adaa,ddaa,ddad,dddd,ddda,dada,dadd,daad,daaa
218.23703995506943,51.59994339053326,6.2327264820998085,8.00086253515113,1.2614399307664417,1.649859075189687,0.844709178656149,0.10732297754190641,0.11916445667268087,0.05194191832490662,0.5457336268883441,0.06679756829594465,0.13545092116741153,0.1596828211284841,0.014015599894968048,0.0050170441554412155
