aaaa,aaad,aadd,aada,adda,addd,adad,adaa,ddaa,ddad,dddd,ddda,dada,dadd,daad,daaa
234.2793706746843,49.851427298920235,3.753689580977245,9.83369474883897,1.4648830594149738,1.0364729313355132,0.8343539242770391,0.043605202989474366,0.14862015010003055,0.032720264515604225,0.5361725743460539,0.07055098572020732,0.0770377883937672,0.093280131198691,0.01669505749854316,0.0032495725437907273
