aaaa,aaad,aadd,aada,adda,addd,adad,adaa,ddaa,ddad,dddd,ddda,dada,dadd,daad,daaa
231.99911868928294,55.89148810792726,5.419904086605853,8.739399539925387,1.3278547889143646,1.5726914628358801,0.9434636686072189,0.09745550564414697,0.12741684509436652,0.05470755874989065,0.5538030251027526,0.07898496692349538,0.1257021439870858,0.1624183189168801,0.015128636151058108,0.004631622204213654
