aaaa,aaad,aadd,aada,adda,addd,adad,adaa,ddaa,ddad,dddd,ddda,dada,dadd,daad,daaa
245.03980163004815,51.93675918206109,6.771372296944741,11.489088565216745,1.8723161394202392,0.9888963100837181,0.8491635688426368,0.036206338145902094,0.1508781348401895,0.03085837360662586,0.5517277442170523,0.0801767042065917,0.07557128332569137,0.10059518507122313,0.01399939958296261,0.004013558994369047
