aaaa,aaad,aadd,aada,adda,addd,adad,adaa,ddaa,ddad,dddd,ddda,dada,dadd,daad,daaa
236.0311612850954,56.88876593481356,4.068914005194912,9.993112750585547,1.4403140619319446,1.4657124422663332,0.9877908645537672,0.07373507592468381,0.1332798360194142,0.04944463597992024,0.5488386961579964,0.08167310797905585,0.09796793641951228,0.13449087684101288,0.016237999285219882,0.0040062979758765565
