aaaa,aaad,aadd,aada,adda,addd,adad,adaa,ddaa,ddad,dddd,ddda,dada,dadd,daad,daaa
252.5224907702255,56.78746242602597,4.478341132847921,11.99483317758204,1.8651862990948878,1.261634667836081,0.9664822033909938,0.05018164428920174,0.16267111269955142,0.040509293523964235,0.5706646771564959,0.08543834938588463,0.08911324078250554,0.1122051270178376,0.018839899709040066,0.0032773674581190633
