aaaa,aaad,aadd,aada,adda,addd,adad,adaa,ddaa,ddad,dddd,ddda,dada,dadd,daad,daaa
218.30364850571672,47.43767405931398,3.2585012218927836,9.339827430796916,1.4232324625811292,1.049106239330988,0.801600915116468,0.0420823864104598,0.143380386292195,0.03111953632331634,0.4969699954397563,0.06775002635839032,0.07655443526299836,0.08871537544561121,0.016265362239525554,0.003067576323469394
