aaaa,aaad,aadd,aada,adda,addd,adad,adaa,ddaa,ddad,dddd,ddda,dada,dadd,daad,daaa
226.67095889443607,51.154584587670115,3.8334415915355056,10.35054984761295,1.5335133454312084,1.1189295830484258,0.8758735985266503,0.048769878042822686,0.13945051353327806,0.036519183347155953,0.5157173915997004,0.07490579516511799,0.07834108933457183,0.10190214312997005,0.016129622905015992,0.003092320674306522
