aaaa,aaad,aadd,aada,adda,addd,adad,adaa,ddaa,ddad,dddd,ddda,dada,dadd,daad,daaa
252.29478872938253,61.211881181631824,4.720293117879175,9.449206103202917,1.2622877269457504,1.620708208671893,1.060326872524936,0.09818063907750203,0.13276609116103824,0.05308898454008762,0.5964220011538371,0.0828645779876634,0.1150889404989691,0.15618549666711948,0.01622342244815063,0.004936958503826305
