aaaa,aaad,aadd,aada,adda,addd,adad,adaa,ddaa,ddad,dddd,ddda,dada,dadd,daad,daaa
238.39845329028427,50.96888681971465,3.927704654379097,9.867694589136935,1.4493933020178764,1.043820093670773,0.857202393150183,0.045289041057486566,0.1496701001761129,0.03184482652746114,0.5471146577968287,0.07006272545203805,0.07710982133987677,0.09273788562923042,0.016831308891611114,0.0033128847553097773
