aaaa,aaad,aadd,aada,adda,addd,adad,adaa,ddaa,ddad,dddd,ddda,dada,dadd,daad,daaa
259.4049525534024,62.8621759882382,4.748411914066009,12.107286667796137,1.8484945480761343,1.6330343125027642,1.090390333584848,0.07357258265020822,0.1529918766707878,0.05542479608313422,0.5935234454822603,0.09582154271191376,0.10655339874071876,0.14757646795583818,0.018739146203043348,0.004022105387250458
