aaaa,aaad,aadd,aada,adda,addd,adad,adaa,ddaa,ddad,dddd,ddda,dada,dadd,daad,daaa
270.5928993712419,62.93408809723845,6.191822512993247,9.308120983763867,1.3096624174997327,1.8986873550879608,1.086965702441167,0.11216136812195612,0.15096381697892597,0.055707421841220114,0.6606006383167351,0.08264495952660314,0.1461755865601797,0.17473335311122296,0.017751677988941162,0.005860481425534395
