aaaa,aaad,aadd,aada,adda,addd,adad,adaa,ddaa,ddad,dddd,ddda,dada,dadd,daad,daaa
250.69377781899428,61.56374385144429,8.360456128888877,10.007666938904398,1.6351871873455437,1.947015406251435,0.9819559479510718,0.1356859808021121,0.12945518384537644,0.06696056268540129,0.6311392692178763,0.07731782760283587,0.1784846802787641,0.2011513693469257,0.015062211045209679,0.0059402589857710944
