aaaa,aaad,aadd,aada,adda,addd,adad,adaa,ddaa,ddad,dddd,ddda,dada,dadd,daad,daaa
233.8578522576655,52.310465192264104,3.347302228715016,9.76054494791754,1.3875925746660114,1.2100397170371529,0.8938136893398346,0.05543285029070651,0.14272908455053,0.038994161116934156,0.5404307019576021,0.0753848362048745,0.0857004787235627,0.10951460863271964,0.016564997214675116,0.003675156688032677
