aaaa,aaad,aadd,aada,adda,addd,adad,adaa,ddaa,ddad,dddd,ddda,dada,dadd,daad,daaa
251.55988261175406,58.71544531935029,5.3888035498707705,9.5086254169276,1.5404694539825576,1.7168321639735444,1.0105946066857963,0.09002840760965827,0.1533894265891288,0.050999897317340045,0.5930249551425932,0.08655377508997358,0.12192435968527958,0.15462254569306252,0.018421013629593013,0.004700075651433452
