aaaa,aaad,aadd,aada,adda,addd,adad,adaa,ddaa,ddad,dddd,ddda,dada,dadd,daad,daaa
236.23785624202725,53.29352043580794,4.0155568548117815,11.210725564576196,1.7569009665274642,1.2308626416722774,0.9073292498047567,0.04822801223617078,0.15363301123729017,0.03891186011057282,0.5327653058009438,0.08126576880161404,0.08601844195291172,0.10704580239568484,0.01777110722064782,0.0031259399370489956
