aaaa,aaad,aadd,aada,adda,addd,adad,adaa,ddaa,ddad,dddd,ddda,dada,dadd,daad,daaa
223.6516107199598,51.261026875852366,5.337183910839927,7.855280608087209,1.2338782610756502,1.5778165501620498,0.8829111274486722,0.08851286938842037,0.13068495324146437,0.046919442411738656,0.5444226144512947,0.07015139429437314,0.12537599837846694,0.1467598182751692,0.015104458819848201,0.00475120138704763
