aaaa,aaad,aadd,aada,adda,addd,adad,adaa,ddaa,ddad,dddd,ddda,dada,dadd,daad,daaa
246.18967879681392,57.73087773408623,4.041508714573661,11.067403292429331,1.537376855486238,1.2974836459695165,0.9989023174253204,0.06365876868353701,0.13993542153679872,0.045044015780263506,0.5637433247596977,0.0838358605393066,0.08833823967355159,0.124934586607682,0.016734416488504652,0.003713768982192588
