aaaa,aaad,aadd,aada,adda,addd,adad,adaa,ddaa,ddad,dddd,ddda,dada,dadd,daad,daaa
246.109605760909,57.29723219253246,4.427758329756682,8.933461451933143,1.2462072974212213,1.5919735491916156,0.9949754559139972,0.08495399126249226,0.14328924524214456,0.046168136154155215,0.5854037014404758,0.07835607088465783,0.10925882510278527,0.13849413142561406,0.017316732778731882,0.004737896023273035
