aaaa,aaad,aadd,aada,adda,addd,adad,adaa,ddaa,ddad,dddd,ddda,dada,dadd,daad,daaa
245.2098278517116,57.08347880516092,4.381699096627985,8.57646772774414,1.1352957181653225,1.5947387408000147,0.995411910165961,0.08749776276867624,0.13958397384195598,0.044727515796598366,0.5878874093548907,0.07516859160894766,0.10789631097899299,0.1360413465945265,0.01692971759284342,0.004858813465441025
