aaa,aad,add,ada,dda,ddd,dad,daa
244.11377211669807,39.50015875078425,4.819863985792186,0.3289007872306216,0.12563579300842287,0.30689526275018764,0.01997859657935626,0.021076067072312753
