aaa,aad,add,ada,dda,ddd,dad,daa
244.79659664753274,42.3702734643787,5.198693374854329,0.293587352204617,0.13366504993370226,0.3211363605509102,0.01972017869267533,0.02250413068167525
