aaa,aad,add,ada,dda,ddd,dad,daa
244.3108911626239,34.42370851455242,4.316208529242278,0.35296264581525366,0.119248259764922,0.2920019495163744,0.019506227989858665,0.01993656156020541
