aaa,aad,add,ada,dda,ddd,dad,daa
240.35091699930786,43.01535303881454,4.923664547330783,0.27624046504796335,0.12220432867516097,0.31498997314368715,0.01827120627003972,0.021845224309567972
