aaa,aad,add,ada,dda,ddd,dad,daa
250.63832763976572,36.8612532209822,4.8119267492083235,0.38884113151131805,0.12732159369345417,0.3031889118080534,0.022766427999970855,0.020425263868373383
