aaa,aad,add,ada,dda,ddd,dad,daa
259.43792233666466,42.33584092303998,5.066668557742373,0.3419121735454074,0.13478657850212156,0.3254989951872592,0.020602077572941076,0.02259478443135249
