aaa,aad,add,ada,dda,ddd,dad,daa
243.66981194892153,38.85062233345817,4.739164375141546,0.3291755667037465,0.11875588195364603,0.3050705247957159,0.01951877154443624,0.020482330825402222
