aaa,aad,add,ada,dda,ddd,dad,daa
274.89962373709614,43.58663556621745,4.728527478512398,0.2719947171040374,0.13745881839901475,0.3477143743745527,0.016514984982344372,0.025396591551558254
