aaa,aad,add,ada,dda,ddd,dad,daa
279.89697117563924,42.2243484060624,5.157847886962386,0.3432523561869259,0.1507937876269476,0.34659816770556057,0.02103468212109806,0.024956009735176348
