aaa,aad,add,ada,dda,ddd,dad,daa
261.447784027358,46.52467366699328,5.683264587377632,0.3294289878249042,0.14549971426704006,0.34006975836215164,0.022322353824357738,0.023862068456574247
