aaa,aad,add,ada,dda,ddd,dad,daa
235.1340198038717,35.906469111695266,4.204258388644132,0.2665251870779367,0.11711778427022487,0.29533211153266475,0.015716906274711513,0.020863305750849843
