aaa,aad,add,ada,dda,ddd,dad,daa
271.13292951425547,45.70186681239478,5.654865415743322,0.3944000742706753,0.13694220369281254,0.3432793385918233,0.02420700426776683,0.022890322018278196
