aaa,aad,add,ada,dda,ddd,dad,daa
271.1811721929278,41.66298521381701,5.413130231166823,0.39934438984580933,0.14239259513235034,0.3354240678402287,0.024733485009438064,0.022875185984118297
