aaa,aad,add,ada,dda,ddd,dad,daa
238.283889534437,30.082991354304188,3.821601016551082,0.29455699895483567,0.12234893275477692,0.28063012589070885,0.016697229549926702,0.02024072805007554
