aaa,aad,add,ada,dda,ddd,dad,daa
229.5116621603251,36.00794508854991,4.357874850023272,0.28626364363670104,0.12168618382545042,0.2876999959376915,0.01744344068401746,0.02042452598024774
