aaa,aad,add,ada,dda,ddd,dad,daa
224.15214177379048,30.79526012125949,3.614086821049543,0.2836317257502125,0.10682720770115103,0.26637583686820043,0.014941072492120972,0.018689838072152545
