aaa,aad,add,ada,dda,ddd,dad,daa
235.61968552206218,30.249480832888285,3.7715102414524964,0.2989243446992293,0.11669023633124904,0.27727582474944756,0.016250215833176675,0.0196466642697745
