aaa,aad,add,ada,dda,ddd,dad,daa
275.0821964861668,37.08828790742652,4.8136298153345205,0.35668699613228333,0.14940930616075224,0.3282683437488566,0.021555174545812215,0.0236567354322199
