aaa,aad,add,ada,dda,ddd,dad,daa
245.57913425340482,46.87851262411436,5.269206714990198,0.2183209439133067,0.13912837872315387,0.3453561927906394,0.016499050005132496,0.02579613194343582
