aaa,aad,add,ada,dda,ddd,dad,daa
277.62847603459016,33.49208125239309,4.494608934470291,0.4095485959377252,0.13899226564777323,0.31899515573119275,0.02152801515690697,0.02231678830709524
