aaa,aad,add,ada,dda,ddd,dad,daa
228.05636150983491,32.90113658623953,3.7660367043213845,0.25140938462217793,0.11263188688476598,0.2787975441150758,0.014527338471086832,0.020104559497951924
