aaa,aad,add,ada,dda,ddd,dad,daa
260.0637987763857,44.42999702924269,5.136818481103694,0.32275934888688773,0.1334142947927931,0.33271966366011496,0.021439271253530127,0.023092424894738676
