aaa,aad,add,ada,dda,ddd,dad,daa
270.15595230351283,36.352366361396946,4.622907383266129,0.3586146161279589,0.13946085465300054,0.32247736183844883,0.02051435635775524,0.02289508638269983
