aaa,aad,add,ada,dda,ddd,dad,daa
231.22483455775162,33.379464417017346,4.073437166066737,0.3172283179791791,0.10979277530922939,0.27924427938909885,0.017526426946917296,0.018982434838083522
