aaa,aad,add,ada,dda,ddd,dad,daa
246.10835022073869,42.278745305605845,4.987777096487484,0.33658116560047124,0.12435142558406052,0.31162227517788316,0.0202874024921341,0.021134157768463432
