aaa,aad,add,ada,dda,ddd,dad,daa
271.4012776602524,42.9835675808524,5.279759568794845,0.38518144603861526,0.1428364505415138,0.33131377610395174,0.02337590727151012,0.02277123939725118
