aaa,aad,add,ada,dda,ddd,dad,daa
246.8603095075825,29.83727732833731,3.9614893232350763,0.3512357389141552,0.11906607236055791,0.28587146218295995,0.018302024421205883,0.019777265111688112
