aaa,aad,add,ada,dda,ddd,dad,daa
237.2950233809582,31.331139218639684,3.9013057334547767,0.3083462864152729,0.11725194194847567,0.2813007097112375,0.016909190361305056,0.019809565634761526
