aaa,aad,add,ada,dda,ddd,dad,daa
234.63617390675236,33.79068733210623,4.1955934899447485,0.3456408938124068,0.11478304334640806,0.28072751796602713,0.01900813595648231,0.019120357558247127
