aaa,aad,add,ada,dda,ddd,dad,daa
251.0778586911133,36.24922974004608,4.422096972833022,0.3653509619109296,0.12496587604577578,0.29688190451326496,0.020024274826408024,0.020370682389540692
