aaa,aad,add,ada,dda,ddd,dad,daa
293.33576670459377,44.66736559593194,5.358139105858093,0.33510262210732156,0.15184266683777878,0.3700132944712869,0.020492983652658624,0.02639688829242031
