aaa,aad,add,ada,dda,ddd,dad,daa
264.535156283574,37.96467015315928,5.045878928591681,0.3817601924020664,0.14068303695024367,0.32155806223656147,0.023368462805175624,0.022222290879601043
