aaaaa,aaaad,aaadd,aaada,aadda,aaddd,aadad,aadaa,addaa,addad,adddd,addda,adada,adadd,adaad,adaaa,ddaaa,ddaad,ddadd,ddada,dddda,ddddd,dddad,dddaa,dadaa,dadad,daddd,dadda,daada,daadd,daaad,daaaa
12.471798378594292,52.79379707177294,149.22802303006648,1.7011864609580665,36.1838204156892,6.386380210202221,5.495063915964118,1.297362687789482,0.8425568625940635,0.7069110872957358,1.0056390649076592,1.2664478393963101,1.316864795299982,0.20647338327667716,0.27090226270101586,0.01200621991754813,0.1361485438972913,0.0021408829194385047,0.013561565308357403,0.0312733637961401,0.21733270227858367,0.15500678558047698,0.16668788868340562,0.3449260690091843,0.029805574723161764,0.01087904352456878,0.1605196776075405,0.21804923830677184,0.049426906281293294,0.017087116315689734,0.062136829978502776,0.011265567977843347
