aaaaa,aaaad,aaadd,aaada,aadda,aaddd,aadad,aadaa,addaa,addad,adddd,addda,adada,adadd,adaad,adaaa,ddaaa,ddaad,ddadd,ddada,dddda,ddddd,dddad,dddaa,dadaa,dadad,daddd,dadda,daada,daadd,daaad,daaaa
32.8236118529656,54.98980564133384,183.90585435612388,1.9335163471447794,36.3784215662498,7.77771259100459,6.092895252015765,1.5439540766134097,0.7968800505847524,0.4061962457576993,0.9861008193942863,1.525502972547413,1.2815008502866645,0.3366071125841658,0.3037604709813876,0.016131348910395315,0.18135607485434313,0.003554751243994405,0.012683092011317107,0.03425742885531553,0.292016602452097,0.22606510767563806,0.13528370412114535,0.3600843930338868,0.03880827223664598,0.007629670165617011,0.19248640827703703,0.23896153660493583,0.05657120483853836,0.02605439833866737,0.07810081503685448,0.013507809168457518
