aaaaa,aaaad,aaadd,aaada,aadda,aaddd,aadad,aadaa,addaa,addad,adddd,addda,adada,adadd,adaad,adaaa,ddaaa,ddaad,ddadd,ddada,dddda,ddddd,dddad,dddaa,dadaa,dadad,daddd,dadda,daada,daadd,daaad,daaaa
13.782871024293925,62.51850114453298,163.5063837324262,2.2461713645645367,37.58361529296672,9.794510425378922,9.069799021048322,1.349085782453415,1.5925747327654751,1.1978315783238134,1.5258262991278362,0.8820779081809031,1.7683675459336274,0.2796185926393083,0.354569364466202,0.016548650586686066,0.15719362832510284,0.003727958245554234,0.019749187802079612,0.02848111628238131,0.24409981186855045,0.1579345723410555,0.2229316252604983,0.4783029268329855,0.01574119645971328,0.0347691631244414,0.2355291691708083,0.1934562615777635,0.07004906714884378,0.01807904617469064,0.07686907558800106,0.014357968761503576
