aaaaa,aaaad,aaadd,aaada,aadda,aaddd,aadad,aadaa,addaa,addad,adddd,addda,adada,adadd,adaad,adaaa,ddaaa,ddaad,ddadd,ddada,dddda,ddddd,dddad,dddaa,dadaa,dadad,daddd,dadda,daada,daadd,daaad,daaaa
8.268206543555253,75.19301716656717,179.80365867060794,2.165688383153429,44.14476268174428,9.473812506965235,9.81282572210777,1.362435995048802,1.630063773918004,1.383191405318048,1.5394918122944063,1.139286623707051,1.925808589023264,0.2633583919468256,0.40269187773498033,0.019549901541508204,0.15517990447890925,0.003359993939873503,0.02400592759107717,0.0316785318826673,0.25451633993117445,0.17076190689434004,0.2613598949615146,0.5042819675638657,0.01811627405164624,0.036457845109269825,0.2351445556804945,0.23261042420836517,0.07089551511485047,0.017861667661456717,0.08217086139225169,0.015778028927507567
