aaaaa,aaaad,aaadd,aaada,aadda,aaddd,aadad,aadaa,addaa,addad,adddd,addda,adada,adadd,adaad,adaaa,ddaaa,ddaad,ddadd,ddada,dddda,ddddd,dddad,dddaa,dadaa,dadad,daddd,dadda,daada,daadd,daaad,daaaa
18.969249582513136,55.39751080007916,165.39019545288795,1.7309042963894823,32.58007258868352,6.92198933804949,6.450293023961694,1.126677839983791,0.7936057408042145,0.4302555523833352,0.887051648471833,1.3418296708401576,1.1577763844037967,0.2919296851670196,0.3092591529123228,0.013317199539769509,0.1484598633786148,0.0034467271105217334,0.015655164248520877,0.024363747827474667,0.2549696045435788,0.2044385056080513,0.13750929420405664,0.32437784358660476,0.025467107801980922,0.005847686321082938,0.17868657332076227,0.20737587231694715,0.049370513635314354,0.02209035987764907,0.0733427103915354,0.012860414299668593
