aaaaa,aaaad,aaadd,aaada,aadda,aaddd,aadad,aadaa,addaa,addad,adddd,addda,adada,adadd,adaad,adaaa,ddaaa,ddaad,ddadd,ddada,dddda,ddddd,dddad,dddaa,dadaa,dadad,daddd,dadda,daada,daadd,daaad,daaaa
20.66064407350689,63.14340988514734,197.8471145598495,2.6347173552781706,40.72479793257763,6.459167024444233,5.959346012027069,1.6281687784608392,0.697613539112628,0.3977262456057471,0.8902470940805238,2.0158613530655836,1.198986366106333,0.31942663415915684,0.32116048130779384,0.014059808554586165,0.17554345755434478,0.0028206023441147386,0.01478141088177974,0.038249560303899505,0.28856516340424615,0.23228985645990588,0.15485989180733423,0.3616269481994509,0.0500756983834852,0.005538221920734663,0.16668713867433413,0.2834348994049732,0.04809298689796151,0.02640213037511651,0.0795257730785157,0.013593433300291233
