aaaaa,aaaad,aaadd,aaada,aadda,aaddd,aadad,aadaa,addaa,addad,adddd,addda,adada,adadd,adaad,adaaa,ddaaa,ddaad,ddadd,ddada,dddda,ddddd,dddad,dddaa,dadaa,dadad,daddd,dadda,daada,daadd,daaad,daaaa
11.868647222761345,59.793808508976724,158.62143079950306,1.8467020809926735,36.68848242871559,7.919282149703257,7.506152224561404,1.203919265776267,1.1791007231184465,0.8969824098673217,1.1978343571940473,1.0883953834184565,1.5137079085434961,0.24183215396884886,0.32617251561191063,0.01447523909181244,0.14542515680113513,0.002196593028732537,0.018256054909031667,0.026446158299086267,0.23439961038326967,0.16500082694882537,0.19072304698018014,0.40160085356022146,0.019561718524382335,0.02035376159211154,0.1993850098507296,0.20474308186725254,0.059770339301973466,0.017566221820743872,0.07171745068630114,0.013258756688726041
