aaaaa,aaaad,aaadd,aaada,aadda,aaddd,aadad,aadaa,addaa,addad,adddd,addda,adada,adadd,adaad,adaaa,ddaaa,ddaad,ddadd,ddada,dddda,ddddd,dddad,dddaa,dadaa,dadad,daddd,dadda,daada,daadd,daaad,daaaa
23.5698877077854,62.11980352546077,187.94092830087212,2.0083179289429167,37.997334142767556,8.375053830577862,7.2123327140083475,1.4425602399181896,1.0096698377469402,0.5913084902852307,1.124345293923333,1.4070942739504966,1.4272081213207322,0.3195070997916546,0.34097542473188003,0.01553803398480071,0.17697233252895211,0.003155809722694585,0.015998426155544653,0.03336310336729065,0.2880852292863025,0.21714042506296324,0.16767849838323215,0.4035959542478355,0.031182315467975764,0.009924419920334908,0.2106876723007176,0.2361220090868018,0.060146485568464636,0.02436709282134269,0.08223215572617938,0.0144527364911456
