aaaaa,aaaad,aaadd,aaada,aadda,aaddd,aadad,aadaa,addaa,addad,adddd,addda,adada,adadd,adaad,adaaa,ddaaa,ddaad,ddadd,ddada,dddda,ddddd,dddad,dddaa,dadaa,dadad,daddd,dadda,daada,daadd,daaad,daaaa
28.329724762482765,50.33116793123788,174.05881299797858,2.0582236259304474,28.068697420205556,6.390222683052999,5.286177014317029,1.241280932162576,0.465219154544204,0.1385470638977614,0.5890849353027721,1.6604347276983127,0.7896104733140709,0.37287051374089425,0.2785018175943902,0.01359233551904238,0.1555376635598811,0.003365482740556255,0.010979703411858497,0.02810897614025521,0.2731924979871159,0.23881792947222288,0.08920995054907709,0.26106193862709454,0.04226843295167829,0.006186636259369702,0.1493421536017658,0.21303538290800586,0.03776023001983588,0.0280585773514974,0.07254251992516661,0.012151374465655939
