aaaaa,aaaad,aaadd,aaada,aadda,aaddd,aadad,aadaa,addaa,addad,adddd,addda,adada,adadd,adaad,adaaa,ddaaa,ddaad,ddadd,ddada,dddda,ddddd,dddad,dddaa,dadaa,dadad,daddd,dadda,daada,daadd,daaad,daaaa
16.120887552145486,60.0688904643635,179.8857487912492,2.3059277386875334,35.212102163330414,6.022068050478686,5.968834196169475,1.2846182580197942,0.6485060440013128,0.34185924048415783,0.7715593657180705,1.7414075466501635,1.0555251705674535,0.2992234123816722,0.31277266442387275,0.012446810066206564,0.15157090936545964,0.00253584008232649,0.014621458350102963,0.03195644544588604,0.2640900433345565,0.21675668728048522,0.13933916990494236,0.32072397293451116,0.038992230144115965,0.003929768576801793,0.15651367485567014,0.24414820022868466,0.042926460984731664,0.02402453206171079,0.07457458284085434,0.012805000234059338
