aaaaa,aaaad,aaadd,aaada,aadda,aaddd,aadad,aadaa,addaa,addad,adddd,addda,adada,adadd,adaad,adaaa,ddaaa,ddaad,ddadd,ddada,dddda,ddddd,dddad,dddaa,dadaa,dadad,daddd,dadda,daada,daadd,daaad,daaaa
20.354201855179674,56.92558842230386,181.52943881266367,2.435694582019752,34.046251088623194,5.962199103037368,5.526791568036886,1.3796668292666838,0.5688721430677266,0.26145665406616125,0.713331503344941,1.8299305456142516,0.9671007173821247,0.32378920544185924,0.29586728254730194,0.012868412888872858,0.15789195295500327,0.002695120973508932,0.013251724458688585,0.032391100906001766,0.2702556667309495,0.22572957910456135,0.12411476024754647,0.3056113697329628,0.04459413849045047,0.004728004955801434,0.14988265093113962,0.2453114942092084,0.040727980201229745,0.025797875121897,0.07346625798029198,0.012516228095819832
