aaaaa,aaaad,aaadd,aaada,aadda,aaddd,aadad,aadaa,addaa,addad,adddd,addda,adada,adadd,adaad,adaaa,ddaaa,ddaad,ddadd,ddada,dddda,ddddd,dddad,dddaa,dadaa,dadad,daddd,dadda,daada,daadd,daaad,daaaa
18.147994761614292,57.164566183120854,176.46407579893818,2.2152696720006544,36.33498475230593,5.958363845621957,5.565918214919703,1.4035773438362804,0.6571954914825909,0.3735205925698874,0.8146691191324484,1.736215437198877,1.10563585168924,0.2854854681586649,0.29522779266542437,0.012648954553144107,0.15578717141449966,0.0025149629939109717,0.013582743440157561,0.03351146486929546,0.259196220666467,0.20789015109697706,0.14086629157564057,0.3271142472628786,0.04155906212616153,0.004795112863042629,0.1544853792828001,0.24910403607165174,0.04451802520195291,0.02344530520364885,0.07228496988110537,0.012327320786568018
