aaaa,aaad,aadd,aada,adda,addd,adad,adaa,ddaa,ddad,dddd,ddda,dada,dadd,daad,daaa
264.5778285554587,70.39984590857222,5.107574266719519,9.914367811837574,1.6233488233711975,1.8463981841455135,1.312745162308387,0.0927729841868856,0.19736286991997384,0.05053425622689921,0.8311816610430254,0.09068317929462753,0.1392343034817516,0.1798445067832044,0.053319211812074975,0.006913470367422413
