aaaa,aaad,aadd,aada,adda,addd,adad,adaa,ddaa,ddad,dddd,ddda,dada,dadd,daad,daaa
218.89389632155743,55.880987917851755,3.766052024851502,8.936991990357425,1.4596015299018343,1.2854512294610962,0.9992509465865788,0.0389630100435976,0.17492609679339977,0.03111935771925609,0.6756635596194309,0.07518429545972445,0.0933797630213516,0.12041276454040445,0.04481797175621109,0.00556960467352294
