aaaa,aaad,aadd,aada,adda,addd,adad,adaa,ddaa,ddad,dddd,ddda,dada,dadd,daad,daaa
242.93253693368897,61.640155497325054,3.9592538973106195,7.763005598583167,1.1014372925807872,1.6295491244984035,1.1063596393210207,0.07095311233825194,0.1690113649340082,0.038094811625582564,0.7667682688169074,0.07999400511707011,0.11686115406778433,0.14481994821742628,0.04767522345696353,0.006242447511682679
