aaaa,aaad,aadd,aada,adda,addd,adad,adaa,ddaa,ddad,dddd,ddda,dada,dadd,daad,daaa
234.30126732119402,62.16136566415424,4.116361851887611,7.825113611453031,1.078403337748619,1.5540528654127435,1.0895520168588684,0.07538429313858992,0.15024126751259326,0.04194381695688361,0.7271203623749013,0.0777597047904043,0.11536974954346665,0.15418042209345423,0.043349783364957366,0.0062211944733200466
