aaaa,aaad,aadd,aada,adda,addd,adad,adaa,ddaa,ddad,dddd,ddda,dada,dadd,daad,daaa
243.0510712627268,62.371400926755065,6.647977641711891,7.175265961253242,1.1429358795469196,2.1119424323092337,1.2130287548012633,0.12827756756408892,0.1884512226981542,0.05489596047713821,0.8268685856035742,0.06505670259840027,0.1479032628805909,0.16909120754365653,0.04618555980879348,0.007697144704099219
