aaaa,aaad,aadd,aada,adda,addd,adad,adaa,ddaa,ddad,dddd,ddda,dada,dadd,daad,daaa
274.4594748029894,70.42382765541386,6.1791653692401205,8.2988322739314,1.2955532782972792,2.134089668747853,1.3933184743452411,0.12654559563084383,0.21680576285540643,0.05872706415987069,0.9151494191252149,0.07495961945402088,0.1546614886459754,0.1838955405979843,0.05168432396043469,0.008256778248071084
