aaaa,aaad,aadd,aada,adda,addd,adad,adaa,ddaa,ddad,dddd,ddda,dada,dadd,daad,daaa
257.93109114100827,68.765615349544,4.997292719053101,11.175629819447556,1.8014423227044107,1.5925730565047278,1.238269449875746,0.050052563393813525,0.20510021143617238,0.0421334485953219,0.7924836124505777,0.0897451710609733,0.11303684251650792,0.1523191399656225,0.051756988048499986,0.006560762187626684
