aaaa,aaad,aadd,aada,adda,addd,adad,adaa,ddaa,ddad,dddd,ddda,dada,dadd,daad,daaa
259.9040864647819,55.92641440597062,7.056628689241393,10.105997117671235,1.838512752556309,1.004474480281081,0.9393969875264743,0.02744363128096161,0.2119691839751593,0.022492856813928815,0.7865580221587944,0.07970111140750905,0.08397798813080676,0.09770395933618094,0.04997871620406285,0.0057046596896210035
