aaaa,aaad,aadd,aada,adda,addd,adad,adaa,ddaa,ddad,dddd,ddda,dada,dadd,daad,daaa
262.18376908504644,63.83418231414744,4.780821516754059,10.995708403920672,1.8041617251040762,1.3523000057359504,1.1285479123265154,0.039064997478737505,0.21551958074668598,0.03392552814263007,0.8029288688891961,0.08814764888038562,0.10396338789741079,0.1326373065541408,0.05250448534749518,0.0064442984872008354
