aaaa,aaad,aadd,aada,adda,addd,adad,adaa,ddaa,ddad,dddd,ddda,dada,dadd,daad,daaa
262.8870202201274,67.32233370651099,5.2791709112998815,11.843903879936816,2.004926089764363,1.469262378413066,1.19761053201653,0.03846569837156867,0.21926206251580388,0.03309811968024698,0.804434540308379,0.0919742433144277,0.1062648011354054,0.1375002148398841,0.05441601411368938,0.006318665223926449
