aaaa,aaad,aadd,aada,adda,addd,adad,adaa,ddaa,ddad,dddd,ddda,dada,dadd,daad,daaa
218.2249346107789,56.27783271194738,3.8783876883734325,9.005797602812722,1.4855197196371728,1.3213718671773218,1.010623782166764,0.039661630064949153,0.1722280551961451,0.033453610695751056,0.6734056801472004,0.07598360862421324,0.09452958820513213,0.12412668767295595,0.04470763705301431,0.00557477744283481
