aaaa,aaad,aadd,aada,adda,addd,adad,adaa,ddaa,ddad,dddd,ddda,dada,dadd,daad,daaa
220.15144783822342,54.821660520878574,3.879007058904897,9.287803658432118,1.5989112390444846,1.253313784450182,0.9722580547395627,0.034312416942449464,0.18260034806456774,0.030346589330301113,0.6756483067629414,0.07667249299211619,0.0930298933398281,0.11621100720630394,0.04601740899777995,0.005278532352800022
