aaaa,aaad,aadd,aada,adda,addd,adad,adaa,ddaa,ddad,dddd,ddda,dada,dadd,daad,daaa
257.4697472366887,64.3348735039472,4.251148944530456,10.379806695504726,1.751341112150192,1.5140032264954721,1.1584243077761884,0.043566663237711925,0.2133303348593913,0.03510692217246706,0.7968661439392277,0.08772093590439045,0.11015437276266417,0.13496800979489856,0.053891624666807726,0.006478188669929632
