aaaa,aaad,aadd,aada,adda,addd,adad,adaa,ddaa,ddad,dddd,ddda,dada,dadd,daad,daaa
219.43968635535984,55.69784246828833,3.791571881559314,7.9581166727538015,1.3090969966536463,1.4487699048879394,0.986830233753047,0.05083045790739643,0.1636712996838464,0.03653933477561379,0.683175125766737,0.07903406185010321,0.10759136036919278,0.13372846150440437,0.04509931493795181,0.005285945156258115
