aaaa,aaad,aadd,aada,adda,addd,adad,adaa,ddaa,ddad,dddd,ddda,dada,dadd,daad,daaa
232.51663330957894,53.57115253229836,5.849257993243898,10.03386587132873,1.7425644990392544,0.991703396593744,0.9141747443042212,0.027579433812302566,0.18475188661260722,0.02538352357223834,0.699064577069028,0.07595389178604844,0.07967187152892583,0.10297077211884015,0.046073051692324986,0.004935587721958262
