aaaa,aaad,aadd,aada,adda,addd,adad,adaa,ddaa,ddad,dddd,ddda,dada,dadd,daad,daaa
251.84379675351028,65.54984873790455,4.9639526317800815,8.382344466676212,1.3449009281061668,1.8017853891993512,1.261835193624419,0.1135079430945441,0.19657861534007814,0.045616701041019524,0.8214786761077196,0.07265543416513282,0.13551757740465023,0.1656835569507204,0.04969183821363401,0.007384986270843524
