aaaa,aaad,aadd,aada,adda,addd,adad,adaa,ddaa,ddad,dddd,ddda,dada,dadd,daad,daaa
230.7145846654616,57.66892429442719,3.7688666376628186,8.606037810434147,1.4243028072964774,1.4564587560426456,1.0367602866672754,0.04742094458552125,0.17784079099042066,0.03823837045620466,0.7172216516330797,0.08052019042688109,0.10712564709101255,0.13299722971510075,0.04750361368125132,0.0054696547937650945
