aaaa,aaad,aadd,aada,adda,addd,adad,adaa,ddaa,ddad,dddd,ddda,dada,dadd,daad,daaa
257.9069664521514,66.81630378053649,4.36725915381811,8.633315836226652,1.2308327601287212,1.6972788751937213,1.1801941830270293,0.07653725895564827,0.17393929579287565,0.04401216501912022,0.8055282726692468,0.0866943382300297,0.12606418162498106,0.1629601372749872,0.04934446729529377,0.006687308408554718
