aaaa,aaad,aadd,aada,adda,addd,adad,adaa,ddaa,ddad,dddd,ddda,dada,dadd,daad,daaa
243.04652047682947,56.071583953855416,3.664021529210003,9.45367049686692,1.6731390591461666,1.2462314679544886,0.9887866801630234,0.03359096744589044,0.21284307158711088,0.025586225610017648,0.7420756036251667,0.07931523448823403,0.09837341637863822,0.10594718998219556,0.05085208658723631,0.005678635158368217
