aaaa,aaad,aadd,aada,adda,addd,adad,adaa,ddaa,ddad,dddd,ddda,dada,dadd,daad,daaa
235.63762507914754,65.6163707857367,4.720743013638625,9.738935771071255,1.4551394087499228,1.6288944811254409,1.1608355412765663,0.0544675402511494,0.1753770582325391,0.03912049616114756,0.7381385669238876,0.07984644695497276,0.11166641055849713,0.15029281413026255,0.047854436065482196,0.006702985644255301
