aaaa,aaad,aadd,aada,adda,addd,adad,adaa,ddaa,ddad,dddd,ddda,dada,dadd,daad,daaa
227.76796958712978,54.0568114361753,4.4254338161502185,8.948788805500637,1.4334663119666102,1.0395008194023416,0.9443578859469134,0.03318637983822535,0.17531768945899118,0.024551972670936322,0.697491779035931,0.07160295299027901,0.07901438787881948,0.10268139753276086,0.044277844540108455,0.005267917794816642
