aaaa,aaad,aadd,aada,adda,addd,adad,adaa,ddaa,ddad,dddd,ddda,dada,dadd,daad,daaa
254.51571885387582,59.31040023572313,5.167082939636928,10.291365133411839,1.7809554107028123,1.1390273497104433,1.0353397465422691,0.03171576159815933,0.21103049504135313,0.0250947242004807,0.7786261312159818,0.08113750045651218,0.09026383877728697,0.10739541042759704,0.051057835702372524,0.005783284500584067
