aaaa,aaad,aadd,aada,adda,addd,adad,adaa,ddaa,ddad,dddd,ddda,dada,dadd,daad,daaa
243.6841540355318,59.80185012651149,3.854955270348504,9.043517208447913,1.5234334538467542,1.5101995681997176,1.0744487343202647,0.04723667702827962,0.19141566064400822,0.03918072347981693,0.7560184885430702,0.0853160752120639,0.11242329219640763,0.1363548238617673,0.05051801619286396,0.005750129007789348
