aaaa,aaad,aadd,aada,adda,addd,adad,adaa,ddaa,ddad,dddd,ddda,dada,dadd,daad,daaa
230.29406139549744,55.878636295299046,5.117969885293407,9.867592170155602,1.583373688527592,1.055874690630409,0.9474500793792034,0.03069299466704566,0.17418734148973428,0.028767596285064024,0.7026915707308463,0.07310038184355303,0.08273193628863965,0.11180270545503372,0.04545649408440848,0.005140711375539574
