aaaa,aaad,aadd,aada,adda,addd,adad,adaa,ddaa,ddad,dddd,ddda,dada,dadd,daad,daaa
236.89546626129675,54.03936476483423,3.6771325646539257,8.702744382710561,1.4121237747254873,1.1350392146818815,0.9630832139905652,0.03488905849228729,0.1946661309666413,0.024470281629824633,0.7319000769054621,0.07268963383081949,0.08663267998726917,0.1002544537486827,0.04730723062270955,0.005650647488773003
