aaaa,aaad,aadd,aada,adda,addd,adad,adaa,ddaa,ddad,dddd,ddda,dada,dadd,daad,daaa
253.50556854116238,69.41764409882035,5.267061113129386,9.972767744757089,1.564003346848862,1.7071916192151066,1.1773642539693887,0.06775678578114944,0.1698787878919739,0.05037283397577947,0.7689364631943703,0.09485502521841001,0.13112631180423023,0.18208006260609363,0.04864778971112205,0.006422744831806514
