aaaa,aaad,aadd,aada,adda,addd,adad,adaa,ddaa,ddad,dddd,ddda,dada,dadd,daad,daaa
234.7168068826047,61.20146706848865,4.114064074742137,9.416783533334984,1.4657346708202583,1.4902801254825342,1.0831089888319387,0.04694125060489087,0.18397041753870083,0.03587306490749148,0.7345042347871674,0.07910320713351612,0.10856841918450189,0.136092923202732,0.04857617140371765,0.0063010075702362575
