aaaa,aaad,aadd,aada,adda,addd,adad,adaa,ddaa,ddad,dddd,ddda,dada,dadd,daad,daaa
225.57849368069284,59.10777851706671,4.282425509449905,7.2101887298334875,1.077399150588668,1.6113715350497952,1.1345109085870484,0.10460655488914135,0.16654111820337522,0.04022132300676581,0.7337488894783099,0.06451283745587205,0.11908326719356482,0.14773438495996086,0.04341887386559119,0.006576278898080103
