aaaa,aaad,aadd,aada,adda,addd,adad,adaa,ddaa,ddad,dddd,ddda,dada,dadd,daad,daaa
254.95161971300325,64.33553422315953,4.093437463076093,9.309366076609926,1.4693908262052433,1.5940022148068331,1.1642586368583927,0.05696648531637499,0.18759996239407492,0.04395679372993251,0.7930627738608624,0.08729792517652728,0.11623436722638164,0.14966618673858256,0.050953750666199435,0.006367519123590455
