aaaa,aaad,aadd,aada,adda,addd,adad,adaa,ddaa,ddad,dddd,ddda,dada,dadd,daad,daaa
223.9291529985546,59.33816523015111,4.928244052703872,8.106036007998634,1.4159043965304943,1.6593723339301576,1.1360445943528088,0.09809205065338254,0.1826541365746699,0.04317501686989423,0.7277544703977348,0.06710250896674878,0.1245088637090729,0.1541236340130737,0.04553534819350644,0.006339068857209919
