aaaa,aaad,aadd,aada,adda,addd,adad,adaa,ddaa,ddad,dddd,ddda,dada,dadd,daad,daaa
237.91448407494073,61.06541234860966,5.202645997418701,7.464976186231385,1.216630160707043,1.7758477422112124,1.2009532003908878,0.11605927330899166,0.19416911904459488,0.04677212231875521,0.7903743779059713,0.06448695834967164,0.12985579385758345,0.15474299483112755,0.0461764093389765,0.0072594858540814145
