aaaa,aaad,aadd,aada,adda,addd,adad,adaa,ddaa,ddad,dddd,ddda,dada,dadd,daad,daaa
248.0087736841104,62.29081878426272,4.455322423323799,10.397220364745626,1.7192748681393188,1.3652912076901857,1.096560087737369,0.040480596966415094,0.19931160861851313,0.0326928216178403,0.7597813335362104,0.08538672871610821,0.10220401921986366,0.13231168297977186,0.05024986006026306,0.005999986973242725
