aaaa,aaad,aadd,aada,adda,addd,adad,adaa,ddaa,ddad,dddd,ddda,dada,dadd,daad,daaa
143.25058652890874,180.79397559710375,22.01030843008904,13.932011114885887,1.0690675287739142,0.9889343535701208,1.5873763421385227,0.40746502548546515,0.3086539061514697,0.03254140837830532,0.05784028989515459,0.2353177491237757,0.19940771621328385,0.0637256455958316,0.1715908475468134,0.009161065960311361
