aaaa,aaad,aadd,aada,adda,addd,adad,adaa,ddaa,ddad,dddd,ddda,dada,dadd,daad,daaa
117.58435967182285,150.89736301457089,13.41441247937941,10.978949557973689,0.6885848552023892,0.6972340362067584,1.0870926905635554,0.3029494058426645,0.24908310819719706,0.027520851877916346,0.05270194654721822,0.21805678961634092,0.1518512805575533,0.02364254645303359,0.12905559350749798,0.007123690931309348
