aaaa,aaad,aadd,aada,adda,addd,adad,adaa,ddaa,ddad,dddd,ddda,dada,dadd,daad,daaa
132.919300850777,163.62381576209108,15.271896925402666,12.023373073984217,0.8264708162067499,0.7806287197525458,1.215559068238887,0.3417452274794983,0.2750070509237203,0.03190777635059021,0.056118130390316164,0.23276921282932697,0.17056584845351963,0.0305549577461857,0.143316461185769,0.007968544783975488
