aaaa,aaad,aadd,aada,adda,addd,adad,adaa,ddaa,ddad,dddd,ddda,dada,dadd,daad,daaa
155.4380813505956,140.28173698920398,18.84799107907569,12.642017101373225,0.4133895841494799,0.9206365181932171,1.279149680061819,0.3217278872987075,0.2783185205435719,0.03888819076940733,0.05241995327362456,0.17208578406170805,0.15275082049365896,0.03346819758166816,0.11030866220549627,0.0065839532486715435
