aaaa,aaad,aadd,aada,adda,addd,adad,adaa,ddaa,ddad,dddd,ddda,dada,dadd,daad,daaa
143.4163739367338,160.32140960311307,19.115282976545767,12.678233088628055,0.8953596325193387,0.9305644721873877,1.3984457940997446,0.37126370337324,0.28959218480698357,0.0312556051954887,0.05011890536283556,0.21894547320785535,0.1803762881950221,0.05568476168471227,0.1485028867345005,0.007763953069522924
