aaaa,aaad,aadd,aada,adda,addd,adad,adaa,ddaa,ddad,dddd,ddda,dada,dadd,daad,daaa
156.17762127548255,138.01957759777645,16.204781695449338,11.807522776939956,0.46810160243589166,0.8205415372622464,1.189292171725652,0.3215240553905161,0.2722572732625649,0.03926951394399745,0.047857606064133855,0.18042864896825878,0.1465829032654486,0.029696822663399774,0.11252959244472714,0.006574973650117631
