aaaa,aaad,aadd,aada,adda,addd,adad,adaa,ddaa,ddad,dddd,ddda,dada,dadd,daad,daaa
145.920292809999,179.56570627417312,23.035226723281507,14.079300856817643,1.1096922118301416,1.0072380968150036,1.599075316010923,0.406956567186607,0.3099401168422012,0.03376459318009139,0.058367989006283635,0.2320219483813014,0.20580593679705972,0.06819140742325722,0.1705062750938567,0.009028675272547467
