aaaa,aaad,aadd,aada,adda,addd,adad,adaa,ddaa,ddad,dddd,ddda,dada,dadd,daad,daaa
122.8351553512273,141.46090490930752,17.30095867089125,11.114532057889654,0.8472453196466382,0.810516322353884,1.2369358802414985,0.3240624937856021,0.24845493325068305,0.03011431039183971,0.046597809921122786,0.18540909512943773,0.159665935407436,0.049909134844539696,0.1328369475111993,0.007085453980649821
