aaaa,aaad,aadd,aada,adda,addd,adad,adaa,ddaa,ddad,dddd,ddda,dada,dadd,daad,daaa
123.45852014889138,145.34134215705103,15.666232053387759,10.953600396089307,0.9045767662099635,0.7271406870073297,1.1573714329422298,0.31996837952628127,0.24983298393360664,0.030776921850374776,0.04891047006130064,0.20009282091929181,0.16608999966583152,0.03915458085741548,0.13299638240958744,0.0076073462968680545
