aaaa,aaad,aadd,aada,adda,addd,adad,adaa,ddaa,ddad,dddd,ddda,dada,dadd,daad,daaa
119.4238227288684,145.88383994243284,14.024758109364168,10.822000439163908,0.6148204363664108,0.6645264783013503,1.125626815627117,0.30825593118232514,0.24820721678602103,0.027792167796305018,0.0475829252582446,0.1993462431485782,0.1410220331723458,0.026405447690022912,0.1253839241848959,0.006683402327189527
