aaaa,aaad,aadd,aada,adda,addd,adad,adaa,ddaa,ddad,dddd,ddda,dada,dadd,daad,daaa
131.5296243184959,183.6803049850637,19.52582954011888,13.444169393642136,0.9778995066676965,0.8168901660262299,1.4795994416625418,0.38547557929736437,0.2986351153782603,0.02796916102606232,0.05988223914571511,0.24767846290598303,0.1926318711147309,0.04517296865478453,0.16696771529906662,0.009260930409215606
