aaaa,aaad,aadd,aada,adda,addd,adad,adaa,ddaa,ddad,dddd,ddda,dada,dadd,daad,daaa
135.91702453925137,143.87228975788938,14.783543766790572,11.279114783205253,0.5027067176682123,0.673962839712418,1.14433262268034,0.3131290879792823,0.25989464633251064,0.033880389765771006,0.04751566916472344,0.1892904491517924,0.13849781540109274,0.02387053617813937,0.11785272597190588,0.006317740085034478
