aaaa,aaad,aadd,aada,adda,addd,adad,adaa,ddaa,ddad,dddd,ddda,dada,dadd,daad,daaa
145.70527252148074,191.87365259956306,16.598504031068025,14.15907321307667,1.0601520300671654,0.9880252218807413,1.3363461219445292,0.37794378534070006,0.3108865166080219,0.03503900860920062,0.07346426263247066,0.29085059301002236,0.21620094092842768,0.031040987223673735,0.16818897072466796,0.009835824285277316
