aaaa,aaad,aadd,aada,adda,addd,adad,adaa,ddaa,ddad,dddd,ddda,dada,dadd,daad,daaa
124.9220349701963,155.4688465347506,13.899601984676089,11.747046414984792,0.9750822579545018,0.8110476078784933,1.0814506083870679,0.3103198095831976,0.2567032461429671,0.03166589849271596,0.06123748890826875,0.2371374988792881,0.19150715477388458,0.02612285891589808,0.13796714447098218,0.00807909322427123
