aaaa,aaad,aadd,aada,adda,addd,adad,adaa,ddaa,ddad,dddd,ddda,dada,dadd,daad,daaa
153.7066552456996,178.23517460704292,19.91821545343123,13.625200510679674,1.0167335962922532,0.917419773616798,1.4698188216470398,0.39726064655734017,0.3104345116041543,0.03783598832037128,0.058490291726482006,0.23919806350666364,0.1962318605304494,0.050424806131379715,0.16274017581000685,0.008971619751466523
