aaaa,aaad,aadd,aada,adda,addd,adad,adaa,ddaa,ddad,dddd,ddda,dada,dadd,daad,daaa
119.0544279218856,152.01343939866962,18.023703873536476,11.701624906642765,0.7656590112954305,0.7618869582653243,1.3151624186213042,0.333220187034926,0.25918601096658195,0.0262252586951916,0.04877709386820586,0.19614632238586374,0.1598484616486443,0.04481178733227639,0.13992767180038068,0.00693902475983407
