aaa,aad,add,ada,dda,ddd,dad,daa
321.83966876739794,11.608527790139245,4.642247453112269,0.8833877784124193,0.11587248114836743,0.13203956661644603,0.018239823628894553,0.03845060415496372
