aaa,aad,add,ada,dda,ddd,dad,daa
322.4224550980851,12.739432144252499,2.972516749552974,0.9258469738701254,0.1314060907345023,0.11587635856520784,0.016527220920864772,0.03957933909403885
