aaa,aad,add,ada,dda,ddd,dad,daa
305.385801084226,12.20817824118445,2.73558831797123,0.881514076086567,0.12383414290334958,0.1089474588486114,0.01556376222375579,0.03750229886872727
