aaa,aad,add,ada,dda,ddd,dad,daa
313.5535100871286,13.141876595924282,2.3656823871570976,0.9627167910823163,0.1411619485741964,0.11131123915683973,0.017605124442008083,0.04027657257812592
