aaa,aad,add,ada,dda,ddd,dad,daa
302.9617413704325,8.443898993284476,4.904069381347782,0.8681004098724588,0.1148277925044575,0.12136173593850236,0.02116116935452732,0.03594140818515432
