aaa,aad,add,ada,dda,ddd,dad,daa
330.3372864738091,9.544639775953533,3.131240781143025,0.9966454636293292,0.14561490426399687,0.11545628129340207,0.01732195505324853,0.04162112701899352
