aaa,aad,add,ada,dda,ddd,dad,daa
306.2781319002627,6.9959192702257225,3.824621285885553,0.8896487678138858,0.11935224843229629,0.11005643375096315,0.01647553606161982,0.03626346380004111
