aaa,aad,add,ada,dda,ddd,dad,daa
297.78598065194444,9.218360537383322,3.6526358423298633,0.8724311601702799,0.12618382340035936,0.1089918734834708,0.014929026684217818,0.04048742119641392
