aaa,aad,add,ada,dda,ddd,dad,daa
323.9535494864884,13.399188037299142,3.0108168219074183,0.955476432119596,0.14091357679250704,0.11601602042183645,0.018670557097890964,0.0406026170611805
