aaa,aad,add,ada,dda,ddd,dad,daa
350.7459221168047,14.16197693496362,3.8386969137237745,0.9976531430938868,0.14482448403434334,0.13220881911314378,0.01932819604975681,0.0439200112373176
