aaa,aad,add,ada,dda,ddd,dad,daa
337.1494236439982,13.785481754213357,4.312907939325557,0.9401827722220611,0.13314731505982091,0.12939616657758446,0.019312585908599734,0.044586483709648364
