aaa,aad,add,ada,dda,ddd,dad,daa
276.00975940067434,9.617306505214984,2.1524577984876094,0.8537418027383895,0.12399492247369708,0.09639811310862573,0.015877791098995224,0.03500036208790212
