aaa,aad,add,ada,dda,ddd,dad,daa
303.50040706367747,10.232547531661133,2.588528206718589,0.9302581532598184,0.1405637309510884,0.10496171258295478,0.016981878010008007,0.03909561340153337
