aaa,aad,add,ada,dda,ddd,dad,daa
329.56014340858655,8.22513266202011,4.4283208046949,0.9207684534071856,0.1222248596734263,0.11536070018621522,0.014864881769900206,0.04120031044985535
