aaa,aad,add,ada,dda,ddd,dad,daa
314.29834242251786,10.054745675482962,4.623690162495625,0.8890015316524199,0.11737540737644402,0.13258326438047094,0.020901692512467002,0.035639231725786175
