aaa,aad,add,ada,dda,ddd,dad,daa
298.75423085322666,9.44128879273991,2.6516896395945437,0.8968044397274876,0.1308858982622944,0.10447617385953371,0.0155154039983669,0.037677376612383524
