aaa,aad,add,ada,dda,ddd,dad,daa
270.933226714784,9.05911413518819,3.9300976319179037,0.7755152411663879,0.10429947353507134,0.11839334553041163,0.01935293638963076,0.0308476835722557
