aaa,aad,add,ada,dda,ddd,dad,daa
341.2171911805114,8.400426074014666,5.454720258162029,0.9691748143379071,0.12515615464549582,0.13314737788192443,0.021854836700916192,0.03965023015952026
