aaa,aad,add,ada,dda,ddd,dad,daa
318.0745659242076,12.928874197752016,2.402260560125456,0.9725782819469474,0.14131261968715172,0.11099725272465301,0.017013257331758787,0.03957494091992166
