aaa,aad,add,ada,dda,ddd,dad,daa
307.77982466490846,8.315283317796553,4.22544797302203,0.8712925930284916,0.11344331847244829,0.11995859148180424,0.01734423783093127,0.035858441553246065
