aaa,aad,add,ada,dda,ddd,dad,daa
302.56552429950625,12.061500505171054,3.548307406798862,0.8521797835839782,0.12115809299265402,0.11561674635053681,0.016398564172602607,0.03784723921957144
