aaa,aad,add,ada,dda,ddd,dad,daa
307.4233686069695,6.169986974838324,4.523600467222604,0.9033566029496451,0.11905812088915747,0.11412230696579491,0.01909165296039358,0.0366628176841556
