aaa,aad,add,ada,dda,ddd,dad,daa
299.3112264202295,9.348682149783931,2.922379304240683,0.8871930556249739,0.12832501512223524,0.10603957895908957,0.015718031728787066,0.037431914088680115
