aaa,aad,add,ada,dda,ddd,dad,daa
292.18596411306766,8.506694946951145,3.1207707937342466,0.8294864182920471,0.11278633129883106,0.10202049360053322,0.013641297523638601,0.03529907228548051
