aaa,aad,add,ada,dda,ddd,dad,daa
331.3270479222398,10.53710891418801,3.009521180357925,0.9713187497963824,0.13616474866341893,0.11563965419448552,0.015860596537223437,0.04115591382935472
