aaa,aad,add,ada,dda,ddd,dad,daa
315.99440757593777,8.262327785419423,3.7032699060205885,0.9076190890994801,0.1221239294386864,0.1098215653901969,0.014480425500289261,0.038759928789230645
