aaa,aad,add,ada,dda,ddd,dad,daa
329.676032572019,8.970683012643876,3.9237140666828645,0.9395644156426747,0.1266599062618012,0.11625051752791138,0.014323867259580498,0.041695316397100474
