aaa,aad,add,ada,dda,ddd,dad,daa
297.19200241051277,10.510817701694311,2.6095965207030534,0.892240940365091,0.13058719216138942,0.10607808194479222,0.015884003857679452,0.03819105120041602
