aaa,aad,add,ada,dda,ddd,dad,daa
316.62994289458004,7.613078840154664,3.8574158778229184,0.9291050719646841,0.12733234996378834,0.1085910157448407,0.01407418309914439,0.04138224868022503
