aaa,aad,add,ada,dda,ddd,dad,daa
317.2369263471715,12.688120962929055,3.423025650775016,0.9294306721359267,0.1381578797504643,0.11940217694556764,0.017737519817003847,0.04141481867560047
