aaa,aad,add,ada,dda,ddd,dad,daa
303.9575915390385,7.669431746571073,4.645549948774531,0.8825969196993884,0.11651113443080283,0.12398030329747309,0.022261460332253763,0.03411646616777326
