aaa,aad,add,ada,dda,ddd,dad,daa
305.88774697747994,19.520641034632817,1.650872579139756,0.834319240819881,0.04370704810470764,0.051075373411330706,0.07333506194266635,0.04425192717159894
