aaa,aad,add,ada,dda,ddd,dad,daa
285.6096465738612,16.194515513317533,1.572258938231225,0.8096461554704949,0.029375562544933218,0.05389545579640329,0.06950417236300083,0.03740237032065393
