aaa,aad,add,ada,dda,ddd,dad,daa
281.7079859341632,17.761167632700424,1.661989162685046,0.8239564643500059,0.034757759890964794,0.049053115426937334,0.07027502628831311,0.040549771761039556
