aaa,aad,add,ada,dda,ddd,dad,daa
330.0730024282291,20.858762127591138,1.6899422272231899,0.9027733400390875,0.026487782746417828,0.057524049331400096,0.07426019352441202,0.05102899541030062
