aaa,aad,add,ada,dda,ddd,dad,daa
279.4667144070054,16.737547370105712,1.4261409906991052,0.7607644392843085,0.019513403446642544,0.04964495925399046,0.061737722854319006,0.04248039915512548
