aaa,aad,add,ada,dda,ddd,dad,daa
266.93186706289185,13.726218632982953,1.3753878406335693,0.7404573395749823,0.02720861757523868,0.05031170679315989,0.06384838141931104,0.03475287002471457
