aaa,aad,add,ada,dda,ddd,dad,daa
326.11111331210304,17.41393076019412,1.9826950494077262,0.94578100263613,0.03251029635360328,0.06077109687568537,0.07807200985220716,0.046621912466800246
