aaa,aad,add,ada,dda,ddd,dad,daa
298.5215242165301,19.60546808524768,1.3773381997806644,0.8141071949854911,0.024442389972637237,0.053609942224628955,0.06789665463243494,0.042191532295714436
