aaa,aad,add,ada,dda,ddd,dad,daa
331.72970328316404,17.274648300693173,1.8730380913635318,0.9539607312276485,0.034638595132351374,0.061049482124725406,0.08037734379254609,0.047140807597425324
