aaa,aad,add,ada,dda,ddd,dad,daa
286.1567989230656,17.85608202388501,1.3947223106454452,0.7725422944860979,0.03525703204026538,0.04911062989915228,0.06545098898509304,0.04465533102637003
