aaa,aad,add,ada,dda,ddd,dad,daa
278.75693724842097,14.431945934522806,1.3940995880330238,0.7679701545939506,0.032382441688447304,0.051501280314096266,0.06761592284264456,0.036484258607466756
