aaa,aad,add,ada,dda,ddd,dad,daa
271.99870592738023,13.902983055203844,1.2431406091371722,0.7198110177361986,0.02746886736013453,0.048259440719972097,0.06065519554536103,0.04263847181384159
