aaa,aad,add,ada,dda,ddd,dad,daa
296.13068664244736,15.448725606765253,1.4333663814292203,0.8092155972761201,0.017530611378544773,0.05567323889686385,0.0637110819271662,0.042962091264280175
