aaa,aad,add,ada,dda,ddd,dad,daa
310.3810915707103,21.03129090138151,1.652919059332725,0.8602479591998221,0.03035375580148267,0.05507193987704845,0.07111137494215684,0.04758097812090968
