aaa,aad,add,ada,dda,ddd,dad,daa
318.93412820517335,21.8741234744691,1.6220108345118225,0.8630633900698265,0.03691409290701295,0.053183916949049614,0.07410517472484168,0.049641929435074
