aaa,aad,add,ada,dda,ddd,dad,daa
314.88185516956764,15.96648548451821,1.4727008093551193,0.8590341506483724,0.019043232601662175,0.05889129679718223,0.06798822778863306,0.04624332998339259
