aaa,aad,add,ada,dda,ddd,dad,daa
274.98270906290793,15.591539652273989,1.4360643249221878,0.7561889784925515,0.027625007574892328,0.0483256363648566,0.06362183789953943,0.03900057901766759
