aaa,aad,add,ada,dda,ddd,dad,daa
302.70625402115843,17.4963778900035,1.486142295243251,0.8406901216130869,0.018581065812302438,0.05654645082055897,0.06662167921616335,0.04245478073947698
