aaa,aad,add,ada,dda,ddd,dad,daa
352.1798749463546,21.0317914183816,1.800148407544797,0.9695530221959651,0.02738092213224488,0.06448638234597585,0.07754280527597493,0.054620810196672226
