aaa,aad,add,ada,dda,ddd,dad,daa
319.19880203968523,18.052390943260626,1.5575189159762317,0.8531030610783847,0.03861271878825921,0.0551089357101529,0.07412682899572356,0.04598096617168889
