aaa,aad,add,ada,dda,ddd,dad,daa
280.801435782201,16.203100077855446,1.3512805151139617,0.7692262078880328,0.014130432143544657,0.05348442154781616,0.060453837427311904,0.0383901856712262
