aaa,aad,add,ada,dda,ddd,dad,daa
295.350092087157,19.275268720612214,1.4710788428347106,0.8219889507397994,0.026888518738472048,0.05271886968294568,0.06773221450517947,0.042815260298553696
