aaa,aad,add,ada,dda,ddd,dad,daa
304.46603645160644,17.392034356357364,1.5828000310709893,0.8279234190630713,0.03196443762154482,0.052841128550699376,0.06951815586180973,0.04439889925642595
