aaa,aad,add,ada,dda,ddd,dad,daa
275.2650886329481,15.205327961470973,1.4544552165051037,0.7624602222414518,0.0254537953351231,0.04964214670412518,0.06393707277934504,0.03768989450601303
