aaa,aad,add,ada,dda,ddd,dad,daa
323.6718795294307,18.24729602901436,2.423862614729622,0.9373169963239689,0.03407889823209806,0.06166928233996361,0.08110107935928638,0.04747726726355493
