aaa,aad,add,ada,dda,ddd,dad,daa
287.6920082706118,15.950396070608473,1.4360622746424105,0.7878493731859321,0.01900298360869855,0.053675132711194916,0.06212725251468582,0.04369096096550778
