aaa,aad,add,ada,dda,ddd,dad,daa
272.12665572158835,18.976910267003138,1.1825996695719314,0.7294716911517165,0.025979648343039268,0.047811264849217924,0.06343607442218005,0.03796361054410191
