aaa,aad,add,ada,dda,ddd,dad,daa
278.2890185040745,14.42465338025714,1.1590469215063555,0.7246119718550176,0.031915681197270576,0.04767098481349324,0.06324682632376658,0.041075373571340314
