aaa,aad,add,ada,dda,ddd,dad,daa
300.57132366222964,18.85505718008839,1.3074113595875292,0.8157182625977049,0.028982421595514257,0.052788121500006675,0.06869132182916012,0.041880623750360675
