aaa,aad,add,ada,dda,ddd,dad,daa
308.96986396276253,18.21914149314164,1.446375869745349,0.8311675655611713,0.03303598203776573,0.054068538729665015,0.07019905626038299,0.045367548398985734
