aaa,aad,add,ada,dda,ddd,dad,daa
312.559932261607,16.647877344758463,1.842400409397462,0.9112037654387004,0.02673448064073782,0.05949993488708295,0.07419305192211552,0.04433348283640737
