aaa,aad,add,ada,dda,ddd,dad,daa
277.18054996788686,16.642581904514756,1.2774154681492709,0.7550354667717772,0.018798251256449284,0.05093829768655037,0.06153611462580134,0.038554963748514144
