aaa,aad,add,ada,dda,ddd,dad,daa
310.9590470567867,16.065635336663288,1.3557654554043643,0.8228680233201999,0.030372089033078847,0.054866514634719254,0.06971327127149439,0.045842990631632344
