aaa,aad,add,ada,dda,ddd,dad,daa
263.6093591762168,54.208499175240966,2.4414095415956862,0.8966883683886807,0.041761807144681216,0.09225135941457749,0.015383017720907914,0.013952628352229119
