aaa,aad,add,ada,dda,ddd,dad,daa
292.5896433729365,43.81026201121168,2.164743408276389,0.8904210512675651,0.04195223508147945,0.09517540777570212,0.015842126921412444,0.012850847715653795
