aaa,aad,add,ada,dda,ddd,dad,daa
237.19142819094552,30.512454308324884,1.7184834921963206,0.7044745004024676,0.035150264359152125,0.07511522618674943,0.013478343741759167,0.009984951015848372
