aaa,aad,add,ada,dda,ddd,dad,daa
247.435031340524,31.382846008277635,1.8138716654578053,0.7496956717243809,0.0374323791101193,0.0787256904989633,0.014632304678385274,0.010759159317475488
