aaa,aad,add,ada,dda,ddd,dad,daa
241.20557136233754,42.98306987152235,1.9444022556592677,0.7721023198923294,0.03694310985132854,0.08297080915793134,0.01360310140095107,0.011627460834888328
