aaa,aad,add,ada,dda,ddd,dad,daa
244.25619006446814,35.834820069586,1.7545980072780856,0.7318688804237614,0.036054133707072444,0.0801342119685682,0.012884672237693772,0.010490337933588438
