aaa,aad,add,ada,dda,ddd,dad,daa
287.57757118795365,40.4818781584423,2.1077928862361777,0.8751230055265972,0.04158574625505053,0.09595950276979301,0.015987210503068765,0.012492784178963065
