aaa,aad,add,ada,dda,ddd,dad,daa
253.66761480249946,48.250834909367505,2.120273515445969,0.8087074631116494,0.0377057367139504,0.08611374606918228,0.013858627268508696,0.012005112728315271
