aaa,aad,add,ada,dda,ddd,dad,daa
264.5429899680928,34.10637308372648,1.8673566262971006,0.8140393433447047,0.04094899381116174,0.0875277212564476,0.015381673344278876,0.011867657971644612
