aaa,aad,add,ada,dda,ddd,dad,daa
260.83875847647363,52.80705665365037,2.521089441997879,0.8853241472969385,0.042993697863064895,0.09613409181676706,0.01605848375263742,0.014344369944836078
