aaa,aad,add,ada,dda,ddd,dad,daa
259.9521336507667,34.94843245209639,1.9578317460608154,0.7574285936547485,0.03699096036006934,0.07916348694607087,0.014824399414865099,0.010674259391324943
