aaa,aad,add,ada,dda,ddd,dad,daa
271.9703273383024,47.15773655314241,2.2112204937130895,0.854405542683096,0.043072036077624665,0.09043976911526236,0.014995801544859449,0.01188950924357947
