aaa,aad,add,ada,dda,ddd,dad,daa
265.5124576341649,37.949622643354026,2.038216966125853,0.7824704130896328,0.03815221838971458,0.08203393471907439,0.014890267535369968,0.010976336000731607
