aaa,aad,add,ada,dda,ddd,dad,daa
251.8088680088918,48.19908307350311,2.1561220745410252,0.8105201468505899,0.03784566887635665,0.0848704626372229,0.01413299959252012,0.011670261992521466
