aaa,aad,add,ada,dda,ddd,dad,daa
233.47321129799985,42.595451746796414,1.917879090772376,0.7431628196760973,0.03619763648912397,0.07936400970382229,0.012991379272909753,0.010631752913610466
