aaa,aad,add,ada,dda,ddd,dad,daa
237.90745632521225,48.16579341814723,2.227475127583051,0.8092045021656064,0.037640180765063654,0.0848279373185185,0.014412780510330974,0.012826834718339005
