aaa,aad,add,ada,dda,ddd,dad,daa
294.5024426239554,47.11249950066197,2.2870661751166006,0.9118313757659374,0.044205369271887396,0.09675944168121176,0.016512829357005824,0.012952272048193225
