aaa,aad,add,ada,dda,ddd,dad,daa
253.37710332283282,46.67452907611196,2.1350204837135456,0.8192464142395115,0.03912052462536171,0.08898295538064331,0.014706007303273464,0.013146910021312715
