aaa,aad,add,ada,dda,ddd,dad,daa
284.6895252960875,29.539908919709866,1.9604036638602014,0.8066660236025477,0.0405660324982638,0.08664953824552574,0.016027406168725732,0.011437254738899373
