aaa,aad,add,ada,dda,ddd,dad,daa
245.70452001872417,35.659514896971444,1.9125380974481039,0.7493334102350695,0.036392151822865836,0.07790417424837659,0.01443269943027522,0.010649217332064715
