aaa,aad,add,ada,dda,ddd,dad,daa
271.74122943410805,43.6288873104597,2.039996480826994,0.8319884767568688,0.04022228100451157,0.09022892825781513,0.014469283808571752,0.011977636275603326
