aaa,aad,add,ada,dda,ddd,dad,daa
273.32860005483775,43.955112236484354,2.2408182170353785,0.8519784923047325,0.04241756662406685,0.08830215744603566,0.015917007676373246,0.011943247946300393
