aaa,aad,add,ada,dda,ddd,dad,daa
248.0496786182983,32.43467374571046,1.7355123028784232,0.7340315783406932,0.03763927832498022,0.08053066494984888,0.013269313441737462,0.010319201610057997
