aaa,aad,add,ada,dda,ddd,dad,daa
263.05765541583105,51.783783192163185,2.2311682608979417,0.8419619273497885,0.038794521124393334,0.08824068599916078,0.014846610305680519,0.012093023495804585
