aaa,aad,add,ada,dda,ddd,dad,daa
287.1007802219983,50.68148690166967,2.267966243264464,0.8948849138106554,0.04273469603886408,0.0964462268937784,0.015391519774594836,0.012961001190595638
