aaa,aad,add,ada,dda,ddd,dad,daa
225.9986219298658,47.315136009169635,2.1139806670040304,0.7541976901695467,0.035060956893341454,0.07704940381293032,0.012989832879192708,0.01124976958978933
