aaa,aad,add,ada,dda,ddd,dad,daa
286.4861977541733,52.77840586281426,2.3418878434363313,0.8893793544589639,0.04179058106184518,0.09394994542532564,0.015193706294548557,0.012565818824989016
