aaa,aad,add,ada,dda,ddd,dad,daa
291.4290988633149,43.03750804338868,2.2785504750165,0.8730912553525011,0.04232618015963987,0.09105615172763623,0.016615934511036413,0.012285389056197572
