aaa,aad,add,ada,dda,ddd,dad,daa
284.2716068837465,48.08583418344161,2.339052265837053,0.8867468061738633,0.043435034009704394,0.09228227717556071,0.016404054143955002,0.012326223216575284
