aaa,aad,add,ada,dda,ddd,dad,daa
278.2929196722256,47.0955699421728,2.25318325168425,0.9091002545075265,0.04265258382942937,0.09633822254694642,0.01655505396588979,0.014388538596674312
