aaa,aad,add,ada,dda,ddd,dad,daa
250.03024959850228,33.88955586547984,1.7782077425931984,0.7399729340336325,0.03671674897246489,0.08042632121143814,0.013469713431283356,0.010473827884387357
