aaa,aad,add,ada,dda,ddd,dad,daa
256.5778829140608,36.8416778673501,1.7752396806553306,0.7481505797641419,0.03647347954209192,0.08353260938695384,0.012737197340093624,0.010816440001027192
