aaa,aad,add,ada,dda,ddd,dad,daa
263.7092995753497,39.87770677974635,2.0083452482312794,0.7875211347894865,0.04126768875711756,0.08461039055711844,0.014327185827602515,0.010816408511356426
