aaa,aad,add,ada,dda,ddd,dad,daa
259.79752164316614,25.045682324397177,1.7848793067016113,0.7375086375844233,0.03673198130301452,0.07853272634924882,0.015029774661727977,0.010586853293063175
