aaa,aad,add,ada,dda,ddd,dad,daa
261.670066587658,36.60968440031907,1.9947055358276662,0.7731502697709861,0.040211137981980054,0.08219777339281148,0.01478026592378311,0.010703599759314694
