aaa,aad,add,ada,dda,ddd,dad,daa
267.1369610722636,33.23652374806003,1.9124802935679164,0.7977832568665801,0.039258748158447834,0.08481934618500414,0.015314041463375158,0.01147479847985025
