aaa,aad,add,ada,dda,ddd,dad,daa
285.4530389183982,35.60495676165017,2.0553841872500294,0.8374867900435371,0.041642401897595716,0.08898016884437368,0.016089689881616014,0.011841134484332985
