aaa,aad,add,ada,dda,ddd,dad,daa
276.9807769399392,42.10459103886305,2.2707748184874292,0.8517777856737535,0.04169661997416784,0.08695240200757727,0.01628086841082016,0.011968062738222644
