aaaaaa,aaaaad,aaaadd,aaaada,aaadda,aaaddd,aaadad,aaadaa,aaddaa,aaddad,aadddd,aaddda,aadada,aadadd,aadaad,aadaaa,addaaa,addaad,addadd,addada,adddda,addddd,adddad,adddaa,adadaa,adadad,adaddd,adadda,adaada,adaadd,adaaad,adaaaa,ddaaaa,ddaaad,ddaadd,ddaada,ddadda,ddaddd,ddadad,ddadaa,ddddaa,ddddad,dddddd,ddddda,dddada,dddadd,dddaad,dddaaa,dadaaa,dadaad,dadadd,dadada,daddda,dadddd,daddad,daddaa,daadaa,daadad,daaddd,daadda,daaada,daaadd,daaaad,daaaaa
8.177365192092322,100.4524255211373,2.846241190692595,65.20272079923376,45.28732885009503,0.029903058070913487,38.190117665843395,5.030726866200892,0.4196255077941672,4.486239663171967,1.0023277876981738,11.795951041991739,7.5493332422747725,0.3287079080615742,2.876836385571447,0.059674058546051956,1.194538706576546,0.030048588818264988,3.4354675897783036,0.002292038477023012,0.36522083775196096,0.25416299543313475,1.9430218723035761,0.5768275558639121,0.37451346908027666,2.0637987201317034,0.9161940729465451,3.7442207355300536,1.9066079664794413,0.03550531353347666,0.5969030822186415,0.030275607523672813,0.04016769225666761,0.025468076015288135,0.11209279821420777,0.017714887134988557,0.017835718116076947,1.2878521339742451e-06,0.10388153614415961,0.0021360188616790805,0.06702501011215639,0.09780279346128948,0.1897880950757259,0.02529346569273904,0.009731936733662898,0.00010919334114964586,5.430067708393243e-05,0.0011323811495825486,0.2828134664333953,0.02117266841649045,0.8317152756521101,0.003568933726862252,0.008975555192014815,0.17916539514401258,0.2535382630666827,0.2725264315546747,0.06394435015361613,0.40687090914101837,0.204252774120517,0.774752512812696,0.6109969140607789,0.03436059778980161,0.1985370593362391,0.0003362154720344305
