aaaaaa,aaaaad,aaaadd,aaaada,aaadda,aaaddd,aaadad,aaadaa,aaddaa,aaddad,aadddd,aaddda,aadada,aadadd,aadaad,aadaaa,addaaa,addaad,addadd,addada,adddda,addddd,adddad,adddaa,adadaa,adadad,adaddd,adadda,adaada,adaadd,adaaad,adaaaa,ddaaaa,ddaaad,ddaadd,ddaada,ddadda,ddaddd,ddadad,ddadaa,ddddaa,ddddad,dddddd,ddddda,dddada,dddadd,dddaad,dddaaa,dadaaa,dadaad,dadadd,dadada,daddda,dadddd,daddad,daddaa,daadaa,daadad,daaddd,daadda,daaada,daaadd,daaaad,daaaaa
10.492873227018524,89.71712802912492,4.504934805232552,58.58180510669626,34.299459640436865,0.005941792788984165,27.847465948335284,3.852718411409541,0.3607499910457618,3.8029804496139428,0.8862283410310157,10.145381477271952,5.98814840635638,0.30640767895583226,2.1699103738159615,0.053054758052546204,1.0389515355831622,0.0448078120738084,2.9657436846766143,0.00052972258729252,0.26195242715533046,0.20865523359506435,1.4737902652055075,0.42924891955986494,0.32884177621055993,1.7405548644782276,0.8015664230301791,3.2165678744249844,1.458962014688931,0.032037402427928345,0.4127624523585425,0.028875547166533847,0.03669914946432406,0.024997717051762982,0.09985356025568348,0.018559892328265562,0.012277089336730355,7.696547724679296e-06,0.07840371672058659,0.0009623580104740358,0.05977810538960826,0.08266593372405201,0.163848277202075,0.0224843287226388,0.0058510901261125655,0.0001155054516839482,0.0005599621432560124,0.0010110626312708252,0.2428098266363561,0.023875541524289823,0.7133497330758668,0.006602365116847557,0.004265794931059922,0.14929988195170557,0.18364049353264017,0.21031451821703126,0.056315591104627485,0.34353036188229863,0.17842743166032243,0.669034869352998,0.4807601710241261,0.03273755510492247,0.14490957874415428,0.00025113558760592327
