aaaaaa,aaaaad,aaaadd,aaaada,aaadda,aaaddd,aaadad,aaadaa,aaddaa,aaddad,aadddd,aaddda,aadada,aadadd,aadaad,aadaaa,addaaa,addaad,addadd,addada,adddda,addddd,adddad,adddaa,adadaa,adadad,adaddd,adadda,adaada,adaadd,adaaad,adaaaa,ddaaaa,ddaaad,ddaadd,ddaada,ddadda,ddaddd,ddadad,ddadaa,ddddaa,ddddad,dddddd,ddddda,dddada,dddadd,dddaad,dddaaa,dadaaa,dadaad,dadadd,dadada,daddda,dadddd,daddad,daddaa,daadaa,daadad,daaddd,daadda,daaada,daaadd,daaaad,daaaaa
4.404729066254581,82.55695989769774,1.064854063521565,53.17032822389093,45.0291329923908,0.09012021954956259,36.222598040285106,4.038397207756345,0.7931445148219373,2.789833423943585,1.2443848208798167,8.891007413961875,5.466904272794949,0.6821131056399167,2.627909497406901,0.024874151918530017,1.1124833651949355,0.003623840830787654,2.7498147202515537,0.003264737917356974,0.610185532836807,0.41563014774221146,1.6351882629023953,0.42667017435450894,0.44795062249346007,1.5168195741233732,0.8626229277147249,3.0435355840454643,1.6220420370550794,0.06360856112251939,0.639159434651029,0.0253021479668277,0.03303923116389065,0.017911868302560162,0.08994788881725713,0.012866130350220089,0.031248419121127306,0.0015843882646293906,0.09896230960332217,0.002165552777202315,0.04230453115060584,0.1033574848289991,0.13212907289743345,0.03362872685031203,0.030378186061391494,0.0037899073020169934,0.0016517036273910695,9.50985066800145e-06,0.2631705470279944,0.008789397364433533,0.6735957356661425,0.0030740875090199335,0.03806446358779007,0.22920415033809993,0.21671376731905082,0.2154923607870053,0.08263704654130569,0.289363374290302,0.1927985293384182,0.6245871502432518,0.5173508917044992,0.04003034020501238,0.2041136860462218,0.00041964824131224444
