aaaaaa,aaaaad,aaaadd,aaaada,aaadda,aaaddd,aaadad,aaadaa,aaddaa,aaddad,aadddd,aaddda,aadada,aadadd,aadaad,aadaaa,addaaa,addaad,addadd,addada,adddda,addddd,adddad,adddaa,adadaa,adadad,adaddd,adadda,adaada,adaadd,adaaad,adaaaa,ddaaaa,ddaaad,ddaadd,ddaada,ddadda,ddaddd,ddadad,ddadaa,ddddaa,ddddad,dddddd,ddddda,dddada,dddadd,dddaad,dddaaa,dadaaa,dadaad,dadadd,dadada,daddda,dadddd,daddad,daddaa,daadaa,daadad,daaddd,daadda,daaada,daaadd,daaaad,daaaaa
3.772168248812438,93.69158142853583,0.8151713264225728,59.276175290120115,55.213546820517145,0.23952556007805842,44.519832669395285,5.135249342515622,1.2290561092854537,2.7338377620257828,1.190295717875332,10.841415393917204,5.522058939889643,1.116329887191588,3.2960318917062366,0.0401113026130343,1.4808709316645767,0.002650174104138704,3.532636449991321,0.04036984561171123,1.030233529139843,0.7324310223155726,2.0257304379163714,0.559248948964172,0.582319709739132,1.6507072054769312,0.8944843817128713,3.6774129062344856,1.8012179282490137,0.09954087643276743,0.8111046248971827,0.03134878994163496,0.03733440307604565,0.01957367734587772,0.10837111356376632,0.011516205368373488,0.04295466917461803,0.003727840662134322,0.11604138476452555,0.0031760524560631854,0.03679782162821761,0.13749224452164865,0.15482503878213605,0.036104389302137684,0.053572522990033664,0.011093310256999096,0.0015597172539939669,7.025080897874634e-05,0.345978766744424,0.0029223539366687104,0.8601029410991331,0.0005522882003546035,0.08390116505468065,0.3463368291475854,0.27300275241478905,0.27092377962913516,0.11010782930341094,0.3084674512745983,0.20061481628942346,0.749790833568588,0.5703449925537921,0.05474355916758582,0.25027801337296585,0.0006505264674800317
