aaaaaa,aaaaad,aaaadd,aaaada,aaadda,aaaddd,aaadad,aaadaa,aaddaa,aaddad,aadddd,aaddda,aadada,aadadd,aadaad,aadaaa,addaaa,addaad,addadd,addada,adddda,addddd,adddad,adddaa,adadaa,adadad,adaddd,adadda,adaada,adaadd,adaaad,adaaaa,ddaaaa,ddaaad,ddaadd,ddaada,ddadda,ddaddd,ddadad,ddadaa,ddddaa,ddddad,dddddd,ddddda,dddada,dddadd,dddaad,dddaaa,dadaaa,dadaad,dadadd,dadada,daddda,dadddd,daddad,daddaa,daadaa,daadad,daaddd,daadda,daaada,daaadd,daaaad,daaaaa
12.579411951695835,107.55329001710263,5.630778909745662,68.84121977133906,44.31053304420728,0.03147599528498312,34.81769117130808,4.623007409918492,1.0003492967813359,3.2787335434936415,1.265265404384433,11.801970449638898,5.977864017845457,0.8028441052182609,2.651709321517156,0.050535938509184836,1.383231106610246,0.030062625025822853,3.7302653109621158,0.0024976412039348487,0.5611118923509143,0.45609486103343844,1.7795630039400017,0.4973929310407749,0.5740204768651433,1.7763446413279875,1.0162268050384913,3.8552225494910517,1.6306173955282162,0.07468801178951977,0.536675786886524,0.03687188400317626,0.044736640663966355,0.029208408415210146,0.12406436818080882,0.020536076359322034,0.02507458587692429,0.0007212562440609199,0.10129071936115285,0.0014426224301298594,0.054020307452643496,0.12665082984329656,0.1880939516415982,0.032093780573529844,0.021868864521250572,0.0025198025870696,7.035097542607822e-05,0.0003534710431100084,0.31995780823882825,0.021193328315766265,0.8967060343345792,0.005594851642681894,0.025206842066514707,0.258322145921055,0.22367865467204065,0.24970564212482202,0.10598357037997927,0.34081751333841703,0.22782156942941775,0.7986750688375583,0.5459734902889259,0.05453622605345203,0.18643669096828747,0.00038017686978651286
