aaaaaa,aaaaad,aaaadd,aaaada,aaadda,aaaddd,aaadad,aaadaa,aaddaa,aaddad,aadddd,aaddda,aadada,aadadd,aadaad,aadaaa,addaaa,addaad,addadd,addada,adddda,addddd,adddad,adddaa,adadaa,adadad,adaddd,adadda,adaada,adaadd,adaaad,adaaaa,ddaaaa,ddaaad,ddaadd,ddaada,ddadda,ddaddd,ddadad,ddadaa,ddddaa,ddddad,dddddd,ddddda,dddada,dddadd,dddaad,dddaaa,dadaaa,dadaad,dadadd,dadada,daddda,dadddd,daddad,daddaa,daadaa,daadad,daaddd,daadda,daaada,daaadd,daaaad,daaaaa
6.889193847823163,87.23013881076594,2.5282042445020974,55.6579328140757,42.794489062279936,0.12101745810287472,32.92498435814554,3.9665834341090127,1.1671135421656644,2.2909227060924047,1.205037885181496,9.385706400763615,4.282244419592603,1.1089801222092373,2.495982292605298,0.03524729816037448,1.3543836026720624,0.00012796344544310532,3.109085570932425,0.009318673128414664,0.8138615384916964,0.6392252431587994,1.547822401848183,0.4092722140619334,0.5464633355276945,1.4070014305796439,0.8478161345045682,3.2188520993772842,1.3718376162182546,0.09589488257964576,0.5749555440257201,0.03262060146160789,0.0366222739934103,0.020290250496614676,0.10035228595007956,0.013934203887937452,0.03355469068391282,0.003107201030829964,0.09096569085989746,0.0015786051318596194,0.03463071590516206,0.1214922833129323,0.1359153181997367,0.03513357230165365,0.042018614307081856,0.010521311009219648,0.0004131996568179626,4.759000632050797e-05,0.3110682062269639,0.005301143155480131,0.7507220203381922,0.0020199297483681484,0.060183174199078926,0.303415159717233,0.1981961123275726,0.2100827708237469,0.10408382820620912,0.26256265639238324,0.1901829991061652,0.6596650694464182,0.45225751310365925,0.05556997205902169,0.1878660336063839,0.000507021566856745
