aaaaaa,aaaaad,aaaadd,aaaada,aaadda,aaaddd,aaadad,aaadaa,aaddaa,aaddad,aadddd,aaddda,aadada,aadadd,aadaad,aadaaa,addaaa,addaad,addadd,addada,adddda,addddd,adddad,adddaa,adadaa,adadad,adaddd,adadda,adaada,adaadd,adaaad,adaaaa,ddaaaa,ddaaad,ddaadd,ddaada,ddadda,ddaddd,ddadad,ddadaa,ddddaa,ddddad,dddddd,ddddda,dddada,dddadd,dddaad,dddaaa,dadaaa,dadaad,dadadd,dadada,daddda,dadddd,daddad,daddaa,daadaa,daadad,daaddd,daadda,daaada,daaadd,daaaad,daaaaa
7.910588776141758,86.90820009409804,2.8145401041531453,57.24094010771364,36.512498118726306,0.00976669731459987,30.367059866097094,3.9800101834955672,0.21721426339317557,4.3464568813907745,0.9158555788210956,9.83612275466988,6.685707221430678,0.2019447828718539,2.3447912100976436,0.05132310085299853,0.9788770485246775,0.039033707769940515,2.781849228259482,0.00042690074705090873,0.23105610769791,0.162481299509006,1.54198918956117,0.44353649837375947,0.2669831907457366,1.8754086430164214,0.8054647625721228,3.1346765251287088,1.6176966135140753,0.023062712697432087,0.4704125887735848,0.026001853303570133,0.03485009694969383,0.022746734919620214,0.09372832928475078,0.017339823785482166,0.012131669949996274,7.211541744544302e-05,0.08218198826894214,0.0011512387857860584,0.0661399977037297,0.07334118587511468,0.15754082549415468,0.023354003543091126,0.004677826555338952,0.0007637231087734399,0.00016623874169536393,0.001017935009439637,0.23226472407876564,0.02227162856777394,0.6746789196530396,0.006905120875207478,0.0025449762346819753,0.13025210108741264,0.19644691777900267,0.2155988193300303,0.043813903502733925,0.3736376185321766,0.17897895685127546,0.6508514423491684,0.5201245197339432,0.026534069121189302,0.15953514092765972,0.00021434745543982289
