aaaaaa,aaaaad,aaaadd,aaaada,aaadda,aaaddd,aaadad,aaadaa,aaddaa,aaddad,aadddd,aaddda,aadada,aadadd,aadaad,aadaaa,addaaa,addaad,addadd,addada,adddda,addddd,adddad,adddaa,adadaa,adadad,adaddd,adadda,adaada,adaadd,adaaad,adaaaa,ddaaaa,ddaaad,ddaadd,ddaada,ddadda,ddaddd,ddadad,ddadaa,ddddaa,ddddad,dddddd,ddddda,dddada,dddadd,dddaad,dddaaa,dadaaa,dadaad,dadadd,dadada,daddda,dadddd,daddad,daddaa,daadaa,daadad,daaddd,daadda,daaada,daaadd,daaaad,daaaaa
6.194635856119731,80.49025665217647,2.2285842056418383,51.723184404692994,37.07906863529715,0.0530746569252681,30.586372583550975,4.012081040809568,0.4888429122101642,3.1403798405416046,0.7334585047753349,9.658826540982435,5.419895986969483,0.40926262852352246,2.3577134575375616,0.05088123890376546,1.0307505990430035,0.0123410873129241,2.907928154157279,0.01062197457777455,0.4137236110676575,0.30368279733771075,1.543818765444494,0.45808988153999064,0.34730984528025566,1.5506317093785946,0.6950063301592257,3.072609410895627,1.4485233846246464,0.04053845379700862,0.4927789231633584,0.02566168090044242,0.0320668455232692,0.020359780312807666,0.092675731357321,0.01287909322052519,0.01758242846842987,0.00021652895149664987,0.08197904460886551,0.0017050191306217887,0.04560923257095835,0.08794298072023697,0.15204292017329774,0.019792575685523357,0.013216641297852128,0.00031905061662226847,7.749915099993251e-05,0.0010105851998530359,0.24177127057883846,0.012790875141157579,0.7019897400519846,0.0010347485927527037,0.017520777506484453,0.1805629753934705,0.20057995306476759,0.21650490928860666,0.061368666628669646,0.30132089743218526,0.15496400918297673,0.6346915690063775,0.465818885511857,0.03270814341894803,0.1614911885464732,0.00031618828792268837
