aaaaaa,aaaaad,aaaadd,aaaada,aaadda,aaaddd,aaadad,aaadaa,aaddaa,aaddad,aadddd,aaddda,aadada,aadadd,aadaad,aadaaa,addaaa,addaad,addadd,addada,adddda,addddd,adddad,adddaa,adadaa,adadad,adaddd,adadda,adaada,adaadd,adaaad,adaaaa,ddaaaa,ddaaad,ddaadd,ddaada,ddadda,ddaddd,ddadad,ddadaa,ddddaa,ddddad,dddddd,ddddda,dddada,dddadd,dddaad,dddaaa,dadaaa,dadaad,dadadd,dadada,daddda,dadddd,daddad,daddaa,daadaa,daadad,daaddd,daadda,daaada,daaadd,daaaad,daaaaa
13.110513662274133,96.37058731812296,5.473800029683448,64.46025470969431,33.80508927924788,0.008119637390237957,27.939450394597564,3.8527195678891597,0.09627506650363156,5.507931882523997,1.2512830936596042,9.87039576705276,7.579767074354583,0.10553678430687179,2.180460772939576,0.0553428870477793,0.9694863386893999,0.09600420989971002,2.732665492321901,0.03135588777304373,0.09547075534292304,0.07059042221750624,1.4721807717868545,0.4075674887498621,0.22194221373667236,2.1775551838731793,0.9838497892882694,3.1800003553347493,1.6724094508028111,0.014111084422718877,0.3965380758198834,0.02948620619721298,0.03989981638483824,0.029378509875602473,0.09894693830284751,0.026811432664360917,0.007652391100269458,0.0006487443203911395,0.080655563246257,0.0007730028049069739,0.09469136016776196,0.06376425413891779,0.1701514434346213,0.029443513568668887,0.0008327253370681927,0.003975128468837679,0.000531267596596398,0.001071423995143841,0.22812798369487547,0.03909601370002386,0.6592038411857738,0.02412251410380628,0.0013081378354214718,0.09317487109806814,0.18288127431766477,0.20924031581174493,0.03544488667797901,0.43964179638596823,0.22252063255718194,0.6625078185374024,0.5527186924014142,0.024263750082536787,0.14654251317845307,0.00014791705390597865
