aaaaaa,aaaaad,aaaadd,aaaada,aaadda,aaaddd,aaadad,aaadaa,aaddaa,aaddad,aadddd,aaddda,aadada,aadadd,aadaad,aadaaa,addaaa,addaad,addadd,addada,adddda,addddd,adddad,adddaa,adadaa,adadad,adaddd,adadda,adaada,adaadd,adaaad,adaaaa,ddaaaa,ddaaad,ddaadd,ddaada,ddadda,ddaddd,ddadad,ddadaa,ddddaa,ddddad,dddddd,ddddda,dddada,dddadd,dddaad,dddaaa,dadaaa,dadaad,dadadd,dadada,daddda,dadddd,daddad,daddaa,daadaa,daadad,daaddd,daadda,daaada,daaadd,daaaad,daaaaa
7.592090200299858,91.43572233374114,2.7678689416513764,58.536588347862356,43.57026283757744,0.06158371508896348,34.695133972852446,4.241269514722176,0.9275434237272412,2.8252626863430836,1.2235832031988336,9.942001653465251,5.418789719035545,0.7661038308807613,2.5510262238959656,0.033132226527720625,1.232555502471044,0.010087418177547292,3.1459188974645333,0.0033432667946421313,0.6037394713542206,0.45175993131067504,1.6660565527081426,0.45171081157135895,0.5111781068406845,1.5619057727219385,0.9043129996129625,3.337206805234922,1.5578747783130573,0.0715345687656163,0.575057866534637,0.030387599389188617,0.03670362168086823,0.022702067510267942,0.10414513615310586,0.015175935687237466,0.027582860802731847,0.0011618968034420654,0.09886964075668862,0.00199167182279217,0.04504857683459044,0.11315055105943685,0.15148495971071252,0.03281894702092178,0.026950657177635857,0.0035798173202265873,0.00041662781014985154,1.6841139095452313e-05,0.2882712491012969,0.012200759444979689,0.7601572097652867,0.0037027605486330464,0.034501422260650484,0.24728563901305195,0.21457601175537905,0.2261760788559629,0.09432134927982085,0.2985376148348088,0.20332827172331877,0.6856853109351932,0.5114831111115734,0.04696347829780792,0.19016777322592157,0.00036545613910407896
