aaaaaa,aaaaad,aaaadd,aaaada,aaadda,aaaddd,aaadad,aaadaa,aaddaa,aaddad,aadddd,aaddda,aadada,aadadd,aadaad,aadaaa,addaaa,addaad,addadd,addada,adddda,addddd,adddad,adddaa,adadaa,adadad,adaddd,adadda,adaada,adaadd,adaaad,adaaaa,ddaaaa,ddaaad,ddaadd,ddaada,ddadda,ddaddd,ddadad,ddadaa,ddddaa,ddddad,dddddd,ddddda,dddada,dddadd,dddaad,dddaaa,dadaaa,dadaad,dadadd,dadada,daddda,dadddd,daddad,daddaa,daadaa,daadad,daaddd,daadda,daaada,daaadd,daaaad,daaaaa
7.1694526082357894,83.74862132314989,2.253034335222313,56.444405326623134,34.183142207580964,0.0036812238349824516,28.267603281856424,3.594829542698636,0.0515044003211535,5.236106862909831,0.8981595901143565,9.26771241400659,7.114777642576674,0.08483193005264571,2.2899783310220037,0.05531689076448485,0.8876584859183541,0.0459373024853355,2.4715879098301587,0.005579622615291244,0.1431314260235493,0.09355050580863472,1.4010607889785847,0.3898632401731621,0.16864865377102553,2.048582541619606,0.7807970695891892,2.9527536974351194,1.6381158611099824,0.011926380396959568,0.4497285225291324,0.024173655375510715,0.033479330040328006,0.022033867595365318,0.0857789934312657,0.018570988005953463,0.008373740076941846,0.0005239135804516834,0.0730527816160244,0.0006105519681323641,0.07776660077970775,0.055986002390460414,0.14663981718998284,0.02365448674994844,0.0012536376837456542,0.0033590463338325875,0.00039306286663062464,0.0014410307885105531,0.21339000579485243,0.024146479413925486,0.6041078401295935,0.011402152336242283,2.298973037999979e-05,0.09616509511338993,0.1751677243648799,0.19365052723732504,0.024813849193789688,0.41504106289597614,0.17271653722348687,0.6152063705857005,0.5193998948070234,0.01968841958384127,0.15149424639441691,0.00013819797992941087
