aaaaaa,aaaaad,aaaadd,aaaada,aaadda,aaaddd,aaadad,aaadaa,aaddaa,aaddad,aadddd,aaddda,aadada,aadadd,aadaad,aadaaa,addaaa,addaad,addadd,addada,adddda,addddd,adddad,adddaa,adadaa,adadad,adaddd,adadda,adaada,adaadd,adaaad,adaaaa,ddaaaa,ddaaad,ddaadd,ddaada,ddadda,ddaddd,ddadad,ddadaa,ddddaa,ddddad,dddddd,ddddda,dddada,dddadd,dddaad,dddaaa,dadaaa,dadaad,dadadd,dadada,daddda,dadddd,daddad,daddaa,daadaa,daadad,daaddd,daadda,daaada,daaadd,daaaad,daaaaa
14.767673142897495,99.07008918547237,6.3980219462307995,66.4033959661425,33.603309935220956,0.009067327111167436,26.736697983734178,3.607556059528685,0.1639713175251201,5.066978033032404,1.3901270482058583,9.816917334705641,7.144567229646155,0.17862138263118343,2.0872091081384263,0.04576200475864305,1.0179195229770872,0.10151272063742986,2.7623107976510393,0.04354478979091813,0.12125670786651511,0.1007425152463344,1.3914059501160614,0.3694314654022472,0.27059027527258467,2.0776881253729687,1.031314319123074,3.2036596883381603,1.5974851917168855,0.020872859202234795,0.37912293683970016,0.03121703830764528,0.0414481719324641,0.02881018581580004,0.1013285078366102,0.026918850052729464,0.009005068573556933,0.0005103938165710016,0.07906612175310278,0.0003117229985552334,0.08675510823730856,0.07084047835554874,0.16221393958924338,0.03320699940736602,0.0013803811594011233,0.0021132770111369605,0.0005060476770865548,0.0004989688800014569,0.2396036890071177,0.039347442257242134,0.6686690059561203,0.02773606683492266,0.0004270960963313267,0.10794195434487082,0.16712805056473723,0.19543053857500997,0.04383631317198444,0.4201624715648311,0.23044535650934006,0.6722803872107653,0.5329965430622062,0.029939239859024615,0.14187191299799945,0.00012169445294409338
