aaaaaa,aaaaad,aaaadd,aaaada,aaadda,aaaddd,aaadad,aaadaa,aaddaa,aaddad,aadddd,aaddda,aadada,aadadd,aadaad,aadaaa,addaaa,addaad,addadd,addada,adddda,addddd,adddad,adddaa,adadaa,adadad,adaddd,adadda,adaada,adaadd,adaaad,adaaaa,ddaaaa,ddaaad,ddaadd,ddaada,ddadda,ddaddd,ddadad,ddadaa,ddddaa,ddddad,dddddd,ddddda,dddada,dddadd,dddaad,dddaaa,dadaaa,dadaad,dadadd,dadada,daddda,dadddd,daddad,daddaa,daadaa,daadad,daaddd,daadda,daaada,daaadd,daaaad,daaaaa
10.403308951177687,108.02141480313203,3.639133463550715,72.19093188430368,43.13171818229262,0.0022782903551125905,35.95103021153113,4.738683367112292,0.11471066381592487,6.291467951785154,1.1691001923587767,11.961607029377252,8.87895099447658,0.1344865031598449,2.843003835666059,0.06867309264992984,1.1563665789640674,0.06473901673866703,3.2711550497317616,0.006669246171861732,0.18707263621650283,0.127673135079807,1.8280762181755938,0.5189800840733946,0.25187597387823196,2.5238185976000636,1.016739041723481,3.8040409893652356,2.0453392727843913,0.017575990317703297,0.5511132398165288,0.03200525889288992,0.043265524458382346,0.028838275109503975,0.11247752666367665,0.023775753975280107,0.010909285628768844,0.0005690226193948874,0.09586830839593767,0.000988380340907637,0.09551480759029056,0.07689377481337997,0.192043391716879,0.02979842207286808,0.001979000945618344,0.003591722937591162,0.0005190202493552158,0.0016971913195947597,0.2756425672085095,0.032159843694346886,0.7945025578419799,0.013807127780144647,4.0422561032507554e-05,0.1277891289762198,0.22924900615081847,0.2558080683726458,0.03846508801201608,0.5093603792222978,0.2251508663975547,0.7916434755211277,0.6557570194609849,0.02750347080116468,0.1894265502712525,0.00018485110953916808
