aaaaaa,aaaaad,aaaadd,aaaada,aaadda,aaaddd,aaadad,aaadaa,aaddaa,aaddad,aadddd,aaddda,aadada,aadadd,aadaad,aadaaa,addaaa,addaad,addadd,addada,adddda,addddd,adddad,adddaa,adadaa,adadad,adaddd,adadda,adaada,adaadd,adaaad,adaaaa,ddaaaa,ddaaad,ddaadd,ddaada,ddadda,ddaddd,ddadad,ddadaa,ddddaa,ddddad,dddddd,ddddda,dddada,dddadd,dddaad,dddaaa,dadaaa,dadaad,dadadd,dadada,daddda,dadddd,daddad,daddaa,daadaa,daadad,daaddd,daadda,daaada,daaadd,daaaad,daaaaa
10.81506031965038,99.13088372050477,4.484651912664062,64.27235552672607,40.754126171802916,0.016436371647856097,32.5894456967467,4.265991677708003,0.6175471560307018,3.6653844143081464,1.1623701822141022,10.860029172920878,6.2562841832052385,0.5109008119513451,2.4788860315477286,0.04707569028740829,1.2006074177486588,0.03717712456984868,3.2811848742400263,0.0008280246465585336,0.3971310207873706,0.3092746160251267,1.6569143327589129,0.46214831076398877,0.439925477102831,1.805654531950104,0.9433415654681753,3.531292117449028,1.618773424865174,0.05004443523571485,0.501987857266804,0.03236433482794854,0.04055886389959704,0.026448728084794877,0.11020293409422993,0.01966254094349875,0.019304553628160494,0.00016620762885302096,0.0930704228320532,0.0012817845940216125,0.0591200471663194,0.10295799572724583,0.1731817513056348,0.029349247526363472,0.013206161352075802,0.0003326731198707693,4.780059363060262e-05,0.0004144384024792595,0.2798969964005333,0.02261678145745929,0.7909278940783129,0.007219966389654936,0.012238568986252295,0.19809685991105008,0.2083241824746205,0.23164827271827648,0.07832079694666946,0.3516143428570747,0.21041578354809537,0.732139631164258,0.5352301998816197,0.04217043141319032,0.17423108901070275,0.0002987855178870445
