aaaaaa,aaaaad,aaaadd,aaaada,aaadda,aaaddd,aaadad,aaadaa,aaddaa,aaddad,aadddd,aaddda,aadada,aadadd,aadaad,aadaaa,addaaa,addaad,addadd,addada,adddda,addddd,adddad,adddaa,adadaa,adadad,adaddd,adadda,adaada,adaadd,adaaad,adaaaa,ddaaaa,ddaaad,ddaadd,ddaada,ddadda,ddaddd,ddadad,ddadaa,ddddaa,ddddad,dddddd,ddddda,dddada,dddadd,dddaad,dddaaa,dadaaa,dadaad,dadadd,dadada,daddda,dadddd,daddad,daddaa,daadaa,daadad,daaddd,daadda,daaada,daaadd,daaaad,daaaaa
7.2275471591372575,96.96999249728756,2.400960533286009,62.82468243340043,45.859227655618376,0.06845002554426169,36.538746938436574,4.426744679167737,0.7155901267291931,3.507486934379415,1.1694525586171922,10.781591705132573,6.096009370272348,0.6604993935575706,2.785449998438933,0.043713370868915066,1.2822399382544625,0.010215096149948352,3.2791382402034053,0.0032615648486172652,0.5767463035943697,0.4247657854518283,1.748702435492616,0.4757209255210201,0.45706401896002125,1.802912659478497,0.9156648298668257,3.574481753813562,1.709778460065389,0.06221438959890039,0.616950576362949,0.03166690195347967,0.0391345179568491,0.023312963584972847,0.10715764588922992,0.016624760384852583,0.026539536427163796,0.0008728283543971465,0.09932503172954062,0.0016750852589694737,0.05248502742861157,0.11032291422974465,0.16296225634235031,0.03236569548896495,0.0235277490948504,0.0020259116613692975,0.0001454178526898474,0.0002211215613951436,0.29989822793111726,0.013098681078580789,0.7952711777436963,0.003661297953154117,0.029096786593842645,0.24074822712392038,0.22434761900989134,0.23825205400864616,0.08251034068585722,0.3470500600992316,0.20397277688010237,0.7369375337572313,0.5532436264460888,0.04452177024814752,0.20261154386282382,0.00038758058750043415
