aaaaaa,aaaaad,aaaadd,aaaada,aaadda,aaaddd,aaadad,aaadaa,aaddaa,aaddad,aadddd,aaddda,aadada,aadadd,aadaad,aadaaa,addaaa,addaad,addadd,addada,adddda,addddd,adddad,adddaa,adadaa,adadad,adaddd,adadda,adaada,adaadd,adaaad,adaaaa,ddaaaa,ddaaad,ddaadd,ddaada,ddadda,ddaddd,ddadad,ddadaa,ddddaa,ddddad,dddddd,ddddda,dddada,dddadd,dddaad,dddaaa,dadaaa,dadaad,dadadd,dadada,daddda,dadddd,daddad,daddaa,daadaa,daadad,daaddd,daadda,daaada,daaadd,daaaad,daaaaa
7.808937171451829,97.45389796286277,2.7380357939107167,62.68966614842653,46.454958680207206,0.06324885248437209,37.023908035026906,4.487601322459985,0.8723982665763638,3.2240753534203908,1.2800654409923364,10.642240272864813,5.982647604461024,0.7411903896842097,2.7585995254356854,0.03852336241926828,1.2867642995060125,0.012403294232364418,3.309874931334784,0.0026504394516255235,0.6028923920131645,0.44513608883151773,1.7723322517742885,0.47916757500078117,0.5091858023042509,1.7270654848532514,0.9604697384206469,3.5542378426839316,1.699951548586234,0.06908437681548382,0.6162639727930543,0.031737898422261955,0.039633258505058624,0.023557955437375086,0.10883048421698467,0.016752990318331697,0.028770452525477434,0.0011166388269575219,0.10335195417986562,0.0018629903127342624,0.05027075203013127,0.1166107340102517,0.16320232666097947,0.033894979671948156,0.0265318381400864,0.0029576203417721195,0.00029935509392089684,8.138812343355141e-05,0.30075247184431014,0.01404162429722857,0.8026079750879855,0.004140727919347123,0.03195081922994605,0.24978639659375035,0.22875668741483782,0.24096069498417855,0.09348819448928596,0.3307850458055461,0.21465898046689888,0.7325371395082049,0.5538809406008824,0.047492004993045775,0.20412826329519515,0.0003955839111097265
