aaaaaa,aaaaad,aaaadd,aaaada,aaadda,aaaddd,aaadad,aaadaa,aaddaa,aaddad,aadddd,aaddda,aadada,aadadd,aadaad,aadaaa,addaaa,addaad,addadd,addada,adddda,addddd,adddad,adddaa,adadaa,adadad,adaddd,adadda,adaada,adaadd,adaaad,adaaaa,ddaaaa,ddaaad,ddaadd,ddaada,ddadda,ddaddd,ddadad,ddadaa,ddddaa,ddddad,dddddd,ddddda,dddada,dddadd,dddaad,dddaaa,dadaaa,dadaad,dadadd,dadada,daddda,dadddd,daddad,daddaa,daadaa,daadad,daaddd,daadda,daaada,daaadd,daaaad,daaaaa
8.329049820789752,84.91931791300645,3.055044531680965,55.99741385080707,35.291336809752856,0.008346809106013965,27.936875558700258,3.4087960103200947,0.3641175819367097,3.6027100134534833,1.1272431494413084,8.890555497395594,5.7373339009897,0.3547526449484301,2.14407091715056,0.034479345165654256,0.9902354472803822,0.0343306073259617,2.5842015493880477,0.005027922958342398,0.2920628448573726,0.21689701246313667,1.3590788488593337,0.3556194308630557,0.3228527804000834,1.6625690274684628,0.8430236224883553,2.9480805726569255,1.4556130767222886,0.036625161863431996,0.44982115523587435,0.02696293784237602,0.03473558175279869,0.02165870267679065,0.08840183920518269,0.01844523118997865,0.01616446629007068,7.170041668126005e-05,0.07775958264837622,0.0007362914978297,0.05798645392309433,0.07865842945194293,0.13754044766295978,0.029522736028737822,0.00912766925859423,1.2108714608373662e-05,1.582308395897022e-05,0.00014208667185755,0.2325183591019867,0.020263973637549535,0.628029010000566,0.010684375384652974,0.006694033614208281,0.15153462855650943,0.16908916041528838,0.18561632656488225,0.05567953981550251,0.3270328353626101,0.18756689777228824,0.6111455537978947,0.4769941093560108,0.03259370665078107,0.1544264190065107,0.00021209419755660927
