aaaaaa,aaaaad,aaaadd,aaaada,aaadda,aaaddd,aaadad,aaadaa,aaddaa,aaddad,aadddd,aaddda,aadada,aadadd,aadaad,aadaaa,addaaa,addaad,addadd,addada,adddda,addddd,adddad,adddaa,adadaa,adadad,adaddd,adadda,adaada,adaadd,adaaad,adaaaa,ddaaaa,ddaaad,ddaadd,ddaada,ddadda,ddaddd,ddadad,ddadaa,ddddaa,ddddad,dddddd,ddddda,dddada,dddadd,dddaad,dddaaa,dadaaa,dadaad,dadadd,dadada,daddda,dadddd,daddad,daddaa,daadaa,daadad,daaddd,daadda,daaada,daaadd,daaaad,daaaaa
15.39633945233591,97.0780890889271,6.452835807445983,66.12058387194706,32.11067598428341,0.019682537726093696,23.92437181852316,2.8716460917449296,0.12247110823132684,5.054058559195554,1.7549956213493467,8.61925595232845,6.840519189550856,0.19359073124180196,1.9369722512627374,0.03433252977523646,0.9527086190520753,0.12075526180924114,2.3910210032668067,0.10064411527295021,0.10483744748770936,0.08725373588620632,1.1568313102326913,0.2597781654099279,0.25272440308483635,2.0350313365216044,1.1235285224569354,2.9276334907509707,1.5245858584165533,0.022179557503814007,0.356226339599353,0.03130767812338683,0.04061176616028475,0.02841031825972103,0.09284246659886039,0.030205952193104547,0.009828739071487862,0.0003452758653191023,0.07177257013443938,4.6385789070093266e-05,0.09059197173564885,0.0642635081890974,0.140635779980793,0.041337962697592115,0.0014595367040671537,0.0016837200720940819,0.00014685655100325347,9.303797179189153e-05,0.22471896584090334,0.04334598348130447,0.5829260879588641,0.04556104378636651,0.0008946049937722266,0.10088878998288994,0.1318882047037987,0.15579458657226802,0.040662387460072606,0.41216194374958115,0.25012725214666043,0.6158639946024255,0.5140238548149642,0.03048102733124659,0.136767110701854,8.706525783154503e-05
