aaaaaa,aaaaad,aaaadd,aaaada,aaadda,aaaddd,aaadad,aaadaa,aaddaa,aaddad,aadddd,aaddda,aadada,aadadd,aadaad,aadaaa,addaaa,addaad,addadd,addada,adddda,addddd,adddad,adddaa,adadaa,adadad,adaddd,adadda,adaada,adaadd,adaaad,adaaaa,ddaaaa,ddaaad,ddaadd,ddaada,ddadda,ddaddd,ddadad,ddadaa,ddddaa,ddddad,dddddd,ddddda,dddada,dddadd,dddaad,dddaaa,dadaaa,dadaad,dadadd,dadada,daddda,dadddd,daddad,daddaa,daadaa,daadad,daaddd,daadda,daaada,daaadd,daaaad,daaaaa
10.138249365422634,94.36774884372619,4.121708009674434,61.66314430295809,37.801877824052085,0.011323537841181713,30.453222284085847,4.037156537539521,0.4217313227423633,3.9174811953570887,1.0163835112833077,10.50179907317267,6.275019858525995,0.3715634235573044,2.361548018250208,0.050885465822209666,1.1120048850232447,0.03946952072714791,3.082603218183479,0.0006176157269935224,0.3164823055388448,0.24537765923671734,1.563424382409075,0.4421290445894727,0.36122008028784314,1.8233369298638438,0.868478992366584,3.3744362583736875,1.5697960809266414,0.03804158098060097,0.46727885891565357,0.030214577392118365,0.038476347885973046,0.025496024791690743,0.1038835669464297,0.019206006764547513,0.015295072968174478,1.1270933933712213e-05,0.08528166246242264,0.001048606972067116,0.06153226072863652,0.0897857114385161,0.167343364624998,0.026115725139572728,0.008520679616511536,6.523278648092507e-07,0.00021482815135764153,0.0007262587988283433,0.2603532852570355,0.022937424823927407,0.7438749635857667,0.007233963508679613,0.006955254498952788,0.16846510897115077,0.1955997685750801,0.21970124515984651,0.06251938181416918,0.35845006143046726,0.19331910499146515,0.700926953904303,0.5152453237629241,0.035837359737173925,0.16173083131822885,0.00026371552771690477
