aaaaaa,aaaaad,aaaadd,aaaada,aaadda,aaaddd,aaadad,aaadaa,aaddaa,aaddad,aadddd,aaddda,aadada,aadadd,aadaad,aadaaa,addaaa,addaad,addadd,addada,adddda,addddd,adddad,adddaa,adadaa,adadad,adaddd,adadda,adaada,adaadd,adaaad,adaaaa,ddaaaa,ddaaad,ddaadd,ddaada,ddadda,ddaddd,ddadad,ddadaa,ddddaa,ddddad,dddddd,ddddda,dddada,dddadd,dddaad,dddaaa,dadaaa,dadaad,dadadd,dadada,daddda,dadddd,daddad,daddaa,daadaa,daadad,daaddd,daadda,daaada,daaadd,daaaad,daaaaa
10.04063837655168,102.21275960630288,3.949679604977676,65.86369335679005,46.90177473515114,0.08079724779714322,35.358762167397266,4.199674696358712,1.2703034169522511,2.7391038190744306,1.6356037328277349,10.319519539738089,5.040080599887756,1.1934051046248682,2.651789851950878,0.03146492880562189,1.499285721473484,0.005097395259630445,3.3773780460858864,0.0016789402084106725,0.7945922666739773,0.6344149698549814,1.6526795124826037,0.4132753349735102,0.6323387218731329,1.6189878924749546,1.0780160132048486,3.5729528739342737,1.5382089752569188,0.10657207863574535,0.5982941986297373,0.03672522031602043,0.04382337293295465,0.024435400449653248,0.11507710424496298,0.01868114808300667,0.037445641288643604,0.0033371033495439776,0.10342611716408312,0.0015135366991911275,0.04336979027999781,0.13647004048837488,0.14899543982609897,0.04634464604643941,0.042975768032074244,0.010758370587538655,0.0008428944393422789,0.00012490857330166972,0.3439961635907026,0.010318428852784866,0.8156889351759872,0.00756057375370116,0.05170725003433114,0.3175179939370916,0.20716932744519004,0.22284261574501035,0.1201637781528661,0.30338321800165086,0.24155087913545445,0.7338925378169875,0.5155212468535887,0.06400183774635895,0.20179243841635974,0.0004203710038421437
