aaaaaa,aaaaad,aaaadd,aaaada,aaadda,aaaddd,aaadad,aaadaa,aaddaa,aaddad,aadddd,aaddda,aadada,aadadd,aadaad,aadaaa,addaaa,addaad,addadd,addada,adddda,addddd,adddad,adddaa,adadaa,adadad,adaddd,adadda,adaada,adaadd,adaaad,adaaaa,ddaaaa,ddaaad,ddaadd,ddaada,ddadda,ddaddd,ddadad,ddadaa,ddddaa,ddddad,dddddd,ddddda,dddada,dddadd,dddaad,dddaaa,dadaaa,dadaad,dadadd,dadada,daddda,dadddd,daddad,daddaa,daadaa,daadad,daaddd,daadda,daaada,daaadd,daaaad,daaaaa
6.675953662155171,96.08626309872072,2.237158710931515,61.49288257665623,46.90119960285202,0.08537084189353934,38.46751997207475,4.867228940974828,0.7308897120967581,3.479968623937333,0.991124137609396,11.319166242026913,6.321484374467182,0.6086374971235599,2.910096259967523,0.05263411272792099,1.2691567641608201,0.009290137213892815,3.470060598292558,0.0141466537547238,0.5875374666455736,0.4247901825335077,1.8903688988968137,0.5475535091500485,0.4605327294544998,1.798750317580014,0.8666796581397419,3.664005613557336,1.7606023240131508,0.05842968168219812,0.6350891147787456,0.030636408695418525,0.03834397442264413,0.023216160671352338,0.11048999499124741,0.014637038402087818,0.02567983873245821,0.0006844610982732927,0.10349962678089548,0.002311204621917941,0.05088528243534099,0.11248923340652625,0.17607513258043286,0.026709225349665123,0.022350994710864717,0.0014739152614287002,1.8699463815745663e-05,0.0006644124282246327,0.2975961539573903,0.012890438137032268,0.839494077293468,0.001187857624814617,0.030241659951276718,0.24011516384172188,0.2478339383524401,0.2614903704124202,0.08303341761823675,0.3465560915780653,0.19353639571949885,0.7547952845917905,0.5657238284072142,0.042532086005472716,0.20625563648039516,0.0004062789534195334
