aaaaaa,aaaaad,aaaadd,aaaada,aaadda,aaaddd,aaadad,aaadaa,aaddaa,aaddad,aadddd,aaddda,aadada,aadadd,aadaad,aadaaa,addaaa,addaad,addadd,addada,adddda,addddd,adddad,adddaa,adadaa,adadad,adaddd,adadda,adaada,adaadd,adaaad,adaaaa,ddaaaa,ddaaad,ddaadd,ddaada,ddadda,ddaddd,ddadad,ddadaa,ddddaa,ddddad,dddddd,ddddda,dddada,dddadd,dddaad,dddaaa,dadaaa,dadaad,dadadd,dadada,daddda,dadddd,daddad,daddaa,daadaa,daadad,daaddd,daadda,daaada,daaadd,daaaad,daaaaa
12.429458083149528,86.74579328868403,5.4719615432296616,57.32569895638915,31.19541361942546,0.0006499019494265941,24.188126129750454,3.1228071797881674,0.3819535404711725,3.486680116779166,1.2679153450015481,8.597439159472064,5.511640521201578,0.33980332401500235,1.8486183572220365,0.03222091005713724,0.9550230776612261,0.06743789842452494,2.5277159851620175,0.024375348266120356,0.20642875761207535,0.1704296423240482,1.23056593697284,0.3154302019366471,0.3380215946618443,1.6022070041775316,0.9079411740745161,2.8511269226771523,1.330413655739156,0.0345721933480512,0.3559827971787807,0.028216040653799387,0.036271994239470015,0.024622392759126303,0.09092951671284133,0.021924944049083833,0.012760652440700704,1.141638781215681e-09,0.07292710781272606,0.00043324153908155826,0.06115030858547942,0.07707517615693844,0.13904115725019706,0.030467719616386744,0.005869726787465047,1.0421922290050317e-05,6.228585261919545e-05,0.00010146621963680528,0.2229547423853086,0.029030306854472422,0.6108308036267059,0.019234894797352572,0.0018148709420639085,0.13297482949446163,0.14808573241545803,0.1705573447302266,0.058854232557570406,0.3163725726102976,0.2023259692909182,0.5948305409016281,0.448662210949173,0.03410992826931023,0.1315530180369902,0.00016492482649715597
