aaaaaa,aaaaad,aaaadd,aaaada,aaadda,aaaddd,aaadad,aaadaa,aaddaa,aaddad,aadddd,aaddda,aadada,aadadd,aadaad,aadaaa,addaaa,addaad,addadd,addada,adddda,addddd,adddad,adddaa,adadaa,adadad,adaddd,adadda,adaada,adaadd,adaaad,adaaaa,ddaaaa,ddaaad,ddaadd,ddaada,ddadda,ddaddd,ddadad,ddadaa,ddddaa,ddddad,dddddd,ddddda,dddada,dddadd,dddaad,dddaaa,dadaaa,dadaad,dadadd,dadada,daddda,dadddd,daddad,daddaa,daadaa,daadad,daaddd,daadda,daaada,daaadd,daaaad,daaaaa
12.634714038036531,99.58507370556327,5.589864835108624,64.44668940805586,41.204052763473136,0.04059613098771505,30.175182255622403,3.666613206089688,1.2671896576167887,2.5003471715407395,1.6896216599300786,9.605617411152771,4.490601525833213,1.1898712327539287,2.269388855398197,0.02682312772455731,1.437358271936556,0.012030652073580445,3.1621797121062927,0.007273803979051062,0.687621595737638,0.5815485527723387,1.4419200055682668,0.34900160210305775,0.6243201186339932,1.4967341447564961,1.0744215684459146,3.3484778454486044,1.342623306253677,0.1056887707613887,0.4926753845382631,0.037403052781365353,0.04378456568667593,0.025110868337151485,0.1110155183138855,0.020789710724203204,0.03293980651649008,0.002929760816626649,0.09226406085109096,0.0009384464687429291,0.04238919806060711,0.13000894320322565,0.14047602320119043,0.04649292872992639,0.037391240406292506,0.010338106158261836,0.0004993753684682038,0.0002492631169993009,0.32624429323821247,0.013115893853582639,0.7625801111892021,0.01243395769717285,0.04129938135116938,0.29591661080014436,0.17449360684373197,0.19526479643330483,0.11936732297261413,0.28005117973148913,0.24070757478685365,0.6901023434876629,0.4621581652448409,0.06496266606992891,0.17325909694509184,0.0003458296269739028
