aaaaaa,aaaaad,aaaadd,aaaada,aaadda,aaaddd,aaadad,aaadaa,aaddaa,aaddad,aadddd,aaddda,aadada,aadadd,aadaad,aadaaa,addaaa,addaad,addadd,addada,adddda,addddd,adddad,adddaa,adadaa,adadad,adaddd,adadda,adaada,adaadd,adaaad,adaaaa,ddaaaa,ddaaad,ddaadd,ddaada,ddadda,ddaddd,ddadad,ddadaa,ddddaa,ddddad,dddddd,ddddda,dddada,dddadd,dddaad,dddaaa,dadaaa,dadaad,dadadd,dadada,daddda,dadddd,daddad,daddaa,daadaa,daadad,daaddd,daadda,daaada,daaadd,daaaad,daaaaa
9.689102965328727,87.16847297890166,4.123156973268199,55.96593290686884,38.40943019862332,0.058953442418873576,28.479277028932554,3.420416600930459,1.2551156535370531,2.054043319501543,1.4489579177760814,8.590794574611762,3.853989324725536,1.176282797889755,2.1327415350201204,0.02488878099707733,1.3103576212087442,0.004238955116793051,2.89338939555831,0.0021094158953279493,0.7126739741628229,0.589541386725978,1.3443899064363547,0.3314854007635577,0.5751800035338817,1.2992813285014517,0.916095387915801,3.020328098035243,1.2190089461015086,0.10036298011496382,0.4808375680650013,0.03379160748343009,0.03760416538995453,0.021538949621590243,0.09769504420787964,0.0169951250718278,0.031646281421861766,0.003047798645918277,0.08395121466085183,0.0009597972064237211,0.03494259509148393,0.11930641348456286,0.12508967210577746,0.04029350497273386,0.039239081386378216,0.01139368451050281,0.00047881458368323406,0.00011886160966554301,0.29878816115260565,0.008435696055426479,0.6972729109592566,0.0069847427363445794,0.048756906535096706,0.2863031696248451,0.1662774042206201,0.18182283078505426,0.11060045761108012,0.24182964669238682,0.20560552177439273,0.6210787193786723,0.4146175587483671,0.059152722749411246,0.16529391894121712,0.00044193935010242565
