aaaaaa,aaaaad,aaaadd,aaaada,aaadda,aaaddd,aaadad,aaadaa,aaddaa,aaddad,aadddd,aaddda,aadada,aadadd,aadaad,aadaaa,addaaa,addaad,addadd,addada,adddda,addddd,adddad,adddaa,adadaa,adadad,adaddd,adadda,adaada,adaadd,adaaad,adaaaa,ddaaaa,ddaaad,ddaadd,ddaada,ddadda,ddaddd,ddadad,ddadaa,ddddaa,ddddad,dddddd,ddddda,dddada,dddadd,dddaad,dddaaa,dadaaa,dadaad,dadadd,dadada,daddda,dadddd,daddad,daddaa,daadaa,daadad,daaddd,daadda,daaada,daaadd,daaaad,daaaaa
7.2640153908620695,80.49589800425828,2.23823097445489,54.50293067547024,33.24193797955635,0.0013429125540643909,26.3660289068867,3.0562992464386287,0.07832430759395156,4.670257619198579,1.1309830518134258,8.198710107973417,6.542821674740047,0.13157821123170899,2.131819966451917,0.0399325937088956,0.84081276367104,0.050303103714737105,2.2065733341607037,0.019353090966644247,0.1547903946709967,0.10143969496163488,1.235176977397955,0.3079286800825999,0.18997349875623618,1.8741327551447,0.8352125982018284,2.705206591136596,1.5407497976722093,0.016434499320205038,0.43393911788738476,0.023624525667533623,0.032078984413055726,0.020984803322380414,0.0789892760585269,0.019431883660268205,0.010642106765876513,0.0001732616454836192,0.07028123445417624,0.00036877421918178393,0.0732873527021863,0.056242578542448574,0.12863880744524891,0.028820621944107023,0.0025730421398602074,0.0016557328619440541,2.0718125911102058e-05,0.0004947217260882166,0.20190258518997914,0.02467301779190186,0.5418559804749978,0.017881502450219314,0.0003031417372976305,0.09930625527418746,0.15132419229816915,0.16497358401241016,0.029386376861545264,0.37786345095563884,0.18482660722895247,0.5640362605063463,0.4938569069647538,0.02176858290816341,0.1484066421768949,0.00013299431224768238
