aaaaaa,aaaaad,aaaadd,aaaada,aaadda,aaaddd,aaadad,aaadaa,aaddaa,aaddad,aadddd,aaddda,aadada,aadadd,aadaad,aadaaa,addaaa,addaad,addadd,addada,adddda,addddd,adddad,adddaa,adadaa,adadad,adaddd,adadda,adaada,adaadd,adaaad,adaaaa,ddaaaa,ddaaad,ddaadd,ddaada,ddadda,ddaddd,ddadad,ddadaa,ddddaa,ddddad,dddddd,ddddda,dddada,dddadd,dddaad,dddaaa,dadaaa,dadaad,dadadd,dadada,daddda,dadddd,daddad,daddaa,daadaa,daadad,daaddd,daadda,daaada,daaadd,daaaad,daaaaa
13.106999229837353,93.77161320380316,5.339445823777826,63.21256872533713,33.27031248923987,0.004917863839117661,25.132932806754727,2.99639827836849,0.22979065825993353,4.391401931919761,1.5581048490155731,8.753886341717083,6.380844559110519,0.2696503166602365,1.9921152926930872,0.03230508577885795,0.9710748490445492,0.08810154729178472,2.4623753479947337,0.05834678591528727,0.16436094453811448,0.13113011169202174,1.214810071311648,0.28269482214440966,0.2960863197040487,1.8740601566990946,1.0375076134535983,2.9552577302006,1.4927087116757578,0.029167247341206928,0.3850643934212369,0.029786248634565266,0.03895546293437507,0.026513677380525194,0.0923243523371192,0.02637624731507997,0.012342232371607042,5.4958541034201e-05,0.07439831071679179,0.00014445324378725873,0.07713425003788427,0.07148561312100271,0.13996570007530124,0.037698049605710535,0.0038248783325486864,0.0004386871845553055,2.6548619181749046e-05,6.580157245007022e-05,0.2289503550477049,0.035349614383583076,0.6001178617808406,0.03247613330086085,0.00015849239270168236,0.12074030062835968,0.14215437412814147,0.1634652955594137,0.04950419272792962,0.3745855576286331,0.2304790740043094,0.6185972587353358,0.4998068311835899,0.032616143898269265,0.14265374239234274,0.00012959567478865684
