aaaaaa,aaaaad,aaaadd,aaaada,aaadda,aaaddd,aaadad,aaadaa,aaddaa,aaddad,aadddd,aaddda,aadada,aadadd,aadaad,aadaaa,addaaa,addaad,addadd,addada,adddda,addddd,adddad,adddaa,adadaa,adadad,adaddd,adadda,adaada,adaadd,adaaad,adaaaa,ddaaaa,ddaaad,ddaadd,ddaada,ddadda,ddaddd,ddadad,ddadaa,ddddaa,ddddad,dddddd,ddddda,dddada,dddadd,dddaad,dddaaa,dadaaa,dadaad,dadadd,dadada,daddda,dadddd,daddad,daddaa,daadaa,daadad,daaddd,daadda,daaada,daaadd,daaaad,daaaaa
10.843709649288392,99.97240063435203,4.582531545161593,64.24283855563436,44.534568101542746,0.08953684963512289,32.66688664137923,3.9025708516616793,1.5312788772874957,2.261605452704709,1.700837843213583,9.766720525066034,4.117146382512014,1.519725763364296,2.466398607026523,0.029630996798455857,1.6035770258206068,0.0006260517372459492,3.336614087537693,0.0020192293018332598,0.920256515793672,0.7692684371248668,1.524957141718026,0.3720090786948302,0.6761039988727372,1.4745761862817148,1.04623537863543,3.476409498878778,1.3571195247243895,0.12809361427090704,0.5667094141598842,0.041154217105947154,0.0433320599827142,0.024470145863454446,0.11258292371280729,0.019148183594427062,0.038698731609081966,0.004373084371344471,0.09544288835496664,0.001063837435020034,0.03720890582615666,0.14174589990221284,0.13803447966995164,0.049105293765267864,0.052169903000639575,0.0169012322015303,0.0006431163205577821,0.00017498662705206372,0.3626899050379039,0.006480082489607068,0.804737021585166,0.0072307670275226325,0.06771489755131616,0.356614269615687,0.18847122717823847,0.20686758585884343,0.13026896056225432,0.2733799846026407,0.23550071455238794,0.7123621882429861,0.4638781791537946,0.07197178164179135,0.19201773335784394,0.0005745939772467042
