aaaaaa,aaaaad,aaaadd,aaaada,aaadda,aaaddd,aaadad,aaadaa,aaddaa,aaddad,aadddd,aaddda,aadada,aadadd,aadaad,aadaaa,addaaa,addaad,addadd,addada,adddda,addddd,adddad,adddaa,adadaa,adadad,adaddd,adadda,adaada,adaadd,adaaad,adaaaa,ddaaaa,ddaaad,ddaadd,ddaada,ddadda,ddaddd,ddadad,ddadaa,ddddaa,ddddad,dddddd,ddddda,dddada,dddadd,dddaad,dddaaa,dadaaa,dadaad,dadadd,dadada,daddda,dadddd,daddad,daddaa,daadaa,daadad,daaddd,daadda,daaada,daaadd,daaaad,daaaaa
5.637154000201056,87.18003447228553,1.7656782207162183,56.13423857697678,43.04147395334097,0.09466245313191288,34.609186942896855,4.2318661245493345,0.6875049519870426,3.1137403789803657,0.9508566975991164,10.07104859391979,5.468692689932175,0.6382228480270818,2.6583707390602065,0.04533884662198707,1.2044931442169267,0.0035386509549654114,3.0945621751609034,0.01181817074003801,0.5953060093370566,0.4359658879441471,1.658708035756867,0.4643750814117882,0.42093583311305144,1.6295950901497123,0.7895635479572597,3.3103594464067942,1.56967093376311,0.05970472138101683,0.5929398724168015,0.02872739730476592,0.03478213006746447,0.02061091508362071,0.09825032101455823,0.013560979447700882,0.025450653516954774,0.0010233528315583655,0.09179873716207382,0.0018212252790885293,0.04440027909254549,0.10386488277497055,0.15094574719905685,0.027384782683157863,0.024355704033830066,0.0024583328932198246,9.297382242140864e-05,0.00039883435876362946,0.2814254711119789,0.00897558565342257,0.7496711922163524,0.0012899134861712666,0.03402882329615182,0.23534402463244286,0.21540201538125167,0.22700627510797594,0.07625092865758268,0.31239682531047186,0.17594388732599434,0.6809519042488468,0.5038529924357563,0.04105014743753474,0.19090207870425424,0.000388861358103564
