aaaaa,aaaad,aaadd,aaada,aadda,aaddd,aadad,aadaa,addaa,addad,adddd,addda,adada,adadd,adaad,adaaa,ddaaa,ddaad,ddadd,ddada,dddda,ddddd,dddad,dddaa,dadaa,dadad,daddd,dadda,daada,daadd,daaad,daaaa
16.5218875155317,62.17471041972892,179.71877852064017,1.9666722470937748,37.22002186179542,6.971386764129738,6.737534381237201,1.2883665308614143,0.8535926056745763,0.507152507682064,0.9581531283766128,1.524771049635269,1.2827707600342009,0.28871430214153565,0.33161780645292493,0.013707258414598095,0.15677483920718888,0.002469010973694726,0.016021647962936064,0.031541022178013994,0.268805331961899,0.20891850604525394,0.16003961049375073,0.36192397031321805,0.03170544599743044,0.0065195382685284305,0.18237068765124384,0.2382370281737416,0.05177251598027542,0.022785080908852662,0.07743458978862197,0.01363631673136051
