aaaaa,aaaad,aaadd,aaada,aadda,aaddd,aadad,aadaa,addaa,addad,adddd,addda,adada,adadd,adaad,adaaa,ddaaa,ddaad,ddadd,ddada,dddda,ddddd,dddad,dddaa,dadaa,dadad,daddd,dadda,daada,daadd,daaad,daaaa
12.471798378605522,52.793797071627914,149.228023029778,1.7011864609529896,36.1838204155926,6.386380210182373,5.495063915932966,1.2973626877900275,0.8425568625906634,0.7069110872926186,1.005639064905871,1.2664478393964744,1.3168647952900885,0.20647338327638046,0.27090226269733847,0.012006219917506219,0.13614854389694514,0.002140882919416591,0.013561565308368434,0.03127336379602851,0.21733270227788248,0.15500678557956313,0.16668788868290194,0.3449260690078071,0.029805574723374344,0.010879043524455461,0.16051967760690203,0.21804923830663225,0.049426906280445645,0.017087116315738986,0.062136829977579196,0.01126556797775698
