aaaaa,aaaad,aaadd,aaada,aadda,aaddd,aadad,aadaa,addaa,addad,adddd,addda,adada,adadd,adaad,adaaa,ddaaa,ddaad,ddadd,ddada,dddda,ddddd,dddad,dddaa,dadaa,dadad,daddd,dadda,daada,daadd,daaad,daaaa
16.96160060008128,58.67513676731698,171.80871244144458,1.867705329753752,36.45573212931185,6.685530752290251,6.346406198462889,1.2681923989833719,0.8168521224509528,0.49132266228944027,0.9353256945393648,1.474642385814747,1.263638840451362,0.2745143212250519,0.3146883719565987,0.013105231444377972,0.15242370551785156,0.002372829041123081,0.014862798193431838,0.03110891842551523,0.25853776661722194,0.19964902658446243,0.15282564618200126,0.3479792441069584,0.03128873907700684,0.0063468773672192445,0.175057458687952,0.23236297852252313,0.050987070049500004,0.02181487880738301,0.07393785443387756,0.012948071600178088
