aaaaa,aaaad,aaadd,aaada,aadda,aaddd,aadad,aadaa,addaa,addad,adddd,addda,adada,adadd,adaad,adaaa,ddaaa,ddaad,ddadd,ddada,dddda,ddddd,dddad,dddaa,dadaa,dadad,daddd,dadda,daada,daadd,daaad,daaaa
12.700125034394429,59.878918406621125,157.9626673325926,1.9565449039250378,35.62962107215579,8.752675532761932,8.210946230616308,1.2657820070111634,1.396757039068949,1.03970012323012,1.353608969047911,0.916507650713975,1.6033692055237347,0.25704755094062187,0.33279080437947833,0.015227908878910535,0.14924949212272487,0.0027465640177964635,0.018220262862129143,0.027992192583333277,0.23293799096562023,0.15692809328210133,0.20295501837433375,0.43963836472703893,0.016785237289826803,0.027913787277404886,0.21454605613461478,0.19005291724182924,0.063283266644802,0.017457177028774373,0.07275889084673404,0.013518820827582554
