aaaaa,aaaad,aaadd,aaada,aadda,aaddd,aadad,aadaa,addaa,addad,adddd,addda,adada,adadd,adaad,adaaa,ddaaa,ddaad,ddadd,ddada,dddda,ddddd,dddad,dddaa,dadaa,dadad,daddd,dadda,daada,daadd,daaad,daaaa
20.33778076038014,56.87461495164306,181.7720301313581,2.4671839175402077,34.81884087442007,5.933041930328747,5.434070149005722,1.4386061386075932,0.5833285104298722,0.28619011186919663,0.7376054015914401,1.839700879661349,0.9931507728834238,0.31514008703167523,0.29346138650414755,0.013045080294639846,0.15961920743523797,0.0027264967929660484,0.013128512674328064,0.03348586639561471,0.267704835196839,0.22157885389525842,0.128722100512556,0.313618851584526,0.04595635364118407,0.004999642950424837,0.15006250861972345,0.24961935959007908,0.041652963850615475,0.02548722965105406,0.07369204488621961,0.012412484436402447
