aaaaa,aaaad,aaadd,aaada,aadda,aaddd,aadad,aadaa,addaa,addad,adddd,addda,adada,adadd,adaad,adaaa,ddaaa,ddaad,ddadd,ddada,dddda,ddddd,dddad,dddaa,dadaa,dadad,daddd,dadda,daada,daadd,daaad,daaaa
13.774649325140356,55.15097973048453,162.9475559160007,2.099373260673879,30.193507271088887,5.419848576409435,5.58548197299231,1.0543619920095473,0.544617908523324,0.25690222342265084,0.6409666978599766,1.5686280714251912,0.8843762542719675,0.2844743118763754,0.29134310161622984,0.011005459703721668,0.1322869343739278,0.002162388042182655,0.013589983603015087,0.026729028433800293,0.24164654491108858,0.20435170164997662,0.1174123919374163,0.27247149650269226,0.033768850157131054,0.0029271216321604854,0.14065458302723696,0.21351125840097102,0.03684679621655935,0.022424301997335496,0.06848287518760121,0.011783268576619843
