aaaaa,aaaad,aaadd,aaada,aadda,aaddd,aadad,aadaa,addaa,addad,adddd,addda,adada,adadd,adaad,adaaa,ddaaa,ddaad,ddadd,ddada,dddda,ddddd,dddad,dddaa,dadaa,dadad,daddd,dadda,daada,daadd,daaad,daaaa
16.035791209995317,52.74841628311303,166.29005831346024,2.6048708211439036,33.23156892393536,4.950215172716734,4.76507865456923,1.3507719660731736,0.5004132946180194,0.26450946226933525,0.6570228069932259,1.826839104841868,0.8948107924223782,0.276242772043458,0.2646078232557454,0.011232298740314884,0.14282905014398975,0.0022665759154770156,0.012235056467203378,0.03155281823331495,0.24016236944167205,0.19944345363674149,0.12130333394366434,0.28299222061398993,0.04571445471223225,0.0045551829615401605,0.12692188053210177,0.24074906494465353,0.03598050516959379,0.022796324535367146,0.06533312409422742,0.011065097238939434
