aaaaa,aaaad,aaadd,aaada,aadda,aaddd,aadad,aadaa,addaa,addad,adddd,addda,adada,adadd,adaad,adaaa,ddaaa,ddaad,ddadd,ddada,dddda,ddddd,dddad,dddaa,dadaa,dadad,daddd,dadda,daada,daadd,daaad,daaaa
17.95914174876958,51.808312507511836,156.64285920854053,1.661235464932584,32.10932125014838,5.902792171168774,5.654297453189718,1.1118938338982685,0.6752571149906369,0.34199482656989655,0.7859074179698371,1.3844277572581254,1.0921132772792366,0.2649478669794289,0.2822085138453816,0.011543221512693451,0.13889503812238835,0.002236862858508356,0.012426556886184497,0.0283241472480634,0.2411373464133183,0.1923193897328613,0.12363142519376569,0.2979545759009501,0.029164673833316678,0.004207339938991901,0.15591021213785358,0.21052597426503072,0.04517048312118266,0.02089359248577351,0.06755277929542226,0.011769388520949357
