aaaaa,aaaad,aaadd,aaada,aadda,aaddd,aadad,aadaa,addaa,addad,adddd,addda,adada,adadd,adaad,adaaa,ddaaa,ddaad,ddadd,ddada,dddda,ddddd,dddad,dddaa,dadaa,dadad,daddd,dadda,daada,daadd,daaad,daaaa
14.454555459880376,50.552947191950544,150.9933694104378,1.7642603916009734,29.984799386356574,5.30011713784193,5.204678105387902,1.0697806931866198,0.5872053186250424,0.30926303995554505,0.6876281681265678,1.40465874072928,0.9444037790228386,0.2519046013663056,0.2671701993373175,0.01078648039719013,0.1288507901123126,0.002150369288824022,0.012299773965302824,0.02686545406795841,0.225068333725617,0.182410415493063,0.11931086580038783,0.27695492483403517,0.030648763625915426,0.0035574692501934148,0.13867590544497957,0.20338155852645762,0.03867151594873298,0.020100058655834665,0.0637581164753799,0.010982787837514557
