aaaaa,aaaad,aaadd,aaada,aadda,aaddd,aadad,aadaa,addaa,addad,adddd,addda,adada,adadd,adaad,adaaa,ddaaa,ddaad,ddadd,ddada,dddda,ddddd,dddad,dddaa,dadaa,dadad,daddd,dadda,daada,daadd,daaad,daaaa
19.760756071840092,50.27041953479576,158.04148849555574,1.7377213439892294,29.25724430778645,5.964775485244409,5.3679514326612185,1.1377365461642925,0.6061947594347952,0.2741940192273901,0.7122379364191982,1.3865068290346485,0.9446632313481667,0.2861407990815264,0.27087836579308716,0.01192044623080343,0.14106934848915384,0.002580059400838846,0.011905219595223475,0.027571856532500817,0.24137891813782286,0.19686062146690422,0.11286556519018592,0.28627504730353237,0.03166455887931435,0.004016039896239689,0.1506179726446711,0.20080976508139106,0.04064531027305493,0.022207505180342715,0.06692872763329447,0.011531425148385765
