aaaaa,aaaad,aaadd,aaada,aadda,aaddd,aadad,aadaa,addaa,addad,adddd,addda,adada,adadd,adaad,adaaa,ddaaa,ddaad,ddadd,ddada,dddda,ddddd,dddad,dddaa,dadaa,dadad,daddd,dadda,daada,daadd,daaad,daaaa
17.971064689889467,68.43150668750732,184.4718165960807,2.439604720871223,39.00883215622647,10.1841037226719,9.781646106057323,1.312176159456916,1.5730477881204963,0.9886795287433287,1.5258010276586453,1.0460486070929786,1.7974592269660223,0.32307994031140636,0.3957614915779654,0.01766127672373268,0.17459574646902354,0.002916535859482921,0.020749913705857815,0.030014400264577933,0.28336940050131015,0.19856058646411007,0.2119393350371331,0.48416695333473925,0.016781221213990456,0.026824451291581772,0.25854643584066855,0.2089868145536874,0.07444043838817045,0.021837372721877375,0.08745460395370527,0.016096916447512138
