aaaaa,aaaad,aaadd,aaada,aadda,aaddd,aadad,aadaa,addaa,addad,adddd,addda,adada,adadd,adaad,adaaa,ddaaa,ddaad,ddadd,ddada,dddda,ddddd,dddad,dddaa,dadaa,dadad,daddd,dadda,daada,daadd,daaad,daaaa
12.681355400125435,59.859982468191866,166.2056749215531,1.877022666821748,38.42083173468325,6.696623728320763,6.362837104803635,1.2974012506574162,0.9008640962008433,0.672589290865037,1.0217942529979598,1.4172301680790833,1.3681865398282136,0.2387033712050085,0.31269306040421285,0.013396519849506839,0.14566099195601526,0.0024776505413772166,0.015932624386915603,0.03150542970586847,0.2421421556334793,0.17945791248861118,0.17420259131481403,0.3671745724141513,0.03041178475208382,0.009982239368142728,0.17380777189550536,0.23590625118254313,0.05298043012418142,0.019197943760172042,0.0707057270445429,0.012673629832039696
