aaaaa,aaaad,aaadd,aaada,aadda,aaddd,aadad,aadaa,addaa,addad,adddd,addda,adada,adadd,adaad,adaaa,ddaaa,ddaad,ddadd,ddada,dddda,ddddd,dddad,dddaa,dadaa,dadad,daddd,dadda,daada,daadd,daaad,daaaa
22.487552358293787,52.68896684255231,168.7543434735378,1.8598891273300373,31.057560449031328,6.3435830282799115,5.581555716639705,1.2439215467165035,0.6230683946299699,0.27622335598793846,0.7441480655991777,1.5005864480325926,0.9889923335069425,0.31054150634978955,0.28498963778756314,0.0130272579181471,0.15195012643143813,0.002862163436288547,0.012291561558390743,0.029529756738246718,0.2587100347064617,0.211534839822316,0.11740349428145447,0.3011191322229597,0.03533866831768847,0.00448206238590709,0.15898035087833715,0.21529078505848573,0.043181313472068196,0.024183167909033996,0.07152681292277052,0.012158351281273018
