aaaaa,aaaad,aaadd,aaada,aadda,aaddd,aadad,aadaa,addaa,addad,adddd,addda,adada,adadd,adaad,adaaa,ddaaa,ddaad,ddadd,ddada,dddda,ddddd,dddad,dddaa,dadaa,dadad,daddd,dadda,daada,daadd,daaad,daaaa
14.534041002448943,63.29769776844794,173.4252584017709,1.9880491588926301,40.3524962872435,8.666132038624104,7.665251262996774,1.4189709780675293,1.2652808704487457,0.9886750178010011,1.313537774631534,1.2056352365939298,1.6432223247173752,0.25943488766110717,0.33959266524919707,0.015285031677796818,0.1650751136369529,0.0023526697478569577,0.018901037330879493,0.030507112145478313,0.25388201286172307,0.17612035888474623,0.20986681727482528,0.4449381245135551,0.024003684377375725,0.02130687939476811,0.2146058922613972,0.2272486394641244,0.06436521870124069,0.019342093027249103,0.07684825509406643,0.014062333758314663
