aaaaa,aaaad,aaadd,aaada,aadda,aaddd,aadad,aadaa,addaa,addad,adddd,addda,adada,adadd,adaad,adaaa,ddaaa,ddaad,ddadd,ddada,dddda,ddddd,dddad,dddaa,dadaa,dadad,daddd,dadda,daada,daadd,daaad,daaaa
20.065029493151112,53.31807762575375,169.57705095430686,2.075526252646026,32.50769071647641,5.885491672908667,5.314719214455297,1.3104568491255397,0.5936741382050155,0.28979972570786966,0.7304735059695252,1.625195651446862,0.9803487307494837,0.29616771438361494,0.2797983271816821,0.012497538071148276,0.15089297134844684,0.0026681113561836545,0.012402786619426098,0.031016739678221668,0.2534068938490353,0.20697153712034416,0.12245234194100797,0.3017432035033382,0.03940610770004628,0.0045329851163527415,0.14895208739734467,0.22786642617283065,0.0412712242042736,0.023622121705510604,0.06977369927952083,0.011883414076107032
