aaaaa,aaaad,aaadd,aaada,aadda,aaddd,aadad,aadaa,addaa,addad,adddd,addda,adada,adadd,adaad,adaaa,ddaaa,ddaad,ddadd,ddada,dddda,ddddd,dddad,dddaa,dadaa,dadad,daddd,dadda,daada,daadd,daaad,daaaa
20.433478193275423,55.988937063650255,176.94054387613713,2.180673425322842,37.2407651798676,6.415762291320609,5.375112820841401,1.5751654056902005,0.7147639885553666,0.46411988488384137,0.910711350939693,1.6755630400328472,1.1704827156959348,0.27826585393690645,0.28292787676803144,0.013645621254765131,0.16452063327131747,0.002875114719539473,0.01346404231668495,0.03472009015637241,0.2587728168107617,0.19932220638943354,0.14978987455307344,0.3510238539519647,0.044393610128083176,0.006922711540926266,0.16124356799385575,0.2510246145948556,0.04717248885227068,0.022906801959068242,0.07057954016169057,0.012362274042607285
