aaaaa,aaaad,aaadd,aaada,aadda,aaddd,aadad,aadaa,addaa,addad,adddd,addda,adada,adadd,adaad,adaaa,ddaaa,ddaad,ddadd,ddada,dddda,ddddd,dddad,dddaa,dadaa,dadad,daddd,dadda,daada,daadd,daaad,daaaa
17.480225250745573,61.000997982657665,177.09062473096245,1.9135493149536713,37.291697420011,7.302330239537793,6.780456774965947,1.3203250274586205,0.9132254037144694,0.5691116924190479,1.020331395938556,1.431383331587905,1.3410089814757138,0.28331961424685287,0.32764494144174616,0.014218730618869595,0.15860801220527387,0.0027028807137461316,0.01595201576297565,0.03141355484111577,0.2660930399400168,0.20233700879341596,0.16393490577533698,0.37380561116771677,0.030593368398025657,0.00854315672696969,0.18867212651229612,0.2333523878642669,0.05498118765053521,0.02203566395282739,0.07663089660154493,0.013584403470727171
