aaa,aad,add,ada,dda,ddd,dad,daa
277.479224395736,45.06918301543552,2.4520961954747644,0.9158218526155308,0.09079459101522394,0.07578988532804064,0.018834487017600193,0.04244967465950043
