aaa,aad,add,ada,dda,ddd,dad,daa
297.74125241654895,38.26697939096241,2.3929666371998444,0.908236781663424,0.09325528968538027,0.07561050079329776,0.01758245517448228,0.043413302380756656
