aaa,aad,add,ada,dda,ddd,dad,daa
309.71906085035886,51.880633856717445,2.742451894392251,1.0003163431498097,0.0979335133513409,0.08482870381235959,0.019831555633900842,0.04670037307016378
