aaa,aad,add,ada,dda,ddd,dad,daa
250.6484209153733,38.82606106651228,2.1804625498965327,0.817758197219984,0.08171813833848982,0.06816155622015181,0.01686824120272228,0.038311950265925244
