aaa,aad,add,ada,dda,ddd,dad,daa
301.549235188111,45.90187914183425,2.5721293332929185,0.9759617069013526,0.09579979599404159,0.08143031118974697,0.019996159982026893,0.045443779032365614
