aaa,aad,add,ada,dda,ddd,dad,daa
266.08797743076735,31.85700104836326,2.084356707614542,0.8148298618309002,0.08519061021451571,0.06867139612213106,0.015673795804103458,0.03819895468107417
