aaa,aad,add,ada,dda,ddd,dad,daa
297.5904772889675,59.44006634077728,3.153873181960778,1.060530168167505,0.09915736576030305,0.08812683837978787,0.020018193114220605,0.045348076983792784
