aaa,aad,add,ada,dda,ddd,dad,daa
325.47474839487967,47.91484697778199,2.851077174526881,1.0631092413669725,0.10785665468705781,0.08602844788797195,0.022929813882421417,0.050666206020180564
