aaa,aad,add,ada,dda,ddd,dad,daa
265.0387685724247,38.20231403808958,2.2710478173692517,0.8488578044294357,0.08689869077165936,0.06917701300783208,0.017821939974153624,0.04073498355326649
