aaa,aad,add,ada,dda,ddd,dad,daa
297.0203134136455,63.631673539237525,3.0925666181865785,1.0277322058100755,0.09554470514890043,0.09247835199655398,0.02165641373704691,0.04463839019651308
