aaa,aad,add,ada,dda,ddd,dad,daa
277.8846513868403,31.393402531116823,2.1951145573171686,0.8801895666905575,0.09229872887362993,0.07115921086760132,0.019174208828351847,0.04228712476400196
