aaa,aad,add,ada,dda,ddd,dad,daa
283.69376654435075,36.151800363201566,2.356687695964897,0.903271198750034,0.09362100089204459,0.07269984943486174,0.019381824031771338,0.04354356523662434
