aaa,aad,add,ada,dda,ddd,dad,daa
272.2868404003695,46.43096439644925,2.4684140365254,0.9074635026490669,0.09178920387418216,0.07695274877834399,0.016759719572595422,0.04099123838591507
