aaa,aad,add,ada,dda,ddd,dad,daa
305.5479020785784,48.375473286798375,2.6723547769446983,1.0260311661325126,0.10326945608886114,0.08362480051799603,0.020502887019480137,0.04889396540565584
