aaa,aad,add,ada,dda,ddd,dad,daa
302.2195704728751,25.126349303928144,2.314593762942485,0.9081903755297458,0.10003843205536296,0.07508188838250011,0.019803516049939976,0.04350641737316645
