aaa,aad,add,ada,dda,ddd,dad,daa
279.3528108756378,45.54987479103759,2.4231826991766257,0.9109667561616277,0.08982389248437642,0.07689458858737211,0.01809414677808645,0.04190179138485117
