aaa,aad,add,ada,dda,ddd,dad,daa
294.70301477160467,42.17646684241152,2.5505837441017314,0.9760650729582432,0.09864088903884796,0.07890237693078632,0.0209038907983308,0.045632554107514704
