aaa,aad,add,ada,dda,ddd,dad,daa
261.1954158679893,46.04922505718672,2.4524557480374938,0.8862724761170803,0.08733531375455114,0.07361585224031827,0.017054181728825318,0.040697672588828726
