aaa,aad,add,ada,dda,ddd,dad,daa
304.0985552943377,56.68051220650391,2.9465540193374076,1.0295538942308604,0.10320753489625273,0.09019540152173712,0.020062136845519846,0.046248995650207896
