aaa,aad,add,ada,dda,ddd,dad,daa
251.58228308546265,37.13634777014051,2.126047790615305,0.8068035586797366,0.08303806946124012,0.06696995248600154,0.016185811257358327,0.037820321922534345
