aaa,aad,add,ada,dda,ddd,dad,daa
260.18899984509574,37.78806150472403,2.2090878545259525,0.875127317194651,0.0902294698170326,0.07175995891128475,0.018590563643598443,0.04006179712831284
