aaa,aad,add,ada,dda,ddd,dad,daa
274.2073607184643,30.896952365562417,2.1593786147465526,0.8718484925674608,0.09276450085009608,0.07102215743607894,0.01801267938533906,0.04066192680858973
