aaa,aad,add,ada,dda,ddd,dad,daa
286.1538611012676,54.41185805530069,2.5996761395908212,0.9314389794980096,0.08825793867707296,0.07737260949076517,0.016831341248918906,0.04507915421755599
