aaa,aad,add,ada,dda,ddd,dad,daa
286.0898068804315,44.883279302541716,2.6025209585222626,0.9413321611742534,0.09504663329755621,0.07714212558144921,0.020304654213715335,0.04505311591955532
