aaaaaa,aaaaad,aaaadd,aaaada,aaadda,aaaddd,aaadad,aaadaa,aaddaa,aaddad,aadddd,aaddda,aadada,aadadd,aadaad,aadaaa,addaaa,addaad,addadd,addada,adddda,addddd,adddad,adddaa,adadaa,adadad,adaddd,adadda,adaada,adaadd,adaaad,adaaaa,ddaaaa,ddaaad,ddaadd,ddaada,ddadda,ddaddd,ddadad,ddadaa,ddddaa,ddddad,dddddd,ddddda,dddada,dddadd,dddaad,dddaaa,dadaaa,dadaad,dadadd,dadada,daddda,dadddd,daddad,daddaa,daadaa,daadad,daaddd,daadda,daaada,daaadd,daaaad,daaaaa
0.29868814284073036,81.06053943249373,0.16347535454274603,83.54015970884856,25.656004628686173,8.195808611248934,25.404110757690223,8.371144428374,15.59074892900538,18.12433592594947,16.914652593448416,19.596428323620795,4.52995459253729,1.0351731866977745,4.145867668413556,0.8462518744873362,0.046837965344579124,1.1403920191562824,0.09295013560130844,1.3447424992541392,0.03353900921010408,2.3005161475168774,0.07873187752952494,2.005073588656412,1.695791150932985,3.3969686769140517,1.98551070548761,3.81599653512738,0.43590134098050626,0.06227829429342768,0.3459120175458417,0.030260978017293508,0.38645721585842885,0.003275641741381576,0.34480561942515764,0.0004678796328992368,0.5416908631788274,0.0025544579070250115,0.5970050354655586,0.00016206200964674218,0.1504756046798625,0.20768417463555525,0.1305062374835854,0.1832455829236781,0.015042677344052726,0.14208386341746423,0.02265714317353383,0.16468253088980558,0.016095234069184203,0.43039885453914833,0.031845069466601914,0.5032341786425196,0.002214099722477856,0.775897062953747,0.010360577939803372,0.6795669924927288,0.70710860321587,0.5673288463994803,0.8144409811512355,0.6670058923349756,0.321889840960494,0.00045614813838723345,0.2739760353118117,0.0006011828464437913
