aaaaaa,aaaaad,aaaadd,aaaada,aaadda,aaaddd,aaadad,aaadaa,aaddaa,aaddad,aadddd,aaddda,aadada,aadadd,aadaad,aadaaa,addaaa,addaad,addadd,addada,adddda,addddd,adddad,adddaa,adadaa,adadad,adaddd,adadda,adaada,adaadd,adaaad,adaaaa,ddaaaa,ddaaad,ddaadd,ddaada,ddadda,ddaddd,ddadad,ddadaa,ddddaa,ddddad,dddddd,ddddda,dddada,dddadd,dddaad,dddaaa,dadaaa,dadaad,dadadd,dadada,daddda,dadddd,daddad,daddaa,daadaa,daadad,daaddd,daadda,daaada,daaadd,daaaad,daaaaa
0.30224000336428547,65.89967156059127,0.5126551575138449,63.147147059292216,24.41299301979074,5.069331828837141,22.082082529954253,6.242068678857131,11.547675631107053,13.188103328383466,13.009691184587133,14.784982789654192,4.405656959640118,1.0879231008870185,3.6270401971169473,0.7117883016821257,0.03807085199610606,0.8351539451506783,0.08483575997324963,1.0262518325596333,0.027329606542945417,1.745008971996204,0.06665743434012744,1.5008667201918737,1.2256932196156178,2.4090969054154323,1.5290242784509671,2.8385281281276176,0.48054981468095465,0.07619763516769745,0.3246076111640448,0.02229894896656007,0.30595277867566406,0.003303024509075804,0.27204456622779616,0.0006181489497562156,0.4323854851408819,0.001456889192218686,0.4729809952406495,4.8095056912861826e-05,0.10643540211778058,0.15887941290025845,0.09246184204663618,0.14100796931310317,0.012352918063066865,0.1231605049447972,0.01821981894592366,0.14114820806441777,0.011345952564080313,0.3197346905091804,0.025037989974363368,0.382896898573945,0.0017608785112550997,0.6045100898052099,0.008398150972677083,0.5273731493641344,0.5310030486929164,0.4036628420442247,0.6319972302128968,0.49477455884662214,0.3043855426144521,0.0018643096130375823,0.23811643589453388,0.0004996944613368915
