aaaaaa,aaaaad,aaaadd,aaaada,aaadda,aaaddd,aaadad,aaadaa,aaddaa,aaddad,aadddd,aaddda,aadada,aadadd,aadaad,aadaaa,addaaa,addaad,addadd,addada,adddda,addddd,adddad,adddaa,adadaa,adadad,adaddd,adadda,adaada,adaadd,adaaad,adaaaa,ddaaaa,ddaaad,ddaadd,ddaada,ddadda,ddaddd,ddadad,ddadaa,ddddaa,ddddad,dddddd,ddddda,dddada,dddadd,dddaad,dddaaa,dadaaa,dadaad,dadadd,dadada,daddda,dadddd,daddad,daddaa,daadaa,daadad,daaddd,daadda,daaada,daaadd,daaaad,daaaaa
0.20334475876758024,48.012757794230154,0.4701984128199787,44.74771691654045,14.54319244181565,4.820136366931644,12.91379520476273,5.858508190153744,7.087808600037384,9.731892612678951,7.872466931401309,10.678842457256893,2.6503162311257706,0.798898644036268,2.1665498670230607,0.5372871386705933,0.015170277058997905,0.6488886152756921,0.034346647892843994,0.7580560704209081,0.014189493216957384,1.5860327927248277,0.0310140857659601,1.4386138739033316,0.7086960375204104,1.851880554737256,0.8646109423522081,2.108358225635423,0.25951756409455734,0.05861955455684438,0.1714646821164245,0.020618736939808376,0.19923998712127652,0.0020821754550096497,0.1803030507334847,0.0005218352015247456,0.2799597048638092,0.0019541875108900725,0.3015408846006631,0.0005357301336607416,0.06948816859862268,0.1191574950171473,0.061133386211022746,0.10753794804283058,0.010010958255496761,0.10430275565652614,0.013818802015943323,0.11653057725400909,0.006125256551752483,0.23358049560159158,0.013721046037348299,0.274314013380889,0.00037146214813786816,0.5019357571713143,0.0030809378178356544,0.4497928125846337,0.3391653917258135,0.30537201743830045,0.39980698474383214,0.3651249680335071,0.18276865336580023,0.0004935426997895805,0.13973406638235172,0.001103276612161282
