aaaaaa,aaaaad,aaaadd,aaaada,aaadda,aaaddd,aaadad,aaadaa,aaddaa,aaddad,aadddd,aaddda,aadada,aadadd,aadaad,aadaaa,addaaa,addaad,addadd,addada,adddda,addddd,adddad,adddaa,adadaa,adadad,adaddd,adadda,adaada,adaadd,adaaad,adaaaa,ddaaaa,ddaaad,ddaadd,ddaada,ddadda,ddaddd,ddadad,ddadaa,ddddaa,ddddad,dddddd,ddddda,dddada,dddadd,dddaad,dddaaa,dadaaa,dadaad,dadadd,dadada,daddda,dadddd,daddad,daddaa,daadaa,daadad,daaddd,daadda,daaada,daaadd,daaaad,daaaaa
0.1978808308345202,46.41524931605117,0.39205987705585327,43.9216332597455,18.0628472797902,3.1835694039722964,16.11801282989552,4.095727378329213,8.181694221386262,9.12443308724966,9.283555647811601,10.311955497836845,3.1844358516420774,0.765846483675296,2.571027982259519,0.4761577688434511,0.02838317119789212,0.5694647097768228,0.06428244310763359,0.7092949717586934,0.019753024270596893,1.1732572686627443,0.048651253813104416,1.0012893022622282,0.872475962060673,1.6497125505070127,1.0975132588681102,1.9618151761625986,0.35641158138718176,0.053587693293208234,0.23475094108757513,0.013531070700641213,0.21325925278681343,0.0021736296827003314,0.18565955236289552,0.00021991894477645086,0.3085787164729933,0.000690736155139867,0.3415896989235826,1.2618452781955455e-05,0.07851636352847026,0.11587719173191745,0.06587459804320928,0.09992012961451652,0.006900332436715061,0.08001257283322609,0.01171500621503904,0.09535205053387011,0.011111235965589997,0.23535929577669418,0.022742093743050973,0.28288782171846977,0.0028181408279819888,0.3922490803234,0.00919777471565207,0.3388875556609106,0.3864144509010438,0.2872008764920656,0.46456330948939767,0.35682066853818023,0.21189266047219088,0.0008838650670264523,0.16068981091722712,0.0009737080555020019
