aaaaaa,aaaaad,aaaadd,aaaada,aaadda,aaaddd,aaadad,aaadaa,aaddaa,aaddad,aadddd,aaddda,aadada,aadadd,aadaad,aadaaa,addaaa,addaad,addadd,addada,adddda,addddd,adddad,adddaa,adadaa,adadad,adaddd,adadda,adaada,adaadd,adaaad,adaaaa,ddaaaa,ddaaad,ddaadd,ddaada,ddadda,ddaddd,ddadad,ddadaa,ddddaa,ddddad,dddddd,ddddda,dddada,dddadd,dddaad,dddaaa,dadaaa,dadaad,dadadd,dadada,daddda,dadddd,daddad,daddaa,daadaa,daadad,daaddd,daadda,daaada,daaadd,daaaad,daaaaa
0.28255121631561625,64.78893430611465,0.5971578507493859,60.8827138440484,23.17217505722404,5.189969879312501,20.621111220004998,6.53345586490389,10.825379082942824,12.844347235567689,12.20729178758259,14.383638993980716,4.220517321214573,1.0995815827517548,3.4167746794888236,0.7017332905002734,0.03188659488968425,0.8198717361774764,0.07281328751515462,0.9996569467387734,0.024752302360935008,1.7961343303043693,0.05889806081853887,1.5668762784329402,1.130936688657763,2.364044286612417,1.407840844661881,2.7686414632853396,0.4569105961985626,0.08018728521018365,0.30277496919009333,0.023766496175308478,0.28754550681179675,0.0027070837364208664,0.256435080223696,0.00044562099766532235,0.4177539836940325,0.001381375733036428,0.4550266337752992,6.190104920335628e-05,0.10108812668944853,0.15576764731381965,0.08781823021564367,0.13848398009932114,0.012571383651234752,0.12603955873680725,0.018222215773116623,0.1435088153462746,0.01162205210586188,0.31872901656525887,0.025005166945172474,0.38011931234780294,0.0018762826911639175,0.600199931685515,0.008207600236554384,0.5267759702223144,0.5088736570462605,0.4006037435014607,0.6047684708481995,0.4886833328182339,0.28490627716002137,0.0013303292989251916,0.21904243226133108,0.0009665436441631771
