aaaaaa,aaaaad,aaaadd,aaaada,aaadda,aaaddd,aaadad,aaadaa,aaddaa,aaddad,aadddd,aaddda,aadada,aadadd,aadaad,aadaaa,addaaa,addaad,addadd,addada,adddda,addddd,adddad,adddaa,adadaa,adadad,adaddd,adadda,adaada,adaadd,adaaad,adaaaa,ddaaaa,ddaaad,ddaadd,ddaada,ddadda,ddaddd,ddadad,ddadaa,ddddaa,ddddad,dddddd,ddddda,dddada,dddadd,dddaad,dddaaa,dadaaa,dadaad,dadadd,dadada,daddda,dadddd,daddad,daddaa,daadaa,daadad,daaddd,daadda,daaada,daaadd,daaaad,daaaaa
0.3727834401222076,79.23007907157361,0.4035936087511712,78.70063537192091,33.93125087971508,4.699804471059243,31.17787996035467,5.828877574926636,15.669388872925849,15.78970496172514,17.914903421582036,18.08474086716134,5.9721137515921345,1.2686053393112209,4.963236022592845,0.8199650237645388,0.07638707157489046,0.9845660545384943,0.1536825345253643,1.2341126088598307,0.04473575831786749,1.707532344819157,0.10622387659263281,1.4144399269423413,1.7522804335299562,2.810078749791661,2.206024605227616,3.3895933676514987,0.677119761832234,0.07729601599783976,0.4739994627510213,0.019716287829658594,0.40247593390964637,0.005084706032685998,0.3564681722977618,0.0010819330732355864,0.56084622396587,0.0007591387966077015,0.61488865091987,7.665207867207317e-05,0.13377684201335127,0.18513256035948222,0.11653992195058749,0.16400851345182083,0.014211158618610838,0.1325851343902749,0.02147486956771491,0.1539541222810816,0.020302807056751873,0.3984944960070545,0.041259430835139964,0.4809605961858411,0.0056748920224797385,0.6271914796098733,0.01784450382197555,0.5359548517443211,0.7143524057635168,0.4831042215120851,0.8674066290810812,0.6130522859387694,0.40878990810241345,0.0031066922539879707,0.31973144929554337,0.00040155713475372595
