aaaaaa,aaaaad,aaaadd,aaaada,aaadda,aaaddd,aaadad,aaadaa,aaddaa,aaddad,aadddd,aaddda,aadada,aadadd,aadaad,aadaaa,addaaa,addaad,addadd,addada,adddda,addddd,adddad,adddaa,adadaa,adadad,adaddd,adadda,adaada,adaadd,adaaad,adaaaa,ddaaaa,ddaaad,ddaadd,ddaada,ddadda,ddaddd,ddadad,ddadaa,ddddaa,ddddad,dddddd,ddddda,dddada,dddadd,dddaad,dddaaa,dadaaa,dadaad,dadadd,dadada,daddda,dadddd,daddad,daddaa,daadaa,daadad,daaddd,daadda,daaada,daaadd,daaaad,daaaaa
0.183791326906742,38.33399125168495,0.6507107166765826,33.75059537701454,15.967673870593346,2.2319189390162815,13.434004449528866,3.343910495447523,6.193925958813575,6.967963715442075,7.1182198374439265,7.967703455496164,2.865531879045219,0.7349764810286872,2.19651282998362,0.4131924829643536,0.02426318769329973,0.4495782004037022,0.050089041354093505,0.5489211334446376,0.017772942254457063,0.9341814767783694,0.03618212918735713,0.823162382168153,0.6558331042359572,1.258126299012659,0.8362752103402085,1.5100026501500983,0.33267620768535755,0.05307215708495254,0.2061357380794546,0.011046233680083258,0.17103887149081196,0.0021171650773717868,0.15554458355172168,0.0006767795432962876,0.24517011944198502,0.0005881261063641035,0.26207676595152346,4.413006694433068e-05,0.054559417036892356,0.08763465447611275,0.05015248906457772,0.08161774703011347,0.007021703311963593,0.0744935920778684,0.008951952148522263,0.08092064778189832,0.008009696356061849,0.18177141575814354,0.0134963766763942,0.20636978590197863,0.002004345135572342,0.321198030194723,0.004495437765534856,0.29507641823597874,0.297011269424023,0.21658910070851106,0.35269131545287247,0.2659039249199891,0.1873606690103366,0.0013246685564280137,0.14133636007483544,0.00047897041909342923
