aaaaaa,aaaaad,aaaadd,aaaada,aaadda,aaaddd,aaadad,aaadaa,aaddaa,aaddad,aadddd,aaddda,aadada,aadadd,aadaad,aadaaa,addaaa,addaad,addadd,addada,adddda,addddd,adddad,adddaa,adadaa,adadad,adaddd,adadda,adaada,adaadd,adaaad,adaaaa,ddaaaa,ddaaad,ddaadd,ddaada,ddadda,ddaddd,ddadad,ddadaa,ddddaa,ddddad,dddddd,ddddda,dddada,dddadd,dddaad,dddaaa,dadaaa,dadaad,dadadd,dadada,daddda,dadddd,daddad,daddaa,daadaa,daadad,daaddd,daadda,daaada,daaadd,daaaad,daaaaa
0.2340262657716477,57.84914801742268,0.29701505901957365,56.84862589746352,19.38330402149581,5.254225585347158,18.093454329648402,5.983152901092044,10.26644220234873,12.1592828249315,11.326900451512683,13.344762016428769,3.483054669273968,0.8656094637223184,2.9960868114145742,0.6247213799117786,0.029330690572543148,0.7706189753024125,0.06200637921163703,0.9186498946766714,0.022443188455214345,1.643012256875865,0.051856189734468164,1.4424657046477143,1.0865125925584653,2.2567722033888713,1.3098223579186665,2.58385970721653,0.35827461548393874,0.05945682024576514,0.2586436820197547,0.022735031791722704,0.26821072671371365,0.0027230682927656654,0.23867955139482924,0.0004769348177590757,0.37375420249888136,0.0018341972646137956,0.40943998728430925,0.00017702145832929967,0.09732987235100078,0.14288887726284247,0.08390988131655762,0.12590596909961416,0.011220808256194136,0.10860140943439062,0.01675609250394682,0.12526863522923298,0.009683838093676091,0.2897241959666984,0.019109729097839676,0.335964997357219,0.0011982846212971686,0.5557828772571008,0.005430543318076099,0.49688285730273735,0.47247455519133486,0.3781225308246738,0.5456013423414967,0.44606017385471697,0.2424919939867397,0.0007828811631186825,0.19963593070582214,0.00037428999334011804
