aaaaaa,aaaaad,aaaadd,aaaada,aaadda,aaaddd,aaadad,aaadaa,aaddaa,aaddad,aadddd,aaddda,aadada,aadadd,aadaad,aadaaa,addaaa,addaad,addadd,addada,adddda,addddd,adddad,adddaa,adadaa,adadad,adaddd,adadda,adaada,adaadd,adaaad,adaaaa,ddaaaa,ddaaad,ddaadd,ddaada,ddadda,ddaddd,ddadad,ddadaa,ddddaa,ddddad,dddddd,ddddda,dddada,dddadd,dddaad,dddaaa,dadaaa,dadaad,dadadd,dadada,daddda,dadddd,daddad,daddaa,daadaa,daadad,daaddd,daadda,daaada,daaadd,daaaad,daaaaa
0.37110439532515116,109.80551175111518,0.02885826593237226,126.54217961077558,41.70779173240202,8.58938515930668,45.586806953122725,6.983338083279924,26.778889368046553,25.920623908552106,29.869803562981417,29.019311219940178,6.804401999238973,1.0584874901423162,6.699148069148191,1.0066926447580296,0.14520254689253626,1.546956036265056,0.28159852415091624,1.9505569535377958,0.06588723382059422,2.299441020068242,0.19581681030077597,1.761671610335456,3.1655453838835625,4.676844186531685,3.8305832398756263,5.4946754797696835,0.6769499618310373,0.03689786439443851,0.5990244234601271,0.019543665174169163,0.5649330420624911,0.0029938972266615534,0.4714993158740623,0.0001305312590889669,0.8872244886703771,1.2402547902270357e-06,1.025364430769734,0.005077717045555321,0.25761798072168846,0.30734666012141026,0.2016085422772481,0.24487216856530042,0.01252798435524607,0.13555774869053255,0.028557690457753224,0.18167548479507753,0.047899066326164266,0.6578944963300462,0.1053693744182032,0.8438232786106997,0.013867996618152453,0.8188937102402851,0.05718793116726328,0.6111982366335529,1.1908646882326739,0.8173392252965209,1.456603473988477,1.0436832321837786,0.4825135147887063,0.00028510784481158976,0.41600530298152044,0.001203649661968735
