aaaaaa,aaaaad,aaaadd,aaaada,aaadda,aaaddd,aaadad,aaadaa,aaddaa,aaddad,aadddd,aaddda,aadada,aadadd,aadaad,aadaaa,addaaa,addaad,addadd,addada,adddda,addddd,adddad,adddaa,adadaa,adadad,adaddd,adadda,adaada,adaadd,adaaad,adaaaa,ddaaaa,ddaaad,ddaadd,ddaada,ddadda,ddaddd,ddadad,ddadaa,ddddaa,ddddad,dddddd,ddddda,dddada,dddadd,dddaad,dddaaa,dadaaa,dadaad,dadadd,dadada,daddda,dadddd,daddad,daddaa,daadaa,daadad,daaddd,daadda,daaada,daaadd,daaaad,daaaaa
0.5071051053233293,79.366692956618,2.2488793656098682,65.87300886726098,44.956183361255555,2.011773413928548,35.87801027589083,4.573251477351604,13.883704059694235,12.621210861240383,16.710914889183936,15.360570126382669,8.05709014392901,1.8271343514257374,5.769176111430493,0.8286787062637758,0.08988439048102931,0.7986589747308911,0.18782632239298222,1.0614036820855461,0.053714859220613996,1.3274838918582896,0.11276741750598139,1.0923082991173525,1.539955519125609,2.1171738133009117,2.1000496570824114,2.77706689175487,1.0632327164247726,0.130395942255544,0.6077032285565113,0.011306167727466902,0.3806342016995391,0.005015154275621122,0.3328005056996435,0.0008824193871474311,0.5700627381388341,2.8734098151141513e-06,0.6210537641570902,0.0010498267529342033,0.11163690399577236,0.1715338226501972,0.09701017487076662,0.15257086672205067,0.01105893162927794,0.13193742181450946,0.01751211330437126,0.15312391389419142,0.022815405598987433,0.3591849537213042,0.04170668264154664,0.42783795707722505,0.010821181611110162,0.5146833713982709,0.02061656075939186,0.4573221795988754,0.6475828473681552,0.36764465870864577,0.8119619285643189,0.49625352424949465,0.5307673973239834,0.010525685471978607,0.3734591270742589,0.00027506210227187545
