aaaaaa,aaaaad,aaaadd,aaaada,aaadda,aaaddd,aaadad,aaadaa,aaddaa,aaddad,aadddd,aaddda,aadada,aadadd,aadaad,aadaaa,addaaa,addaad,addadd,addada,adddda,addddd,adddad,adddaa,adadaa,adadad,adaddd,adadda,adaada,adaadd,adaaad,adaaaa,ddaaaa,ddaaad,ddaadd,ddaada,ddadda,ddaddd,ddadad,ddadaa,ddddaa,ddddad,dddddd,ddddda,dddada,dddadd,dddaad,dddaaa,dadaaa,dadaad,dadadd,dadada,daddda,dadddd,daddad,daddaa,daadaa,daadad,daaddd,daadda,daaada,daaadd,daaaad,daaaaa
0.24039146757753374,50.155124899288495,0.8876603996666232,43.898572533752805,20.752748123588724,2.9500499684178747,17.403525827342865,4.434833778927142,8.01052586231665,9.095911951248786,9.185106992461318,10.372990433897556,3.730870779872178,0.9677414144796653,2.855802986775701,0.5442626166820855,0.03043258954352543,0.5861020870166683,0.06471036154070435,0.7194645806347039,0.02259529280608561,1.237454913424889,0.04696574591615552,1.0884840007035628,0.8472668078220352,1.6479512941349157,1.0745650231635389,1.9677524662933268,0.43135078227047324,0.06978643307522704,0.2675896741304639,0.014832793656283753,0.2231359213774513,0.0028839709661501794,0.2016487483110485,0.0008665264547376061,0.31740349316949024,0.0008541592062058073,0.3403164506731467,6.887470466774552e-05,0.07056978822520378,0.11450218090740104,0.06493097466173893,0.1067507841061107,0.009297365582412113,0.09867726767738912,0.01174431477955654,0.10686221779332168,0.010188083150617632,0.23654954187490085,0.01720329819233278,0.26836251088489027,0.0024569827014460257,0.4237771064151244,0.005571821470288925,0.3899461114906911,0.38440881912886504,0.2823780782040903,0.45470919408096977,0.3449146391753705,0.2442051104406122,0.0017493338266921469,0.18432402125328365,0.0006054006501081975
