aaaaaa,aaaaad,aaaadd,aaaada,aaadda,aaaddd,aaadad,aaadaa,aaddaa,aaddad,aadddd,aaddda,aadada,aadadd,aadaad,aadaaa,addaaa,addaad,addadd,addada,adddda,addddd,adddad,adddaa,adadaa,adadad,adaddd,adadda,adaada,adaadd,adaaad,adaaaa,ddaaaa,ddaaad,ddaadd,ddaada,ddadda,ddaddd,ddadad,ddadaa,ddddaa,ddddad,dddddd,ddddda,dddada,dddadd,dddaad,dddaaa,dadaaa,dadaad,dadadd,dadada,daddda,dadddd,daddad,daddaa,daadaa,daadad,daaddd,daadda,daaada,daaadd,daaaad,daaaaa
0.2810255253347785,60.941795870223636,0.8105403740285813,55.22153306700661,22.173047859536556,4.655284753914158,19.089570058400344,6.262492581514818,9.56670366876129,11.644760703575091,10.870986992936972,13.115532618183265,4.073068434786813,1.1160915997570953,3.2021459265819687,0.6768943259744057,0.030321365057281797,0.7658654636082893,0.0626907994269435,0.9110483158851709,0.024795981388512345,1.6892424533504575,0.05042182950617718,1.5117386315768204,0.9914792700132905,2.1542525710697444,1.235311490989247,2.5178466654859735,0.44451991380628936,0.0822299968821603,0.2885744385556281,0.02368696390019914,0.26312292906144547,0.0027507932900467983,0.23237248884883902,0.00041843500392970334,0.38070080563699393,0.0013746647523025502,0.41662404115725105,5.6766921813747416e-05,0.08984741634098244,0.14576513455136242,0.07776957771080428,0.1295819753915985,0.01163355053561754,0.12286548789849036,0.01701301853458765,0.13990606311185302,0.011177696789768848,0.2968532085435399,0.024093526546743592,0.35520888789854,0.0019511849654131844,0.5603125108297902,0.007911261429416203,0.492960947459195,0.45714677874259263,0.3635618257374654,0.5500168813759385,0.44927567885077424,0.27057787628410845,0.0014427413760062316,0.2001596241139022,0.0013402950661964806
