aaaaaa,aaaaad,aaaadd,aaaada,aaadda,aaaddd,aaadad,aaadaa,aaddaa,aaddad,aadddd,aaddda,aadada,aadadd,aadaad,aadaaa,addaaa,addaad,addadd,addada,adddda,addddd,adddad,adddaa,adadaa,adadad,adaddd,adadda,adaada,adaadd,adaaad,adaaaa,ddaaaa,ddaaad,ddaadd,ddaada,ddadda,ddaddd,ddadad,ddadaa,ddddaa,ddddad,dddddd,ddddda,dddada,dddadd,dddaad,dddaaa,dadaaa,dadaad,dadadd,dadada,daddda,dadddd,daddad,daddaa,daadaa,daadad,daaddd,daadda,daaada,daaadd,daaaad,daaaaa
0.2899238145926997,78.41409134031595,0.31405304139727463,77.92271790032858,23.27737256693015,8.424207489179032,22.182853400268733,9.138977458907238,13.497056859781676,17.05502458969691,14.66011532452152,18.407196427647776,4.208670826065192,1.1085369152978615,3.7257775733863285,0.8575216968967574,0.02952651655682702,1.0889716050413234,0.06186814795171624,1.2631923141026384,0.026440111982763213,2.461744930529097,0.05858248908881246,2.2084361288959027,1.4052882588174247,3.222191585164786,1.6501333250427814,3.6020155482425444,0.40492820736878543,0.07795446273253925,0.30614325304009427,0.037033826116201124,0.35122960478035004,0.0028153687817005675,0.3188992616267189,0.0005711170150148221,0.49207490343019655,0.003052644185979816,0.5318812030584354,0.0006865339739916695,0.12958376289548007,0.19596254085303724,0.11492335651124853,0.1769341596214825,0.017262324666530774,0.1551943869419311,0.023294452571887503,0.1732668899958447,0.012310655009591215,0.4054967343588757,0.022557423887857163,0.45951095927513164,0.0010674254228938774,0.7976722851794685,0.005312860648773498,0.7243001433511814,0.6293424739289727,0.5395193723222255,0.7146448217375408,0.6218912930348139,0.2912876553176209,0.00033192136636015613,0.24555330692406646,0.0007839291003330011
