aaaaaa,aaaaad,aaaadd,aaaada,aaadda,aaaddd,aaadad,aaadaa,aaddaa,aaddad,aadddd,aaddda,aadada,aadadd,aadaad,aadaaa,addaaa,addaad,addadd,addada,adddda,addddd,adddad,adddaa,adadaa,adadad,adaddd,adadda,adaada,adaadd,adaaad,adaaaa,ddaaaa,ddaaad,ddaadd,ddaada,ddadda,ddaddd,ddadad,ddadaa,ddddaa,ddddad,dddddd,ddddda,dddada,dddadd,dddaad,dddaaa,dadaaa,dadaad,dadadd,dadada,daddda,dadddd,daddad,daddaa,daadaa,daadad,daaddd,daadda,daaada,daaadd,daaaad,daaaaa
0.25548390022380857,56.50103949766454,0.5586656737171364,52.853360993569176,21.980037084591586,3.907843327825992,19.390636930040387,5.136234399408155,9.773896853966482,10.964615237310081,11.140342303191984,12.44085678968118,3.964031537575883,0.9797293017482135,3.163229132440118,0.5973600097904768,0.03390836493067104,0.6917564546383599,0.07702150463822473,0.8609723623016216,0.023903733268284155,1.4383710849948568,0.0583188306497959,1.2313339556295648,1.035705350037571,1.9825647649725229,1.3119161025559996,2.367622259006084,0.4471497715168569,0.0705725538431221,0.2902407806858565,0.017615954593892216,0.2533896438341224,0.00215602034949173,0.2259535979076463,0.00030371221062606854,0.3806927232963429,0.0005888753166359816,0.4135103878973093,7.570557905976657e-06,0.09201101658034908,0.13782887278515832,0.08081989340433922,0.12345705370722876,0.009297700761004203,0.10154976289435289,0.013695369023207024,0.11567830708375648,0.012099140816302572,0.2798166801181994,0.02498430848694811,0.33470164966338734,0.0027667155895988943,0.48759538154815246,0.009445597249954358,0.4253682179820021,0.45060561537447363,0.3338320534096596,0.5413541527383868,0.4146199606115993,0.2719115432983003,0.0020985160095101816,0.2077014557596077,0.0004640111572445071
