aaaaaa,aaaaad,aaaadd,aaaada,aaadda,aaaddd,aaadad,aaadaa,aaddaa,aaddad,aadddd,aaddda,aadada,aadadd,aadaad,aadaaa,addaaa,addaad,addadd,addada,adddda,addddd,adddad,adddaa,adadaa,adadad,adaddd,adadda,adaada,adaadd,adaaad,adaaaa,ddaaaa,ddaaad,ddaadd,ddaada,ddadda,ddaddd,ddadad,ddadaa,ddddaa,ddddad,dddddd,ddddda,dddada,dddadd,dddaad,dddaaa,dadaaa,dadaad,dadadd,dadada,daddda,dadddd,daddad,daddaa,daadaa,daadad,daaddd,daadda,daaada,daaadd,daaaad,daaaaa
0.2931787645477662,58.994177411292604,1.3032563417403111,50.0609816249489,23.611942810596997,3.646276954280544,19.470013220844045,5.576518904006927,8.734114912166485,10.485651350836005,10.00625474269406,11.90973058699049,4.304746975011916,1.1937185354374837,3.2498700980087016,0.6651179499776917,0.03158077126681764,0.6905062788807494,0.06598538098201072,0.8339736224713078,0.02456387764397211,1.541244914162414,0.049286531026767395,1.3761733006401153,0.9034456103803583,1.918187298136044,1.1471209296038587,2.2765793447198,0.49555453929704246,0.0887996398682134,0.3014392004997241,0.01953526659149607,0.25036601201398123,0.0032868337980700643,0.22913969985570096,0.0011952234552439762,0.35646112412432635,0.0012541812105870019,0.38126944915188654,0.00019350105604107242,0.07909138155338273,0.13647057614300429,0.07260482267645361,0.12723896671708923,0.011098978243130818,0.12266582529037758,0.013492522820163128,0.13102726948968257,0.011042117939710947,0.27429784786752176,0.019256778047961762,0.31256334513071793,0.002299378487823964,0.5153678842243407,0.0055729178634060525,0.4754645036362419,0.4221584339021161,0.32259131760406984,0.4998887556033133,0.3932204119827181,0.28214480165679656,0.002223037275946973,0.20930866278561364,0.0008039353242095405
