aaaaaa,aaaaad,aaaadd,aaaada,aaadda,aaaddd,aaadad,aaadaa,aaddaa,aaddad,aadddd,aaddda,aadada,aadadd,aadaad,aadaaa,addaaa,addaad,addadd,addada,adddda,addddd,adddad,adddaa,adadaa,adadad,adaddd,adadda,adaada,adaadd,adaaad,adaaaa,ddaaaa,ddaaad,ddaadd,ddaada,ddadda,ddaddd,ddadad,ddadaa,ddddaa,ddddad,dddddd,ddddda,dddada,dddadd,dddaad,dddaaa,dadaaa,dadaad,dadadd,dadada,daddda,dadddd,daddad,daddaa,daadaa,daadad,daaddd,daadda,daaada,daaadd,daaaad,daaaaa
0.16091225583606147,55.54701001568447,0.07827780359564221,57.29757394112616,14.847486548654771,6.81218628644981,15.041032619262173,6.7071192649316185,10.183466228366823,12.971324731927643,10.737775116082595,13.630001138354237,2.532503177630174,0.6189544027347111,2.4136468084871283,0.5540323526808695,0.023486068167499086,0.8369771192167587,0.04410206792145259,0.9496122969764451,0.01952509385271853,1.8054879806019228,0.041505617379538055,1.6302801903019946,1.0817987906986797,2.495953876106902,1.2121030144600045,2.7020276100382308,0.21176476443117825,0.03558837428865946,0.18010263093583176,0.022436744138898488,0.2424168155082914,0.0011148420759974841,0.22137232761331557,0.00011090931787138537,0.36289584597617436,0.0018586540729187693,0.391664412484525,0.0003492217582118119,0.10922674095163616,0.1532569255895526,0.09729758528835292,0.1384154998156053,0.008674045723877729,0.09598484691363805,0.012596421703417269,0.10875646695353296,0.011174359101454482,0.31044982717887976,0.01772483639250755,0.3435575507056983,0.0014274151252808723,0.5652316134435422,0.004756776234917558,0.517102291728229,0.4640741543907179,0.4113689892469323,0.5063868674596073,0.4535188583133244,0.18703921253007322,7.903179613562092e-06,0.17136424698967553,0.00030286529653597674
