aaaaaa,aaaaad,aaaadd,aaaada,aaadda,aaaddd,aaadad,aaadaa,aaddaa,aaddad,aadddd,aaddda,aadada,aadadd,aadaad,aadaaa,addaaa,addaad,addadd,addada,adddda,addddd,adddad,adddaa,adadaa,adadad,adaddd,adadda,adaada,adaadd,adaaad,adaaaa,ddaaaa,ddaaad,ddaadd,ddaada,ddadda,ddaddd,ddadad,ddadaa,ddddaa,ddddad,dddddd,ddddda,dddada,dddadd,dddaad,dddaaa,dadaaa,dadaad,dadadd,dadada,daddda,dadddd,daddad,daddaa,daadaa,daadad,daaddd,daadda,daaada,daaadd,daaaad,daaaaa
0.36451747887720864,79.34436582374842,0.3291139068583863,79.79082740511397,33.42272058108352,4.895524352148413,31.088500120509558,5.871741743465606,15.877644874503014,16.030077532682494,18.130392005061957,18.334633953369863,5.873489516070464,1.2338697551989524,4.935198984258115,0.8171541012037925,0.07632836319537868,0.9969738834840896,0.15339576525676968,1.247402457764118,0.043955934986235665,1.7287815005796163,0.1069220576968736,1.4268162688557473,1.7746611028706427,2.854432851574794,2.2353113721440314,3.4434515320377925,0.6614597086028682,0.07479257364246397,0.46765850119203567,0.019834192242548794,0.4052894754551437,0.0050574382986424676,0.3585373767524288,0.001038174183838639,0.5618760483333565,0.000862185515176034,0.6202058252976629,9.287945957985809e-05,0.13609177187334665,0.1864521756523037,0.11898126499792377,0.16558294200415927,0.014611443188010921,0.13272801518505,0.0212261712525451,0.15213547370014555,0.021322092402512434,0.40637186421025184,0.042913687735696975,0.49030363614198036,0.0058525538087208315,0.629549353578989,0.0190527212386187,0.5333415870122585,0.7256018705089536,0.49435675070785823,0.8761823081194983,0.6226638722786516,0.39966836135990763,0.0025112006190911424,0.31946663316806073,0.0003508938019922953
