aaaaaa,aaaaad,aaaadd,aaaada,aaadda,aaaddd,aaadad,aaadaa,aaddaa,aaddad,aadddd,aaddda,aadada,aadadd,aadaad,aadaaa,addaaa,addaad,addadd,addada,adddda,addddd,adddad,adddaa,adadaa,adadad,adaddd,adadda,adaada,adaadd,adaaad,adaaaa,ddaaaa,ddaaad,ddaadd,ddaada,ddadda,ddaddd,ddadad,ddadaa,ddddaa,ddddad,dddddd,ddddda,dddada,dddadd,dddaad,dddaaa,dadaaa,dadaad,dadadd,dadada,daddda,dadddd,daddad,daddaa,daadaa,daadad,daaddd,daadda,daaada,daaadd,daaaad,daaaaa
0.28103570595441973,63.56376603461584,0.5936297242158213,59.711215349196976,23.926264626281434,4.669556127846517,21.22331783836681,6.005045597021998,10.909143675108938,12.476333082462885,12.375218005702568,14.077022321497049,4.323329912825919,1.0842909450193483,3.4771927628248167,0.6755981242455172,0.03549060128571906,0.7886182548205063,0.080848957010391,0.9741199018188459,0.025783360641841238,1.6713932755638907,0.06266188651499087,1.4402136266851187,1.1499809257018243,2.2693220381368833,1.4456402100565506,2.6882823495613244,0.4803932750569263,0.07849675386290762,0.31549330008769744,0.021188630909426433,0.28334671730652294,0.002390149760372303,0.25268269695743006,0.0003318893003773576,0.4238020659848022,0.0008183005108835507,0.4602683070999706,1.7807745261623895e-08,0.10329105618487837,0.15546214181245838,0.09002701580391738,0.13841217259051036,0.01078496504580713,0.11615314682974444,0.016173648088565782,0.13325583009825012,0.01306524402709143,0.31583407680394454,0.02703321589059077,0.3766306124128152,0.002737893509613244,0.5614637821858655,0.009774440283605518,0.49164122499449675,0.5044322810922921,0.38205467899030443,0.6028835088538567,0.4707023348641686,0.2965351737188071,0.0019926212422756422,0.2278101699831733,0.0005941740033115369
