aaaaaa,aaaaad,aaaadd,aaaada,aaadda,aaaddd,aaadad,aaadaa,aaddaa,aaddad,aadddd,aaddda,aadada,aadadd,aadaad,aadaaa,addaaa,addaad,addadd,addada,adddda,addddd,adddad,adddaa,adadaa,adadad,adaddd,adadda,adaada,adaadd,adaaad,adaaaa,ddaaaa,ddaaad,ddaadd,ddaada,ddadda,ddaddd,ddadad,ddadaa,ddddaa,ddddad,dddddd,ddddda,dddada,dddadd,dddaad,dddaaa,dadaaa,dadaad,dadadd,dadada,daddda,dadddd,daddad,daddaa,daadaa,daadad,daaddd,daadda,daaada,daaadd,daaaad,daaaaa
0.23592474458758744,50.93073987971742,0.7414684713384723,45.652586628057854,20.802851611322616,3.103700224725337,17.723437757804465,4.483237144007686,8.378228838502842,9.439998023683046,9.635776475389003,10.800633507967179,3.712249667426578,0.9410768989390257,2.8648360179340746,0.5352647389379399,0.03088873034838866,0.601762147355321,0.06636686909329427,0.7400978482573478,0.02223058790577582,1.2644230929078235,0.048989500478655745,1.1015318624928578,0.8815999292018007,1.6985093867024947,1.1245952358020117,2.0382821404245623,0.43002512940319104,0.06895846696619344,0.2706576904555995,0.0154262927440021,0.22651455379193527,0.0025005220916453443,0.2025990220962171,0.0005400451960974076,0.3303692247469094,0.0006840378555523809,0.3573488225706729,4.858848868272527e-06,0.07797134640619284,0.12203724561163116,0.0701992342270116,0.11171681315563232,0.0080879226905922,0.09373365152593392,0.011217413120710586,0.10429958356145755,0.011575313985261949,0.2484797757137405,0.02376697550448298,0.2986556580698683,0.003039972733455673,0.42511137380345143,0.009461041192370762,0.3701918974545373,0.3983060277554758,0.2926370371361776,0.4872372642277321,0.37142495370374545,0.24572078491700622,0.0016699253700204516,0.1777760092353859,0.001209724696804248
