aaaaaa,aaaaad,aaaadd,aaaada,aaadda,aaaddd,aaadad,aaadaa,aaddaa,aaddad,aadddd,aaddda,aadada,aadadd,aadaad,aadaaa,addaaa,addaad,addadd,addada,adddda,addddd,adddad,adddaa,adadaa,adadad,adaddd,adadda,adaada,adaadd,adaaad,adaaaa,ddaaaa,ddaaad,ddaadd,ddaada,ddadda,ddaddd,ddadad,ddadaa,ddddaa,ddddad,dddddd,ddddda,dddada,dddadd,dddaad,dddaaa,dadaaa,dadaad,dadadd,dadada,daddda,dadddd,daddad,daddaa,daadaa,daadad,daaddd,daadda,daaada,daaadd,daaaad,daaaaa
0.18965475014503996,58.76161900614169,0.18552306540623834,58.75674756359059,16.762015561764702,6.545933512086049,16.19396655422549,6.935645687481179,10.12051871782926,13.031705462565961,10.852732545950502,13.897067657922184,2.9128283459837925,0.7597875840734563,2.630511840917427,0.6114970850280173,0.022760252555314303,0.8434989400896283,0.044316156439421696,0.9625442102927225,0.019365980086211747,1.8939189202253703,0.0406559252859395,1.717943316227989,1.0504897044829296,2.480138414830364,1.206876894016378,2.728203127711678,0.26527361429576296,0.049902585551037035,0.20718208890078973,0.02568913686373359,0.2498877522963392,0.001319373162690911,0.22991473217203998,0.0002210922260250968,0.37714131587576283,0.0016882335522328013,0.40297084316146364,0.0003742664140615365,0.10554616858148812,0.15602638817248973,0.09592352169617442,0.14357879209087956,0.00993004813139203,0.1082989461756313,0.013339106553316061,0.11961487854417627,0.011263958337149452,0.31743199881028766,0.01906254506356093,0.3563621282185374,0.0015347498121174197,0.5893006630151353,0.005178997143750036,0.5376632526845156,0.4653073543449122,0.40933872889340106,0.5196016648421304,0.46276000874732226,0.21128655535746246,0.00018178272024570839,0.18294154726444445,0.0004095471686072168
