aaaaaa,aaaaad,aaaadd,aaaada,aaadda,aaaddd,aaadad,aaadaa,aaddaa,aaddad,aadddd,aaddda,aadada,aadadd,aadaad,aadaaa,addaaa,addaad,addadd,addada,adddda,addddd,adddad,adddaa,adadaa,adadad,adaddd,adadda,adaada,adaadd,adaaad,adaaaa,ddaaaa,ddaaad,ddaadd,ddaada,ddadda,ddaddd,ddadad,ddadaa,ddddaa,ddddad,dddddd,ddddda,dddada,dddadd,dddaad,dddaaa,dadaaa,dadaad,dadadd,dadada,daddda,dadddd,daddad,daddaa,daadaa,daadad,daaddd,daadda,daaada,daaadd,daaaad,daaaaa
0.2974008847441814,64.36612764813276,0.6214038254055629,60.45097905318287,26.275263953063263,4.080339049324933,23.200856986563206,5.447868271458388,11.506886442499814,12.41321253499083,13.140601619735945,14.142912591726919,4.713808347483478,1.1185863805266048,3.7691282680971683,0.6777835136191713,0.04512506188395085,0.7793797123653647,0.10149419086743729,0.9838002514097554,0.03006767413027925,1.5390466917934542,0.07399569255909086,1.2974918573667913,1.2390058772790493,2.2259033200736322,1.5807276842412574,2.6869821341855227,0.5397077833381744,0.07802532612402649,0.34790983706190404,0.017274670184006694,0.3021785930991364,0.0032595587953790947,0.2717511513584789,0.0007657419780243511,0.4362292631564591,0.0007488135897087881,0.471008293918164,2.8554344324728237e-07,0.10191452905063597,0.15066152686724504,0.09062432724974494,0.13621519964373216,0.0116275158223989,0.1160762556669564,0.016388588875198774,0.1308723284964762,0.013063045451218022,0.3103296376128922,0.026509803496230517,0.36862212265626276,0.002966727288625366,0.5449199217479023,0.009871737344932515,0.47852149988473264,0.5305128104664206,0.37843224431887046,0.6355969198004762,0.47024270811099184,0.3211106264681465,0.002628821179464725,0.24769880669812186,0.00037696467817812903
