aaaaaa,aaaaad,aaaadd,aaaada,aaadda,aaaddd,aaadad,aaadaa,aaddaa,aaddad,aadddd,aaddda,aadada,aadadd,aadaad,aadaaa,addaaa,addaad,addadd,addada,adddda,addddd,adddad,adddaa,adadaa,adadad,adaddd,adadda,adaada,adaadd,adaaad,adaaaa,ddaaaa,ddaaad,ddaadd,ddaada,ddadda,ddaddd,ddadad,ddadaa,ddddaa,ddddad,dddddd,ddddda,dddada,dddadd,dddaad,dddaaa,dadaaa,dadaad,dadadd,dadada,daddda,dadddd,daddad,daddaa,daadaa,daadad,daaddd,daadda,daaada,daaadd,daaaad,daaaaa
0.1987253069425386,69.6482987711734,0.0017999859560336757,76.48870053472271,18.22231940814594,9.207221964937306,20.38340294907094,7.802559790899902,14.712279513115044,17.353415770966087,15.340086302675335,18.07531526402512,3.1566446979380807,0.6434274283770763,3.3059977582448394,0.7037590363837007,0.034039009244775306,1.0509894568784308,0.06536763449062688,1.2085080581598528,0.02222930824852985,2.173855803325654,0.05995749142821612,1.8924350229927578,1.6214456498997185,3.3053858523454607,1.7709368940087344,3.529353522338251,0.2624674443792274,0.03257938963761644,0.26643685604046324,0.03282518927186747,0.335332347298375,0.0016905265181148326,0.3135236378420873,0.0004380585273879994,0.48085932051353014,0.0025439344743452747,0.5159663325872805,0.0006017108669625663,0.15027250852777246,0.19188140235616188,0.134628657520796,0.1733956478478252,0.0122179802876437,0.11180893998585821,0.017421003040374715,0.12725967933968524,0.017642637563968524,0.4131234677193059,0.0269786650024191,0.4566558298374163,0.002240403793185603,0.6900772964790763,0.00863011296795812,0.613944024234116,0.6843219383119138,0.5783788467073582,0.7282785286716288,0.621589507075435,0.21792615240177896,0.0004939444908742507,0.22129755498430861,0.00041495429084415723
