aaaaaa,aaaaad,aaaadd,aaaada,aaadda,aaaddd,aaadad,aaadaa,aaddaa,aaddad,aadddd,aaddda,aadada,aadadd,aadaad,aadaaa,addaaa,addaad,addadd,addada,adddda,addddd,adddad,adddaa,adadaa,adadad,adaddd,adadda,adaada,adaadd,adaaad,adaaaa,ddaaaa,ddaaad,ddaadd,ddaada,ddadda,ddaddd,ddadad,ddadaa,ddddaa,ddddad,dddddd,ddddda,dddada,dddadd,dddaad,dddaaa,dadaaa,dadaad,dadadd,dadada,daddda,dadddd,daddad,daddaa,daadaa,daadad,daaddd,daadda,daaada,daaadd,daaaad,daaaaa
0.24730113042145047,90.8427667482722,0.0006519568083851229,100.81887972220538,22.62546689046202,12.76519423437847,26.067278544309165,10.429975006499271,19.5947694402658,23.23494870161793,20.158546021366302,23.901724044692447,3.8831943553130377,0.7648760007382807,4.228036102198081,0.9115699663229903,0.04255655965595014,1.3946199872052147,0.07845391730666779,1.5828824648595499,0.02724383043051687,2.90352724503039,0.07382229000410286,2.5406411250372516,2.14280319348275,4.409847455949666,2.296539956976239,4.644834845895921,0.31899157711839793,0.039887136308494144,0.34373584957129116,0.047345874574523744,0.4400451288393843,0.0020890628596764347,0.4093637186161512,0.00044011201932142347,0.6274336395382974,0.0037153674429205915,0.6773816454523468,0.0008320556189947006,0.21036197778135174,0.2637598501898854,0.1910536580174874,0.24107310723853742,0.0139490349562694,0.137950728200316,0.01869639467314615,0.1529390881977161,0.02725185556060521,0.5665144772070484,0.037123115236090534,0.611641474944007,0.004367789271263001,0.8875527506004017,0.011983029890587743,0.8044418087767417,0.9289742936422037,0.7962057261399311,0.9687953498703386,0.8367296070282374,0.2599624687284273,0.0019422795505367892,0.27608044358333456,0.000929574422314611
