aaaaaa,aaaaad,aaaadd,aaaada,aaadda,aaaddd,aaadad,aaadaa,aaddaa,aaddad,aadddd,aaddda,aadada,aadadd,aadaad,aadaaa,addaaa,addaad,addadd,addada,adddda,addddd,adddad,adddaa,adadaa,adadad,adaddd,adadda,adaada,adaadd,adaaad,adaaaa,ddaaaa,ddaaad,ddaadd,ddaada,ddadda,ddaddd,ddadad,ddadaa,ddddaa,ddddad,dddddd,ddddda,dddada,dddadd,dddaad,dddaaa,dadaaa,dadaad,dadadd,dadada,daddda,dadddd,daddad,daddaa,daadaa,daadad,daaddd,daadda,daaada,daaadd,daaaad,daaaaa
0.1782708074602918,36.489768545994814,0.7485711480531272,31.289027406074883,14.652741025455612,2.260959927274526,12.13761748255152,3.4286435016143963,5.549715598516505,6.549876406146873,6.385220432278323,7.476049139058496,2.673648519573684,0.7277810649918763,2.0106514480493725,0.39954834456019034,0.019033597461306995,0.42343927690765426,0.04166157338550502,0.5173323599256457,0.014799722979097632,0.9461851252332415,0.030549550783695218,0.8412626531470758,0.5817074375643885,1.200803039346838,0.7389813142714068,1.4287679275740788,0.30519670453700837,0.052878124392724386,0.18484513325083504,0.011001531718269507,0.1570424597049686,0.001981658246398624,0.14173771676535565,0.0005700961811940812,0.22599846730074613,0.0006381591339669633,0.24105769981363284,7.822580026111503e-05,0.05100939496201455,0.0855095994913886,0.04394761817340426,0.0758902592716516,0.006344148106716307,0.07274617872509731,0.009498737261918548,0.08308745938445863,0.005772050514964766,0.1646761136326173,0.0115831262875739,0.19248473720233375,0.0009537251182126431,0.32570098420032007,0.0034022018720388457,0.2937414980953416,0.266110147749425,0.2011177393694679,0.31861860824839755,0.24846802959009992,0.1762662704328313,0.0014452521266342872,0.12926991071993083,0.0005612397401504917
