aaaaaa,aaaaad,aaaadd,aaaada,aaadda,aaaddd,aaadad,aaadaa,aaddaa,aaddad,aadddd,aaddda,aadada,aadadd,aadaad,aadaaa,addaaa,addaad,addadd,addada,adddda,addddd,adddad,adddaa,adadaa,adadad,adaddd,adadda,adaada,adaadd,adaaad,adaaaa,ddaaaa,ddaaad,ddaadd,ddaada,ddadda,ddaddd,ddadad,ddadaa,ddddaa,ddddad,dddddd,ddddda,dddada,dddadd,dddaad,dddaaa,dadaaa,dadaad,dadadd,dadada,daddda,dadddd,daddad,daddaa,daadaa,daadad,daaddd,daadda,daaada,daaadd,daaaad,daaaaa
0.15965433285452657,71.17273375707254,0.01834750730843123,75.60248645207858,13.915083479785961,12.173047186799725,15.433118681856403,10.866280933277464,13.057750295293244,18.166581836515988,13.073573624848075,18.231083764716157,2.4749638037271118,0.6560909566284981,2.6648829681378774,0.7462682378014126,0.013836962268566524,1.1577933945836374,0.02365264688753708,1.2443845612637472,0.018052464538128747,2.756997014879983,0.03504524188016946,2.5735472342230787,1.3497793979786428,3.590335304140021,1.3950162620757909,3.6776138401920155,0.1707354554545699,0.042453589626637714,0.18237073789149058,0.046788030340621664,0.321372611326809,0.0017604820838042264,0.29935871242729967,0.00044179689641339837,0.42688259673457934,0.007115593915575619,0.45735865029445266,0.0036306560687566,0.15646035709119613,0.21378752540252877,0.14068448321685553,0.19437211041704178,0.011101851623817164,0.1217704386379068,0.015939973050787523,0.13754322962639856,0.010946723787130791,0.41633872797169935,0.015922014163753963,0.4470041694251387,0.0003563261502669875,0.8309174323700932,0.0023599193828559802,0.7745039288914056,0.6114183305915256,0.6051209015011276,0.6332756957990685,0.6299670310074506,0.17659717169178663,0.0011610551588381178,0.17846519381065756,0.0011433137523058166
