aaaaaa,aaaaad,aaaadd,aaaada,aaadda,aaaddd,aaadad,aaadaa,aaddaa,aaddad,aadddd,aaddda,aadada,aadadd,aadaad,aadaaa,addaaa,addaad,addadd,addada,adddda,addddd,adddad,adddaa,adadaa,adadad,adaddd,adadda,adaada,adaadd,adaaad,adaaaa,ddaaaa,ddaaad,ddaadd,ddaada,ddadda,ddaddd,ddadad,ddadaa,ddddaa,ddddad,dddddd,ddddda,dddada,dddadd,dddaad,dddaaa,dadaaa,dadaad,dadadd,dadada,daddda,dadddd,daddad,daddaa,daadaa,daadad,daaddd,daadda,daaada,daaadd,daaaad,daaaaa
0.21237075350408702,58.83791934978435,0.16353675461546718,59.63279880371154,18.442786398203737,5.9542661014835145,17.917355185957884,6.2828141853832795,10.919386820130818,12.960547221951465,11.869223415335005,14.027917419240897,3.2856413232024697,0.7861020925820837,2.9552599125442596,0.6217184799566151,0.02980275426828251,0.816462692173462,0.05972122437240162,0.9568259856768977,0.02256476852094915,1.7136924609105917,0.051437800502503704,1.5120388056512202,1.1703112427016182,2.4300144071937564,1.3704464805001504,2.7249773536956394,0.31936082929920384,0.050424066189138,0.24946903547470597,0.02429035091947469,0.2779385571312983,0.0026234561801174606,0.251560103968814,0.000604318366151677,0.38286939576270046,0.002220250656614257,0.41624595997031194,0.0003887504350672811,0.10531343176025615,0.14875932493457827,0.09128297428373915,0.13136257145234992,0.01151401559319518,0.10730251589130278,0.01679570259504705,0.123011157736754,0.009553529319685072,0.300885978413829,0.018381907619352572,0.3456177004265396,0.0009066168540040396,0.5816808587144414,0.0049200072637564235,0.5200156940419022,0.49926318928102986,0.4069335108822947,0.563501296481437,0.4673980199179492,0.23143796580107506,0.00035533661939826704,0.2009351283178735,0.0002454901165792076
