aaaaaa,aaaaad,aaaadd,aaaada,aaadda,aaaddd,aaadad,aaadaa,aaddaa,aaddad,aadddd,aaddda,aadada,aadadd,aadaad,aadaaa,addaaa,addaad,addadd,addada,adddda,addddd,adddad,adddaa,adadaa,adadad,adaddd,adadda,adaada,adaadd,adaaad,adaaaa,ddaaaa,ddaaad,ddaadd,ddaada,ddadda,ddaddd,ddadad,ddadaa,ddddaa,ddddad,dddddd,ddddda,dddada,dddadd,dddaad,dddaaa,dadaaa,dadaad,dadadd,dadada,daddda,dadddd,daddad,daddaa,daadaa,daadad,daaddd,daadda,daaada,daaadd,daaaad,daaaaa
0.48049604039970834,87.81743468935669,0.38503868474385544,89.08989434482422,43.05867778127641,3.8247870967219084,39.118850362276255,5.1445098893522365,18.11352152710368,16.849278908975375,21.62981663360536,20.289883935003363,7.440953541079329,1.4806784043837156,5.955654712701338,0.8548707593451437,0.10494894045672162,1.0303491936997355,0.22770718696217065,1.3719640040752625,0.054484783956082514,1.6409390755276874,0.14823915728763862,1.268713854796122,2.0493981862685793,2.8993752985459005,2.7523859406155196,3.7382053970998204,0.8946815136003264,0.08888603588136615,0.5927361978456358,0.014158982979240483,0.4554894870612753,0.005401988120928674,0.3991342724167661,0.0008596285537332101,0.662883214450639,6.87423466603985e-05,0.7325868738700133,0.0011914726679565827,0.14847796997421836,0.20136319154410856,0.13068555687689626,0.1797709656478281,0.01499214157239635,0.13962758550542795,0.021870076870347813,0.16002238642213554,0.030568953092907657,0.4551732712734921,0.06113973747034321,0.5605610986360152,0.011474812175843514,0.6113519832288622,0.03179918044295631,0.5027804866205605,0.8313020471651638,0.5154142921302395,1.060481538656601,0.7017956332087679,0.49644483705117276,0.004388282257036697,0.3750431765000384,0.0007781704061461341
