aaaaaa,aaaaad,aaaadd,aaaada,aaadda,aaaddd,aaadad,aaadaa,aaddaa,aaddad,aadddd,aaddda,aadada,aadadd,aadaad,aadaaa,addaaa,addaad,addadd,addada,adddda,addddd,adddad,adddaa,adadaa,adadad,adaddd,adadda,adaada,adaadd,adaaad,adaaaa,ddaaaa,ddaaad,ddaadd,ddaada,ddadda,ddaddd,ddadad,ddadaa,ddddaa,ddddad,dddddd,ddddda,dddada,dddadd,dddaad,dddaaa,dadaaa,dadaad,dadadd,dadada,daddda,dadddd,daddad,daddaa,daadaa,daadad,daaddd,daadda,daaada,daaadd,daaaad,daaaaa
0.46147928504356867,94.17790630657258,0.665384908485349,91.4424692427429,41.23631387513231,5.280959396264234,37.131744080798214,6.925214455846972,18.12981016043481,18.293367420667305,20.8659346899052,21.090350001424383,7.300391456278593,1.591357951989753,5.922755259870992,0.9759561545698398,0.08840847335252952,1.14506082939901,0.18155021253079895,1.4451428185848931,0.05288523680052298,2.017587914334804,0.12500570140640324,1.6731699783234344,2.0174442999674564,3.2472750829990598,2.5661945465367717,3.948705576861659,0.8406316168974607,0.10008419169629908,0.568762674672819,0.022539973669566022,0.46983578703315954,0.0057697157164530374,0.41575965103241036,0.0011661043722118907,0.6640207641582337,0.0007587530903856614,0.7278986197448307,0.00014201134343933206,0.1555193575023886,0.21940124575937375,0.13691534940089042,0.19629989238506476,0.016449899875451226,0.15923310309319877,0.024022015631765346,0.18214132556089135,0.02248082962605688,0.46126431089711967,0.04703876040550868,0.5593351592869308,0.006174516208320661,0.7474373739665905,0.02025528398533834,0.6384443023065648,0.8226139232867445,0.5511710930972911,1.012676026541829,0.711813765429226,0.5020791759070148,0.004855150471671256,0.38212992640600946,0.0005178308331148598
