aaa,aad,add,ada,dda,ddd,dad,daa
305.62626045118765,42.63900983747994,2.239002302947197,1.3550377985547906,0.12375798307905403,0.10549177098684517,0.10477942890629216,0.01001506008690444
