aaa,aad,add,ada,dda,ddd,dad,daa
275.93336508185354,40.502265688486766,2.118571806548743,1.2377262283918442,0.11296086331252463,0.0965579863668289,0.09425938787148207,0.009586356228514361
