aaa,aad,add,ada,dda,ddd,dad,daa
273.26755406608737,50.45143723020833,3.4482151089138853,1.296250368619883,0.11383169506305287,0.09362282006273819,0.09501741299338373,0.013508367510170507
