aaa,aad,add,ada,dda,ddd,dad,daa
279.489735356856,50.2708256215122,3.144117962309948,1.3181809283113781,0.11655947211180172,0.0964180575112671,0.09408713615988165,0.014010714709351415
