aaa,aad,add,ada,dda,ddd,dad,daa
296.0359120748576,40.96317462522675,2.0040149908556497,1.3099772434094061,0.11934238866546026,0.10177993872714686,0.09283726451012574,0.010710622644926537
