aaa,aad,add,ada,dda,ddd,dad,daa
251.40291635956393,51.71324420900335,3.1415639707354077,1.2321631995933129,0.10564828452949665,0.09226529305933981,0.09157346799404191,0.013554289595011482
