aaa,aad,add,ada,dda,ddd,dad,daa
258.4415368055107,31.180894288898674,1.5573908929008151,1.1117275682821766,0.10131319540407352,0.0875252158343153,0.08584602691979454,0.007794156238299274
