aaa,aad,add,ada,dda,ddd,dad,daa
264.3244680730412,53.484371063180845,3.8190846895019557,1.246393012197342,0.11389994770179687,0.1010233903373522,0.10057568197381411,0.009458366209676545
