aaa,aad,add,ada,dda,ddd,dad,daa
254.24588038476506,32.74405479542874,1.7177088397204054,1.1179048827665257,0.09928094153287456,0.0868080977980948,0.08539724375078699,0.008499171677787718
