aaa,aad,add,ada,dda,ddd,dad,daa
314.5939533400841,55.94376126835935,3.354523662779012,1.4756265225204388,0.1336265635248135,0.11231367665338422,0.11028013863345328,0.01350174260750502
