aaa,aad,add,ada,dda,ddd,dad,daa
274.17706738859073,44.15801102745249,2.391496040854009,1.2478224556203037,0.11424826577419324,0.09780190127243864,0.09115478358481206,0.010225913303734463
