aaa,aad,add,ada,dda,ddd,dad,daa
237.12744068270905,45.654675796736456,3.2889689498058385,1.1068792231863442,0.1011507556327845,0.08926430864090854,0.08720038398326613,0.008631918588153322
