aaa,aad,add,ada,dda,ddd,dad,daa
286.2076722368984,57.07423377870821,4.438048846499957,1.3278709922018428,0.12238974913472811,0.10523832502443843,0.10764990718712449,0.01334528628419562
