aaa,aad,add,ada,dda,ddd,dad,daa
254.87889428558003,42.57603734777854,2.514595531798249,1.168493870925177,0.10397061158321026,0.08768792382027835,0.08892848433175782,0.009363170174306329
