aaa,aad,add,ada,dda,ddd,dad,daa
308.66284461557234,53.20475780072,2.911959805027922,1.432586632657035,0.12954717716273337,0.11272526941754499,0.10730690708328551,0.0111962776277232
