aaa,aad,add,ada,dda,ddd,dad,daa
259.6349793086141,55.27285864920062,4.351346742808216,1.2216270569968815,0.11452511450038966,0.10136137040640307,0.10268701947207202,0.01004875920961733
