aaa,aad,add,ada,dda,ddd,dad,daa
279.04089712736743,45.505902890152655,2.875579957478123,1.269674101096362,0.11236638661218552,0.0922513020408975,0.09750557380416713,0.011314150746343631
