aaa,aad,add,ada,dda,ddd,dad,daa
260.32463322195645,43.22746338940253,2.6833840668547984,1.1899475999047644,0.10559484799531738,0.0881337315793224,0.09228573160255979,0.010035489195518074
