aaaaa,aaaad,aaadd,aaada,aadda,aaddd,aadad,aadaa,addaa,addad,adddd,addda,adada,adadd,adaad,adaaa,ddaaa,ddaad,ddadd,ddada,dddda,ddddd,dddad,dddaa,dadaa,dadad,daddd,dadda,daada,daadd,daaad,daaaa
5.797696787482545,163.8282297983506,55.79464092416516,54.476763068831325,10.438467811698246,5.353827357986478,14.834666608606216,5.200956745846303,0.3768106563569163,0.37585273107808814,0.2748145797191687,1.7335860389928306,1.572095652861682,0.34610045405053574,0.5032105530070109,0.05305708069550344,0.17640029634795495,0.11603255118873396,0.24599918929812492,0.05327302922440328,0.06796187037706695,0.0837181552389514,0.05330175590331811,0.3513887331647234,0.034166212237025026,0.0014634543703963294,0.01782610006671355,0.16783129535010732,0.22738994123882278,0.04212925777298464,0.07332435151933031,0.012759116030169507
