aaaaa,aaaad,aaadd,aaada,aadda,aaddd,aadad,aadaa,addaa,addad,adddd,addda,adada,adadd,adaad,adaaa,ddaaa,ddaad,ddadd,ddada,dddda,ddddd,dddad,dddaa,dadaa,dadad,daddd,dadda,daada,daadd,daaad,daaaa
6.452843086145035,188.66950170599057,69.73761498428748,62.60278577797783,11.861497841599808,6.19096756244828,18.896949414509137,7.1458110529011245,0.34897743075396376,0.3196371018080827,0.36445157573458525,2.072744464762854,1.8994453241029305,0.4294323738392447,0.5713858712706064,0.057463592493746427,0.207847062104612,0.13584397647831306,0.2999733666662762,0.06062338568076695,0.08093836067348395,0.09389236760005257,0.06396434744356136,0.42278888284112,0.058146885720402414,0.0035986555921155767,0.019126194249739756,0.1934648952679649,0.2706108835811065,0.0481329102511148,0.08018085800619776,0.013793223862140517
