aaaaa,aaaad,aaadd,aaada,aadda,aaddd,aadad,aadaa,addaa,addad,adddd,addda,adada,adadd,adaad,adaaa,ddaaa,ddaad,ddadd,ddada,dddda,ddddd,dddad,dddaa,dadaa,dadad,daddd,dadda,daada,daadd,daaad,daaaa
5.748157176943536,153.2727465929886,52.54662566691211,50.72231702180854,9.506939373809002,5.084640406254846,15.24669539165115,5.551559358146349,0.28575862603690233,0.266090268036371,0.27500002131781226,1.6251915329299136,1.5985292396734239,0.327215811430502,0.46021511087150846,0.049909744102760265,0.16754693284035152,0.1056141463357318,0.23302813031743824,0.04632566047790872,0.06374965803358376,0.07704579296665354,0.0478979799629796,0.32938910484913975,0.04106379793459751,0.0029588557007236465,0.014450319247859784,0.14839764630373714,0.2240117941902525,0.03626224926863191,0.06463731835535477,0.01106026118166613
