aaaaa,aaaad,aaadd,aaada,aadda,aaddd,aadad,aadaa,addaa,addad,adddd,addda,adada,adadd,adaad,adaaa,ddaaa,ddaad,ddadd,ddada,dddda,ddddd,dddad,dddaa,dadaa,dadad,daddd,dadda,daada,daadd,daaad,daaaa
6.184689477870364,177.64060402842227,60.82401864599673,54.53976345433664,12.763044520358086,5.1101570564961305,12.930243207662652,4.45900972324339,0.9333106318968821,1.0602536496883836,0.3527594251983112,1.7600662142835708,1.0973448043332543,0.3847321239075755,0.599375676565131,0.06672797383567365,0.20050716724301307,0.143845984373631,0.23996446346756872,0.053178316330607,0.07396309264179676,0.08796856712646042,0.05556687582252328,0.45183358286268305,0.012164792002993802,0.010907963272334368,0.03792913124377842,0.21636808541825217,0.19516820217101846,0.0598609159565443,0.0915671137205648,0.01533109245137016
