aaaaa,aaaad,aaadd,aaada,aadda,aaddd,aadad,aadaa,addaa,addad,adddd,addda,adada,adadd,adaad,adaaa,ddaaa,ddaad,ddadd,ddada,dddda,ddddd,dddad,dddaa,dadaa,dadad,daddd,dadda,daada,daadd,daaad,daaaa
5.469154513257081,155.35674038139652,61.401156675886476,52.53559280335296,11.266699137220213,6.386033032193752,14.70249467792626,5.571278870206433,0.14945167147974567,0.09155872071142143,0.1696772896455902,1.3582916843809807,1.8497297584733192,0.29002588671430024,0.41209527227120973,0.03702071676266395,0.16057225842590445,0.10573753906952144,0.28047388830890096,0.055295373905597675,0.06975430012408969,0.08000400953094212,0.059097637603481884,0.3009420407968595,0.05833460976401974,0.006388453664619014,0.015231519468852832,0.12590872855093102,0.23066226901071665,0.03170820957569905,0.060756638260697896,0.011312910644595846
