aaaaa,aaaad,aaadd,aaada,aadda,aaddd,aadad,aadaa,addaa,addad,adddd,addda,adada,adadd,adaad,adaaa,ddaaa,ddaad,ddadd,ddada,dddda,ddddd,dddad,dddaa,dadaa,dadad,daddd,dadda,daada,daadd,daaad,daaaa
5.844351983644262,148.6229993476759,60.414616858477444,47.28569641018301,10.604474643220136,4.9717351909444405,11.522538987097176,4.2586861674614,0.41875204743615674,0.40126524112322054,0.20452934622168323,1.4024832618929362,1.1582968391659696,0.3226993149871446,0.4430607660656127,0.03643501114724266,0.1464437811320822,0.11229027179039953,0.2599730089467661,0.05730067320271978,0.06447290268853403,0.06976811560911364,0.05585806767032229,0.35155491682450163,0.031091375104763883,0.0025497397381382416,0.02284837427124341,0.16251418419651506,0.17739605939279948,0.043618456209744624,0.06965991705397365,0.013039418218220456
