aaaaa,aaaad,aaadd,aaada,aadda,aaddd,aadad,aadaa,addaa,addad,adddd,addda,adada,adadd,adaad,adaaa,ddaaa,ddaad,ddadd,ddada,dddda,ddddd,dddad,dddaa,dadaa,dadad,daddd,dadda,daada,daadd,daaad,daaaa
5.627463651747335,162.1284966848588,56.79042765724418,51.0855285782358,11.179912416357997,4.409266388604965,13.114876691802781,4.742278013437996,0.7622027955341755,0.8924814730441508,0.381068362616593,1.7482872124241844,1.067467674807029,0.37679914051323843,0.5541415870068507,0.06104035523661859,0.1913046048236489,0.13490782974801768,0.21865044645434722,0.047406681885250476,0.06825237884113884,0.08169722004276687,0.05317755927411368,0.42105131397023854,0.015513258297456018,0.005878805422011639,0.033423889450522326,0.20183196312217738,0.18931042927080188,0.05473110238461966,0.08215629462159099,0.013550980414875876
