aaaaa,aaaad,aaadd,aaada,aadda,aaddd,aadad,aadaa,addaa,addad,adddd,addda,adada,adadd,adaad,adaaa,ddaaa,ddaad,ddadd,ddada,dddda,ddddd,dddad,dddaa,dadaa,dadad,daddd,dadda,daada,daadd,daaad,daaaa
5.856883654140947,161.8178153060124,59.012039107850775,50.951315080420805,13.605680339948627,7.258929773444801,15.655157909111987,5.74089137575694,0.0871142200101046,0.0476618961269564,0.15259189636826004,1.0051895629813838,2.2280003038778373,0.24030312251680097,0.40569130660074554,0.03859432879689352,0.16182499970606679,0.09673777747583102,0.2859870341757576,0.046905847633930194,0.067825588567414,0.08182037616397046,0.05567499905172407,0.2720300952234932,0.059815669025610176,0.009849164693900831,0.017856624374932687,0.09834785822803606,0.24881100897102007,0.026675551570738244,0.059980094566764036,0.010358287028158913
