aaaaa,aaaad,aaadd,aaada,aadda,aaddd,aadad,aadaa,addaa,addad,adddd,addda,adada,adadd,adaad,adaaa,ddaaa,ddaad,ddadd,ddada,dddda,ddddd,dddad,dddaa,dadaa,dadad,daddd,dadda,daada,daadd,daaad,daaaa
5.562153918394743,164.49901702510996,61.67495081922357,53.80177248240058,10.646606040679098,5.5355177412990875,15.334233802333426,5.656566568224978,0.3135963430979089,0.2876584365152924,0.2705001856922341,1.6637124975572533,1.6260957051830878,0.3589868259101318,0.4931343826346472,0.047696784759604,0.18007369887145,0.1186309144075844,0.2648874761706471,0.05426094800655813,0.07080717483729311,0.08332606542945029,0.057795053702219754,0.35712581481902994,0.043689542929013024,0.0022458068281910886,0.017899026858378485,0.16137777556624616,0.2286650960469597,0.04182172558931519,0.07132704469226452,0.012628585738640825
