aaaaa,aaaad,aaadd,aaada,aadda,aaddd,aadad,aadaa,addaa,addad,adddd,addda,adada,adadd,adaad,adaaa,ddaaa,ddaad,ddadd,ddada,dddda,ddddd,dddad,dddaa,dadaa,dadad,daddd,dadda,daada,daadd,daaad,daaaa
5.78397900664972,163.63481883972472,56.7576676293348,53.972377687931655,10.35580035954187,5.334509157287694,15.123981721672381,5.391422619174271,0.35961897109359975,0.3522211700396428,0.2830818329889086,1.7238476494163424,1.5875644495989687,0.35156116586304664,0.5039334927231207,0.052498402770505444,0.17849670940378023,0.1158018607011329,0.2484066694055378,0.051572445452267496,0.06819482900032175,0.08312456245183128,0.05319104830165853,0.35401470191671675,0.036483437542947084,0.0015626097992296045,0.017776836022229056,0.16485556117442854,0.22877282929057904,0.042149641436524415,0.07231939233980855,0.012390218766485247
