aaaaa,aaaad,aaadd,aaada,aadda,aaddd,aadad,aadaa,addaa,addad,adddd,addda,adada,adadd,adaad,adaaa,ddaaa,ddaad,ddadd,ddada,dddda,ddddd,dddad,dddaa,dadaa,dadad,daddd,dadda,daada,daadd,daaad,daaaa
5.606180292009151,145.25611665323117,59.06227065465276,47.596553286189085,10.034315547683178,4.99159233649534,12.316588257114974,4.648532827801463,0.31289017897851923,0.2762234317535036,0.20384139418241473,1.44589583167812,1.2756003595735483,0.32276405873044994,0.4242623905516263,0.03554268167667049,0.14880932204842845,0.10740749424046245,0.2544197321641004,0.05647452677633873,0.06387657441812584,0.06993669148297783,0.055419218102338796,0.33017476973255877,0.038396414948063284,0.0020206296188524926,0.018295537313896045,0.15057339059814184,0.18786333490574927,0.03895156746558086,0.06440954532289801,0.012200868554805339
