aaaaa,aaaad,aaadd,aaada,aadda,aaddd,aadad,aadaa,addaa,addad,adddd,addda,adada,adadd,adaad,adaaa,ddaaa,ddaad,ddadd,ddada,dddda,ddddd,dddad,dddaa,dadaa,dadad,daddd,dadda,daada,daadd,daaad,daaaa
5.465218183260484,147.02579617927816,50.07672987628209,49.6692453567678,9.144674161221113,4.95328103448254,14.834176504382214,5.408487878929825,0.2652376689932529,0.24190204772334042,0.27572206273683386,1.6236352640030431,1.562737378604628,0.3191901681433397,0.44141007727325565,0.04827039708975893,0.16126679454893955,0.10156295629257613,0.22328190740245077,0.045037568415595794,0.06169854381134222,0.07495553673720487,0.04597942291751203,0.31438140537643244,0.041347013910936564,0.0033685063818378307,0.013297820288810661,0.1445717268353384,0.21853198920806838,0.03464885983275349,0.06165947294301953,0.010550461894212736
