aaaaa,aaaad,aaadd,aaada,aadda,aaddd,aadad,aadaa,addaa,addad,adddd,addda,adada,adadd,adaad,adaaa,ddaaa,ddaad,ddadd,ddada,dddda,ddddd,dddad,dddaa,dadaa,dadad,daddd,dadda,daada,daadd,daaad,daaaa
5.182319717422504,153.15817490024733,58.7596243881221,48.9411164443728,10.033646924421399,5.298134657645728,14.32261237696382,5.350273099090062,0.2621144465880242,0.22803752872474495,0.2177796629388198,1.4267892319780604,1.5320152456420646,0.318247815335216,0.4405445540929553,0.04159608225423557,0.16205255457956835,0.10771829633826342,0.2557007800398853,0.05107617133266004,0.06592722280565064,0.07521947292489047,0.05260075266616642,0.3310193938608262,0.04396211645495237,0.0025378439800961923,0.016714920350856775,0.14211641044971812,0.21031408279508043,0.03751895550898148,0.06448718289821746,0.01138252104287322
