aaaaa,aaaad,aaadd,aaada,aadda,aaddd,aadad,aadaa,addaa,addad,adddd,addda,adada,adadd,adaad,adaaa,ddaaa,ddaad,ddadd,ddada,dddda,ddddd,dddad,dddaa,dadaa,dadad,daddd,dadda,daada,daadd,daaad,daaaa
5.224807920975842,150.44581286228663,60.392743069103396,47.72283793010373,10.131349310663,5.390076413993966,13.775271215380302,5.198374564528875,0.23454329845603877,0.19114684043288785,0.1870876616353463,1.3229340997301495,1.5144317759210153,0.3060059244527384,0.42264673678011794,0.037770304820560874,0.15683833803947878,0.10650063455760098,0.26232476602118765,0.052492102172577715,0.06576784908877847,0.07339887081317065,0.054539886795230454,0.3212642756662631,0.04588310927529944,0.0027453984637118324,0.0169691017601682,0.1349625668363486,0.20364016664723383,0.036446395006720644,0.06249719254985834,0.011361320530184193
