aaa,aad,add,ada,dda,ddd,dad,daa
324.49195800579315,21.992133488474142,4.781208225223035,0.566952911578052,0.17271411759822877,0.07254961752291358,0.05909613928219116,0.013756150951317107
