aaa,aad,add,ada,dda,ddd,dad,daa
353.285335859927,18.197791857088472,8.267367768059719,0.591369900928918,0.19030211661939006,0.10593795781068038,0.0906178571981069,0.018127361488911066
