aaa,aad,add,ada,dda,ddd,dad,daa
285.6724968454998,17.081459963621885,4.64359630615481,0.4961323884982259,0.15232045818468615,0.06907942641649285,0.054275468481072765,0.013236973451960975
