aaa,aad,add,ada,dda,ddd,dad,daa
306.95917656127534,22.93838807457071,5.081615183427537,0.5265694353855281,0.164588153875396,0.06821429544831278,0.06168652591602134,0.01273969473627198
