aaa,aad,add,ada,dda,ddd,dad,daa
287.87523275239147,15.374512815375569,5.813907451275958,0.4710408167967629,0.15189291138555863,0.08005739037879209,0.06621381525106207,0.014224811324218474
