aaa,aad,add,ada,dda,ddd,dad,daa
331.07004254722176,19.253815658020812,4.71888702001004,0.5901011031989537,0.17730934979445956,0.07521764622633181,0.05676198316765234,0.014072075245398195
