aaa,aad,add,ada,dda,ddd,dad,daa
338.0378101516024,18.31799300091455,5.324236152269817,0.60815229399837,0.17983965374669392,0.08217545951991981,0.06103865272431231,0.016239348704990858
