aaa,aad,add,ada,dda,ddd,dad,daa
327.0967796343329,21.373525050461147,4.3213420109355285,0.5806985368426143,0.17338659579666316,0.07304634990401113,0.05226882507715093,0.01379216815223615
