aaa,aad,add,ada,dda,ddd,dad,daa
346.3704547704035,14.922056467380077,7.930358629065126,0.5961855575580417,0.18831525208499986,0.10892041761625093,0.08287817799114783,0.01843722700631552
