aaa,aad,add,ada,dda,ddd,dad,daa
292.3374084608105,22.460840289895835,5.045402334075285,0.4944730722584967,0.15557772950179843,0.06634789547467944,0.061691152001249305,0.012648406468121298
