aaa,aad,add,ada,dda,ddd,dad,daa
327.807589074479,17.25326044806337,6.23259331744808,0.5557457372061887,0.17415081970496823,0.08833916114275084,0.07218976274649613,0.016255717230653992
