aaa,aad,add,ada,dda,ddd,dad,daa
283.0617310362012,14.512585652566788,5.294384415562634,0.4779678709284982,0.1505300712864518,0.0769064193585186,0.06103624361755337,0.013964237489863003
