aaa,aad,add,ada,dda,ddd,dad,daa
252.82587114461634,16.795118343597355,3.7868343282014485,0.43619940530554,0.13553014056637955,0.05792464950023418,0.04648968959528796,0.010417329525525848
