aaa,aad,add,ada,dda,ddd,dad,daa
309.08187278785135,14.757799232072928,5.948064899085928,0.539663358336589,0.1656220265720897,0.08560347289360204,0.06586607430870278,0.015421392085045138
