aaa,aad,add,ada,dda,ddd,dad,daa
295.6614488563551,15.109992733606177,6.473422188120877,0.5010058127154111,0.15919236706321652,0.08596253893810693,0.0717310944037962,0.015145458686253357
