aaa,aad,add,ada,dda,ddd,dad,daa
274.8532348475949,20.459701641240645,3.7676343433564377,0.47707670570283084,0.145545212437319,0.058965275438219535,0.046137284881156614,0.011641431089388773
