aaa,aad,add,ada,dda,ddd,dad,daa
327.2020061231549,19.926552415118493,5.358965011383806,0.5732463848559384,0.17707296403358946,0.07662736104414065,0.06491391699025066,0.01363857613595793
