aaa,aad,add,ada,dda,ddd,dad,daa
292.2392365471296,19.674479822678144,4.337679823048477,0.5150644851429566,0.1531179042485041,0.0700703086536547,0.04796998902417328,0.0192368380406253
