aaa,aad,add,ada,dda,ddd,dad,daa
309.4266010694679,17.513783488172674,4.231823506897824,0.5526927159885368,0.16483135062038692,0.07081437544962375,0.049816010223281026,0.013120891835455385
