aaa,aad,add,ada,dda,ddd,dad,daa
328.8449414556876,17.97100194561199,6.44235847764732,0.5593535583457642,0.17548062261510985,0.08837965509545448,0.0732622556701375,0.01606898558851122
