aaa,aad,add,ada,dda,ddd,dad,daa
296.55351446618045,15.887404047255146,5.699315668325299,0.5206354899885072,0.1595504904566038,0.07848865681148502,0.06696342396059037,0.014579660811349628
