aaa,aad,add,ada,dda,ddd,dad,daa
277.6969253944266,13.552969190722642,4.97698132809232,0.4789143967941806,0.14736496970703827,0.07491292881720282,0.05627863367386809,0.013538178895497563
