aaa,aad,add,ada,dda,ddd,dad,daa
332.2194740598666,15.51350412986951,7.511601112583077,0.5597251829135917,0.17863082223799773,0.101462945353466,0.0818721576976773,0.01751561788870968
