aaa,aad,add,ada,dda,ddd,dad,daa
319.42666894517487,17.551496232787407,6.895098109859461,0.5458980009397738,0.1719709149700662,0.08937431457599972,0.07789235149883171,0.01604552405262428
