aaa,aad,add,ada,dda,ddd,dad,daa
360.41791176515017,18.15670633484005,7.607595181957149,0.6414897492856892,0.19578340999066285,0.10055423864020384,0.08730229366137207,0.0182267117976677
