aaa,aad,add,ada,dda,ddd,dad,daa
315.8008674614288,19.095589760350087,5.528701366775501,0.539527975447617,0.16848719346151164,0.07860256130004123,0.06453489581345555,0.01474295676184226
