aaa,aad,add,ada,dda,ddd,dad,daa
304.2368793977546,13.88984725578471,6.001945775480153,0.5342796342830612,0.16392658677434452,0.0863631091016293,0.06515151785829566,0.015359876017500768
