aaa,aad,add,ada,dda,ddd,dad,daa
306.0534014553223,20.13044298771227,4.5860986076219765,0.5364789646892247,0.1646909622076523,0.06879361880960862,0.056480427188340114,0.012855811655699649
