aaa,aad,add,ada,dda,ddd,dad,daa
329.4902097372644,13.810042101656753,6.70818342953407,0.5842448940829663,0.17845569451407617,0.09713154042384821,0.07303008652074197,0.017225230980794582
