aaa,aad,add,ada,dda,ddd,dad,daa
300.3690748267287,17.22970662584797,4.892540899044014,0.5253062527612032,0.159929042933631,0.07324045105601196,0.05681179533000842,0.014059998046235925
