aaa,aad,add,ada,dda,ddd,dad,daa
281.8267173620539,20.110152742559887,4.338553314952004,0.47797771846299064,0.14979212171970196,0.06318051253565878,0.052757432806188456,0.011495541450837279
