aaa,aad,add,ada,dda,ddd,dad,daa
278.9526978411462,17.75319680487254,4.536126601147043,0.47969843933662987,0.15074955379871183,0.06509585044881172,0.055778933280868984,0.011456579424901546
