aaa,aad,add,ada,dda,ddd,dad,daa
261.6958304891382,17.447308989355484,4.007298064510057,0.44038378393948124,0.1392518585366779,0.060218432341366056,0.04953885539614177,0.010599643740790346
