aaa,aad,add,ada,dda,ddd,dad,daa
306.40263403797576,19.036998197670055,5.080556571036103,0.5219722710723824,0.16239353641450263,0.07437956882694369,0.06147571933327229,0.014174625472216722
