aaa,aad,add,ada,dda,ddd,dad,daa
290.8471913566913,19.184230728252988,4.705613600839441,0.4902322670671687,0.1542900404908738,0.06976456474869541,0.05693359630932513,0.013153176834345843
