aaa,aad,add,ada,dda,ddd,dad,daa
314.35198595474185,20.73570839988317,4.837848518556812,0.5412779855434987,0.1690224140376129,0.07180227437166853,0.05658168403655756,0.012850336890851813
