aaa,aad,add,ada,dda,ddd,dad,daa
298.8919444494479,17.297081654889553,5.222031854523762,0.5007675449992756,0.15777967187483677,0.07592697234909143,0.060816736810931846,0.014071207410434407
