aaaaa,aaaad,aaadd,aaada,aadda,aaddd,aadad,aadaa,addaa,addad,adddd,addda,adada,adadd,adaad,adaaa,ddaaa,ddaad,ddadd,ddada,dddda,ddddd,dddad,dddaa,dadaa,dadad,daddd,dadda,daada,daadd,daaad,daaaa
16.79489826818755,49.83672878003426,148.93712889377105,1.5484588428985684,33.19626951106909,5.505126681508155,5.893345349246731,0.9889538120185042,0.4883903210831214,0.30225633332167684,0.9035648996029719,1.5055031821077391,1.1353957257775023,0.2441219677557818,0.2532839821949277,0.020714175064421816,0.13732213355427414,0.0007006875005025617,0.014301365493090341,0.01891912012673525,0.26810944998652736,0.2380674592813166,0.10308140423703203,0.25123554517172314,0.02434793940217627,0.0037680977698895893,0.14267080272145705,0.22049166363635264,0.05943959315056315,0.017592243678064983,0.08385559448068372,0.01616650367454171
