aaaaa,aaaad,aaadd,aaada,aadda,aaddd,aadad,aadaa,addaa,addad,adddd,addda,adada,adadd,adaad,adaaa,ddaaa,ddaad,ddadd,ddada,dddda,ddddd,dddad,dddaa,dadaa,dadad,daddd,dadda,daada,daadd,daaad,daaaa
27.8645074758343,58.024644275316774,173.38593430720022,2.7686109157579413,42.19903423384207,10.217465721758538,8.293549822818719,1.4667499791849534,0.9746011751973767,0.867954523251743,1.7340991208698766,1.1816768133957791,1.7996594654172284,0.29256632179244,0.3121275969879429,0.02033881309324145,0.1891283460211745,0.001982293535163983,0.02051484613292587,0.019422859456538526,0.3279503142625787,0.24986977746462105,0.1618052652468318,0.40181429155890325,0.019301458912219814,0.023976691734241305,0.24111850040756827,0.23357217514904693,0.11023453763118228,0.018856162612105945,0.10150749450530744,0.02044970006930877
