aaaaa,aaaad,aaadd,aaada,aadda,aaddd,aadad,aadaa,addaa,addad,adddd,addda,adada,adadd,adaad,adaaa,ddaaa,ddaad,ddadd,ddada,dddda,ddddd,dddad,dddaa,dadaa,dadad,daddd,dadda,daada,daadd,daaad,daaaa
16.09517510864809,50.343778596490814,132.24525924018013,3.1574351457807355,31.506253751782204,10.099597101377913,9.735339429862975,1.0820673184304184,1.3259228466347015,1.0820063667600388,1.848875069442496,0.5984148095543872,1.6562694893250065,0.2741516505933543,0.2902363943242497,0.016314870000405216,0.1454903740448911,0.002763185525017739,0.025738149512874613,0.00855386006951039,0.25101404062795835,0.18439429834612409,0.15584308500816102,0.37354394289024423,0.009233936854322743,0.05448222477898688,0.23227549303377595,0.15167077262721376,0.1060291088600345,0.015053361392195297,0.08352273996733181,0.017961743514475978
