aaaaa,aaaad,aaadd,aaada,aadda,aaddd,aadad,aadaa,addaa,addad,adddd,addda,adada,adadd,adaad,adaaa,ddaaa,ddaad,ddadd,ddada,dddda,ddddd,dddad,dddaa,dadaa,dadad,daddd,dadda,daada,daadd,daaad,daaaa
22.551874057888824,51.37977818509633,166.4817005150129,1.8542451865455927,35.155368265929425,5.559042615761833,5.651562155101972,1.2152446004394815,0.43227561183457314,0.21408128105904348,0.8469716354398379,1.8536101751297136,1.096499588097875,0.28499522727589,0.2554996172618046,0.025933018196098383,0.15770764497310094,0.00088987120128028,0.013114418367743668,0.0231425122326276,0.29492853565651483,0.2694985498050842,0.09866346011128932,0.2602310129640497,0.03491775989161523,0.003063000447207451,0.13867085755261876,0.2481448343699416,0.05737546536117914,0.0209917662921293,0.08983460675963195,0.016754000748395233
