aaaaa,aaaad,aaadd,aaada,aadda,aaddd,aadad,aadaa,addaa,addad,adddd,addda,adada,adadd,adaad,adaaa,ddaaa,ddaad,ddadd,ddada,dddda,ddddd,dddad,dddaa,dadaa,dadad,daddd,dadda,daada,daadd,daaad,daaaa
22.94956837854743,51.139674798275756,157.74165502611038,1.7571005900308774,34.8886900794045,6.913320066460671,6.400698352030069,1.2028208455504628,0.6297525437241831,0.4137611646265541,1.150000120121571,1.3540172280693452,1.313342937796834,0.26445952558901453,0.26167542834797813,0.02412851679252196,0.15608063692693072,0.0012468376447670679,0.014005392134084952,0.022188170942971215,0.2907233927962985,0.23968988484896653,0.11776896867378071,0.30210611058685305,0.02461388697794431,0.007336229743795383,0.17032309406388713,0.22285980229435912,0.07333550251218464,0.01840054175912625,0.08886530486640523,0.017263933614419153
