aaaaa,aaaad,aaadd,aaada,aadda,aaddd,aadad,aadaa,addaa,addad,adddd,addda,adada,adadd,adaad,adaaa,ddaaa,ddaad,ddadd,ddada,dddda,ddddd,dddad,dddaa,dadaa,dadad,daddd,dadda,daada,daadd,daaad,daaaa
32.84752036474734,45.90272096585556,160.5084023897676,1.6044713078888002,31.072298371595508,6.336991628301694,5.588544569556825,1.166671221721846,0.4283228216378372,0.16100671796157826,0.8473679670846503,1.5878404301461873,1.03841890154169,0.3171092869147364,0.2408330088226723,0.02897825923322136,0.1629132681775038,0.0015099624716187901,0.010988153251539814,0.021496627242420796,0.30077709160943833,0.27277452721637385,0.08105479163539978,0.2507116200676985,0.031247241112799858,0.0038489874532266627,0.1490399370633538,0.21738421777618572,0.05840281476220444,0.022636929942296036,0.08859026754814647,0.01662073490187839
