aaaaa,aaaad,aaadd,aaada,aadda,aaddd,aadad,aadaa,addaa,addad,adddd,addda,adada,adadd,adaad,adaaa,ddaaa,ddaad,ddadd,ddada,dddda,ddddd,dddad,dddaa,dadaa,dadad,daddd,dadda,daada,daadd,daaad,daaaa
29.540528557719426,58.56605036359253,171.7688333813297,3.4466155995750083,40.7345994258416,12.420891809846509,9.704693260938079,1.5549546755964712,1.282936903338607,1.1576359128550238,2.074882515653826,0.8913678316875312,1.9229071622194334,0.32330935823536144,0.32617766455049985,0.021789358367790817,0.20576446256591238,0.0016118989533940174,0.02801850365551275,0.01221524484227636,0.33317017641735636,0.24617575347148776,0.17308876755303942,0.4247310501104357,0.016176085404233723,0.04416304198983766,0.27470959520490384,0.20639024757709074,0.12141474193480918,0.018920398718656434,0.10215240482832728,0.0218919123199835
