aaaaa,aaaad,aaadd,aaada,aadda,aaddd,aadad,aadaa,addaa,addad,adddd,addda,adada,adadd,adaad,adaaa,ddaaa,ddaad,ddadd,ddada,dddda,ddddd,dddad,dddaa,dadaa,dadad,daddd,dadda,daada,daadd,daaad,daaaa
30.92066902512505,45.8251197192983,158.8668345322066,1.7073218547768696,34.629122993571826,6.143098110593579,5.197815742657315,1.379254175093645,0.4851395720693292,0.27393668325662296,0.9969627135149662,1.613604454249398,1.1827957043959054,0.27395483354506106,0.22573379772625285,0.028763210681249853,0.16757326940418094,0.0010814327056267979,0.011095897750573371,0.02467010623657642,0.29171923618341594,0.24984220878676064,0.09747501321999645,0.2760097366314248,0.03524258603522639,0.004960394586961369,0.14864505500417258,0.23543022416805653,0.06458605352699638,0.02003521706983115,0.08486774686271789,0.016018085875188114
