aaaaa,aaaad,aaadd,aaada,aadda,aaddd,aadad,aadaa,addaa,addad,adddd,addda,adada,adadd,adaad,adaaa,ddaaa,ddaad,ddadd,ddada,dddda,ddddd,dddad,dddaa,dadaa,dadad,daddd,dadda,daada,daadd,daaad,daaaa
16.159277070423425,54.2656764734194,147.70341015506466,2.2843940387669806,36.21136941342299,8.792354816421396,8.132423735247416,1.1572554238939734,0.963254222965623,0.8588243894363633,1.5397227079089815,0.9382465724740348,1.5569718327521467,0.24806067613285393,0.28978874637252394,0.014872287481444046,0.15386992567241423,0.0012693283939018275,0.022174474903731624,0.013480324309399707,0.27271452301314497,0.21067664781706474,0.15311145450707123,0.3500551690132565,0.011911119647479814,0.026439655357077218,0.2109377785465,0.19131975268835222,0.09451656380678755,0.015410372187663663,0.08806122963550213,0.01840167220145232
