aaaaa,aaaad,aaadd,aaada,aadda,aaddd,aadad,aadaa,addaa,addad,adddd,addda,adada,adadd,adaad,adaaa,ddaaa,ddaad,ddadd,ddada,dddda,ddddd,dddad,dddaa,dadaa,dadad,daddd,dadda,daada,daadd,daaad,daaaa
21.414818315877863,53.2194324629788,146.97908475675018,3.198017110465229,32.624777982565064,9.908298499014455,9.48156483111643,1.0471076888026354,1.1752707303657965,0.8002972186962422,1.7447168052010464,0.7473642089174681,1.575907867594943,0.29801679494549926,0.3084506242531072,0.016942046671154263,0.16237335152994053,0.0013119408305439578,0.025051022741015953,0.010027267126272823,0.2876266375684668,0.219943695141163,0.14409335117563726,0.3608854005788854,0.00873713659868567,0.034126266903335034,0.24034977363624127,0.16779591960409765,0.10439414543587669,0.017344251995930027,0.09311566802994876,0.01944080311971963
