aaa,aad,add,ada,dda,ddd,dad,daa
281.93305065933504,14.317582609788698,0.9093586471653817,0.5631100301085612,0.14508116014141983,0.12132892691388861,0.03155685642165491,0.008562255434505762
