aaa,aad,add,ada,dda,ddd,dad,daa
267.721059850594,19.171298869637763,1.3433105874535343,0.6519578177063533,0.14447445947591062,0.12408095812363705,0.0398703662129116,0.008415886359493582
