aaa,aad,add,ada,dda,ddd,dad,daa
269.5819067789461,19.25965449259908,1.220794855703158,0.5673089945936527,0.14703067133105827,0.12217052777647991,0.03031498125146716,0.009038272513278439
