aaa,aad,add,ada,dda,ddd,dad,daa
244.68867934573805,16.393331427198742,1.055699708793746,0.5300680975909837,0.13277717930979124,0.11124409398523026,0.031312723978543865,0.007783858273047771
