aaa,aad,add,ada,dda,ddd,dad,daa
276.2691788000152,17.185199138185162,1.0547569446809597,0.5736853482293665,0.14641280259112474,0.12159894518851656,0.03154686612505951,0.00898935739075732
