aaa,aad,add,ada,dda,ddd,dad,daa
288.09197200644184,17.27748641956503,1.0882815794828185,0.6105227638604374,0.15397448351812654,0.12800727041727858,0.03620101685605374,0.00891730267794572
