aaa,aad,add,ada,dda,ddd,dad,daa
296.3396641703945,15.55068376886225,0.9645186471935726,0.5713049204847259,0.15864813946600173,0.1276549479738069,0.032319026043114374,0.00948786341036403
