aaa,aad,add,ada,dda,ddd,dad,daa
279.20167769153517,19.04137552826666,1.1819085132687848,0.593768968722015,0.15308914372647578,0.1254057208022832,0.03278891793272369,0.009124130328160857
