aaa,aad,add,ada,dda,ddd,dad,daa
260.8729658406619,14.197911862093097,0.8672650152802258,0.5178934456146963,0.13944010812046745,0.11187011075132346,0.02768521677009387,0.008394494147716997
