aaa,aad,add,ada,dda,ddd,dad,daa
249.2838145667164,16.538697082296437,1.0932461749390037,0.5307660277544969,0.13342356293464364,0.11322134094034833,0.02942879297065898,0.008076683228491073
