aaa,aad,add,ada,dda,ddd,dad,daa
284.83889051432016,22.58220736013972,1.4665661338095886,0.6195729002985216,0.16092590456232747,0.13189221913916024,0.03765117090944909,0.0097179118210716
