aaa,aad,add,ada,dda,ddd,dad,daa
283.60114876560874,17.655285460963633,1.115124776984414,0.6076848932997878,0.15186796924799462,0.12622004151476504,0.03365404104104377,0.00898902869217496
