aaa,aad,add,ada,dda,ddd,dad,daa
254.13215679535202,15.318794097421048,0.9055965139900816,0.504836302793812,0.13596611143935294,0.11080662743146237,0.02580529670211698,0.008172158401348946
