aaa,aad,add,ada,dda,ddd,dad,daa
271.0385562770498,19.844712978059064,1.3250524847656402,0.6068577009829312,0.14631470432035162,0.1246194573615601,0.03473748196575854,0.008954099669314297
