aaa,aad,add,ada,dda,ddd,dad,daa
254.41937274260098,13.479598530413334,0.8428910437386029,0.5120267742139302,0.13379742260916452,0.10966890979391997,0.029246689375898496,0.007929310287701228
