aaa,aad,add,ada,dda,ddd,dad,daa
274.9394980249031,17.24478436492633,0.9970285042018824,0.5140340599273037,0.14978916777484333,0.11981800517862427,0.02554986826962656,0.009179686878121653
