aaa,aad,add,ada,dda,ddd,dad,daa
269.97644384733877,16.97268783437651,1.0578080709789688,0.5681708846225473,0.14420763741496442,0.12017463019056975,0.031961916921641284,0.008583433592558752
