aaa,aad,add,ada,dda,ddd,dad,daa
322.08578042613726,16.289396984221856,1.0178756381335448,0.6345612479612899,0.1686007762196894,0.13648178416469273,0.03437398064945177,0.010239871975465312
