aaa,aad,add,ada,dda,ddd,dad,daa
277.41255938072015,20.99474546512989,1.4179159079557198,0.6267982741612829,0.1513425712018605,0.12830247101838932,0.03516884264579423,0.009352780888295113
