aaa,aad,add,ada,dda,ddd,dad,daa
247.3225680661827,16.699663380556967,1.0469988509909645,0.5164161611068582,0.1351131588136564,0.1111703769890912,0.029402401177326797,0.0081925307920582
