aaa,aad,add,ada,dda,ddd,dad,daa
264.6660447092051,11.901149720207725,0.7553142151124133,0.4746427666131789,0.13775737078283687,0.11017333771454903,0.026797950497151182,0.008273024496554765
