aaa,aad,add,ada,dda,ddd,dad,daa
294.83404076550306,14.296410888922168,0.8880919423064598,0.5511761000232887,0.1550842325894735,0.12372354552180953,0.03064492490697362,0.009339586809700026
