aaa,aad,add,ada,dda,ddd,dad,daa
285.6966382425323,15.357915166026336,0.8944687807150385,0.5081525328715097,0.15740546962888022,0.11984742628724565,0.025769440698001727,0.009723373430691878
