aaa,aad,add,ada,dda,ddd,dad,daa
289.4837785603339,20.31910728700458,1.3503065508789045,0.6645660184885442,0.15553258009191287,0.13195705751184977,0.036745225710082444,0.009363657171554298
