aaa,aad,add,ada,dda,ddd,dad,daa
239.67467932955446,13.867876080993593,0.8635830932754359,0.4935973389144021,0.12476977123982491,0.10525906590364421,0.026786788296439937,0.0074011916891334704
