aaa,aad,add,ada,dda,ddd,dad,daa
278.13899572392774,19.90097663371843,1.322123376321573,0.6318851201203066,0.15155528934240065,0.1277284351581647,0.03650795921896329,0.00890840516539152
