aaa,aad,add,ada,dda,ddd,dad,daa
262.1374314670948,18.579558960056783,1.1825611048385585,0.5555351666803247,0.1460041496518157,0.11924121217935758,0.03136033552703882,0.008946252903076475
