aaa,aad,add,ada,dda,ddd,dad,daa
330.71660000579027,19.420249958407005,1.1746087001640986,0.65431384861079,0.1800739179916675,0.14448249961942958,0.03765360868906487,0.010617352284408053
