aaa,aad,add,ada,dda,ddd,dad,daa
273.57385433456693,14.981814079406703,0.8879241057871184,0.511431648729079,0.14721365033254247,0.11710565806177153,0.026264515479453708,0.008990151692631102
