aaa,aad,add,ada,dda,ddd,dad,daa
263.6168004235272,14.00063676452315,0.8665202165876633,0.5204196729059627,0.13920189862240565,0.11352316359948668,0.027778181924544,0.008350711475373087
