aaa,aad,add,ada,dda,ddd,dad,daa
245.84681546816776,19.003662079954346,1.321359143690699,0.5619340415681802,0.13149066112527147,0.11396444896532971,0.03154043438522834,0.008389649165350423
