aaa,aad,add,ada,dda,ddd,dad,daa
240.46195467795783,16.215021130324743,1.0382875095514092,0.53090597157891,0.12911484626578412,0.10868577569333379,0.029350105549023706,0.007625803250677319
