aaa,aad,add,ada,dda,ddd,dad,daa
280.55547557432357,15.473481574022342,0.9518382593029507,0.5615288335956818,0.1498033655050486,0.12105091741933469,0.030409109698953822,0.009040513130948448
