aaa,aad,add,ada,dda,ddd,dad,daa
253.48501872346228,30.558171473254944,3.822258103729027,0.31271868437199657,0.0877785391933879,0.24387602735045416,0.009143526396540981,0.01352873162644216
