aaa,aad,add,ada,dda,ddd,dad,daa
226.29727185571807,35.21223026904087,4.560436441414099,0.28226082431075655,0.08740509104755377,0.23759792312238753,0.010564544405130962,0.013348396187053177
