aaa,aad,add,ada,dda,ddd,dad,daa
226.2960963538081,26.932144646416006,3.583654905728799,0.29739341399273106,0.08304292667445545,0.21608262650915983,0.009614216415590866,0.011904299636564
