aaa,aad,add,ada,dda,ddd,dad,daa
220.49810841639777,22.764397997357257,3.224763664711747,0.2869048233772933,0.08137693666664668,0.20438514369169203,0.008772136248910553,0.011276516316254133
