aaa,aad,add,ada,dda,ddd,dad,daa
241.4432346588739,31.22293407450508,4.0693712536934035,0.30937621223962475,0.09311523485243295,0.2343149331830584,0.010589468582670274,0.013143990593729928
