aaa,aad,add,ada,dda,ddd,dad,daa
232.84458097100622,27.048931374767804,3.4957052245056044,0.29657078853933405,0.07563668466745013,0.2229246276243956,0.008611676899989686,0.01196730091820999
