aaa,aad,add,ada,dda,ddd,dad,daa
275.82811021601924,25.893261436435203,3.8545518492683017,0.3443287027002,0.10875126393328574,0.24851643729142991,0.01047574758987022,0.014102989690371985
