aaa,aad,add,ada,dda,ddd,dad,daa
263.8640049741137,27.158402605016438,3.9257313587841662,0.3512779251346216,0.09708530983497286,0.24550855123767656,0.011065386012913375,0.01350283995979287
