aaa,aad,add,ada,dda,ddd,dad,daa
270.5341379872059,40.433559607659056,4.966475418070122,0.28013364818190933,0.10696463381125686,0.2863312228804187,0.009153635893464362,0.01699044493547833
