aaa,aad,add,ada,dda,ddd,dad,daa
273.04814668213425,41.004661580965966,4.830870381352581,0.2817058470971883,0.10054129821193285,0.28653794525881765,0.00986183835963098,0.017170042638436363
