aaa,aad,add,ada,dda,ddd,dad,daa
275.01855083531433,31.21054240013026,4.310988067622579,0.3889932071117083,0.10138640123760116,0.2571161874212183,0.012930221439576109,0.013979384122387794
