aaa,aad,add,ada,dda,ddd,dad,daa
212.29252724247112,21.351927296488057,3.020423773901156,0.2779202970597621,0.0764022632088685,0.19376626082956439,0.008152865827783427,0.010518029237320306
