aaa,aad,add,ada,dda,ddd,dad,daa
237.93386337085227,33.40585023547404,4.040772827447487,0.27840301599214795,0.08398090386823297,0.24066013650681115,0.00875073465740376,0.013530560025979438
