aaa,aad,add,ada,dda,ddd,dad,daa
263.68696563249205,32.63222841807007,4.5305016704369265,0.3708006561030605,0.09935179886093867,0.2545341348901373,0.013446641317724245,0.013882549063425528
