aaa,aad,add,ada,dda,ddd,dad,daa
242.31738288386828,33.62356451955823,4.262297224560149,0.320214771171998,0.09104495507847456,0.23780269566129528,0.011328593858203433,0.013165837207824967
