aaa,aad,add,ada,dda,ddd,dad,daa
246.36900505619573,30.848323709385397,3.9448357871041275,0.3090746343225734,0.08868581780123581,0.24035219902168362,0.00967309117238267,0.01340875799709511
