aaa,aad,add,ada,dda,ddd,dad,daa
248.73122493517172,31.43375481242426,4.134374430646712,0.330008276057187,0.09398398245147711,0.23892042380920184,0.01127466383407957,0.013229545906476382
