aaa,aad,add,ada,dda,ddd,dad,daa
242.03247295673464,32.83871067498708,4.10051034938433,0.31094268136629694,0.08503602169357839,0.23978347424437518,0.010232281890246973,0.01318643744134528
