aaa,aad,add,ada,dda,ddd,dad,daa
225.9846311693233,27.973868689318877,3.5537273141056747,0.284341045401019,0.07433796906745031,0.22048789199022098,0.008480734657049991,0.011940623425008816
