aaa,aad,add,ada,dda,ddd,dad,daa
226.46606250277023,26.47867137840205,3.4456379235767174,0.29471169769009686,0.08016569124869176,0.2150733787668096,0.008985189983475618,0.011805146462855928
