aaa,aad,add,ada,dda,ddd,dad,daa
236.36893809936475,25.08569650836963,3.4840818420339392,0.31508024668664664,0.08676104954845029,0.21952507515477357,0.009749289872868785,0.012120044512301306
