aaa,aad,add,ada,dda,ddd,dad,daa
232.96465382319187,28.05852418183219,3.4723399077985073,0.27709956757469245,0.07685673646358229,0.2257237258433801,0.00774849139049289,0.012407119822268057
