aaa,aad,add,ada,dda,ddd,dad,daa
261.892502848537,33.033851855992104,4.098974106097482,0.3055985355052166,0.09134524479866968,0.2579710495711832,0.008991140484660553,0.014473934526536577
