aaa,aad,add,ada,dda,ddd,dad,daa
257.061353391481,33.21532024464329,4.032470077698818,0.2867528327919086,0.09632166168867429,0.25338622061986643,0.00860431138325712,0.0147614042483955
