aaa,aad,add,ada,dda,ddd,dad,daa
257.9068504855397,29.88109120487793,4.26573429130336,0.3569966535007112,0.09884460850221992,0.24486386558724793,0.01256696246295028,0.013405660895071513
