aaa,aad,add,ada,dda,ddd,dad,daa
255.62740577926982,33.18627418412225,3.9229475991149316,0.2742951459230652,0.09398682712610303,0.2526864930142924,0.00787316319836307,0.01478142483472044
