aaaa,aaad,aadd,aada,adda,addd,adad,adaa,ddaa,ddad,dddd,ddda,dada,dadd,daad,daaa
226.50790136392624,52.112561149734525,16.263374807233745,16.096213413446407,7.091646734498409,1.6532730798343638,2.4613496893338995,0.9406614159277211,0.006494399111363968,0.011430465051296444,0.02598403297195541,0.03045749088191319,0.30472938999215776,0.02368627194921651,0.15944692033484734,0.012949802874822539
