aaaa,aaad,aadd,aada,adda,addd,adad,adaa,ddaa,ddad,dddd,ddda,dada,dadd,daad,daaa
231.0887461503388,53.57853188189674,15.64009301227859,11.144685439158824,5.135873047289588,1.6223869784115041,2.1184165106055217,0.838503076758938,0.00599625767076262,0.01072916820022314,0.021423498977300934,0.01610666009672866,0.20264808021790467,0.016963719719774017,0.13540037049341455,0.011754198212611453
