aaaa,aaad,aadd,aada,adda,addd,adad,adaa,ddaa,ddad,dddd,ddda,dada,dadd,daad,daaa
222.96022692780502,51.11529203743777,20.971718217831743,10.427769236586478,5.7343912383497075,1.3795661719377486,2.3928003806835023,0.8051711412354646,0.0074204082605356944,0.012472340569586944,0.019580866686395026,0.030803953553891428,0.21429614085785312,0.024273992233985034,0.14023227071910546,0.011896090435405116
