aaaa,aaad,aadd,aada,adda,addd,adad,adaa,ddaa,ddad,dddd,ddda,dada,dadd,daad,daaa
217.0336091753608,48.11217151301013,13.245985951333466,13.929888402477188,5.387101733164579,1.5966790607458694,2.115993595556299,0.8711788781090427,0.006028651711603842,0.008888498289504807,0.02277710802949994,0.011999026018461718,0.2360917909033426,0.020966452578075286,0.14481666937482043,0.012227511238269043
