aaaa,aaad,aadd,aada,adda,addd,adad,adaa,ddaa,ddad,dddd,ddda,dada,dadd,daad,daaa
230.43343829801594,55.21562222085241,21.45379112113267,8.965749319059874,5.451769799921668,1.52610788879848,2.3363799956149562,0.7773485117629262,0.0073575095518886155,0.013675727431572754,0.019962645400438267,0.032168057798698614,0.19183604854147254,0.029890295255997498,0.13473568643887984,0.011498046984853981
