aaaa,aaad,aadd,aada,adda,addd,adad,adaa,ddaa,ddad,dddd,ddda,dada,dadd,daad,daaa
235.87172736482233,54.71476379182896,19.850138114153562,9.791288565283136,5.35756077696129,1.5448368998920303,2.3215319134893755,0.8243863175488254,0.005971659061574641,0.012561587255897151,0.019832218877387314,0.026505184459293382,0.1884092890613463,0.02271267148602213,0.13746063021114463,0.011765670300593214
