aaaa,aaad,aadd,aada,adda,addd,adad,adaa,ddaa,ddad,dddd,ddda,dada,dadd,daad,daaa
249.90142014319096,59.71899996006365,8.216577607150347,19.75222103980299,6.5609738793605805,2.4447087453161576,2.107491754705442,1.1079527057739904,0.0058721568843613774,0.008558728631144659,0.025023239675647613,0.015285212577777563,0.3250509759851356,0.06535537274095413,0.164984256427113,0.013349846710950564
