aaaa,aaad,aadd,aada,adda,addd,adad,adaa,ddaa,ddad,dddd,ddda,dada,dadd,daad,daaa
222.53398580971933,47.813305689138915,25.28046502773982,5.589413781951926,3.7652123996408124,1.5577637503491613,2.079437712499917,0.6688921455096435,0.005284839483749158,0.012655136826507147,0.015551804068663069,0.028630405816965212,0.1005916411162084,0.044487003597757965,0.1018510961995614,0.010085588836146738
