aaaa,aaad,aadd,aada,adda,addd,adad,adaa,ddaa,ddad,dddd,ddda,dada,dadd,daad,daaa
239.12639766096598,56.21458843169727,25.491918613751512,9.41357054457932,6.0021481592699235,1.4977374183176342,2.6042765334885174,0.8224959506946532,0.008610223978240654,0.01456459825998071,0.019984300875773846,0.04117509848041732,0.207795794422565,0.03790945360373805,0.14646435923936255,0.012446200157932089
