aaaa,aaad,aadd,aada,adda,addd,adad,adaa,ddaa,ddad,dddd,ddda,dada,dadd,daad,daaa
217.24168788640915,49.61093292690796,21.314933877294127,6.996937122816214,4.41113386182727,1.4107823470714453,2.0848334826416988,0.7006167384686841,0.006604448018170366,0.011729584805556066,0.015674259212792908,0.026555507938986853,0.1452364876865221,0.030754098890744805,0.1140199223575158,0.010373142525841287
