aaaa,aaad,aadd,aada,adda,addd,adad,adaa,ddaa,ddad,dddd,ddda,dada,dadd,daad,daaa
229.78393860241897,57.29722947540251,12.441459596406256,16.006761795982356,6.731770056552971,2.1023666890616686,2.2067739595425553,0.9344294158996367,0.005751013530538082,0.012023112458314675,0.030531290856059674,0.026356941913628387,0.29601703570685667,0.031838077550807156,0.15210439331596384,0.012333702845295813
