aaaa,aaad,aadd,aada,adda,addd,adad,adaa,ddaa,ddad,dddd,ddda,dada,dadd,daad,daaa
215.25389581155684,48.41501048891821,23.275050045659835,8.820205503618453,5.393222888158352,1.2605125709245715,2.363150096412528,0.7512002838049356,0.007437578864283081,0.012589277193592248,0.016911160013078772,0.03593716207070556,0.18867625601727242,0.0309191352221174,0.1301796205585312,0.011244439818878698
