aaaa,aaad,aadd,aada,adda,addd,adad,adaa,ddaa,ddad,dddd,ddda,dada,dadd,daad,daaa
205.1283408573124,47.5903233090423,16.226119311296543,8.940678676743284,4.503464978760243,1.4019004024953843,1.9898414507836557,0.7190636087123109,0.006196665053593857,0.010578532828505065,0.017906715460008635,0.016319091655565124,0.1687287114437269,0.018255324164077477,0.1226739331990359,0.010587019418711763
