aaaa,aaad,aadd,aada,adda,addd,adad,adaa,ddaa,ddad,dddd,ddda,dada,dadd,daad,daaa
209.85193159222595,45.57394707804898,22.48895585215071,7.070750976341847,4.363587529822118,1.2798425295375477,2.116221226264536,0.6931048492821941,0.006629103676202288,0.011321226528585256,0.01472411894415832,0.027354020478439163,0.14364562357668872,0.03149585120747345,0.1125672599523569,0.010504724360440849
