aaaa,aaad,aadd,aada,adda,addd,adad,adaa,ddaa,ddad,dddd,ddda,dada,dadd,daad,daaa
235.82757068960595,55.580950767986195,17.412719401910383,12.411531325888555,6.012030870263575,1.624825461761423,2.3361598684785774,0.8787748895287227,0.006641251105973354,0.011936391907734828,0.023083189934984955,0.024928689100033534,0.23928462612514054,0.019876065673409785,0.14654887974496478,0.01235207953126902
