aaaa,aaad,aadd,aada,adda,addd,adad,adaa,ddaa,ddad,dddd,ddda,dada,dadd,daad,daaa
269.2727940784867,63.50442241101388,21.284215265382585,13.73913376537598,7.114438217456691,1.7445433044057757,2.6960770584219165,0.9968580152874099,0.007420719168875438,0.014044102595234215,0.02508726341577706,0.03616480039560218,0.2756399596573705,0.02218580859394694,0.16320883179394632,0.01393238026779888
