aaaa,aaad,aadd,aada,adda,addd,adad,adaa,ddaa,ddad,dddd,ddda,dada,dadd,daad,daaa
241.45869942461482,54.86253199954484,16.013693329176235,14.98023529129855,6.452445394583007,1.7002438040402423,2.392921481768538,0.9614366879934549,0.006386537241226398,0.010813006465180524,0.024474744423054504,0.021266066566892065,0.271298876031372,0.020484030126603627,0.1566185891206624,0.013183026523283986
