aaaa,aaad,aadd,aada,adda,addd,adad,adaa,ddaa,ddad,dddd,ddda,dada,dadd,daad,daaa
218.09543741091258,49.94122361623942,17.927238804733207,8.451172189711192,4.594416962931594,1.4197879993946343,2.0197659456863244,0.7415090666996103,0.00590380213775412,0.010923704352221522,0.01672255991513681,0.020234531818437027,0.16351026159030171,0.01941037005085415,0.11876610042603147,0.010586789123305768
