aaaa,aaad,aadd,aada,adda,addd,adad,adaa,ddaa,ddad,dddd,ddda,dada,dadd,daad,daaa
232.662987327061,55.29075100416079,11.168953166193592,17.826931301875867,6.617950300855548,2.0985953781948306,2.2366233629220456,0.9968969125927145,0.006195251030097963,0.009368595702365845,0.02756575908557193,0.017423405577570664,0.3053723587452251,0.03814356983105285,0.16103475548852467,0.01290427963839575
