aaaa,aaad,aadd,aada,adda,addd,adad,adaa,ddaa,ddad,dddd,ddda,dada,dadd,daad,daaa
202.82525991384097,47.05925354251633,18.581114851889,8.599377730783461,4.899336671868856,1.2697608770246909,2.066329057631255,0.7103296726089059,0.006316304617606044,0.011214234483336477,0.016801752846473467,0.026973119634715895,0.1766928636000568,0.021983423331432352,0.11975227098567977,0.01049249786820431
