aaaa,aaad,aadd,aada,adda,addd,adad,adaa,ddaa,ddad,dddd,ddda,dada,dadd,daad,daaa
248.9578512144169,58.29351980724554,18.835075652221185,12.60841135515567,6.185358388664737,1.685873395882055,2.4551427014948866,0.9177314791503904,0.007000700692185801,0.012687088711875304,0.02369924931110753,0.0258548964878571,0.24294816296192392,0.020721009196173937,0.15257028548421625,0.0129371437718046
