aaaa,aaad,aadd,aada,adda,addd,adad,adaa,ddaa,ddad,dddd,ddda,dada,dadd,daad,daaa
239.99571124617697,52.678135277681484,17.318593502382438,11.957906634702146,5.2814202423423815,1.5679052272032798,2.2735994773221653,0.8868702047916738,0.006508718400729078,0.010620642932073533,0.021260371819286215,0.015014311841395457,0.20984206451487739,0.016168259745178475,0.14361213265675385,0.012748781492544591
