aaaa,aaad,aadd,aada,adda,addd,adad,adaa,ddaa,ddad,dddd,ddda,dada,dadd,daad,daaa
233.84866380754076,53.99864651485999,16.864092859714045,12.32853926713852,5.742278824731366,1.5923504011726894,2.2842751016471037,0.8759317914617953,0.006432351144791581,0.011230267066276584,0.0224547503000453,0.020949383510123185,0.22992925674021536,0.018374386697087238,0.14453201432094162,0.012332541438968078
