aaaa,aaad,aadd,aada,adda,addd,adad,adaa,ddaa,ddad,dddd,ddda,dada,dadd,daad,daaa
219.25211804329905,53.42016595144334,12.613811653896512,14.925994294621328,6.422237590791168,1.8745700481629475,2.1623560315287254,0.9008017270542523,0.00453044655722766,0.011065292645865733,0.026988935525365916,0.02679044480407645,0.26964640820828484,0.028081321568872705,0.14595105641521977,0.011826686305537255
