aaaa,aaad,aadd,aada,adda,addd,adad,adaa,ddaa,ddad,dddd,ddda,dada,dadd,daad,daaa
67.50242511823672,148.12297229474584,29.36261111743079,6.273988734067683,0.743070136290659,1.6595396450755797,1.011934156849551,0.247107206238022,0.13224141630543415,0.03923504955266517,0.4073182630763681,0.35767488541279907,0.038947055288938354,0.27762935212627415,0.047686685142391966,0.07702257224521945
