aaaa,aaad,aadd,aada,adda,addd,adad,adaa,ddaa,ddad,dddd,ddda,dada,dadd,daad,daaa
67.34519836835833,153.76887654161953,29.167972938358986,6.738164868656937,0.743546840497645,1.6865019926192266,0.9826353804511087,0.2743293455803629,0.12278998702963952,0.03949528592674455,0.4176470772393074,0.36105117931935504,0.03534689670256968,0.2796319233610256,0.04579773962427472,0.08110429233248104
