aaaa,aaad,aadd,aada,adda,addd,adad,adaa,ddaa,ddad,dddd,ddda,dada,dadd,daad,daaa
81.31721673675138,173.26642919585686,33.11282307500278,7.424776191368201,0.8007481592596811,1.8754756507553472,1.1746493952119987,0.2940779645079526,0.15700000242573323,0.04327322776268346,0.4949703658983538,0.3970182783683983,0.04171948542768989,0.32223943143138245,0.0578075630703448,0.09222305093638249
