aaaa,aaad,aadd,aada,adda,addd,adad,adaa,ddaa,ddad,dddd,ddda,dada,dadd,daad,daaa
70.51095516960856,152.54630667494038,33.1621887891048,8.294322623951778,1.399655846467443,1.7904019042304737,1.3186789666805705,0.30397866470908297,0.13670296888737682,0.039514133182787035,0.4036786711245033,0.4683692327405734,0.027834205413598816,0.3069131056806054,0.05610308701218141,0.08688382093113814
