aaaa,aaad,aadd,aada,adda,addd,adad,adaa,ddaa,ddad,dddd,ddda,dada,dadd,daad,daaa
68.59707898965384,148.8963750676608,29.223479178910146,7.376184267214384,0.9861410457822241,1.6341501594752037,1.1142520116633159,0.28214949059102146,0.12917720182880926,0.03701705416769448,0.4120485302685009,0.3931817778834443,0.025430814186755038,0.28468565359039644,0.050931414351135545,0.08354809580274
