aaaa,aaad,aadd,aada,adda,addd,adad,adaa,ddaa,ddad,dddd,ddda,dada,dadd,daad,daaa
76.5169512899852,170.98187923259678,34.82000855627361,7.725614876086735,1.0229452638177385,1.9352509468510741,1.223693648051302,0.3019582783730501,0.14673045545910593,0.04586468633296532,0.45852414461870794,0.44335990841588035,0.03996569453915233,0.32512505754229143,0.054745222244653204,0.09092874689480082
