aaaa,aaad,aadd,aada,adda,addd,adad,adaa,ddaa,ddad,dddd,ddda,dada,dadd,daad,daaa
70.51570184675032,161.20561623328928,26.412924643393033,5.924070501666417,0.4463427188497024,1.705972559523276,0.8349503612940717,0.2451829829176763,0.13534253666660154,0.04008384409814717,0.4523287748701714,0.3056372247698305,0.05365469729430238,0.2674595512180124,0.04564595539840954,0.07900535533033394
