aaaa,aaad,aadd,aada,adda,addd,adad,adaa,ddaa,ddad,dddd,ddda,dada,dadd,daad,daaa
80.4566489612799,165.1159948975732,27.1706434065083,6.404091864299809,0.47658977406001607,1.6588468223882686,0.9455997232892975,0.260064598816238,0.15169987732879267,0.037608855124079445,0.4996196632241117,0.30361914699348996,0.04779357139651541,0.2834636119649533,0.05304543502084241,0.08564519563770315
