aaaa,aaad,aadd,aada,adda,addd,adad,adaa,ddaa,ddad,dddd,ddda,dada,dadd,daad,daaa
76.61088720331526,161.11870037599974,35.67524773491145,9.454602692998339,1.6405833860450092,1.9347001902649235,1.5114796997807125,0.3392312478263913,0.1486458283736856,0.04054892773639757,0.43753315026292616,0.5074426843362627,0.026637507034904535,0.3351776414878336,0.06532325288053424,0.09532693752526221
