aaaa,aaad,aadd,aada,adda,addd,adad,adaa,ddaa,ddad,dddd,ddda,dada,dadd,daad,daaa
74.7907596741633,159.31292152600074,30.28323772226998,6.870293646224688,0.759184753269445,1.715795659302564,1.0807878718693396,0.2704705369676634,0.1446108413993915,0.03967141805135102,0.45305751959115076,0.3704208109066125,0.0376692773790576,0.2957225804917688,0.053240526365917584,0.0850473294417856
