aaaa,aaad,aadd,aada,adda,addd,adad,adaa,ddaa,ddad,dddd,ddda,dada,dadd,daad,daaa
71.61268670989479,147.6888820467163,31.254100886523506,8.225434981351283,1.3907124829723507,1.7318211626264393,1.318913601789125,0.2921238292203548,0.14489632336915112,0.035950002940748606,0.4043576545177347,0.45443659280619714,0.02399446846385623,0.30101560634236446,0.05927145422535166,0.08610271176666881
