aaaa,aaad,aadd,aada,adda,addd,adad,adaa,ddaa,ddad,dddd,ddda,dada,dadd,daad,daaa
67.49055218019211,153.05661750490347,29.827737533628213,6.78031993916162,0.8016392844093991,1.6988052752724807,1.0194716322470383,0.27189443383995315,0.12508439658894865,0.040162417441281614,0.4132877529145014,0.37380708634870097,0.035231808636194996,0.28305426169778053,0.04673049961655261,0.08088339582354347
