aaaa,aaad,aadd,aada,adda,addd,adad,adaa,ddaa,ddad,dddd,ddda,dada,dadd,daad,daaa
65.32381584164743,144.3254089887104,30.54253081000467,6.903912435671984,0.9946797809803034,1.6576934251710473,1.1122276365054753,0.2651986020605524,0.12490023837368924,0.03836368810081488,0.3871617609348875,0.3934885656204029,0.031151585726658562,0.2815303364103496,0.0484204696054002,0.07827396114097993
