aaaa,aaad,aadd,aada,adda,addd,adad,adaa,ddaa,ddad,dddd,ddda,dada,dadd,daad,daaa
76.07324477566122,166.73272342745892,39.61837702623904,8.881255453086897,1.777624773305749,2.0540310695177677,1.5310266060209197,0.3121603914560459,0.15753582403729283,0.047958982539493246,0.41277445305290694,0.568183200567519,0.0444990536820235,0.34412906016851375,0.061618724951273025,0.09063645760114374
