aaaa,aaad,aadd,aada,adda,addd,adad,adaa,ddaa,ddad,dddd,ddda,dada,dadd,daad,daaa
70.84521274644717,152.77664222393048,28.798355608921423,6.463309417982178,0.7052454854059208,1.649996951177004,1.009056501093648,0.2546352573022025,0.1374015423946641,0.038460198098078234,0.43064398234915224,0.35263033015869527,0.03788091306856502,0.2806149279767001,0.04958240024288499,0.08032432438377264
