aaaa,aaad,aadd,aada,adda,addd,adad,adaa,ddaa,ddad,dddd,ddda,dada,dadd,daad,daaa
81.1664983640763,170.57542907010333,32.42881596475464,7.746852938652146,0.873452863692419,1.818708192540607,1.2042504937689273,0.3022787771713121,0.15491977183698244,0.04116008514403862,0.4926595458531272,0.4022582503355728,0.0342200571391726,0.32068646159822595,0.05914997518475797,0.09362675223477061
