aaaa,aaad,aadd,aada,adda,addd,adad,adaa,ddaa,ddad,dddd,ddda,dada,dadd,daad,daaa
74.01821001989231,156.448258004726,32.89995818653812,6.978539960565028,0.9817028242602936,1.807363886036368,1.2136294572191573,0.2637412940602053,0.14774724286080185,0.0413266771834871,0.43165225632410836,0.4114743412969141,0.03863497250030933,0.30485343878276416,0.05557138291435667,0.08264250103034822
