aaaa,aaad,aadd,aada,adda,addd,adad,adaa,ddaa,ddad,dddd,ddda,dada,dadd,daad,daaa
80.00324419285813,173.23638332323037,39.793700035331916,10.30241968887182,1.9604883701005977,2.1277821582339644,1.604617309872534,0.3745675458994209,0.14583035212119133,0.04748718385260915,0.43637537232219514,0.5855739848793968,0.03342483353563487,0.3554893084365216,0.06271028711072126,0.10018785042708321
