aaaa,aaad,aadd,aada,adda,addd,adad,adaa,ddaa,ddad,dddd,ddda,dada,dadd,daad,daaa
74.81282591929418,157.67407620292087,29.797687549236855,7.363255502043159,0.8559544448939254,1.6771114961379485,1.1252200066070537,0.2851798554796684,0.1421857819875107,0.03765665528689476,0.45433424219014473,0.3793608498357361,0.02887817264182586,0.2968782958942333,0.05480395681843133,0.08768179066646527
