aaaa,aaad,aadd,aada,adda,addd,adad,adaa,ddaa,ddad,dddd,ddda,dada,dadd,daad,daaa
86.65364787844271,175.53865766063706,30.465225021807317,6.727333330756388,0.5825430578070623,1.827466038503636,1.0491400625076759,0.26714005913253813,0.16768715987209395,0.04211067062028551,0.5191189887801257,0.3474670495503904,0.05457441473764256,0.3080308104678829,0.05703167179080141,0.08967858291785073
