aaaa,aaad,aadd,aada,adda,addd,adad,adaa,ddaa,ddad,dddd,ddda,dada,dadd,daad,daaa
81.83396131410885,173.73741385055473,29.177662207000413,6.386411985058577,0.49441241623159693,1.8391168007554533,0.9589859982618906,0.2594969276570591,0.15998904827890525,0.04083144402463369,0.5078723754717527,0.3251493432846564,0.0589129613433849,0.2959394902892553,0.053308191648426,0.08642603938000291
