aaaa,aaad,aadd,aada,adda,addd,adad,adaa,ddaa,ddad,dddd,ddda,dada,dadd,daad,daaa
70.17349697211283,156.43286463171427,29.997082384798407,6.283021834450263,0.6677485339832345,1.753402335698562,0.9925897949930123,0.2519094532557402,0.13733652578606947,0.041508636783110946,0.43074555060462577,0.35513740618393325,0.045870668315466136,0.2855436372461844,0.04802751516711595,0.07929542393897829
