aaaa,aaad,aadd,aada,adda,addd,adad,adaa,ddaa,ddad,dddd,ddda,dada,dadd,daad,daaa
77.82426325776927,170.1357796728461,30.707529977591438,6.4119950336835,0.540976603165487,1.8823149778827213,0.9923460752022152,0.26163944565216435,0.15097090124993484,0.04313109023587678,0.48711118351208854,0.3392717969565453,0.05707087801224017,0.3001863701714676,0.051768664476952386,0.08497782280541064
