aaaa,aaad,aadd,aada,adda,addd,adad,adaa,ddaa,ddad,dddd,ddda,dada,dadd,daad,daaa
72.87873401652729,151.5101409992155,29.063214602813098,6.546785836106731,0.7438611256117101,1.6327235216308837,1.0538995972944611,0.2549415327292174,0.14214435970909925,0.03767472018231059,0.4338827579813941,0.3560748103465379,0.03615145248338356,0.2839045884909758,0.052209782310140194,0.08121593959622361
