aaaa,aaad,aadd,aada,adda,addd,adad,adaa,ddaa,ddad,dddd,ddda,dada,dadd,daad,daaa
76.89803108106453,174.45144660064253,37.753503040649434,7.851918243231836,1.1809237557347805,2.0599494238818705,1.2990254421148426,0.30354678372091526,0.1509113885414739,0.04885864699053134,0.4494115165980712,0.48258253427442055,0.04680492460300441,0.33900452811962745,0.05537388982549207,0.09069725460294618
