aaaa,aaad,aadd,aada,adda,addd,adad,adaa,ddaa,ddad,dddd,ddda,dada,dadd,daad,daaa
79.09634539208716,176.64862801992788,26.836396034187068,6.227919126716075,0.38594195112359364,1.8097912351743175,0.8614169640822774,0.26089133372810164,0.15096112531307987,0.04190171289613435,0.5119669359276235,0.2995054652024075,0.06504000274836942,0.2816701890563878,0.0510768844546153,0.0858142551125062
