aaaa,aaad,aadd,aada,adda,addd,adad,adaa,ddaa,ddad,dddd,ddda,dada,dadd,daad,daaa
71.63561133868033,148.5149450675921,29.496380216669277,7.500704167505902,1.038336433882313,1.6376661150092877,1.1812834837647117,0.2789463074428433,0.1397445862179828,0.03525948967450257,0.42206014992515445,0.3969360155268747,0.02369018935317392,0.2901878728496472,0.05538043838345464,0.0848130226144313
