aaaa,aaad,aadd,aada,adda,addd,adad,adaa,ddaa,ddad,dddd,ddda,dada,dadd,daad,daaa
73.09858922772491,158.7140013774596,27.79284921087485,6.17397834329288,0.5407043945172874,1.6840648913159348,0.9293882841417916,0.24900137833313252,0.1414182841543983,0.03912213831915145,0.4550392387738939,0.3229317065834306,0.047082341358877476,0.2770236221239716,0.0486715521913774,0.08038296408259478
