aaaa,aaad,aadd,aada,adda,addd,adad,adaa,ddaa,ddad,dddd,ddda,dada,dadd,daad,daaa
78.77845693063057,177.94051851756672,31.572766560159614,6.640414364529322,0.5611711782680479,1.976914280298006,0.9952890331675427,0.27389534170454083,0.1549116401370081,0.04403379526683257,0.49924334487749406,0.3545009053860316,0.05888511596713931,0.30996717521471523,0.05214782504725053,0.08829653350548759
