aaaa,aaad,aadd,aada,adda,addd,adad,adaa,ddaa,ddad,dddd,ddda,dada,dadd,daad,daaa
80.81341757865765,179.84336099058984,36.223074848850416,7.632854675115501,0.9636524593615722,2.0412312204961047,1.237130830621317,0.29963892142800636,0.15924678856558472,0.048891024005859096,0.48332372537473883,0.4503439427119898,0.049014662963450875,0.338638677229682,0.05712266871618769,0.09328482035986596
