aaaa,aaad,aadd,aada,adda,addd,adad,adaa,ddaa,ddad,dddd,ddda,dada,dadd,daad,daaa
75.19386623816384,166.0890753760781,32.12215863579169,7.261490231319132,0.8220782184067168,1.8211506634919679,1.121512381474204,0.2895582024481478,0.14286195831467072,0.04240318887223846,0.4618456111959049,0.39407312988697885,0.03866390392369939,0.30874638594995113,0.053315973659450316,0.08840232301147156
