aaaa,aaad,aadd,aada,adda,addd,adad,adaa,ddaa,ddad,dddd,ddda,dada,dadd,daad,daaa
69.95164724513349,163.38274769313216,26.017336062200595,5.896878381590872,0.4197826707609067,1.7233129112667664,0.8068972147741801,0.24794957994435896,0.1335267208382892,0.040729586357758675,0.4530732776106535,0.3027584361613868,0.05661072918979698,0.26574611854702784,0.04521899916288181,0.0795989396423038
