aaaa,aaad,aadd,aada,adda,addd,adad,adaa,ddaa,ddad,dddd,ddda,dada,dadd,daad,daaa
65.85312769430847,149.23601097485155,29.32964505852418,6.877066744335968,0.8687732952866367,1.6574633274361334,1.0195016935177883,0.2738583655950951,0.11981432578555076,0.03927790152072838,0.39792846119187086,0.380016916165839,0.03171154545577265,0.2775077474104085,0.04559889188592383,0.07996246400086394
