aaaa,aaad,aadd,aada,adda,addd,adad,adaa,ddaa,ddad,dddd,ddda,dada,dadd,daad,daaa
72.25906116978665,157.04113843434482,32.982552971613046,8.159713240995309,1.2738355523984726,1.799004551359378,1.28130561981806,0.3034521277307767,0.13989057292059956,0.0399668973292236,0.4207260134591122,0.4563405050868216,0.028838298442528422,0.3095144965988774,0.05585337141276365,0.08809928407273404
