aaaa,aaad,aadd,aada,adda,addd,adad,adaa,ddaa,ddad,dddd,ddda,dada,dadd,daad,daaa
69.35284213670391,157.92368471580383,33.0695403828322,6.906209050087833,0.9369943318310721,1.8408444334831906,1.1175226344862166,0.27289933390297216,0.13322999469930913,0.04429907227212001,0.41326472769800654,0.41358138763000163,0.04196086591903683,0.3021309491934337,0.048969007667441174,0.08214407486520817
