aaaa,aaad,aadd,aada,adda,addd,adad,adaa,ddaa,ddad,dddd,ddda,dada,dadd,daad,daaa
66.0850617002544,150.68161875184435,29.685454462158,6.1769563063269075,0.6880760395480867,1.7208168049009456,0.970726069226207,0.2502608021270782,0.12722848504748013,0.04077733268630786,0.40701654659734837,0.35218758224696567,0.04268372371489244,0.2783797025709925,0.04529396629061496,0.07683202597028707
