aaaa,aaad,aadd,aada,adda,addd,adad,adaa,ddaa,ddad,dddd,ddda,dada,dadd,daad,daaa
63.91182052023177,145.49129441223337,25.122548145867626,5.850618231603782,0.5056723142887438,1.5346352663176006,0.8269029714291696,0.24153252337885525,0.11935525833348869,0.035857450682569084,0.40851221693173906,0.29863577898326027,0.0386978085236742,0.25135098374439757,0.04241182243155934,0.07462918029732843
