aaaa,aaad,aadd,aada,adda,addd,adad,adaa,ddaa,ddad,dddd,ddda,dada,dadd,daad,daaa
73.95915009500327,166.80618619090515,30.747651017561946,6.571250831376303,0.6596454208892099,1.8365682152758094,1.0019077017574045,0.2654701265058436,0.14441519584960905,0.043402121047829076,0.4578766122666077,0.3667156357506345,0.04989506281295299,0.2970831345865109,0.0497324734851733,0.08420674224827893
