aaaa,aaad,aadd,aada,adda,addd,adad,adaa,ddaa,ddad,dddd,ddda,dada,dadd,daad,daaa
62.71466410948097,138.47713013258368,27.262127235834594,6.110462939188528,0.733895419756539,1.5323222367589016,0.9572903002989285,0.2412245554498229,0.12026055042327737,0.03596671605575691,0.3808706219320239,0.339615454664965,0.03236726773477823,0.2596913624040816,0.04481527279594,0.07366026859089113
