aaaa,aaad,aadd,aada,adda,addd,adad,adaa,ddaa,ddad,dddd,ddda,dada,dadd,daad,daaa
77.93832715655188,165.4430302260588,29.925916227032573,6.615735637929755,0.6288683641142572,1.7603697914372678,1.0266987157671645,0.264654055573738,0.15168428520002758,0.04070929859688506,0.4763581253773213,0.3502592391626842,0.04639798686732182,0.2962682084671531,0.052982024152541045,0.08555137549248451
