aaaa,aaad,aadd,aada,adda,addd,adad,adaa,ddaa,ddad,dddd,ddda,dada,dadd,daad,daaa
223.68358846645077,50.84439840474155,18.854232543554836,5.451743589595589,3.0082704244483125,1.7942349632991543,1.7543346230951709,0.71333838753516,0.007509517849402439,0.013265552573229054,0.012774852627848846,0.02506258166375592,0.07427654221313013,0.026110869149849635,0.10801965283833721,0.012992104528001458
