aaaa,aaad,aadd,aada,adda,addd,adad,adaa,ddaa,ddad,dddd,ddda,dada,dadd,daad,daaa
193.50357694204408,46.42349201625182,15.004041964652767,7.192911275397961,3.644975000596152,1.4318562539097621,1.7375277687172768,0.6976025685929328,0.005724933666167908,0.011244178721505406,0.010246629655190236,0.027692044945801658,0.1197033424033928,0.024821428435302155,0.11211740857178179,0.012953923756730028
