aaaa,aaad,aadd,aada,adda,addd,adad,adaa,ddaa,ddad,dddd,ddda,dada,dadd,daad,daaa
226.50035966626905,55.976778818800334,11.80757601544596,10.054659238729043,4.152941095181707,1.9453079882135618,1.8084061415827952,0.833621699193827,0.006335144083243927,0.014694680486474947,0.013074112455572415,0.016347246286771103,0.14441697051578523,0.028598565165950093,0.12192270058831238,0.014671224827060368
