aaaa,aaad,aadd,aada,adda,addd,adad,adaa,ddaa,ddad,dddd,ddda,dada,dadd,daad,daaa
219.00186953608303,53.719808737436615,10.451906026532036,12.054840287867616,4.143556808478992,2.0494279869432894,1.7526636042085346,0.8833852750592704,0.006290323886755842,0.020480823601012582,0.016591083291481224,0.019710489002900965,0.1685610879278121,0.03660163358163533,0.13147037817243004,0.014939423599715163
