aaaa,aaad,aadd,aada,adda,addd,adad,adaa,ddaa,ddad,dddd,ddda,dada,dadd,daad,daaa
207.7820601373617,50.05265699215978,12.715331258236565,8.91577543231516,3.743511653699254,1.6872336550419729,1.7430672398883895,0.7735730414187516,0.005508498698903479,0.012507765962073578,0.011647588593580466,0.01781668568944705,0.13124710468695477,0.02298386969479251,0.12017228684279134,0.013752405380028485
