aaaa,aaad,aadd,aada,adda,addd,adad,adaa,ddaa,ddad,dddd,ddda,dada,dadd,daad,daaa
186.02344468460606,44.16174644565302,7.859283441638948,8.957087606394165,2.8884045062121806,1.7437659014599305,1.3262659279838442,0.7155748693996025,0.004992286833124288,0.015967381937587566,0.012973704095010061,0.008228864337791384,0.1088304255718356,0.024624244441263512,0.10127781535592467,0.012167128432549449
