aaaa,aaad,aadd,aada,adda,addd,adad,adaa,ddaa,ddad,dddd,ddda,dada,dadd,daad,daaa
222.5879175273683,52.17765068195215,13.070352615692322,9.83041089565276,3.9791109312380533,1.7563449548203998,1.8151078730154862,0.8406390688202214,0.005507950862019545,0.01354515578463836,0.011895287648336715,0.016294133164804128,0.13556696826736997,0.022168127165021874,0.11936065301874536,0.014645789720408501
