aaaa,aaad,aadd,aada,adda,addd,adad,adaa,ddaa,ddad,dddd,ddda,dada,dadd,daad,daaa
191.3638368055192,47.10969860475504,10.07128251575896,9.904832706803603,3.750876304178097,1.684418471788434,1.564910243437953,0.7549883612073348,0.0049192421659207996,0.016779467769442738,0.013864114986880205,0.020142227244208902,0.14264504980628515,0.02768185128386756,0.11175351305412444,0.013199748022294299
