aaaa,aaad,aadd,aada,adda,addd,adad,adaa,ddaa,ddad,dddd,ddda,dada,dadd,daad,daaa
193.08831206372568,47.32204931102017,11.722979779289373,7.31015576296125,3.2865406773651773,1.5745994064527955,1.5151258820419577,0.6889852704024987,0.005373497885008583,0.012237389568919156,0.010678644410084743,0.01734391243752179,0.10767597589725755,0.019247454905238888,0.10559922331077873,0.012034176556008391
