aaaa,aaad,aadd,aada,adda,addd,adad,adaa,ddaa,ddad,dddd,ddda,dada,dadd,daad,daaa
191.4770915492946,46.971352193447395,9.743241792405996,7.248749105262972,3.0623502986644704,1.6549685991157583,1.3836792484316363,0.6731045518098902,0.00528955733381821,0.012781017057607794,0.011407600485017799,0.012186156902035845,0.10058871909001173,0.01864092250687509,0.09904280554471144,0.011677646369412785
