aaaa,aaad,aadd,aada,adda,addd,adad,adaa,ddaa,ddad,dddd,ddda,dada,dadd,daad,daaa
206.80569632091238,50.246636259471074,13.291836261840908,8.859773064529081,3.974139055768982,1.6226565937552604,1.7550337426806115,0.7718344928706672,0.005636216364941428,0.012593670026647382,0.011155682862758537,0.02271778661514714,0.13760716478128687,0.023867152891579643,0.11759010797507385,0.013585524382545193
