aaaa,aaad,aadd,aada,adda,addd,adad,adaa,ddaa,ddad,dddd,ddda,dada,dadd,daad,daaa
175.8376946127262,43.966692468482606,9.162606596996696,10.027390236835124,3.7568653641822745,1.5955473079053586,1.4647624775505115,0.7216412275657923,0.004710568603510327,0.01875826116926435,0.013172081761131648,0.026048707113061093,0.15529743494804454,0.031023532248421668,0.10988340529042594,0.011937666789233855
