aaaa,aaad,aadd,aada,adda,addd,adad,adaa,ddaa,ddad,dddd,ddda,dada,dadd,daad,daaa
208.9990171947882,50.25297458183183,15.507610828995675,8.660068311706286,4.158968532614184,1.544613215363933,1.90291892190386,0.7775289579171804,0.005837877180852398,0.012137373709361708,0.010639126127323336,0.028851426124148104,0.14270653886627915,0.025154373142452138,0.12325256662334143,0.0141459253380302
