aaaa,aaad,aadd,aada,adda,addd,adad,adaa,ddaa,ddad,dddd,ddda,dada,dadd,daad,daaa
201.99656703831272,46.51036144012148,18.20402066806109,6.486036557240908,3.497257946477416,1.458135934712648,1.864978014292518,0.7038243885581964,0.0060466853160778,0.01130368338055213,0.010686585009569193,0.03020444161487128,0.10672642862660543,0.02733370646360099,0.11491908997018047,0.013273552850759209
