aaaa,aaad,aadd,aada,adda,addd,adad,adaa,ddaa,ddad,dddd,ddda,dada,dadd,daad,daaa
206.13617193514284,50.077896825100616,9.252308513204055,10.153152510586994,3.4967866601932065,1.9251952389323446,1.534637765932531,0.7967506563299176,0.005208974866313313,0.01769857886782055,0.015017221455086981,0.012826505650794795,0.1317044986813892,0.028635938496845197,0.11531626227289936,0.013592203233861103
