aaaa,aaad,aadd,aada,adda,addd,adad,adaa,ddaa,ddad,dddd,ddda,dada,dadd,daad,daaa
223.56500980982096,54.375388471980045,15.878009891208844,9.628957841473332,4.522083765719582,1.693514229502144,2.009185926275513,0.8391990467640794,0.006200334715816427,0.013211416851857683,0.011609541995835481,0.030021456158568785,0.15757775627684864,0.027909420436216734,0.1324657000016256,0.014955636068279534
