aaaa,aaad,aadd,aada,adda,addd,adad,adaa,ddaa,ddad,dddd,ddda,dada,dadd,daad,daaa
179.1509256236354,41.94466140813827,12.551630997570976,6.620691717355269,2.8765095208698095,1.408005531450348,1.5337387079115916,0.643998814063503,0.004905863705086156,0.010473617336277483,0.009870727159309919,0.01436513986037027,0.09479702346968458,0.01718616780776755,0.10357664598991197,0.01177913101270603
