aaaa,aaad,aadd,aada,adda,addd,adad,adaa,ddaa,ddad,dddd,ddda,dada,dadd,daad,daaa
180.12038310550722,42.178069443019666,12.788438288264404,6.737171303585985,3.0411514103511625,1.377963335911346,1.525288711846412,0.652077770851015,0.0051412328104973315,0.010476321132961458,0.009684136317945659,0.017560867164902325,0.09994667417870724,0.018119505661776714,0.10166945922332318,0.01179733020477171
