aaaa,aaad,aadd,aada,adda,addd,adad,adaa,ddaa,ddad,dddd,ddda,dada,dadd,daad,daaa
202.19887539155354,49.68607481291375,8.323930621020875,10.302912318120203,3.432590448551109,1.9594965861302662,1.4462359829202516,0.7928331896165027,0.004995490165918338,0.020169158819053862,0.014852593179356137,0.014060538651987184,0.13665123045083807,0.0324284951304027,0.1158398717005256,0.013037177143225732
