aaaa,aaad,aadd,aada,adda,addd,adad,adaa,ddaa,ddad,dddd,ddda,dada,dadd,daad,daaa
223.1473578881875,50.633902913116536,15.154201367116714,8.02289113062702,3.5511323944011584,1.69252753969776,1.8084063549037583,0.7954137707613104,0.006417209057174968,0.012835327407639053,0.011497088240153977,0.019190106039124716,0.11310464316069285,0.019051501366040894,0.11858618382185095,0.014279837425819694
