aaaa,aaad,aadd,aada,adda,addd,adad,adaa,ddaa,ddad,dddd,ddda,dada,dadd,daad,daaa
199.31061982831426,48.25543931175757,15.558090402173681,7.5120582330158205,3.741729188793333,1.5111426246888229,1.8465241713685898,0.7207465146826336,0.005849737622784245,0.011825532547918183,0.011318407787327742,0.026816983672703736,0.12549135471084596,0.026062086945547274,0.12076208334685705,0.013568302457272747
