aaaa,aaad,aadd,aada,adda,addd,adad,adaa,ddaa,ddad,dddd,ddda,dada,dadd,daad,daaa
184.78082212226818,45.61702734864233,12.372468790279179,8.630551639896755,3.8611545439835275,1.475837098049079,1.6710041214457396,0.7079075120749997,0.005061445445644572,0.011197920086002686,0.010650203125967685,0.023362987374000728,0.13963364482864685,0.02496564367993417,0.11130180964139827,0.012766085316404892
